concept_a,concept_b,Course_Code,course_name,source_syllabus,embedding_similarity,order_delta,domain_match,keyword_overlap,label,flag_reason,all_flag_reasons
Hal Frange Sine and Cosine Series,Rank correlation coefficient (R) (with repeated and non,2343111,Applied,6.34-N-B.E.-Information-Technology-Sem-III-IV.pdf,0.0673,14,1,0.0769,0,truncated_fragment,truncated_fragment; subject_mismatch
pattern matching,Simple List Comprehension,2344411,Mini-Project -,6.34-N-B.E.-Information-Technology-Sem-III-IV.pdf,0.2789,1,1,0.0,1,lab_or_project_course,lab_or_project_course
Event listeners for button presses,b. Traffic Light Simulation (JavaScript + HTML/CSS),2344411,Mini-Project -,6.34-N-B.E.-Information-Technology-Sem-III-IV.pdf,0.1305,2,1,0.0,0,lab_or_project_course,lab_or_project_course
Self- learning Topics: Different feature engineering,techniques to improve model performance,2166120,Visualization Lab,SEM-V.pdf,0.2085,1,1,0.0,1,lab_or_project_course,lab_or_project_course
"Expectation of random variable with mean, variance and","standard deviation, moment generating function up to",2343111,Applied,6.34-N-B.E.-Information-Technology-Sem-III-IV.pdf,0.5257,1,1,0.0,1,truncated_fragment,truncated_fragment
R for data analytics,Importance of data cleaning and preparation Handling,2166120,Visualization Lab,SEM-V.pdf,0.262,4,1,0.1,0,lab_or_project_course,lab_or_project_course
as edge nodes,IoT data processing,2166124,Edge Computing,SEM-V.pdf,0.2452,2,1,0.0,1,truncated_fragment,truncated_fragment
via Python tutorials. Read “Practical Statistics,for Data Scientists”,2165111,Statistics for,SEM-V.pdf,0.3192,1,1,0.0,1,publisher_citation,publisher_citation; truncated_fragment
"Dirichlet’s conditions, Definition of Fourier series and","Analytic function, necessary and sufficient conditions for",2343111,Applied,6.34-N-B.E.-Information-Technology-Sem-III-IV.pdf,0.3389,8,1,0.1538,1,publisher_citation,publisher_citation; truncated_fragment
Regression Model Evaluation,Concept of dependent and independent variables. The,2166120,Visualization Lab,SEM-V.pdf,0.2411,1,1,0.0,1,truncated_fragment,truncated_fragment; lab_or_project_course
"Robert C. Martin, “Agile Software Development, Principles, Patterns and Practices”",Online References,2165113,Agile Software,SEM-V.pdf,0.1701,11,1,0.0,0,publisher_citation,publisher_citation; person_name
CSS3 Fundamentals: Explore CSS syntax,embedded server,2343611,Mini-Project - Full,6.34-N-B.E.-Information-Technology-Sem-III-IV.pdf,0.0032,12,1,0.0,0,lab_or_project_course,lab_or_project_course
Explain the physical and logical design of IoT with suitable examples. Illustrate the,Compare various IoT communication models and APIs. Discuss their significance in,2166121,Internet of Things,SEM-V.pdf,0.6,3,1,0.0952,1,truncated_fragment,truncated_fragment
regression. Estimation of coefficients using Least Squares,Introduction to logistic regression for classification Logit,2166120,Visualization Lab,SEM-V.pdf,0.1353,4,1,0.0769,0,subject_mismatch,subject_mismatch; lab_or_project_course
Functional Programming,Read weather data and apply pure functions for analysis,2344411,Mini-Project -,6.34-N-B.E.-Information-Technology-Sem-III-IV.pdf,0.25,2,1,0.0,1,subject_mismatch,subject_mismatch; lab_or_project_course
Rank correlation coefficient (R) (with repeated and non,degree curves,2343111,Applied,6.34-N-B.E.-Information-Technology-Sem-III-IV.pdf,0.1398,2,1,0.0,0,truncated_fragment,truncated_fragment; subject_mismatch
design by Don Norman,User Experience,2165115,User Experience,SEM-V.pdf,0.2548,5,1,0.0,1,publisher_citation,publisher_citation
Q3: Give one example of a real,A (Very Good),2166126,Blockchain,SEM-V.pdf,0.2233,7,1,0.1111,0,admin_rubric_noise,admin_rubric_noise
and NSGA-III mechanisms,energy optimization,2166115,Nature-,SEM-V.pdf,-0.0123,3,1,0.0,0,person_name,person_name; truncated_fragment
AODV AND DSR routing protocol,Transport layer protocols on Simulator,2165116,Computer,SEM-V.pdf,0.3025,2,1,0.0,1,tool_fragment,tool_fragment; subject_mismatch
Self-Learning: Overview of Progressive Web,React DevTools,2165114,Web and,SEM-V.pdf,0.028,3,1,0.0,0,admin_rubric_noise,admin_rubric_noise; tool_fragment
learning Topics: Continuous Testing,"based DevOps tools, and real",2165113,Agile Software,SEM-V.pdf,0.2322,12,1,0.0,0,truncated_fragment,truncated_fragment
+ 5 Marks (Attendance),Cloud Data Logging using Raspberry Pi and ThingSpeak,2166121,Internet of Things,SEM-V.pdf,-0.0497,12,1,0.0,0,admin_rubric_noise,admin_rubric_noise; tool_fragment
"study topics. However, students are",encouraged to explore these topics for a better understanding of the subject,2343111,Applied,6.34-N-B.E.-Information-Technology-Sem-III-IV.pdf,0.607,1,1,0.0625,1,admin_rubric_noise,admin_rubric_noise
The programs must be based on creating a,Concurrency and,2344411,Mini-Project -,6.34-N-B.E.-Information-Technology-Sem-III-IV.pdf,0.1867,4,1,0.0,0,truncated_fragment,truncated_fragment; lab_or_project_course
"to students for C, C++, JAVA along with how to",At least Two Program preferably in Java/C++ to,2344411,Mini-Project -,6.34-N-B.E.-Information-Technology-Sem-III-IV.pdf,0.6107,13,1,0.2143,0,truncated_fragment,truncated_fragment; lab_or_project_course
Implement graph coloring,Implementation of Ford-Fulkerson algorithm,2343115,ADSA Lab,6.34-N-B.E.-Information-Technology-Sem-III-IV.pdf,0.1492,2,1,0.0,0,lab_or_project_course,lab_or_project_course
Internal Assessment (IA) for 20 marks,IA will consist of Two Compulsory Internal Assessment Tests. Each test will be,2165113,Agile Software,SEM-V.pdf,0.7596,1,1,0.2,1,admin_rubric_noise,admin_rubric_noise
Search and Display operations,distinct numbers using backtracking,2343115,ADSA Lab,6.34-N-B.E.-Information-Technology-Sem-III-IV.pdf,0.1698,11,1,0.0,0,lab_or_project_course,lab_or_project_course
"launching an ICO, pros and cons, evolution and","Metaverse, Cryptocurrency wallets: Hot and cold",2166118,Blockchain,SEM-V.pdf,0.2712,2,1,0.0833,1,truncated_fragment,truncated_fragment; person_name
"First International Edition, Prentice Hall","Engineering: Applying the Theory of Constraints for Business Results‖, Prentice Hall, 2003",2165113,Agile Software,SEM-V.pdf,0.2318,6,1,0.1333,0,publisher_citation,publisher_citation
Fetch API,Axios for API calls,2343611,Mini-Project - Full,6.34-N-B.E.-Information-Technology-Sem-III-IV.pdf,0.4458,1,1,0.2,1,subject_mismatch,subject_mismatch; lab_or_project_course
Bootstrap Introduction & Components: Get started with Bootstrap,Back-end development with Java Spring Boot introduction- What is Spring Framework? Why Spring Boot?,2343611,Mini-Project - Full,6.34-N-B.E.-Information-Technology-Sem-III-IV.pdf,0.4165,6,1,0.125,1,lab_or_project_course,lab_or_project_course
Implement at least,"students, as it is a group activity",2344411,Mini-Project -,6.34-N-B.E.-Information-Technology-Sem-III-IV.pdf,0.2032,14,1,0.0,0,lab_or_project_course,lab_or_project_course
Prolog programs to,The programs must be based on creating a,2344411,Mini-Project -,6.34-N-B.E.-Information-Technology-Sem-III-IV.pdf,0.4312,2,1,0.1,1,truncated_fragment,truncated_fragment; lab_or_project_course
integers and perform Pre-order,Implementation of operations on B/B+-trees,2343115,ADSA Lab,6.34-N-B.E.-Information-Technology-Sem-III-IV.pdf,0.2518,6,1,0.0,0,person_name,person_name; lab_or_project_course
R for data analytics,Python Libraries: NumPy,2166120,Visualization Lab,SEM-V.pdf,0.0801,1,1,0.0,0,lab_or_project_course,lab_or_project_course
Introduction to Full Stack Java Overview of full-stack development: Definition of Full Stack,Full Stack Developer Roles & Skills,2343611,Mini-Project - Full,6.34-N-B.E.-Information-Technology-Sem-III-IV.pdf,0.4886,2,1,0.1667,1,lab_or_project_course,lab_or_project_course
"Harmonic function, Harmonic conjugate, and orthogonal",Riemann equations in,2343111,Applied,6.34-N-B.E.-Information-Technology-Sem-III-IV.pdf,0.2397,2,1,0.0,1,person_name,person_name; truncated_fragment
Order Functions,Students should clearly understand the syntax and,2344411,Mini-Project -,6.34-N-B.E.-Information-Technology-Sem-III-IV.pdf,0.0959,6,1,0.0,0,person_name,person_name; admin_rubric_noise; truncated_fragment; lab_or_project_course
Collection of Dataset,Cost effectiveness,2344411,Mini-Project -,6.34-N-B.E.-Information-Technology-Sem-III-IV.pdf,0.0126,1,1,0.0,0,lab_or_project_course,lab_or_project_course
MVC Architecture- Model: Business logic,and hyperlinks. Responsive Web Design: Learn to build websites,2343611,Mini-Project - Full,6.34-N-B.E.-Information-Technology-Sem-III-IV.pdf,0.1707,10,1,0.0,0,truncated_fragment,truncated_fragment; lab_or_project_course
Dr. Abhishek Kumar,TCP/IP Protocol Suite 4th Edition by Behrouz A. Forouzan,2344115,Network Design,6.34-N-B.E.-Information-Technology-Sem-III-IV.pdf,0.1462,5,1,0.0,0,publisher_citation,publisher_citation; person_name
consensus mechanisms,"Q3: What is a 51% attack, and how can it affect blockchain security?",2166126,Blockchain,SEM-V.pdf,0.2263,1,1,0.0,1,admin_rubric_noise,admin_rubric_noise
"Roger Pressman, Software Engineering: A Practitioner's Approach, 6th edition, McGraw","Sricharan Vadapalli , DevOps: Continuous Delivery, Integration, and Deployment with",2165113,Agile Software,SEM-V.pdf,0.2994,11,1,0.0,0,publisher_citation,publisher_citation; truncated_fragment
understand declarative programming concepts,Guidelines for Capstone Mini,2344411,Mini-Project -,6.34-N-B.E.-Information-Technology-Sem-III-IV.pdf,0.07,10,1,0.0,0,lab_or_project_course,lab_or_project_course
forecasting techniques such as Monte Carlo,The Agile,2165113,Agile Software,SEM-V.pdf,0.1656,7,1,0.0,0,truncated_fragment,truncated_fragment
adding images to,text formatting,2343611,Mini-Project - Full,6.34-N-B.E.-Information-Technology-Sem-III-IV.pdf,0.117,7,1,0.0,0,truncated_fragment,truncated_fragment; lab_or_project_course
Implement Prim’s and Kruskal’s algorithms,distinct numbers using backtracking,2343115,ADSA Lab,6.34-N-B.E.-Information-Technology-Sem-III-IV.pdf,0.2483,5,1,0.0,0,publisher_citation,publisher_citation; lab_or_project_course
learning Topics: Case Studies on AI in,"Applications Using Hyperledger Fabric”, BPB Publications",2166118,Blockchain,SEM-V.pdf,0.0776,13,1,0.0,0,truncated_fragment,truncated_fragment; publisher_citation
"First International Edition, Prentice Hall","Craig Larman, Agile and Iterative Development: A Manager’s Guide, Addison",2165113,Agile Software,SEM-V.pdf,0.1576,7,1,0.0,0,publisher_citation,publisher_citation
"learning implementation of concurrency, Streams","Students' hall submits an implementation plan in the form of a Gantt/PERT/CPM chart, which will cover the weekly",2344411,Mini-Project -,6.34-N-B.E.-Information-Technology-Sem-III-IV.pdf,0.2323,7,1,0.0909,0,length_bound,length_bound; subject_mismatch; lab_or_project_course
"DevOps: Introduction, DevOps - Importance",Hill International Publication,2165113,Agile Software,SEM-V.pdf,0.091,14,1,0.0,0,publisher_citation,publisher_citation
"polar coordinates, conformal mapping, linear, bilinear","mapping,  cross  ratio,  fixed  points,  and  standard",2343111,Applied,6.34-N-B.E.-Information-Technology-Sem-III-IV.pdf,0.3276,1,1,0.0833,1,subject_mismatch,subject_mismatch
Clarity in written and oral communication,List of Sample Capstone Mini,2344411,Mini-Project -,6.34-N-B.E.-Information-Technology-Sem-III-IV.pdf,0.0475,6,1,0.0,0,person_name,person_name; lab_or_project_course
(b) must be from any other Module randomly selected from all the modules),(b) must be from any other Module,2165113,Agile Software,SEM-V.pdf,0.7916,12,1,0.5833,1,truncated_fragment,truncated_fragment; subject_mismatch
Text Books,"Robert C. Martin, “Agile Software Development, Principles, Patterns and Practices”",2165113,Agile Software,SEM-V.pdf,0.2521,3,1,0.0,0,publisher_citation,publisher_citation
linking model and view,and mobile-first design principles,2343611,Mini-Project - Full,6.34-N-B.E.-Information-Technology-Sem-III-IV.pdf,0.1036,9,1,0.125,0,truncated_fragment,truncated_fragment; lab_or_project_course
Mapping HTTP methods to,Understanding Request Mapping,2343611,Mini-Project - Full,6.34-N-B.E.-Information-Technology-Sem-III-IV.pdf,0.5878,2,1,0.1667,1,truncated_fragment,truncated_fragment; subject_mismatch; lab_or_project_course
"Functional for processing input (filters, parsers)",b. File Organizer Script,2344411,Mini-Project -,6.34-N-B.E.-Information-Technology-Sem-III-IV.pdf,0.0407,1,1,0.0,0,lab_or_project_course,lab_or_project_course
Preferably in C++ to demonstrate concepts like,"handling and Garbage collection, preferably in",2344411,Mini-Project -,6.34-N-B.E.-Information-Technology-Sem-III-IV.pdf,0.2061,6,1,0.1818,0,person_name,person_name; truncated_fragment; lab_or_project_course
A total of Four questions need to be answered,"modules. For example, if Q.2 has part (a) from Module 3 then part",2165113,Agile Software,SEM-V.pdf,0.1914,10,1,0.0476,0,admin_rubric_noise,admin_rubric_noise
Overview of Data Structures: Revision of basic data structures (arrays,Introduction to Analysis of Algorithms Fundamentals of the analysis of algorithms: Time and Space,2343112,Advance Data,6.34-N-B.E.-Information-Technology-Sem-III-IV.pdf,0.3244,2,1,0.0625,1,truncated_fragment,truncated_fragment
Creating REST Controllers in Spring Boot,Controllers and Services- Role of Controller in MVC,2343611,Mini-Project - Full,6.34-N-B.E.-Information-Technology-Sem-III-IV.pdf,0.48,5,1,0.1667,1,subject_mismatch,subject_mismatch; lab_or_project_course
Image Handling & Forms: Understand image roles,CSS3 Fundamentals: Explore CSS syntax,2343611,Mini-Project - Full,6.34-N-B.E.-Information-Technology-Sem-III-IV.pdf,0.1607,7,1,0.0,0,person_name,person_name; lab_or_project_course
"DevOps: Dive, , Packt, 2018",(b) must be from any other Module randomly selected from all the modules),2165113,Agile Software,SEM-V.pdf,0.0282,13,1,0.0,0,publisher_citation,publisher_citation; truncated_fragment; subject_mismatch
"Oriented Programming, Concurrency & More",Object Oriented,2344411,Mini-Project -,6.34-N-B.E.-Information-Technology-Sem-III-IV.pdf,0.6393,8,1,0.2,1,lab_or_project_course,lab_or_project_course
Introduction to logistic regression for classification Logit,Self- learning Topics: Explore Advance Regression,2166120,Visualization Lab,SEM-V.pdf,0.4095,2,1,0.0833,1,lab_or_project_course,lab_or_project_course
IA will consist of Two Compulsory Internal Assessment Tests. Each test will be,will be compulsory and should cover maximum contents of the syllabus,2165113,Agile Software,SEM-V.pdf,0.4566,5,1,0.2105,1,admin_rubric_noise,admin_rubric_noise
making and automation using AI agents in,"smart contracts, AI in Crypto Trading, Anti",2166118,Blockchain,SEM-V.pdf,0.3894,1,1,0.1667,1,truncated_fragment,truncated_fragment
(only up to s3 in denominator),Inverse Laplace transform using Convolution theorem,2343111,Applied,6.34-N-B.E.-Information-Technology-Sem-III-IV.pdf,0.2033,1,1,0.0,1,truncated_fragment,truncated_fragment
Part (a) and Part (b) of each question must be from different,"modules, with each sub",2165113,Agile Software,SEM-V.pdf,0.2435,8,1,0.0714,0,truncated_fragment,truncated_fragment
"Analytic function, necessary and sufficient conditions for",Riemann equations in,2343111,Applied,6.34-N-B.E.-Information-Technology-Sem-III-IV.pdf,0.2699,7,1,0.0,0,truncated_fragment,truncated_fragment
Network Operating System,Architecture and,2014113,Operating,6.20N-B.E.-AI-DS.-Sem-III-IV.pdf,0.2905,1,1,0.0,1,truncated_fragment,truncated_fragment
o Quality of Project report & Project Review,Quality of survey/ need identification,2344411,Mini-Project -,6.34-N-B.E.-Information-Technology-Sem-III-IV.pdf,0.3188,14,1,0.2222,0,lab_or_project_course,lab_or_project_course
Self-learning Topics: Memory Management for any,one Operating System,2344112,Operating System,6.34-N-B.E.-Information-Technology-Sem-III-IV.pdf,0.1291,1,1,0.0,0,admin_rubric_noise,admin_rubric_noise
The review/ progress monitoring committee shall be constituted by the head of departments of each institute,o Quality of Project report & Project Review,2344411,Mini-Project -,6.34-N-B.E.-Information-Technology-Sem-III-IV.pdf,0.3942,8,1,0.1111,0,length_bound,length_bound; publisher_citation; lab_or_project_course
f(z) when real (u)or imaginary part (v) is given,Riemann equations in,2343111,Applied,6.34-N-B.E.-Information-Technology-Sem-III-IV.pdf,0.3229,3,1,0.0,0,truncated_fragment,truncated_fragment
Implementation of Ford-Fulkerson algorithm,Text Books and References,2343115,ADSA Lab,6.34-N-B.E.-Information-Technology-Sem-III-IV.pdf,0.0401,11,1,0.0,0,lab_or_project_course,lab_or_project_course
Data Exploration and Anamoly Detection,Types of time series: univariate and multivariate,2166120,Visualization Lab,SEM-V.pdf,0.1054,11,1,0.0909,0,lab_or_project_course,lab_or_project_course
"Chandramouli Subramanian, Asha A. Georgeet al., “Blockchain Technology”, Universities","Imran Bashir, “Mastering Blockchain: Inner Workings of Blockchain, Cryptocurrencies &",2166118,Blockchain,SEM-V.pdf,0.5522,7,1,0.0625,0,publisher_citation,publisher_citation
Creating REST Controllers in Spring Boot,Defining Controllers in Spring Boot,2343611,Mini-Project - Full,6.34-N-B.E.-Information-Technology-Sem-III-IV.pdf,0.827,6,1,0.5714,1,subject_mismatch,subject_mismatch; lab_or_project_course
"learning topics: Total probability theorem, Bayes’",Note: No questions will be asked in the end,2343111,Applied,6.34-N-B.E.-Information-Technology-Sem-III-IV.pdf,0.1902,2,1,0.0,0,publisher_citation,publisher_citation
Construct Binary Search Tree for given sequence of,Implement Prim’s and Kruskal’s algorithms,2343115,ADSA Lab,6.34-N-B.E.-Information-Technology-Sem-III-IV.pdf,0.2738,11,1,0.0,0,truncated_fragment,truncated_fragment; publisher_citation; lab_or_project_course
in DevOps Implementation. Mapping App to,Mike Cohn – Agile Estimating and Planning (Pearson),2165113,Agile Software,SEM-V.pdf,0.1042,14,1,0.0,0,truncated_fragment,truncated_fragment; publisher_citation
Self-learning Topics: Derogatory and non,Self-learning Topics: Application of Residue,2344111,Applied,6.34-N-B.E.-Information-Technology-Sem-III-IV.pdf,0.5794,5,1,0.3333,1,admin_rubric_noise,admin_rubric_noise; truncated_fragment
"environment and Basic operators, types, prelude",conditional expression,2344411,Mini-Project -,6.34-N-B.E.-Information-Technology-Sem-III-IV.pdf,0.1578,9,1,0.0,0,person_name,person_name; lab_or_project_course
Introduction to Java EE- Need for Java EE in enterprise applications,Data management,2343611,Mini-Project - Full,6.34-N-B.E.-Information-Technology-Sem-III-IV.pdf,0.3439,3,1,0.0,1,lab_or_project_course,lab_or_project_course
(2) Solve any three questions out of five,Part (a) and Part (b) of each question must be from different,2165113,Agile Software,SEM-V.pdf,0.5347,2,1,0.0556,1,admin_rubric_noise,admin_rubric_noise; truncated_fragment
Explain the physical and logical design of IoT with suitable examples. Illustrate the,"Differentiate between wired (UART, SPI, I²C) and wireless (NFC, RFID, Bluetooth",2166121,Internet of Things,SEM-V.pdf,0.3571,5,1,0.0455,1,truncated_fragment,truncated_fragment
Oriented Programming (OOP),"Use classes for Books, Users, Transactions",2344411,Mini-Project -,6.34-N-B.E.-Information-Technology-Sem-III-IV.pdf,0.2927,2,1,0.0,1,person_name,person_name; lab_or_project_course
Implementation of operations on B/B+-trees,Implementation of Ford-Fulkerson algorithm,2343115,ADSA Lab,6.34-N-B.E.-Information-Technology-Sem-III-IV.pdf,0.3396,12,1,0.2222,0,lab_or_project_course,lab_or_project_course
Q1: Describe the Proof,Q1: What is the role of Gas in Ethereum transactions?,2166126,Blockchain,SEM-V.pdf,0.3514,5,1,0.1667,0,admin_rubric_noise,admin_rubric_noise
and basic understanding of facts and rules,Prolog programs to,2344411,Mini-Project -,6.34-N-B.E.-Information-Technology-Sem-III-IV.pdf,0.2342,2,1,0.0,1,truncated_fragment,truncated_fragment; lab_or_project_course
and remaining 40% to 50% of syllabus content must be covered in Second IA Test,"must be from different modules. For example, if Q.2 has part (a) from Module 3 then part",2165113,Agile Software,SEM-V.pdf,0.2198,5,1,0.069,0,truncated_fragment,truncated_fragment; length_bound
Societal impact,experience of more than five years approved by head of Institution,2344411,Mini-Project -,6.34-N-B.E.-Information-Technology-Sem-III-IV.pdf,0.0448,10,1,0.0,0,publisher_citation,publisher_citation; subject_mismatch; lab_or_project_course
design by Don Norman,Design with VR,2165115,User Experience,SEM-V.pdf,0.3442,6,1,0.1667,1,publisher_citation,publisher_citation
"Metaverse, Cryptocurrency wallets: Hot and cold",case studies,2166118,Blockchain,SEM-V.pdf,0.1339,9,1,0.0,0,person_name,person_name; truncated_fragment; generic_lone_term
Assessment. Study of various Open,"Deepak Gaikwad, Viral Thakkar. DevOps Tools from Practitioner's Viewpoint",2165113,Agile Software,SEM-V.pdf,0.1924,12,1,0.0,0,publisher_citation,publisher_citation
b. Sudoku Solver (Prolog),Script to organize files into folders based on type,2344411,Mini-Project -,6.34-N-B.E.-Information-Technology-Sem-III-IV.pdf,0.0904,7,1,0.0,0,lab_or_project_course,lab_or_project_course
and mobile-first design principles,text formatting,2343611,Mini-Project - Full,6.34-N-B.E.-Information-Technology-Sem-III-IV.pdf,0.0957,9,1,0.0,0,truncated_fragment,truncated_fragment; lab_or_project_course
function and odds ratio Model fitting and interpretation,Anomaly Detection: Outliers,2166120,Visualization Lab,SEM-V.pdf,0.0864,5,1,0.0,0,lab_or_project_course,lab_or_project_course
"to students for C, C++, JAVA along with how to","Finalization, Inheritance, Polymorphism and",2344411,Mini-Project -,6.34-N-B.E.-Information-Technology-Sem-III-IV.pdf,0.2185,6,1,0.0,0,truncated_fragment,truncated_fragment; person_name; lab_or_project_course
using Haskell,and basic understanding of facts and rules,2344411,Mini-Project -,6.34-N-B.E.-Information-Technology-Sem-III-IV.pdf,0.1304,2,1,0.0,0,truncated_fragment,truncated_fragment; lab_or_project_course
will be compulsory and should cover maximum contents of the syllabus,University of Mumbai,2165113,Agile Software,SEM-V.pdf,0.3155,5,1,0.0769,0,admin_rubric_noise,admin_rubric_noise
Object Oriented,Students should understand checked and unchecked,2344411,Mini-Project -,6.34-N-B.E.-Information-Technology-Sem-III-IV.pdf,0.1558,9,1,0.0,0,person_name,person_name; admin_rubric_noise; lab_or_project_course
b. File Organizer Script,Script to organize files into folders based on type,2344411,Mini-Project -,6.34-N-B.E.-Information-Technology-Sem-III-IV.pdf,0.583,1,1,0.0833,1,lab_or_project_course,lab_or_project_course
"learning Topics: CI/CD pipelines, cloud","based DevOps tools, and real",2165113,Agile Software,SEM-V.pdf,0.4275,1,1,0.0,1,truncated_fragment,truncated_fragment
Control Statements,Data management,2343611,Mini-Project - Full,6.34-N-B.E.-Information-Technology-Sem-III-IV.pdf,0.2221,7,1,0.0,0,lab_or_project_course,lab_or_project_course
Quality of survey/ need identification,Clarity of Problem definition based on need,2344411,Mini-Project -,6.34-N-B.E.-Information-Technology-Sem-III-IV.pdf,0.2645,1,1,0.2,1,lab_or_project_course,lab_or_project_course
Similarity of matrices,NLPP with one and two equality constraint (two or,2013111,Mathematics for,6.20N-B.E.-AI-DS.-Sem-III-IV.pdf,0.0454,11,1,0.0,0,truncated_fragment,truncated_fragment
Implementation of Bellman-Ford algorithm,Implement Travelling salesman problem,2343115,ADSA Lab,6.34-N-B.E.-Information-Technology-Sem-III-IV.pdf,0.4416,2,1,0.0,1,lab_or_project_course,lab_or_project_course
"smart contracts, AI in Crypto Trading, Anti","Dr. Asharaf S. & Sivadas Neelima, “Blockchain Technology: Algorithms and",2166118,Blockchain,SEM-V.pdf,0.3904,6,1,0.0,0,publisher_citation,publisher_citation; truncated_fragment
"however, focus shall be on self",Students shall convert the best solution into a working model using various components of their domain areas and,2344411,Mini-Project -,6.34-N-B.E.-Information-Technology-Sem-III-IV.pdf,0.1233,3,1,0.0435,0,truncated_fragment,truncated_fragment; length_bound; admin_rubric_noise; subject_mismatch; lab_or_project_course
"wallets, Cryptocurrency usage, Transactions in","Blockchain, UTXO and double spending problem",2166118,Blockchain,SEM-V.pdf,0.3345,1,1,0.0,1,truncated_fragment,truncated_fragment
(1)Question 1 is compulsory,"Question 1 is compulsory, and it should include sub",2165113,Agile Software,SEM-V.pdf,0.8425,9,1,0.4444,1,admin_rubric_noise,admin_rubric_noise
+ 5 Marks (Attendance),Practical & Oral Exam: An Oral & Practical exam will be held based on the above syllabus,2166121,Internet of Things,SEM-V.pdf,0.2473,1,1,0.0,1,admin_rubric_noise,admin_rubric_noise; length_bound
pattern matching,Implement at least,2344411,Mini-Project -,6.34-N-B.E.-Information-Technology-Sem-III-IV.pdf,0.231,13,1,0.0,0,lab_or_project_course,lab_or_project_course
Models on Blockchain: decentralized AI,"like Supply chain, Healthcare, Energy, Education",2166118,Blockchain,SEM-V.pdf,0.1651,4,1,0.0,0,person_name,person_name
No side effects in logic layer,based system using functions only (no classes),2344411,Mini-Project -,6.34-N-B.E.-Information-Technology-Sem-III-IV.pdf,0.095,6,1,0.0833,0,truncated_fragment,truncated_fragment; subject_mismatch; lab_or_project_course
Question Paper will comprise of a total of six questions each carrying 15  marks. Q.1,University of Mumbai,2165113,Agile Software,SEM-V.pdf,0.1154,6,1,0.0588,0,admin_rubric_noise,admin_rubric_noise
marks. Approximately 40% to 50% of syllabus content must be covered in First IA Test,and remaining 40% to 50% of syllabus content must be covered in Second IA Test,2165113,Agile Software,SEM-V.pdf,0.8893,1,1,0.6667,1,truncated_fragment,truncated_fragment
Interfacing LED/Buzzer/ Motion Sensor (PIR)/ ultrasonic sensor using a,Based Light Intensity Monitoring System using LDR and any,2166121,Internet of Things,SEM-V.pdf,0.4345,2,1,0.0588,1,truncated_fragment,truncated_fragment
Residual analysis,Extension of simple linear,2166120,Visualization Lab,SEM-V.pdf,0.2411,1,1,0.0,1,subject_mismatch,subject_mismatch; lab_or_project_course
Implement Merge sort and Quicksort for the given list of,In-order and Post-order,2343115,ADSA Lab,6.34-N-B.E.-Information-Technology-Sem-III-IV.pdf,0.2712,8,1,0.0769,0,truncated_fragment,truncated_fragment; person_name; subject_mismatch; lab_or_project_course
In-order and Post-order,Implement solution for job sequencing with deadlines,2343115,ADSA Lab,6.34-N-B.E.-Information-Technology-Sem-III-IV.pdf,0.2688,10,1,0.0,0,person_name,person_name; lab_or_project_course
Sliding Window,MAC address and its types,2344113,Computer Network,6.34-N-B.E.-Information-Technology-Sem-III-IV.pdf,-0.065,11,1,0.0,0,person_name,person_name
and hyperlinks. Responsive Web Design: Learn to build websites,and mobile-first design principles,2343611,Mini-Project - Full,6.34-N-B.E.-Information-Technology-Sem-III-IV.pdf,0.5055,3,1,0.1667,1,truncated_fragment,truncated_fragment; lab_or_project_course
Students shall be motivated to publish a paper based on the work in Conferences/students competitions,Expense Tracker App (Java or Python),2344411,Mini-Project -,6.34-N-B.E.-Information-Technology-Sem-III-IV.pdf,0.0431,10,1,0.0,0,admin_rubric_noise,admin_rubric_noise; subject_mismatch; lab_or_project_course
Learning and,Self-Learning : Support Vector Regression and,2166111,Machine,SEM-V.pdf,0.458,6,1,0.3333,1,truncated_fragment,truncated_fragment; admin_rubric_noise
"HTML 5, CSS 3 with Bootstrap HTML Basics & Structure: Learn HTML5 structure, semantic",document spacing,2343611,Mini-Project - Full,6.34-N-B.E.-Information-Technology-Sem-III-IV.pdf,0.2632,2,1,0.0,1,lab_or_project_course,lab_or_project_course
"role of sensors, actuators, and IoT boards such as Arduino, NodeMCU, and",highlighting key layers and their responsibilities,2166121,Internet of Things,SEM-V.pdf,0.1303,9,1,0.0625,0,tool_fragment,tool_fragment; truncated_fragment; person_name
on DevOps adoption and automation practices,Mike Cohn – Agile Estimating and Planning (Pearson),2165113,Agile Software,SEM-V.pdf,0.2009,8,1,0.0833,0,truncated_fragment,truncated_fragment; publisher_citation
"OOP for structuring code (User, Bot, ChatSession)",Follow MVC pattern optionally,2344411,Mini-Project -,6.34-N-B.E.-Information-Technology-Sem-III-IV.pdf,0.0157,8,1,0.0,0,lab_or_project_course,lab_or_project_course
Implement Prim’s and Kruskal’s algorithms,Implement Floyd Warshall Algorithm,2343115,ADSA Lab,6.34-N-B.E.-Information-Technology-Sem-III-IV.pdf,0.4064,11,1,0.1111,0,publisher_citation,publisher_citation; lab_or_project_course
Note: No questions will be asked in the end,"Higher Engineering Mathematics, Dr. B.S. Grewal, Khanna Publication",2343111,Applied,6.34-N-B.E.-Information-Technology-Sem-III-IV.pdf,0.0884,5,1,0.0,0,publisher_citation,publisher_citation
"Robert C. Martin, “Agile Software Development, Principles, Patterns and Practices”","Engineering: Applying the Theory of Constraints for Business Results‖, Prentice Hall, 2003",2165113,Agile Software,SEM-V.pdf,0.2287,7,1,0.0,0,publisher_citation,publisher_citation
Self-Learning : Transfer Learning and Self,Self-Learning : Semi-Supervised and Active,2166111,Machine,SEM-V.pdf,0.606,2,1,0.4286,1,admin_rubric_noise,admin_rubric_noise; truncated_fragment
Technology Stack,Database: MySQL,2343611,Mini-Project - Full,6.34-N-B.E.-Information-Technology-Sem-III-IV.pdf,0.1334,4,1,0.0,0,lab_or_project_course,lab_or_project_course
Riemann equations in,Note: No questions will be asked in the end,2343111,Applied,6.34-N-B.E.-Information-Technology-Sem-III-IV.pdf,0.049,14,1,0.0909,0,truncated_fragment,truncated_fragment
project as mentioned in general guidelines,Project shall be assessed based on following criteria,2344411,Mini-Project -,6.34-N-B.E.-Information-Technology-Sem-III-IV.pdf,0.6385,11,1,0.0769,1,lab_or_project_course,lab_or_project_course
modelling Creating new features from existing data,Regression Model Evaluation,2166120,Visualization Lab,SEM-V.pdf,0.2503,4,1,0.0,0,lab_or_project_course,lab_or_project_course
standardization techniques,regression. Estimation of coefficients using Least Squares,2166120,Visualization Lab,SEM-V.pdf,0.0919,9,1,0.0,0,subject_mismatch,subject_mismatch; lab_or_project_course
Implement Floyd Warshall Algorithm,Implement Rabin-Karp algorithm,2343115,ADSA Lab,6.34-N-B.E.-Information-Technology-Sem-III-IV.pdf,0.3905,4,1,0.3333,1,lab_or_project_course,lab_or_project_course
Introduction to Python and,Python Libraries: NumPy,2166120,Visualization Lab,SEM-V.pdf,0.5054,2,1,0.1667,1,truncated_fragment,truncated_fragment; lab_or_project_course
Students shall convert the best solution into a working model using various components of their domain areas and,"In continuous assessment, focus shall also be on each individual student, assessment based on the individual’s",2344411,Mini-Project -,6.34-N-B.E.-Information-Technology-Sem-III-IV.pdf,0.3926,7,1,0.0667,1,length_bound,length_bound; admin_rubric_noise; truncated_fragment; publisher_citation; subject_mismatch; lab_or_project_course
Follow MVC pattern optionally,Events for light changes,2344411,Mini-Project -,6.34-N-B.E.-Information-Technology-Sem-III-IV.pdf,0.0443,2,1,0.0,0,lab_or_project_course,lab_or_project_course
regression. Estimation of coefficients using Least Squares,Outlier Detection using Distance based method,2166120,Visualization Lab,SEM-V.pdf,0.1388,14,1,0.0833,0,subject_mismatch,subject_mismatch; lab_or_project_course
Kar lPearson’s Coefficient of correlation(r) Spearman’s,two moments,2343111,Applied,6.34-N-B.E.-Information-Technology-Sem-III-IV.pdf,0.2866,8,1,0.0,0,publisher_citation,publisher_citation
Choosing the right DevOps tools and challenges,on DevOps adoption and automation practices,2165113,Agile Software,SEM-V.pdf,0.6125,7,1,0.1818,1,truncated_fragment,truncated_fragment
"and Benefits, DevOps Principles and Practices",Source Tools in DevOps,2165113,Agile Software,SEM-V.pdf,0.6199,6,1,0.125,1,truncated_fragment,truncated_fragment
Self-learning Topics: Image file Formats,Self-learning Topics:  Comparison of,2166117,Digital Imaging,SEM-V.pdf,0.5992,1,1,0.375,1,admin_rubric_noise,admin_rubric_noise; truncated_fragment
"Agile Metrics, Agile Approach to Quality",The Agile,2165113,Agile Software,SEM-V.pdf,0.5755,4,1,0.1667,1,truncated_fragment,truncated_fragment
learning Topics: Case Studies on AI in,"Ritesh Modi, Solidity Programming Essentials: A Beginner's Guide to Build Smart",2166118,Blockchain,SEM-V.pdf,0.2168,7,1,0.0,0,truncated_fragment,truncated_fragment; publisher_citation
three variables) using the method of Lagrange’s,fundamental theorem of arithmetic,2013111,Mathematics for,6.20N-B.E.-AI-DS.-Sem-III-IV.pdf,0.0501,10,1,0.0909,0,publisher_citation,publisher_citation; truncated_fragment
Version Control with Git,controller methods,2343611,Mini-Project - Full,6.34-N-B.E.-Information-Technology-Sem-III-IV.pdf,0.0052,14,1,0.0,0,lab_or_project_course,lab_or_project_course
Implement Merge sort and Quicksort for the given list of,Implementation of operations on B/B+-trees,2343115,ADSA Lab,6.34-N-B.E.-Information-Technology-Sem-III-IV.pdf,0.2048,13,1,0.0667,0,truncated_fragment,truncated_fragment; subject_mismatch; lab_or_project_course
Collection of Dataset,List of Sample Capstone Mini,2344411,Mini-Project -,6.34-N-B.E.-Information-Technology-Sem-III-IV.pdf,0.2391,14,1,0.1429,0,lab_or_project_course,lab_or_project_course
Effective use of standard engineering norms,Clarity in written and oral communication,2344411,Mini-Project -,6.34-N-B.E.-Information-Technology-Sem-III-IV.pdf,0.1036,2,1,0.0,0,person_name,person_name; lab_or_project_course
Analytics and,Overview of data analytics,2166120,Visualization Lab,SEM-V.pdf,0.6717,2,1,0.2,1,truncated_fragment,truncated_fragment; lab_or_project_course
"learning topics: Total probability theorem, Bayes’",semester exam from self,2343111,Applied,6.34-N-B.E.-Information-Technology-Sem-III-IV.pdf,0.1573,3,1,0.0,0,publisher_citation,publisher_citation; admin_rubric_noise; truncated_fragment
connecting smart devices,"Differentiate between wired (UART, SPI, I²C) and wireless (NFC, RFID, Bluetooth",2166121,Internet of Things,SEM-V.pdf,0.3624,1,1,0.0,1,truncated_fragment,truncated_fragment
"Robert C. Martin, “Agile Software Development, Principles, Patterns and Practices”",Mike Cohn – Agile Estimating and Planning (Pearson),2165113,Agile Software,SEM-V.pdf,0.4513,4,1,0.1333,1,publisher_citation,publisher_citation
Feature importance and dimensionality reduction overview,Extension of simple linear,2166120,Visualization Lab,SEM-V.pdf,0.0645,8,1,0.0,0,person_name,person_name; subject_mismatch; lab_or_project_course
design by Don Norman,(Contact Hours),2165115,User Experience,SEM-V.pdf,0.1717,3,1,0.0,0,publisher_citation,publisher_citation; generic_lone_term; admin_rubric_noise
"enabled smart contracts, and how do they enhance automation?",Faculty of Science & Technology,2166126,Blockchain,SEM-V.pdf,0.1161,14,1,0.0,0,admin_rubric_noise,admin_rubric_noise
Q1: How can AI be integrated with blockchain for fraud detection?,Q2: What are AI,2166126,Blockchain,SEM-V.pdf,0.4931,1,1,0.0714,1,admin_rubric_noise,admin_rubric_noise
MVC Architecture- Model: Business logic,linking model and view,2343611,Mini-Project - Full,6.34-N-B.E.-Information-Technology-Sem-III-IV.pdf,0.4535,4,1,0.125,1,lab_or_project_course,lab_or_project_course
b. Sudoku Solver (Prolog),Events for light changes,2344411,Mini-Project -,6.34-N-B.E.-Information-Technology-Sem-III-IV.pdf,0.07,14,1,0.0,0,lab_or_project_course,lab_or_project_course
Implement Travelling salesman problem,Implement Naïve string matching algorithm,2343115,ADSA Lab,6.34-N-B.E.-Information-Technology-Sem-III-IV.pdf,0.1994,2,1,0.125,0,lab_or_project_course,lab_or_project_course
Run Time,At least Two Programs to understand Exception,2344411,Mini-Project -,6.34-N-B.E.-Information-Technology-Sem-III-IV.pdf,0.1382,1,1,0.0,0,lab_or_project_course,lab_or_project_course
Relationship between Dimensionality and,Model Accuracy,2166111,Machine,SEM-V.pdf,0.094,1,1,0.0,0,truncated_fragment,truncated_fragment
Get Mapping,Controllers and Services- Role of Controller in MVC,2343611,Mini-Project - Full,6.34-N-B.E.-Information-Technology-Sem-III-IV.pdf,0.0731,1,1,0.0,0,person_name,person_name; lab_or_project_course
Back-end development with Java Spring Boot introduction- What is Spring Framework? Why Spring Boot?,Spring Initializr,2343611,Mini-Project - Full,6.34-N-B.E.-Information-Technology-Sem-III-IV.pdf,0.432,4,1,0.0769,1,lab_or_project_course,lab_or_project_course
b. ATM Simulator,Logic Programming,2344411,Mini-Project -,6.34-N-B.E.-Information-Technology-Sem-III-IV.pdf,0.2788,3,1,0.0,0,tool_fragment,tool_fragment; lab_or_project_course
Implement Prim’s and Kruskal’s algorithms,Backtracking and Maximum flow Networks,2343115,ADSA Lab,6.34-N-B.E.-Information-Technology-Sem-III-IV.pdf,0.2999,2,1,0.1,1,publisher_citation,publisher_citation; lab_or_project_course
involving ordinary differential equations (up to 2nd order,Hal Frange Sine and Cosine Series,2343111,Applied,6.34-N-B.E.-Information-Technology-Sem-III-IV.pdf,0.1501,11,1,0.0,0,truncated_fragment,truncated_fragment; subject_mismatch
Packages and Import statements,document spacing,2343611,Mini-Project - Full,6.34-N-B.E.-Information-Technology-Sem-III-IV.pdf,0.0315,12,1,0.0,0,person_name,person_name; lab_or_project_course
Computer Network Simulation in NS2 Basic Concepts and Protocol Implementation.-Prof Neeraj Bhargava,First Edition. BPB Publication,2344115,Network Design,6.34-N-B.E.-Information-Technology-Sem-III-IV.pdf,0.0449,4,1,0.0,0,publisher_citation,publisher_citation
Fourier Series,Spearman’s Rank correlation coefficient (R) (with,2013111,Mathematics for,6.20N-B.E.-AI-DS.-Sem-III-IV.pdf,0.0502,9,1,0.0,0,publisher_citation,publisher_citation; truncated_fragment
Self-learning Topics: Derogatory and non,Quadratic forms,2344111,Applied,6.34-N-B.E.-Information-Technology-Sem-III-IV.pdf,0.0298,4,1,0.0,0,admin_rubric_noise,admin_rubric_noise; truncated_fragment
Fourier series of periodic,Lines of regression,2013111,Mathematics for,6.20N-B.E.-AI-DS.-Sem-III-IV.pdf,-0.0031,9,1,0.1667,0,truncated_fragment,truncated_fragment
Self-learning Topics: Finding minimum and,Self-learning Topics: Job sequencing with,2013113,Analysis of,6.20N-B.E.-AI-DS.-Sem-III-IV.pdf,0.6063,3,1,0.3333,1,admin_rubric_noise,admin_rubric_noise; truncated_fragment
Text Books,"Dr. Asharaf S. & Sivadas Neelima, “Blockchain Technology: Algorithms and",2166118,Blockchain,SEM-V.pdf,0.1445,2,1,0.0,0,publisher_citation,publisher_citation; truncated_fragment
Students shall convert the best solution into a working model using various components of their domain areas and,"The progress of the mini project to be evaluated on continuous basis, minimum two reviews in each semester",2344411,Mini-Project -,6.34-N-B.E.-Information-Technology-Sem-III-IV.pdf,0.34,6,1,0.0606,1,length_bound,length_bound; admin_rubric_noise; truncated_fragment; subject_mismatch; lab_or_project_course
"Use map, reduce, filter extensively",Immutable data structures,2344411,Mini-Project -,6.34-N-B.E.-Information-Technology-Sem-III-IV.pdf,0.2769,2,1,0.0,1,lab_or_project_course,lab_or_project_course
fibonacci series,Implement simple Calculator,2344411,Mini-Project -,6.34-N-B.E.-Information-Technology-Sem-III-IV.pdf,0.2217,1,1,0.0,1,lab_or_project_course,lab_or_project_course
"environment and Basic operators, types, prelude",Write a recursive function to multiply two,2344411,Mini-Project -,6.34-N-B.E.-Information-Technology-Sem-III-IV.pdf,0.0565,14,1,0.0,0,person_name,person_name; subject_mismatch; lab_or_project_course
a. Chatbot using Python (OOP + Functional),b. File Organizer Script,2344411,Mini-Project -,6.34-N-B.E.-Information-Technology-Sem-III-IV.pdf,0.1443,3,1,0.0,0,lab_or_project_course,lab_or_project_course
"Question 1 is compulsory, and it should include sub","The question paper should contain six questions, each of 15 marks",2165113,Agile Software,SEM-V.pdf,0.4588,4,1,0.1111,1,admin_rubric_noise,admin_rubric_noise
Introduction to Java EE- Need for Java EE in enterprise applications,MVC Architecture- Model: Business logic,2343611,Mini-Project - Full,6.34-N-B.E.-Information-Technology-Sem-III-IV.pdf,0.2095,2,1,0.0,1,lab_or_project_course,lab_or_project_course
Implement simple Calculator,Students should clearly understand the syntax and,2344411,Mini-Project -,6.34-N-B.E.-Information-Technology-Sem-III-IV.pdf,0.2918,1,1,0.0,1,admin_rubric_noise,admin_rubric_noise; truncated_fragment; lab_or_project_course
Use procedural logic + OOP for file operations,Driven Programming,2344411,Mini-Project -,6.34-N-B.E.-Information-Technology-Sem-III-IV.pdf,0.3113,1,1,0.0,1,lab_or_project_course,lab_or_project_course
character effects,and mobile-first design principles,2343611,Mini-Project - Full,6.34-N-B.E.-Information-Technology-Sem-III-IV.pdf,0.1624,6,1,0.0,0,truncated_fragment,truncated_fragment; lab_or_project_course
"Students in a group shall understand the problem effectively, propose multiple solutions, and select the best possible",Guidelines for Assessment of Capstone Mini,2344411,Mini-Project -,6.34-N-B.E.-Information-Technology-Sem-III-IV.pdf,0.1419,5,1,0.0,0,length_bound,length_bound; admin_rubric_noise; lab_or_project_course
"Introduction to Algorithms Cormen, Leiserson, Rivest, Stein PHI 3rd Edition","Algorithm Design Jon Kleinberg, Éva Tardos Pearson 1st Edition",2343115,ADSA Lab,6.34-N-B.E.-Information-Technology-Sem-III-IV.pdf,0.6279,1,1,0.0556,1,publisher_citation,publisher_citation; lab_or_project_course
Standard and Canonical of LPP,Simplex method,2013111,Mathematics for,6.20N-B.E.-AI-DS.-Sem-III-IV.pdf,0.1656,4,1,0.0,0,person_name,person_name; subject_mismatch
Flow Control (Simple Problems),Scheduled Access (Reservation,2344113,Computer Network,6.34-N-B.E.-Information-Technology-Sem-III-IV.pdf,0.0777,5,1,0.0,0,truncated_fragment,truncated_fragment
and remaining 40% to 50% of syllabus content must be covered in Second IA Test,(1)Question 1 is compulsory,2165113,Agile Software,SEM-V.pdf,0.3505,13,1,0.0,0,truncated_fragment,truncated_fragment; admin_rubric_noise
Practical & Oral Exam: An Oral & Practical exam will be held based on the above syllabus,Prerequisite To study and explore Tinkercad Simulator,2166121,Internet of Things,SEM-V.pdf,0.2327,2,1,0.0,1,length_bound,length_bound; admin_rubric_noise; tool_fragment
Edge and Fog Computing platforms and Services,Self-learning Topics: Applications of AI in Edge,2166124,Edge Computing,SEM-V.pdf,0.4297,1,1,0.0769,1,admin_rubric_noise,admin_rubric_noise
Displaying Sensor Data on a Local Web Server using Flask and RPi,Interfacing Soil Moisture Sensor with any board and Uploading Data to,2166121,Internet of Things,SEM-V.pdf,0.3245,3,1,0.15,0,truncated_fragment,truncated_fragment
and basic understanding of facts and rules,understand declarative programming concepts,2344411,Mini-Project -,6.34-N-B.E.-Information-Technology-Sem-III-IV.pdf,0.4566,3,1,0.0,1,truncated_fragment,truncated_fragment; lab_or_project_course
"like Supply chain, Healthcare, Energy, Education","Dr. Asharaf S. & Sivadas Neelima, “Blockchain Technology: Algorithms and",2166118,Blockchain,SEM-V.pdf,0.1201,8,1,0.0,0,person_name,person_name; publisher_citation; truncated_fragment
utilizing grid systems and essential components like headers,application. Properties,2343611,Mini-Project - Full,6.34-N-B.E.-Information-Technology-Sem-III-IV.pdf,0.0597,11,1,0.0,0,lab_or_project_course,lab_or_project_course
"students, as it is a group activity",The solution to be validated with proper justification and a report to be compiled in a standard format of the,2344411,Mini-Project -,6.34-N-B.E.-Information-Technology-Sem-III-IV.pdf,0.0924,12,1,0.0455,0,length_bound,length_bound; truncated_fragment; lab_or_project_course
(only up to s3 in denominator),Fourier series of even and odd functions (simple functions,2343111,Applied,6.34-N-B.E.-Information-Technology-Sem-III-IV.pdf,0.0023,12,1,0.0,0,truncated_fragment,truncated_fragment
Introduction to Python and,Concept of dependent and independent variables. The,2166120,Visualization Lab,SEM-V.pdf,0.1974,14,1,0.1,0,truncated_fragment,truncated_fragment; lab_or_project_course
Regression Model Evaluation,Introduction to logistic regression for classification Logit,2166120,Visualization Lab,SEM-V.pdf,0.2796,7,1,0.1111,1,lab_or_project_course,lab_or_project_course
NLPP with one and two equality constraint (two or,Artificial variables,2013111,Mathematics for,6.20N-B.E.-AI-DS.-Sem-III-IV.pdf,0.2154,2,1,0.0,1,truncated_fragment,truncated_fragment
and advanced features like CSS Grid,embedded server,2343611,Mini-Project - Full,6.34-N-B.E.-Information-Technology-Sem-III-IV.pdf,0.1596,10,1,0.0,0,person_name,person_name; truncated_fragment; lab_or_project_course
Reference Books,Online References,2165113,Agile Software,SEM-V.pdf,0.6888,6,1,0.0,1,person_name,person_name
Preferably in C++ to demonstrate concepts like,"Abstraction & Encapsulation, Initialization and",2344411,Mini-Project -,6.34-N-B.E.-Information-Technology-Sem-III-IV.pdf,0.3156,1,1,0.0,1,person_name,person_name; truncated_fragment; lab_or_project_course
Fourier Series,Karl Pearson’s coefficient of correlation (r),2013111,Mathematics for,6.20N-B.E.-AI-DS.-Sem-III-IV.pdf,0.1132,8,1,0.0,0,publisher_citation,publisher_citation
(b) must be from any other Module,Module weightage as per contact hours mentioned in the syllabus,2165113,Agile Software,SEM-V.pdf,0.2788,3,1,0.0625,0,admin_rubric_noise,admin_rubric_noise; subject_mismatch
a. Library Management System,Do List Manager (Scala or Elixir),2344411,Mini-Project -,6.34-N-B.E.-Information-Technology-Sem-III-IV.pdf,0.2772,14,1,0.0,0,lab_or_project_course,lab_or_project_course
Implement a safetail function that behaves in,error in this case. Define safetail using: (a) a,2344411,Mini-Project -,6.34-N-B.E.-Information-Technology-Sem-III-IV.pdf,0.6808,3,1,0.25,1,truncated_fragment,truncated_fragment; lab_or_project_course
Tutorial on Introduction to Haskell programming,"library functions, list and tuples in Haskell",2344411,Mini-Project -,6.34-N-B.E.-Information-Technology-Sem-III-IV.pdf,0.5446,2,1,0.0833,1,lab_or_project_course,lab_or_project_course
Similarity of matrices,three variables) using the method of Lagrange’s,2013111,Mathematics for,6.20N-B.E.-AI-DS.-Sem-III-IV.pdf,-0.0814,12,1,0.1,0,publisher_citation,publisher_citation; truncated_fragment
Fundamentals of Distributed Operating System,Real-Time,2014113,Operating,6.20N-B.E.-AI-DS.-Sem-III-IV.pdf,0.2594,4,1,0.0,1,generic_lone_term,generic_lone_term
a. Weather Data Analyzer (Haskell / Python with functools),Do List Manager (Scala or Elixir),2344411,Mini-Project -,6.34-N-B.E.-Information-Technology-Sem-III-IV.pdf,0.2358,4,1,0.0,0,lab_or_project_course,lab_or_project_course
Sample Programs but not limited to,"the same way as tail, except that safetail maps the",2344411,Mini-Project -,6.34-N-B.E.-Information-Technology-Sem-III-IV.pdf,-0.0392,2,1,0.0,0,truncated_fragment,truncated_fragment; lab_or_project_course
Procedural Programming,No OOP involved,2344411,Mini-Project -,6.34-N-B.E.-Information-Technology-Sem-III-IV.pdf,0.1808,3,1,0.0,0,lab_or_project_course,lab_or_project_course
"to students for C, C++, JAVA along with how to",debug the code,2344411,Mini-Project -,6.34-N-B.E.-Information-Technology-Sem-III-IV.pdf,0.23,1,1,0.0,1,truncated_fragment,truncated_fragment; lab_or_project_course
Term Work:  Term Work shall consist of at least 10 to 12 practicals’ based on the above list. Also,Term work Journal must include at least 2 assignments,2166121,Internet of Things,SEM-V.pdf,0.5669,1,1,0.1818,1,length_bound,length_bound; publisher_citation; admin_rubric_noise; subject_mismatch
Fitting ARIMA models,in Python (statsmodels) / R (forecast package),2166120,Visualization Lab,SEM-V.pdf,0.3297,1,1,0.0,1,truncated_fragment,truncated_fragment; lab_or_project_course
"Ashwani Kumar,”Hyperledger Fabric In","Applications Using Hyperledger Fabric”, BPB Publications",2166118,Blockchain,SEM-V.pdf,0.5535,2,1,0.2222,1,publisher_citation,publisher_citation; truncated_fragment
Controllers and Services- Role of Controller in MVC,Defining Controllers in Spring Boot,2343611,Mini-Project - Full,6.34-N-B.E.-Information-Technology-Sem-III-IV.pdf,0.5471,1,1,0.1818,1,subject_mismatch,subject_mismatch; lab_or_project_course
Term Work Marks: 25 Marks (Total marks) = 15 Marks (Experiment) + 5 Marks (Assignments),Practical & Oral Exam: An Oral & Practical exam will be held based on the above syllabus,2166121,Internet of Things,SEM-V.pdf,0.2736,2,1,0.0,1,admin_rubric_noise,admin_rubric_noise; length_bound; subject_mismatch
At least Two Programs to understand Exception,exceptions as well as using multiple catch blocks,2344411,Mini-Project -,6.34-N-B.E.-Information-Technology-Sem-III-IV.pdf,0.627,3,1,0.0,1,subject_mismatch,subject_mismatch; lab_or_project_course
Any Application of IFTTT,Any application of Blynk App,2166121,Internet of Things,SEM-V.pdf,0.4027,4,1,0.5,1,tool_fragment,tool_fragment
Data management,Spring Boot: Modern development trends. MVC in Java Web,2343611,Mini-Project - Full,6.34-N-B.E.-Information-Technology-Sem-III-IV.pdf,0.2337,4,1,0.0,0,lab_or_project_course,lab_or_project_course
Regular Language,to DFA Conversion,2014111,Computational,6.20N-B.E.-AI-DS.-Sem-III-IV.pdf,0.2722,12,1,0.0,0,truncated_fragment,truncated_fragment
"Students in a group shall understand the problem effectively, propose multiple solutions, and select the best possible","In continuous assessment, focus shall also be on each individual student, assessment based on the individual’s",2344411,Mini-Project -,6.34-N-B.E.-Information-Technology-Sem-III-IV.pdf,0.4629,9,1,0.1111,0,length_bound,length_bound; admin_rubric_noise; publisher_citation; lab_or_project_course
Application of Regular,Equivalence between NFA with and ϵ- transitions,2014111,Computational,6.20N-B.E.-AI-DS.-Sem-III-IV.pdf,0.1411,6,1,0.0,0,truncated_fragment,truncated_fragment
"Implement inheritance for different types of users (students, staff)","Use map, reduce, filter extensively",2344411,Mini-Project -,6.34-N-B.E.-Information-Technology-Sem-III-IV.pdf,0.0132,11,1,0.0,0,lab_or_project_course,lab_or_project_course
C’s of DevOps Lifecycle for Business,Source Tools in DevOps,2165113,Agile Software,SEM-V.pdf,0.5705,5,1,0.1,1,publisher_citation,publisher_citation
Self-learning Topics: Performance comparison of,Self-learning Topics: File System for Linux and,2344112,Operating System,6.34-N-B.E.-Information-Technology-Sem-III-IV.pdf,0.5127,11,1,0.2727,0,admin_rubric_noise,admin_rubric_noise; truncated_fragment
Logic Programming,a. Family Tree Generator (Prolog),2344411,Mini-Project -,6.34-N-B.E.-Information-Technology-Sem-III-IV.pdf,0.4661,1,1,0.0,1,lab_or_project_course,lab_or_project_course
Q2: Compare two blockchain platforms of your choice in terms of features and,Q1: What is the role of Gas in Ethereum transactions?,2166126,Blockchain,SEM-V.pdf,0.2652,3,1,0.1,0,admin_rubric_noise,admin_rubric_noise; truncated_fragment
Study – Selenium/ Jira,"automation tools such as Selenium, Cypress",2165113,Agile Software,SEM-V.pdf,0.3725,2,1,0.125,1,tool_fragment,tool_fragment
➢ Question paper format,will be compulsory and should cover maximum contents of the syllabus,2165113,Agile Software,SEM-V.pdf,0.1735,2,1,0.0,0,admin_rubric_noise,admin_rubric_noise
applications of full stack,Java SE concepts: JVM,2343611,Mini-Project - Full,6.34-N-B.E.-Information-Technology-Sem-III-IV.pdf,0.2471,1,1,0.0,1,lab_or_project_course,lab_or_project_course
that adapt to different screen sizes and devices using media queries,flexible layouts,2343611,Mini-Project - Full,6.34-N-B.E.-Information-Technology-Sem-III-IV.pdf,0.3573,1,1,0.0,1,truncated_fragment,truncated_fragment; lab_or_project_course
Strassen's Algorithm,Self-learning Topics: Job sequencing with,2013113,Analysis of,6.20N-B.E.-AI-DS.-Sem-III-IV.pdf,0.1094,2,1,0.0,0,admin_rubric_noise,admin_rubric_noise; truncated_fragment
Introduction to Statistical Learning (ISLR2)”,descriptive analytics and sampling distribution,2165111,Statistics for,SEM-V.pdf,0.2499,2,1,0.0,1,publisher_citation,publisher_citation
Procedural Programming,Logic Programming,2344411,Mini-Project -,6.34-N-B.E.-Information-Technology-Sem-III-IV.pdf,0.4682,7,1,0.3333,0,lab_or_project_course,lab_or_project_course
Implement solution for a 0-1 knapsack problem using,dynamic programming,2343115,ADSA Lab,6.34-N-B.E.-Information-Technology-Sem-III-IV.pdf,0.4028,1,1,0.0,1,lab_or_project_course,lab_or_project_course
project as mentioned in general guidelines,o Building prototype and testing,2344411,Mini-Project -,6.34-N-B.E.-Information-Technology-Sem-III-IV.pdf,0.3027,5,1,0.0,0,person_name,person_name; lab_or_project_course
Explain the physical and logical design of IoT with suitable examples. Illustrate the,Develop a short report on MQTT or CoAP protocol implementation for IoT data,2166121,Internet of Things,SEM-V.pdf,0.525,7,1,0.0417,1,truncated_fragment,truncated_fragment
Haskell code to represent infinite list e.g,and basic understanding of facts and rules,2344411,Mini-Project -,6.34-N-B.E.-Information-Technology-Sem-III-IV.pdf,0.0348,7,1,0.0,0,truncated_fragment,truncated_fragment; subject_mismatch; lab_or_project_course
Greedy algorithms and Applications,dynamic programming,2343115,ADSA Lab,6.34-N-B.E.-Information-Technology-Sem-III-IV.pdf,0.3669,2,1,0.0,1,lab_or_project_course,lab_or_project_course
Full Stack Developer Roles & Skills,Overview: Frontend: HTML,2343611,Mini-Project - Full,6.34-N-B.E.-Information-Technology-Sem-III-IV.pdf,0.2398,2,1,0.0,1,lab_or_project_course,lab_or_project_course
semi-structured,modelling Creating new features from existing data,2166120,Visualization Lab,SEM-V.pdf,0.2056,10,1,0.0,0,lab_or_project_course,lab_or_project_course
Term Work:  Term Work shall consist of at least 10 to 12 practicals’ based on the above list. Also,Term Work Marks: 25 Marks (Total marks) = 15 Marks (Experiment) + 5 Marks (Assignments),2166121,Internet of Things,SEM-V.pdf,0.5217,2,1,0.0833,1,length_bound,length_bound; publisher_citation; admin_rubric_noise; subject_mismatch
based consensus is used,Dr. Subhash K. Shinde,2166126,Blockchain,SEM-V.pdf,0.0581,6,1,0.0,0,truncated_fragment,truncated_fragment; publisher_citation; person_name
Cost effectiveness and Societal impact,Report should be prepared as per the guidelines issued by the University of Mumbai,2344411,Mini-Project -,6.34-N-B.E.-Information-Technology-Sem-III-IV.pdf,0.0891,7,1,0.0,0,person_name,person_name; publisher_citation; lab_or_project_course
Prolog programs to,understand declarative programming concepts,2344411,Mini-Project -,6.34-N-B.E.-Information-Technology-Sem-III-IV.pdf,0.4797,1,1,0.0,1,truncated_fragment,truncated_fragment; lab_or_project_course
Dynamic Binding,Run Time,2344411,Mini-Project -,6.34-N-B.E.-Information-Technology-Sem-III-IV.pdf,0.0585,1,1,0.0,0,lab_or_project_course,lab_or_project_course
"Ritesh Modi, Solidity Programming Essentials: A Beginner's Guide to Build Smart","Imran Bashir, “Mastering Blockchain: Inner Workings of Blockchain, Cryptocurrencies &",2166118,Blockchain,SEM-V.pdf,0.2006,2,1,0.0,1,publisher_citation,publisher_citation
Connected Car System,Term Work Marks: 25 Marks (Total marks) = 15 Marks (Experiment) + 5 Marks (Assignments),2166121,Internet of Things,SEM-V.pdf,0.1108,8,1,0.0,0,admin_rubric_noise,admin_rubric_noise; subject_mismatch
"Describe the phases of IoT data analytics — descriptive, predictive, and prescriptive","Compare cloud service models (IaaS, PaaS, SaaS) in the context of IoT analytics and",2166121,Internet of Things,SEM-V.pdf,0.3893,2,1,0.25,1,truncated_fragment,truncated_fragment
List of Sample Capstone Mini,"Use classes for Books, Users, Transactions",2344411,Mini-Project -,6.34-N-B.E.-Information-Technology-Sem-III-IV.pdf,0.0081,3,1,0.0,0,person_name,person_name; lab_or_project_course
"orthogonal and orthonormal set of functions, Fourier","Harmonic function, Harmonic conjugate, and orthogonal",2343111,Applied,6.34-N-B.E.-Information-Technology-Sem-III-IV.pdf,0.606,6,1,0.2,1,person_name,person_name
"Depth: Learn, Build and Deploy Blockchain","Dr. Vaibhav Agrawal, Practical Artificial Intelligence and Blockchain, BPB Publications",2166118,Blockchain,SEM-V.pdf,0.4436,2,1,0.1429,1,publisher_citation,publisher_citation
Outlier detection using density-based methods for real time,Self- learning Topics: Anomaly detection in high-volume,2166120,Visualization Lab,SEM-V.pdf,0.4755,1,1,0.0625,1,lab_or_project_course,lab_or_project_course
a. GUI Calculator (Python Tkinter / Java Swing),Event listeners for button presses,2344411,Mini-Project -,6.34-N-B.E.-Information-Technology-Sem-III-IV.pdf,0.202,1,1,0.0,1,lab_or_project_course,lab_or_project_course
Implement graph coloring,Text Books and References,2343115,ADSA Lab,6.34-N-B.E.-Information-Technology-Sem-III-IV.pdf,0.0051,13,1,0.0,0,lab_or_project_course,lab_or_project_course
flexible layouts,Image Handling & Forms: Understand image roles,2343611,Mini-Project - Full,6.34-N-B.E.-Information-Technology-Sem-III-IV.pdf,0.2396,2,1,0.0,1,person_name,person_name; lab_or_project_course
Smart Agriculture (Irrigation or Environmental Monitoring),Term Work:  Term Work shall consist of at least 10 to 12 practicals’ based on the above list. Also,2166121,Internet of Things,SEM-V.pdf,0.0726,5,1,0.0,0,length_bound,length_bound; publisher_citation; admin_rubric_noise
Image Handling & Forms: Understand image roles,Fetch API,2343611,Mini-Project - Full,6.34-N-B.E.-Information-Technology-Sem-III-IV.pdf,-0.0697,13,1,0.0,0,person_name,person_name; subject_mismatch; lab_or_project_course
Self-learning Topics: Finding minimum and,Strassen's Algorithm,2013113,Analysis of,6.20N-B.E.-AI-DS.-Sem-III-IV.pdf,0.2581,1,1,0.0,1,admin_rubric_noise,admin_rubric_noise; truncated_fragment
"Include problem definition, architecture, components used, and expected outcomes",Suggested List of Experiments,2166121,Internet of Things,SEM-V.pdf,0.2494,1,1,0.0,1,admin_rubric_noise,admin_rubric_noise
form elements (text fields,text formatting,2343611,Mini-Project - Full,6.34-N-B.E.-Information-Technology-Sem-III-IV.pdf,0.5169,3,1,0.2,1,truncated_fragment,truncated_fragment; lab_or_project_course
and advanced features like CSS Grid,Back-end development with Java Spring Boot introduction- What is Spring Framework? Why Spring Boot?,2343611,Mini-Project - Full,6.34-N-B.E.-Information-Technology-Sem-III-IV.pdf,0.1566,7,1,0.0,0,person_name,person_name; truncated_fragment; lab_or_project_course
Implement Hamiltonian cycles,Implementation of Bellman-Ford algorithm,2343115,ADSA Lab,6.34-N-B.E.-Information-Technology-Sem-III-IV.pdf,0.3625,3,1,0.0,0,lab_or_project_course,lab_or_project_course
Roles in Industry,Data Analytics,2166112,Data Analytics,SEM-V.pdf,0.2544,4,1,0.0,0,generic_lone_term,generic_lone_term
Karl Pearson’s coefficient of correlation (r),Spearman’s Rank correlation coefficient (R) (with,2013111,Mathematics for,6.20N-B.E.-AI-DS.-Sem-III-IV.pdf,0.5919,1,1,0.4,1,publisher_citation,publisher_citation; truncated_fragment
Suggested List of Experiments,List of Experiments,2166121,Internet of Things,SEM-V.pdf,0.9453,8,1,0.75,1,admin_rubric_noise,admin_rubric_noise
Project shall be assessed based on following criteria,Quality of survey/ need identification,2344411,Mini-Project -,6.34-N-B.E.-Information-Technology-Sem-III-IV.pdf,0.3451,1,1,0.0,1,lab_or_project_course,lab_or_project_course
C’s of DevOps Lifecycle for Business,"Roger Pressman, Software Engineering: A Practitioner's Approach, 6th edition, McGraw",2165113,Agile Software,SEM-V.pdf,0.318,11,1,0.0588,0,publisher_citation,publisher_citation
"Higher Engineering Mathematics, Dr. B.S. Grewal, Khanna Publication","Advanced Engineering Mathematics, Erwin Kreyszig, Wiley Eastern Limited",2343111,Applied,6.34-N-B.E.-Information-Technology-Sem-III-IV.pdf,0.6917,1,1,0.1333,1,publisher_citation,publisher_citation
modelling Creating new features from existing data,Introduction to logistic regression for classification Logit,2166120,Visualization Lab,SEM-V.pdf,0.1961,11,1,0.0,0,lab_or_project_course,lab_or_project_course
Types of data: structured,missing values and duplicates Data normalization and,2166120,Visualization Lab,SEM-V.pdf,0.2573,8,1,0.1111,1,truncated_fragment,truncated_fragment; lab_or_project_course
Paradigm Approach,Follow MVC pattern optionally,2344411,Mini-Project -,6.34-N-B.E.-Information-Technology-Sem-III-IV.pdf,0.1977,10,1,0.0,0,lab_or_project_course,lab_or_project_course
Guidelines for Labs Capstone Mini,Detailed Content,2344411,Mini-Project -,6.34-N-B.E.-Information-Technology-Sem-III-IV.pdf,0.0605,2,1,0.0,0,person_name,person_name; lab_or_project_course
o Quality of Project report & Project Review,Review/progress monitoring committee may consider following points for assessment based of the semester,2344411,Mini-Project -,6.34-N-B.E.-Information-Technology-Sem-III-IV.pdf,0.381,1,1,0.1111,1,lab_or_project_course,lab_or_project_course
At least Two Programming Implementations,Preferably in C++ to demonstrate concepts like,2344411,Mini-Project -,6.34-N-B.E.-Information-Technology-Sem-III-IV.pdf,0.4798,1,1,0.0,1,lab_or_project_course,lab_or_project_course
"Roger Pressman, Software Engineering: A Practitioner's Approach, 6th edition, McGraw","Engineering: Applying the Theory of Constraints for Business Results‖, Prentice Hall, 2003",2165113,Agile Software,SEM-V.pdf,0.4062,9,1,0.0455,0,publisher_citation,publisher_citation
Clarity of Problem definition based on need,Cost effectiveness,2344411,Mini-Project -,6.34-N-B.E.-Information-Technology-Sem-III-IV.pdf,0.255,4,1,0.0,1,lab_or_project_course,lab_or_project_course
"Cryptocurrency basics, types, usage, ERC20 and","ERC721 Tokens, ICO: basics and related terms",2166118,Blockchain,SEM-V.pdf,0.4434,1,1,0.1818,1,truncated_fragment,truncated_fragment
Basic and Feasible solutions,Kuhn-Tucker conditions,2013111,Mathematics for,6.20N-B.E.-AI-DS.-Sem-III-IV.pdf,0.2568,7,1,0.0,1,person_name,person_name
Controller: Request,and mobile-first design principles,2343611,Mini-Project - Full,6.34-N-B.E.-Information-Technology-Sem-III-IV.pdf,0.0131,10,1,0.0,0,truncated_fragment,truncated_fragment; lab_or_project_course
Java SE concepts: JVM,View: User interface,2343611,Mini-Project - Full,6.34-N-B.E.-Information-Technology-Sem-III-IV.pdf,0.1606,10,1,0.0,0,lab_or_project_course,lab_or_project_course
Fourier series of periodic,range Sine and Cosine Series,2013111,Mathematics for,6.20N-B.E.-AI-DS.-Sem-III-IV.pdf,0.4628,4,1,0.125,1,truncated_fragment,truncated_fragment
Self-learning Topics: Game Playing,Self-learning Topics: Adaptive fuzzy systems and,2165112,Artificial,SEM-V.pdf,0.55,3,1,0.3333,1,admin_rubric_noise,admin_rubric_noise; truncated_fragment
"Students should do the survey and identify needs, which shall be converted into a problem statement for the mini",Term Work,2344411,Mini-Project -,6.34-N-B.E.-Information-Technology-Sem-III-IV.pdf,0.1586,14,1,0.0,0,length_bound,length_bound; admin_rubric_noise; person_name; lab_or_project_course
Self-learning Topics: Problem solving and,Metrics: Measuring performance,2166115,Nature-,SEM-V.pdf,0.1549,2,1,0.0,0,admin_rubric_noise,admin_rubric_noise; truncated_fragment
Scikit-learn R,Libraries: dplyr,2166120,Visualization Lab,SEM-V.pdf,0.4687,1,1,0.0,1,lab_or_project_course,lab_or_project_course
Real-Time,Operating System,2014113,Operating,6.20N-B.E.-AI-DS.-Sem-III-IV.pdf,0.335,1,1,0.0,1,generic_lone_term,generic_lone_term
Fourier Series,"Dirichlet’s conditions, Definition of Fourier series and",2343111,Applied,6.34-N-B.E.-Information-Technology-Sem-III-IV.pdf,0.6325,1,1,0.25,1,publisher_citation,publisher_citation; truncated_fragment
Tools: Git,Control Statements,2343611,Mini-Project - Full,6.34-N-B.E.-Information-Technology-Sem-III-IV.pdf,0.0658,5,1,0.0,0,tool_fragment,tool_fragment; lab_or_project_course
Simple List Comprehension,natural numbers that use a predefined add function,2344411,Mini-Project -,6.34-N-B.E.-Information-Technology-Sem-III-IV.pdf,0.169,3,1,0.0,0,subject_mismatch,subject_mismatch; lab_or_project_course
Backtracking and Maximum flow Networks,Implement N-Queen's problem using Back Tracking,2343115,ADSA Lab,6.34-N-B.E.-Information-Technology-Sem-III-IV.pdf,0.4065,1,1,0.0,1,lab_or_project_course,lab_or_project_course
Self-learning Topics:  Comparison of,Self-learning Topics: Image reconstruction,2166117,Digital Imaging,SEM-V.pdf,0.6001,2,1,0.4286,1,admin_rubric_noise,admin_rubric_noise; truncated_fragment
Low-code/No-code development,Dockerizing Kotlin backend applications,2165114,Web and,SEM-V.pdf,0.0467,2,1,0.0,0,tool_fragment,tool_fragment
The review/ progress monitoring committee shall be constituted by the head of departments of each institute,Review/progress monitoring committee may consider following points for assessment based of the semester,2344411,Mini-Project -,6.34-N-B.E.-Information-Technology-Sem-III-IV.pdf,0.7109,9,1,0.2727,1,length_bound,length_bound; publisher_citation; lab_or_project_course
(b) guarded equations,pattern matching,2344411,Mini-Project -,6.34-N-B.E.-Information-Technology-Sem-III-IV.pdf,0.2216,1,1,0.0,1,lab_or_project_course,lab_or_project_course
Letter Grades and Grade Points,Semester GPA/ Programme,2166126,Blockchain,SEM-V.pdf,0.4872,1,1,0.0,1,person_name,person_name; admin_rubric_noise
Self-learning Topics: Lifecycle of a Cyberattack,Self-learning Topics: Tools Used for Ethical,2166114,Security,SEM-V.pdf,0.6621,2,1,0.2727,1,admin_rubric_noise,admin_rubric_noise
"Cryptocurrency basics, types, usage, ERC20 and",Common security threats in Blockchain,2166118,Blockchain,SEM-V.pdf,0.3559,7,1,0.0,1,truncated_fragment,truncated_fragment
Implement Sum of subsets problem for a given set of,Implement Longest common subsequence,2343115,ADSA Lab,6.34-N-B.E.-Information-Technology-Sem-III-IV.pdf,0.1696,13,1,0.0833,0,truncated_fragment,truncated_fragment; lab_or_project_course
Dr. Ritu Bhargava,TCP/IP Protocol Suite 4th Edition by Behrouz A. Forouzan,2344115,Network Design,6.34-N-B.E.-Information-Technology-Sem-III-IV.pdf,0.1355,6,1,0.0,0,publisher_citation,publisher_citation; person_name
Nondeterministic Finite Automata (NFA): Definitions,FSM with,2014111,Computational,6.20N-B.E.-AI-DS.-Sem-III-IV.pdf,0.2533,4,1,0.0,0,truncated_fragment,truncated_fragment
"Compare cloud service models (IaaS, PaaS, SaaS) in the context of IoT analytics and",Suggested List of Experiments,2166121,Internet of Things,SEM-V.pdf,-0.0057,9,1,0.0588,0,truncated_fragment,truncated_fragment; admin_rubric_noise
Importance of data cleaning and preparation Handling,Self- learning Topics: Different feature engineering,2166120,Visualization Lab,SEM-V.pdf,0.1115,6,1,0.0,0,lab_or_project_course,lab_or_project_course
Concept of dependent and independent variables. The,Self- learning Topics: Explore Advance Regression,2166120,Visualization Lab,SEM-V.pdf,0.2334,8,1,0.0,0,truncated_fragment,truncated_fragment; lab_or_project_course
Explain the physical and logical design of IoT with suitable examples. Illustrate the,"Fi) communication technologies based on range, power, and topology",2166121,Internet of Things,SEM-V.pdf,0.4148,6,1,0.05,1,truncated_fragment,truncated_fragment
Simple List Comprehension,Order Functions,2344411,Mini-Project -,6.34-N-B.E.-Information-Technology-Sem-III-IV.pdf,0.1679,1,1,0.0,0,person_name,person_name; lab_or_project_course
Term work Journal must include at least 2 assignments,Interfacing a Temperature and Humidity Sensor (DHT11) with any,2166121,Internet of Things,SEM-V.pdf,0.0865,6,1,0.0,0,admin_rubric_noise,admin_rubric_noise; subject_mismatch
Linear Transformations,Theorem to evaluate realintegrations,2344111,Applied,6.34-N-B.E.-Information-Technology-Sem-III-IV.pdf,0.0395,3,1,0.0,0,truncated_fragment,truncated_fragment
Self-learning Topics: Initial value theorem,Inverse of Transform by Binomial,2344111,Applied,6.34-N-B.E.-Information-Technology-Sem-III-IV.pdf,-0.0131,2,1,0.0,0,admin_rubric_noise,admin_rubric_noise
Implement Naïve string matching algorithm,Implement Rabin-Karp algorithm,2343115,ADSA Lab,6.34-N-B.E.-Information-Technology-Sem-III-IV.pdf,0.2581,1,1,0.2857,1,lab_or_project_course,lab_or_project_course
Interpretation for model identification AR,and ARIMA concepts,2166120,Visualization Lab,SEM-V.pdf,0.2611,1,1,0.0,1,person_name,person_name; truncated_fragment; lab_or_project_course
"Introduction to Agile Methods, Sondra Ashmore","DevOps: Dive, , Packt, 2018",2165113,Agile Software,SEM-V.pdf,0.19,8,1,0.0,0,publisher_citation,publisher_citation
Back-end development with Java Spring Boot introduction- What is Spring Framework? Why Spring Boot?,Running your first Spring Boot application,2343611,Mini-Project - Full,6.34-N-B.E.-Information-Technology-Sem-III-IV.pdf,0.6508,7,1,0.125,1,lab_or_project_course,lab_or_project_course
Rank correlation coefficient (R) (with repeated and non,repeated ranks) Lines of regression Fitting of first- and,2343111,Applied,6.34-N-B.E.-Information-Technology-Sem-III-IV.pdf,0.4901,1,1,0.1429,1,truncated_fragment,truncated_fragment; subject_mismatch
Object Oriented,Preferably in C++ to demonstrate concepts like,2344411,Mini-Project -,6.34-N-B.E.-Information-Technology-Sem-III-IV.pdf,0.3736,2,1,0.0,1,lab_or_project_course,lab_or_project_course
C’s of DevOps Lifecycle for Business,in DevOps Implementation. Mapping App to,2165113,Agile Software,SEM-V.pdf,0.4928,3,1,0.0833,1,publisher_citation,publisher_citation; truncated_fragment
Semester GPA/ Programme,CGPA Semester/ Programme,2166126,Blockchain,SEM-V.pdf,0.7445,1,1,0.5,1,admin_rubric_noise,admin_rubric_noise
form elements (text fields,embedded server,2343611,Mini-Project - Full,6.34-N-B.E.-Information-Technology-Sem-III-IV.pdf,0.0531,14,1,0.0,0,truncated_fragment,truncated_fragment; lab_or_project_course
Applications to solve initial and boundary value problems,Parseval’s Identity (without proof) Fourier series of periodic,2343111,Applied,6.34-N-B.E.-Information-Technology-Sem-III-IV.pdf,0.0387,8,1,0.0,0,publisher_citation,publisher_citation; truncated_fragment
solution in consultation with the guide/ supervisor,Guidelines for Assessment of Capstone Mini,2344411,Mini-Project -,6.34-N-B.E.-Information-Technology-Sem-III-IV.pdf,0.1177,4,1,0.0,0,lab_or_project_course,lab_or_project_course
"study topics. However, students are",Text Books,2343111,Applied,6.34-N-B.E.-Information-Technology-Sem-III-IV.pdf,0.3796,2,1,0.0,1,admin_rubric_noise,admin_rubric_noise
Identify and analyze common vulnerabilities in IoT systems. Suggest techniques for,"Include problem definition, architecture, components used, and expected outcomes",2166121,Internet of Things,SEM-V.pdf,0.1688,6,1,0.0526,0,truncated_fragment,truncated_fragment
f(z) to be analytic (without proof),Thomson method to determine analytic function,2343111,Applied,6.34-N-B.E.-Information-Technology-Sem-III-IV.pdf,0.4389,2,1,0.1818,1,truncated_fragment,truncated_fragment; publisher_citation; subject_mismatch
Understanding Request Mapping,Controllers and Services- Role of Controller in MVC,2343611,Mini-Project - Full,6.34-N-B.E.-Information-Technology-Sem-III-IV.pdf,0.2085,2,1,0.0,1,lab_or_project_course,lab_or_project_course
o Proposed final solution,o Procurement of components/systems,2344411,Mini-Project -,6.34-N-B.E.-Information-Technology-Sem-III-IV.pdf,0.3532,1,1,0.125,1,lab_or_project_course,lab_or_project_course
Outlier Detection using Distance based method,Fitting ARIMA models,2166120,Visualization Lab,SEM-V.pdf,0.1516,11,1,0.0,0,lab_or_project_course,lab_or_project_course
Analytics and,Introduction to Python and,2166120,Visualization Lab,SEM-V.pdf,0.2511,5,1,0.2,0,truncated_fragment,truncated_fragment; lab_or_project_course
Event listeners for button presses,Project Report,2344411,Mini-Project -,6.34-N-B.E.-Information-Technology-Sem-III-IV.pdf,0.0039,7,1,0.0,0,person_name,person_name; lab_or_project_course
Analytics and,Libraries: dplyr,2166120,Visualization Lab,SEM-V.pdf,0.1711,9,1,0.0,0,truncated_fragment,truncated_fragment; lab_or_project_course
➢ Question paper format,Question Paper will comprise of a total of six questions each carrying 15  marks. Q.1,2165113,Agile Software,SEM-V.pdf,0.6407,1,1,0.125,1,admin_rubric_noise,admin_rubric_noise
dynamic programming,Implementation of Ford-Fulkerson algorithm,2343115,ADSA Lab,6.34-N-B.E.-Information-Technology-Sem-III-IV.pdf,0.2767,9,1,0.0,0,lab_or_project_course,lab_or_project_course
Basic and Feasible solutions,Simplex method,2013111,Mathematics for,6.20N-B.E.-AI-DS.-Sem-III-IV.pdf,0.33,3,1,0.0,1,person_name,person_name
Expense Tracker App (Java or Python),a. Weather Data Analyzer (Haskell / Python with functools),2344411,Mini-Project -,6.34-N-B.E.-Information-Technology-Sem-III-IV.pdf,0.1763,3,1,0.0769,0,lab_or_project_course,lab_or_project_course
Linear Block Code,Random Access (ALOHA,2344113,Computer Network,6.34-N-B.E.-Information-Technology-Sem-III-IV.pdf,0.1013,12,1,0.0,0,truncated_fragment,truncated_fragment
Immutable data structures,"PIN check, balance enquiry, cash withdrawal, etc",2344411,Mini-Project -,6.34-N-B.E.-Information-Technology-Sem-III-IV.pdf,0.0586,9,1,0.0,0,truncated_fragment,truncated_fragment; subject_mismatch; lab_or_project_course
Thomson method to determine analytic function,"learning Topics: Covariance, fitting of exponential",2343111,Applied,6.34-N-B.E.-Information-Technology-Sem-III-IV.pdf,0.0605,11,1,0.0,0,publisher_citation,publisher_citation; subject_mismatch
"launching an ICO, pros and cons, evolution and",case studies,2166118,Blockchain,SEM-V.pdf,0.2853,11,1,0.0,0,truncated_fragment,truncated_fragment; generic_lone_term
"Students in a group shall understand the problem effectively, propose multiple solutions, and select the best possible",Students shall convert the best solution into a working model using various components of their domain areas and,2344411,Mini-Project -,6.34-N-B.E.-Information-Technology-Sem-III-IV.pdf,0.6577,2,1,0.2143,1,length_bound,length_bound; admin_rubric_noise; truncated_fragment; subject_mismatch; lab_or_project_course
Tools: Git,Controller: Request,2343611,Mini-Project - Full,6.34-N-B.E.-Information-Technology-Sem-III-IV.pdf,-0.0698,14,1,0.0,0,tool_fragment,tool_fragment; lab_or_project_course
Learning and,Self-Learning : Semi-Supervised and Active,2166111,Machine,SEM-V.pdf,0.5036,4,1,0.3333,1,truncated_fragment,truncated_fragment; admin_rubric_noise
"OOP for structuring code (User, Bot, ChatSession)",Driven Programming,2344411,Mini-Project -,6.34-N-B.E.-Information-Technology-Sem-III-IV.pdf,0.2891,5,1,0.0,0,lab_or_project_course,lab_or_project_course
"launching an ICO, pros and cons, evolution and","wallets, Cryptocurrency usage, Transactions in",2166118,Blockchain,SEM-V.pdf,0.1295,3,1,0.0,0,truncated_fragment,truncated_fragment
repeated ranks) Lines of regression Fitting of first- and,degree curves,2343111,Applied,6.34-N-B.E.-Information-Technology-Sem-III-IV.pdf,0.2128,1,1,0.0,1,truncated_fragment,truncated_fragment
Q3: Differentiate between a blockchain and a traditional database,Q1: Describe the Proof,2166126,Blockchain,SEM-V.pdf,0.2491,1,1,0.0,1,admin_rubric_noise,admin_rubric_noise
"must be from different modules. For example, if Q.2 has part (a) from Module 3 then part",(2) Solve any three questions out of five,2165113,Agile Software,SEM-V.pdf,0.1565,9,1,0.0435,0,length_bound,length_bound; admin_rubric_noise
Python program for communication between clients based on,Cloud Data Logging using Raspberry Pi and ThingSpeak,2166121,Internet of Things,SEM-V.pdf,0.1389,4,1,0.0,0,truncated_fragment,truncated_fragment; tool_fragment
Random Access (ALOHA,Link Layer Addressing,2344113,Computer Network,6.34-N-B.E.-Information-Technology-Sem-III-IV.pdf,0.1511,2,1,0.0,0,truncated_fragment,truncated_fragment
and navigation bars.React.js basics,Starter dependencies,2343611,Mini-Project - Full,6.34-N-B.E.-Information-Technology-Sem-III-IV.pdf,0.0963,6,1,0.0,0,person_name,person_name; truncated_fragment; lab_or_project_course
Demonstrate Compilation and interpretation stages,At least Two Programs to understand Exception,2344411,Mini-Project -,6.34-N-B.E.-Information-Technology-Sem-III-IV.pdf,0.2529,10,1,0.0,0,person_name,person_name; lab_or_project_course
Scheduled Access (Reservation,Random Access (ALOHA,2344113,Computer Network,6.34-N-B.E.-Information-Technology-Sem-III-IV.pdf,0.3361,2,1,0.2,1,truncated_fragment,truncated_fragment
function and odds ratio Model fitting and interpretation,Anomaly detection techniques,2166120,Visualization Lab,SEM-V.pdf,0.0405,7,1,0.0,0,lab_or_project_course,lab_or_project_course
and hyperlinks. Responsive Web Design: Learn to build websites,using images as links,2343611,Mini-Project - Full,6.34-N-B.E.-Information-Technology-Sem-III-IV.pdf,0.318,7,1,0.0,1,truncated_fragment,truncated_fragment; subject_mismatch; lab_or_project_course
Kar lPearson’s Coefficient of correlation(r) Spearman’s,repeated ranks) Lines of regression Fitting of first- and,2343111,Applied,6.34-N-B.E.-Information-Technology-Sem-III-IV.pdf,0.2811,2,1,0.0667,1,publisher_citation,publisher_citation; truncated_fragment
Self-learning Topics: Demonstration of DLL,Transport layer protocols on Simulator,2165116,Computer,SEM-V.pdf,0.1257,5,1,0.0,0,admin_rubric_noise,admin_rubric_noise; tool_fragment
Paradigm Approach,"OOP for structuring code (User, Bot, ChatSession)",2344411,Mini-Project -,6.34-N-B.E.-Information-Technology-Sem-III-IV.pdf,0.242,2,1,0.0,1,lab_or_project_course,lab_or_project_course
"A log book to be prepared by each group, wherein the group can record weekly work progress, and the",The review/ progress monitoring committee shall be constituted by the head of departments of each institute,2344411,Mini-Project -,6.34-N-B.E.-Information-Technology-Sem-III-IV.pdf,0.265,11,1,0.1923,0,length_bound,length_bound; publisher_citation; truncated_fragment; subject_mismatch; lab_or_project_course
Immutable data structures,Query relationships dynamically,2344411,Mini-Project -,6.34-N-B.E.-Information-Technology-Sem-III-IV.pdf,0.1184,13,1,0.0,0,subject_mismatch,subject_mismatch; lab_or_project_course
Bootstrap Introduction & Components: Get started with Bootstrap,Features of Spring Boot: Auto-configuration,2343611,Mini-Project - Full,6.34-N-B.E.-Information-Technology-Sem-III-IV.pdf,0.3234,7,1,0.0,1,lab_or_project_course,lab_or_project_course
Q1: Explain the structure of a blockchain block and the role of the block header,"Q3: What is a 51% attack, and how can it affect blockchain security?",2166126,Blockchain,SEM-V.pdf,0.3057,7,1,0.1429,1,admin_rubric_noise,admin_rubric_noise
"Agility, DevOps and Continuous Testing",in DevOps Implementation. Mapping App to,2165113,Agile Software,SEM-V.pdf,0.3252,2,1,0.1,1,truncated_fragment,truncated_fragment
Faculty of Technology,Faculty of Science & Technology,2166126,Blockchain,SEM-V.pdf,0.9258,3,1,0.75,1,admin_rubric_noise,admin_rubric_noise
controller methods,Defining Controllers in Spring Boot,2343611,Mini-Project - Full,6.34-N-B.E.-Information-Technology-Sem-III-IV.pdf,0.527,4,1,0.0,1,subject_mismatch,subject_mismatch; lab_or_project_course
"to students for C, C++, JAVA along with how to",Tutorial on Introduction to Haskell programming,2344411,Mini-Project -,6.34-N-B.E.-Information-Technology-Sem-III-IV.pdf,0.3257,14,1,0.0769,0,truncated_fragment,truncated_fragment; lab_or_project_course
understand declarative programming concepts,Concurrency and,2344411,Mini-Project -,6.34-N-B.E.-Information-Technology-Sem-III-IV.pdf,0.2665,5,1,0.0,1,truncated_fragment,truncated_fragment; lab_or_project_course
Implement Floyd Warshall Algorithm,Text Books and References,2343115,ADSA Lab,6.34-N-B.E.-Information-Technology-Sem-III-IV.pdf,0.065,8,1,0.0,0,lab_or_project_course,lab_or_project_course
Implement simple Calculator,Tutorial on working of SWI Prolog Environment,2344411,Mini-Project -,6.34-N-B.E.-Information-Technology-Sem-III-IV.pdf,0.1937,4,1,0.0,0,lab_or_project_course,lab_or_project_course
semi-structured,Scikit-learn R,2166120,Visualization Lab,SEM-V.pdf,0.1738,4,1,0.0,0,lab_or_project_course,lab_or_project_course
that adapt to different screen sizes and devices using media queries,web pages,2343611,Mini-Project - Full,6.34-N-B.E.-Information-Technology-Sem-III-IV.pdf,0.2245,5,1,0.0,0,truncated_fragment,truncated_fragment; lab_or_project_course
materials/tree/editions/1.0,Detailed Content,2344411,Mini-Project -,6.34-N-B.E.-Information-Technology-Sem-III-IV.pdf,0.2005,3,1,0.0,0,person_name,person_name; lab_or_project_course
Cost effectiveness and Societal impact,group to a panel of Internal and External Examiners preferably from industry or research organisations having,2344411,Mini-Project -,6.34-N-B.E.-Information-Technology-Sem-III-IV.pdf,0.1449,8,1,0.05,0,person_name,person_name; length_bound; lab_or_project_course
Self-learning Topics: Derogatory and non,Functions ofSquare Matrix,2344111,Applied,6.34-N-B.E.-Information-Technology-Sem-III-IV.pdf,0.001,2,1,0.0,0,admin_rubric_noise,admin_rubric_noise; truncated_fragment
"Abstraction & Encapsulation, Initialization and","Finalization, Inheritance, Polymorphism and",2344411,Mini-Project -,6.34-N-B.E.-Information-Technology-Sem-III-IV.pdf,0.4412,1,1,0.1429,1,person_name,person_name; truncated_fragment; lab_or_project_course
"Testing Quadrants, Test Driven Development","Postman, and JMeter",2165113,Agile Software,SEM-V.pdf,0.173,5,1,0.0,0,person_name,person_name
Feature importance and dimensionality reduction overview,Self- learning Topics: Different feature engineering,2166120,Visualization Lab,SEM-V.pdf,0.4426,1,1,0.0909,1,person_name,person_name; lab_or_project_course
Compare various IoT communication models and APIs. Discuss their significance in,"Compare cloud service models (IaaS, PaaS, SaaS) in the context of IoT analytics and",2166121,Internet of Things,SEM-V.pdf,0.4988,12,1,0.25,0,truncated_fragment,truncated_fragment
Q3: Explain the working of an Ethereum transaction from sender to miner validation,Q2: What is the role of MSPs in Hyperledger Fabric?,2166126,Blockchain,SEM-V.pdf,0.2124,3,1,0.0952,0,admin_rubric_noise,admin_rubric_noise
"Sricharan Vadapalli , DevOps: Continuous Delivery, Integration, and Deployment with","must be from different modules. For example, if Q.2 has part (a) from Module 3 then part",2165113,Agile Software,SEM-V.pdf,-0.0187,13,1,0.0,0,truncated_fragment,truncated_fragment; length_bound
"Applications Using Hyperledger Fabric”, BPB Publications","Dr. Vaibhav Agrawal, Practical Artificial Intelligence and Blockchain, BPB Publications",2166118,Blockchain,SEM-V.pdf,0.4022,1,1,0.1429,1,publisher_citation,publisher_citation
Concept of features and importance in predictive,Feature importance and dimensionality reduction overview,2166120,Visualization Lab,SEM-V.pdf,0.683,2,1,0.1818,1,person_name,person_name; lab_or_project_course
a. Family Tree Generator (Prolog),Query relationships dynamically,2344411,Mini-Project -,6.34-N-B.E.-Information-Technology-Sem-III-IV.pdf,0.2079,2,1,0.0,1,subject_mismatch,subject_mismatch; lab_or_project_course
value chain,Credits Assigned,2166112,Data Analytics,SEM-V.pdf,0.2495,5,1,0.0,0,person_name,person_name; admin_rubric_noise
Logic Programming,"Define relations like parent, sibling, cousin using rules",2344411,Mini-Project -,6.34-N-B.E.-Information-Technology-Sem-III-IV.pdf,0.2917,2,1,0.0,1,lab_or_project_course,lab_or_project_course
Query relationships dynamically,Script to organize files into folders based on type,2344411,Mini-Project -,6.34-N-B.E.-Information-Technology-Sem-III-IV.pdf,0.1081,8,1,0.0,0,subject_mismatch,subject_mismatch; lab_or_project_course
Feature importance and dimensionality reduction overview,Concepts of Data Exploration: Different techniques,2166120,Visualization Lab,SEM-V.pdf,0.2747,14,1,0.0,0,person_name,person_name; lab_or_project_course
a. GUI Calculator (Python Tkinter / Java Swing),"Term Work: Term Work shall consist of list of all practicals’ based on the above list. Also, the Term work Journal must",2344411,Mini-Project -,6.34-N-B.E.-Information-Technology-Sem-III-IV.pdf,0.0375,6,1,0.0,0,length_bound,length_bound; publisher_citation; admin_rubric_noise; lab_or_project_course
radio buttons,Features of Spring Boot: Auto-configuration,2343611,Mini-Project - Full,6.34-N-B.E.-Information-Technology-Sem-III-IV.pdf,0.0622,11,1,0.0,0,lab_or_project_course,lab_or_project_course
Implement KMP algorithm,Data Structures and Algorithm Analysis in C++ Mark Allen Weiss Pearson 4th Edition,2343115,ADSA Lab,6.34-N-B.E.-Information-Technology-Sem-III-IV.pdf,0.3758,6,1,0.0667,1,publisher_citation,publisher_citation; lab_or_project_course
regression. Estimation of coefficients using Least Squares,Residual analysis,2166120,Visualization Lab,SEM-V.pdf,0.3405,1,1,0.0,1,subject_mismatch,subject_mismatch; lab_or_project_course
Assignment 2  ( Any two Questions from each Unit),Letter Grades and Grade Points,2166126,Blockchain,SEM-V.pdf,0.2236,14,1,0.0,0,person_name,person_name; admin_rubric_noise
Q3: List two common security threats in blockchain and their mitigation strategies,Dr. Subhash K. Shinde,2166126,Blockchain,SEM-V.pdf,0.0245,12,1,0.0,0,admin_rubric_noise,admin_rubric_noise; publisher_citation; person_name
"Smart Contracts” ,Packt Publishing","Dr. Vaibhav Agrawal, Practical Artificial Intelligence and Blockchain, BPB Publications",2166118,Blockchain,SEM-V.pdf,0.3222,4,1,0.0,0,publisher_citation,publisher_citation
Anomaly detection techniques,Visualizing decomposed components,2166120,Visualization Lab,SEM-V.pdf,0.1153,9,1,0.0,0,lab_or_project_course,lab_or_project_course
Libraries: dplyr,Residual analysis,2166120,Visualization Lab,SEM-V.pdf,0.1531,13,1,0.0,0,lab_or_project_course,lab_or_project_course
learning Topics: Continuous Testing,in DevOps Implementation. Mapping App to,2165113,Agile Software,SEM-V.pdf,-0.014,8,1,0.0,0,truncated_fragment,truncated_fragment
Self-learning Toics: Performance profiling using,Self-learning Topics: Jamstack architecture,2165114,Web and,SEM-V.pdf,0.524,3,1,0.2222,1,admin_rubric_noise,admin_rubric_noise
Java SE concepts: JVM,Control Statements,2343611,Mini-Project - Full,6.34-N-B.E.-Information-Technology-Sem-III-IV.pdf,0.2102,2,1,0.0,1,lab_or_project_course,lab_or_project_course
Students can Use Any Board such as Arduino/ Node MCU/ ESP32/ R,pi as per requirement,2166121,Internet of Things,SEM-V.pdf,0.2155,1,1,0.0667,1,tool_fragment,tool_fragment; admin_rubric_noise
Term Work,"contribution in group activity, their understanding, and response to questions",2344411,Mini-Project -,6.34-N-B.E.-Information-Technology-Sem-III-IV.pdf,0.2001,4,1,0.0,0,person_name,person_name; admin_rubric_noise; lab_or_project_course
"students, as it is a group activity",Students shall convert the best solution into a working model using various components of their domain areas and,2344411,Mini-Project -,6.34-N-B.E.-Information-Technology-Sem-III-IV.pdf,0.4426,11,1,0.087,0,length_bound,length_bound; admin_rubric_noise; truncated_fragment; subject_mismatch; lab_or_project_course
Thomson method to determine analytic function,f(z) when real (u)or imaginary part (v) is given,2343111,Applied,6.34-N-B.E.-Information-Technology-Sem-III-IV.pdf,0.3203,1,1,0.0,1,publisher_citation,publisher_citation; subject_mismatch
"OOP for structuring code (User, Bot, ChatSession)",Event listeners for button presses,2344411,Mini-Project -,6.34-N-B.E.-Information-Technology-Sem-III-IV.pdf,0.1364,7,1,0.0909,0,lab_or_project_course,lab_or_project_course
Types of time series: univariate and multivariate,Importing and exploring time series data in Python,2166120,Visualization Lab,SEM-V.pdf,0.416,1,1,0.25,1,lab_or_project_course,lab_or_project_course
making and automation using AI agents in,learning Topics: Case Studies on AI in,2166118,Blockchain,SEM-V.pdf,0.4795,4,1,0.1667,1,truncated_fragment,truncated_fragment
+ 5 Marks (Attendance),Interfacing Soil Moisture Sensor with any board and Uploading Data to,2166121,Internet of Things,SEM-V.pdf,-0.0527,13,1,0.0,0,admin_rubric_noise,admin_rubric_noise; truncated_fragment
"modules. For example, if Q.2 has part (a) from Module 3 then part",All COs should be mapped on the basis of the syllabus,2165113,Agile Software,SEM-V.pdf,0.1137,3,1,0.0,0,admin_rubric_noise,admin_rubric_noise
consensus mechanisms,Q3: Explain the working of an Ethereum transaction from sender to miner validation,2166126,Blockchain,SEM-V.pdf,0.2456,4,1,0.0,0,admin_rubric_noise,admin_rubric_noise
Implement Sum of subsets problem for a given set of,Dynamic Algorithms,2343115,ADSA Lab,6.34-N-B.E.-Information-Technology-Sem-III-IV.pdf,0.2431,5,1,0.0,0,truncated_fragment,truncated_fragment; lab_or_project_course
"platforms, STO, Different Crypto currencies, Defi","wallets, Cryptocurrency usage, Transactions in",2166118,Blockchain,SEM-V.pdf,0.4115,2,1,0.0,1,truncated_fragment,truncated_fragment
Self-learning Topics: Edge Data Centres,Teaching Scheme,2166116,Computing,SEM-V.pdf,0.3027,1,1,0.0,1,admin_rubric_noise,admin_rubric_noise; person_name
Q1: What are the differences between ERC,CGPA Semester/ Programme,2166126,Blockchain,SEM-V.pdf,0.1265,12,1,0.0,0,admin_rubric_noise,admin_rubric_noise
Self-learning Topics: Image reconstruction,from scanned images,2166117,Digital Imaging,SEM-V.pdf,0.4812,5,1,0.0,1,admin_rubric_noise,admin_rubric_noise; truncated_fragment
Get Mapping,Service layer responsibilities,2343611,Mini-Project - Full,6.34-N-B.E.-Information-Technology-Sem-III-IV.pdf,0.063,4,1,0.0,0,person_name,person_name; lab_or_project_course
Real-world,Java SE concepts: JVM,2343611,Mini-Project - Full,6.34-N-B.E.-Information-Technology-Sem-III-IV.pdf,0.1213,2,1,0.0,0,lab_or_project_course,lab_or_project_course
Dynamic Binding,At least Four Haskell Programs to demonstrate,2344411,Mini-Project -,6.34-N-B.E.-Information-Technology-Sem-III-IV.pdf,0.0971,10,1,0.0,0,lab_or_project_course,lab_or_project_course
Implementation of randomized quicksort algorithm and,Search and Display operations,2343115,ADSA Lab,6.34-N-B.E.-Information-Technology-Sem-III-IV.pdf,0.1346,9,1,0.1111,0,truncated_fragment,truncated_fragment; lab_or_project_course
Bootstrap Introduction & Components: Get started with Bootstrap,Fetch API,2343611,Mini-Project - Full,6.34-N-B.E.-Information-Technology-Sem-III-IV.pdf,-0.0092,3,1,0.0,0,subject_mismatch,subject_mismatch; lab_or_project_course
o Marks awarded by guide/supervisor for Capstone Project Completion,Two reviews will be conducted for continuous assessment,2344411,Mini-Project -,6.34-N-B.E.-Information-Technology-Sem-III-IV.pdf,0.1847,9,1,0.0588,0,subject_mismatch,subject_mismatch; lab_or_project_course
Assessment criteria of Capstone Mini,Cost effectiveness and Societal impact,2344411,Mini-Project -,6.34-N-B.E.-Information-Technology-Sem-III-IV.pdf,0.1336,10,1,0.0,0,person_name,person_name; lab_or_project_course
experience of more than five years approved by head of Institution,"OOP features like encapsulation, polymorphism",2344411,Mini-Project -,6.34-N-B.E.-Information-Technology-Sem-III-IV.pdf,0.0144,10,1,0.0,0,publisher_citation,publisher_citation; subject_mismatch; lab_or_project_course
"Q2: What is a Merkle Tree, and why is it used in blockchain?",Q3: Differentiate between a blockchain and a traditional database,2166126,Blockchain,SEM-V.pdf,0.3867,1,1,0.1765,1,admin_rubric_noise,admin_rubric_noise
Autocorrelation Function (PACF),and ARIMA concepts,2166120,Visualization Lab,SEM-V.pdf,0.2749,2,1,0.0,1,person_name,person_name; truncated_fragment; subject_mismatch; lab_or_project_course
Compare various IoT communication models and APIs. Discuss their significance in,Develop a short report on MQTT or CoAP protocol implementation for IoT data,2166121,Internet of Things,SEM-V.pdf,0.5713,4,1,0.0435,1,truncated_fragment,truncated_fragment
Report should be prepared as per the guidelines issued by the University of Mumbai,List of Sample Capstone Mini,2344411,Mini-Project -,6.34-N-B.E.-Information-Technology-Sem-III-IV.pdf,0.1114,4,1,0.0588,0,publisher_citation,publisher_citation; lab_or_project_course
The Agile,"Automation, Test Automation Pyramid. Case",2165113,Agile Software,SEM-V.pdf,0.2498,2,1,0.0,1,truncated_fragment,truncated_fragment
Sample Programs but not limited to,error in this case. Define safetail using: (a) a,2344411,Mini-Project -,6.34-N-B.E.-Information-Technology-Sem-III-IV.pdf,-0.0333,4,1,0.0,0,truncated_fragment,truncated_fragment; lab_or_project_course
one Operating System,Self-learning Topics: File System for Linux and,2344112,Operating System,6.34-N-B.E.-Information-Technology-Sem-III-IV.pdf,0.4052,3,1,0.1,0,admin_rubric_noise,admin_rubric_noise; truncated_fragment
f(z) when real (u)or imaginary part (v) is given,"Harmonic function, Harmonic conjugate, and orthogonal",2343111,Applied,6.34-N-B.E.-Information-Technology-Sem-III-IV.pdf,0.2851,1,1,0.0,1,person_name,person_name
Fourier series of periodic,fitting of first-degree curves,2013111,Mathematics for,6.20N-B.E.-AI-DS.-Sem-III-IV.pdf,-0.0336,10,1,0.125,0,truncated_fragment,truncated_fragment
Metrics: Measuring performance,Quality (Error Rate,2166115,Nature-,SEM-V.pdf,0.429,1,1,0.0,1,truncated_fragment,truncated_fragment; subject_mismatch
and advanced features like CSS Grid,Starter dependencies,2343611,Mini-Project - Full,6.34-N-B.E.-Information-Technology-Sem-III-IV.pdf,0.0311,9,1,0.0,0,person_name,person_name; truncated_fragment; lab_or_project_course
and digital tokens,Cryptocurrency Valuation Models,2166118,Blockchain,SEM-V.pdf,0.2664,11,1,0.0,0,truncated_fragment,truncated_fragment
Q1: How can AI be integrated with blockchain for fraud detection?,Dr. Deven Shah,2166126,Blockchain,SEM-V.pdf,0.0546,14,1,0.0,0,admin_rubric_noise,admin_rubric_noise; publisher_citation; person_name
Rank correlation coefficient (R) (with repeated and non,two moments,2343111,Applied,6.34-N-B.E.-Information-Technology-Sem-III-IV.pdf,0.0027,7,1,0.0,0,truncated_fragment,truncated_fragment; subject_mismatch
Feature Importance and Selection,Model Accuracy,2166111,Machine,SEM-V.pdf,0.2294,2,1,0.0,1,person_name,person_name
Self-learning Topics: Edge Data Centres,Edge Computing,2166116,Computing,SEM-V.pdf,0.6522,4,1,0.1429,1,admin_rubric_noise,admin_rubric_noise
Self-learning Topics: Tools Used for Ethical,Secure Coding Practices,2166114,Security,SEM-V.pdf,0.2111,1,1,0.0,1,admin_rubric_noise,admin_rubric_noise
and Isolates,activity of a mini,2344411,Mini-Project -,6.34-N-B.E.-Information-Technology-Sem-III-IV.pdf,0.1398,7,1,0.0,0,person_name,person_name; truncated_fragment; lab_or_project_course
regression. Estimation of coefficients using Least Squares,EDA and feature exploration,2166120,Visualization Lab,SEM-V.pdf,0.0963,9,1,0.0,0,person_name,person_name; subject_mismatch; lab_or_project_course
Blockchain and,"AI–Blockchain Integration: Overview, need, and",2166118,Blockchain,SEM-V.pdf,0.4473,2,1,0.3333,1,truncated_fragment,truncated_fragment
"(without proof, Polar form not included)","mapping,  cross  ratio,  fixed  points,  and  standard",2343111,Applied,6.34-N-B.E.-Information-Technology-Sem-III-IV.pdf,0.162,7,1,0.0,0,truncated_fragment,truncated_fragment
Text Books,Dr. Abhishek Kumar,2344115,Network Design,6.34-N-B.E.-Information-Technology-Sem-III-IV.pdf,0.2478,4,1,0.0,0,publisher_citation,publisher_citation; person_name
include at least 2 assignments and Mini,Term Work Marks: 50 Marks (Total marks) = 10 Marks (Experiment) + 5 Marks (Assignments) + 30 Marks (Capstone,2344411,Mini-Project -,6.34-N-B.E.-Information-Technology-Sem-III-IV.pdf,0.4628,2,1,0.0588,1,person_name,person_name; length_bound; admin_rubric_noise; truncated_fragment; subject_mismatch; lab_or_project_course
Creating REST Controllers in Spring Boot,@RestController vs. @Controller,2343611,Mini-Project - Full,6.34-N-B.E.-Information-Technology-Sem-III-IV.pdf,0.6606,7,1,0.0,1,subject_mismatch,subject_mismatch; lab_or_project_course
MVC Architecture- Model: Business logic,Spring Boot: Modern development trends. MVC in Java Web,2343611,Mini-Project - Full,6.34-N-B.E.-Information-Technology-Sem-III-IV.pdf,0.3549,5,1,0.0769,1,lab_or_project_course,lab_or_project_course
"inverse Laplace transform. (with s4 in denominator), Inverse","Dirichlet’s conditions, Definition of Fourier series and",2343111,Applied,6.34-N-B.E.-Information-Technology-Sem-III-IV.pdf,0.0588,3,1,0.0,0,publisher_citation,publisher_citation; truncated_fragment
integer values and find space and time complexity,find space and time complexity,2343115,ADSA Lab,6.34-N-B.E.-Information-Technology-Sem-III-IV.pdf,0.7591,2,1,0.7143,1,lab_or_project_course,lab_or_project_course
Knowledge Base having multiple facts and rules,through Dart,2344411,Mini-Project -,6.34-N-B.E.-Information-Technology-Sem-III-IV.pdf,0.0197,4,1,0.0,0,truncated_fragment,truncated_fragment; lab_or_project_course
Letter Grades and Grade Points,Letter Grade Result,2166126,Blockchain,SEM-V.pdf,0.7987,3,1,0.3333,1,person_name,person_name; admin_rubric_noise
Anomaly detection techniques,Outlier Detection using,2166120,Visualization Lab,SEM-V.pdf,0.703,1,1,0.2,1,lab_or_project_course,lab_or_project_course
Backtracking and Maximum flow Networks,Implement KMP algorithm,2343115,ADSA Lab,6.34-N-B.E.-Information-Technology-Sem-III-IV.pdf,0.2393,14,1,0.0,0,lab_or_project_course,lab_or_project_course
Faculty supervisor may give inputs to students during the mini project activity,Students shall convert the best solution into a working model using various components of their domain areas and,2344411,Mini-Project -,6.34-N-B.E.-Information-Technology-Sem-III-IV.pdf,0.385,4,1,0.0714,0,length_bound,length_bound; admin_rubric_noise; truncated_fragment; subject_mismatch; lab_or_project_course
learning Topics: Continuous Testing,"and Benefits, DevOps Principles and Practices",2165113,Agile Software,SEM-V.pdf,0.1963,4,1,0.0,0,truncated_fragment,truncated_fragment
and advanced features like CSS Grid,utilizing grid systems and essential components like headers,2343611,Mini-Project - Full,6.34-N-B.E.-Information-Technology-Sem-III-IV.pdf,0.5846,2,1,0.2727,1,person_name,person_name; truncated_fragment; lab_or_project_course
"and Benefits, DevOps Principles and Practices","Robert C. Martin, “Agile Software Development, Principles, Patterns and Practices”",2165113,Agile Software,SEM-V.pdf,0.4377,14,1,0.25,0,truncated_fragment,truncated_fragment; publisher_citation
Q3: Differentiate between a blockchain and a traditional database,Q1: Differentiate between private and consortium blockchains,2166126,Blockchain,SEM-V.pdf,0.438,10,1,0.25,0,admin_rubric_noise,admin_rubric_noise
Project structure overview: pom.xml,Mapping HTTP methods to,2343611,Mini-Project - Full,6.34-N-B.E.-Information-Technology-Sem-III-IV.pdf,0.1568,7,1,0.0,0,truncated_fragment,truncated_fragment; subject_mismatch; lab_or_project_course
ChatGPT-like models,introductory overview and comparison,2165112,Artificial,SEM-V.pdf,0.1597,7,1,0.0,0,person_name,person_name
Exception Handling Basics,MVC Architecture- Model: Business logic,2343611,Mini-Project - Full,6.34-N-B.E.-Information-Technology-Sem-III-IV.pdf,0.1788,3,1,0.0,0,subject_mismatch,subject_mismatch; lab_or_project_course
"library functions, list and tuples in Haskell",Write a recursive function to multiply two,2344411,Mini-Project -,6.34-N-B.E.-Information-Technology-Sem-III-IV.pdf,0.3694,13,1,0.0,0,subject_mismatch,subject_mismatch; lab_or_project_course
MAC address and its types,10-Gigabit Ethernet,2344113,Computer Network,6.34-N-B.E.-Information-Technology-Sem-III-IV.pdf,0.1828,5,1,0.0,0,person_name,person_name
"Testing Quadrants, Test Driven Development","automation tools such as Selenium, Cypress",2165113,Agile Software,SEM-V.pdf,0.2158,4,1,0.0,0,tool_fragment,tool_fragment
At least Two Program preferably in Java/C++ to,"environment and Basic operators, types, prelude",2344411,Mini-Project -,6.34-N-B.E.-Information-Technology-Sem-III-IV.pdf,0.2075,2,1,0.0,1,truncated_fragment,truncated_fragment; person_name; lab_or_project_course
Introduction to Full Stack Java Overview of full-stack development: Definition of Full Stack,Components of Full Stack: Frontend,2343611,Mini-Project - Full,6.34-N-B.E.-Information-Technology-Sem-III-IV.pdf,0.6076,1,1,0.2727,1,lab_or_project_course,lab_or_project_course
fibonacci series,Prolog programs to,2344411,Mini-Project -,6.34-N-B.E.-Information-Technology-Sem-III-IV.pdf,0.0586,8,1,0.0,0,truncated_fragment,truncated_fragment; lab_or_project_course
 In this case in students’ group shall complete project in all aspects including,o Proposed final solution,2344411,Mini-Project -,6.34-N-B.E.-Information-Technology-Sem-III-IV.pdf,0.2976,2,1,0.0,1,publisher_citation,publisher_citation; lab_or_project_course
Implement Merge sort and Quicksort for the given list of,integers and perform Pre-order,2343115,ADSA Lab,6.34-N-B.E.-Information-Technology-Sem-III-IV.pdf,0.2444,7,1,0.0714,0,truncated_fragment,truncated_fragment; person_name; subject_mismatch; lab_or_project_course
Use procedural logic + OOP for file operations,Event listeners for button presses,2344411,Mini-Project -,6.34-N-B.E.-Information-Technology-Sem-III-IV.pdf,0.0331,3,1,0.0909,0,lab_or_project_course,lab_or_project_course
View: User interface,Image Handling & Forms: Understand image roles,2343611,Mini-Project - Full,6.34-N-B.E.-Information-Technology-Sem-III-IV.pdf,0.2612,12,1,0.0,0,person_name,person_name; lab_or_project_course
Expense Tracker App (Java or Python),a. Student Grade Calculator (C / Python),2344411,Mini-Project -,6.34-N-B.E.-Information-Technology-Sem-III-IV.pdf,0.2694,12,1,0.0909,0,lab_or_project_course,lab_or_project_course
o Marks awarded by guide/supervisor for Capstone Project Completion,o Proposed final solution,2344411,Mini-Project -,6.34-N-B.E.-Information-Technology-Sem-III-IV.pdf,0.327,6,1,0.0769,0,subject_mismatch,subject_mismatch; lab_or_project_course
Computer Network Simulation in NS2 Basic Concepts and Protocol Implementation.-Prof Neeraj Bhargava,TCP/IP Protocol Suite 4th Edition by Behrouz A. Forouzan,2344115,Network Design,6.34-N-B.E.-Information-Technology-Sem-III-IV.pdf,0.3867,8,1,0.0455,1,publisher_citation,publisher_citation
Self-Learning: Overview of Progressive Web,Self-learning Toics: Performance profiling using,2165114,Web and,SEM-V.pdf,0.4076,2,1,0.2,1,admin_rubric_noise,admin_rubric_noise
Scheduled Access (Reservation,10-Gigabit Ethernet,2344113,Computer Network,6.34-N-B.E.-Information-Technology-Sem-III-IV.pdf,-0.0131,10,1,0.0,0,truncated_fragment,truncated_fragment
Quality of survey/ need identification,Effective use of skill sets,2344411,Mini-Project -,6.34-N-B.E.-Information-Technology-Sem-III-IV.pdf,0.1653,9,1,0.1111,0,lab_or_project_course,lab_or_project_course
diagonalizable and non,slack variables,2013111,Mathematics for,6.20N-B.E.-AI-DS.-Sem-III-IV.pdf,0.0449,7,1,0.0,0,person_name,person_name; truncated_fragment; subject_mismatch
"Cryptocurrency basics, types, usage, ERC20 and","platforms, STO, Different Crypto currencies, Defi",2166118,Blockchain,SEM-V.pdf,0.5428,3,1,0.0,1,truncated_fragment,truncated_fragment
Duration: 2 Hours,Max. Marks,2165113,Agile Software,SEM-V.pdf,0.1765,1,1,0.0,0,admin_rubric_noise,admin_rubric_noise
Q1: How can AI be integrated with blockchain for fraud detection?,Semester GPA/ Programme,2166126,Blockchain,SEM-V.pdf,-0.0626,7,1,0.0,0,admin_rubric_noise,admin_rubric_noise
Report should be prepared as per the guidelines issued by the University of Mumbai,a. Library Management System,2344411,Mini-Project -,6.34-N-B.E.-Information-Technology-Sem-III-IV.pdf,0.1328,6,1,0.0,0,publisher_citation,publisher_citation; lab_or_project_course
navigating directories,Self-learning Topics: Various Network Performance,2166124,Edge Computing,SEM-V.pdf,0.1532,4,1,0.0,0,admin_rubric_noise,admin_rubric_noise; subject_mismatch
Q2: Compare two blockchain platforms of your choice in terms of features and,Assignment 2  ( Any two Questions from each Unit),2166126,Blockchain,SEM-V.pdf,0.1374,6,1,0.0526,0,admin_rubric_noise,admin_rubric_noise; truncated_fragment
Semester GPA/ Programme,Faculty of Science & Technology,2166126,Blockchain,SEM-V.pdf,0.2744,9,1,0.0,0,admin_rubric_noise,admin_rubric_noise
diagonalizable and non,diagonalizable matrices,2013111,Mathematics for,6.20N-B.E.-AI-DS.-Sem-III-IV.pdf,0.8077,1,1,0.25,1,person_name,person_name; truncated_fragment; subject_mismatch
materials/tree/editions/1.0,"to students for C, C++, JAVA along with how to",2344411,Mini-Project -,6.34-N-B.E.-Information-Technology-Sem-III-IV.pdf,0.115,5,1,0.0,0,truncated_fragment,truncated_fragment; lab_or_project_course
Python program for communication between clients based on,MQTT.(using paho library),2166121,Internet of Things,SEM-V.pdf,0.2437,1,1,0.0,1,truncated_fragment,truncated_fragment; tool_fragment
and ARIMA concepts,Fitting ARIMA models,2166120,Visualization Lab,SEM-V.pdf,0.5701,1,1,0.2,1,person_name,person_name; truncated_fragment; lab_or_project_course
"Pre-Requisite Topics Basic Concepts: HTML5, CSS3; JavaScript, Client-Server paradigm, Front-end and Back-end development",Self-learning Topics: API Gateway concept,2165114,Web and,SEM-V.pdf,0.3213,8,1,0.0476,1,admin_rubric_noise,admin_rubric_noise
"Use classes for Books, Users, Transactions","Classes: Customer, MenuItem, Order, Restaurant",2344411,Mini-Project -,6.34-N-B.E.-Information-Technology-Sem-III-IV.pdf,0.5276,4,1,0.1,1,person_name,person_name; lab_or_project_course
value chain,Teaching Scheme,2166112,Data Analytics,SEM-V.pdf,0.1951,3,1,0.0,0,person_name,person_name; admin_rubric_noise
"Compare cloud service models (IaaS, PaaS, SaaS) in the context of IoT analytics and",Smart Agriculture (Irrigation or Environmental Monitoring),2166121,Internet of Things,SEM-V.pdf,0.3077,7,1,0.0,0,truncated_fragment,truncated_fragment
repeated and non-repeated ranks),Normal Distribution,2013111,Mathematics for,6.20N-B.E.-AI-DS.-Sem-III-IV.pdf,0.0958,7,1,0.0,0,person_name,person_name; truncated_fragment
Project structure overview: pom.xml,application. Properties,2343611,Mini-Project - Full,6.34-N-B.E.-Information-Technology-Sem-III-IV.pdf,0.2645,1,1,0.0,1,lab_or_project_course,lab_or_project_course
Q3: Give one example of a real,world application where AI,2166126,Blockchain,SEM-V.pdf,0.1457,1,1,0.0,0,admin_rubric_noise,admin_rubric_noise
Emerging trends,learning Topics: Case Studies on AI in,2166118,Blockchain,SEM-V.pdf,0.2941,14,1,0.0,0,generic_lone_term,generic_lone_term; truncated_fragment
"Case study: AI for transaction validation, fraud","Chandramouli Subramanian, Asha A. Georgeet al., “Blockchain Technology”, Universities",2166118,Blockchain,SEM-V.pdf,0.2249,10,1,0.0,0,publisher_citation,publisher_citation
Dr. Subhash K. Shinde,Computer Engineering,2166126,Blockchain,SEM-V.pdf,0.1058,1,1,0.0,0,publisher_citation,publisher_citation; person_name
Data types,Introduction to OOP- Basic of,2343611,Mini-Project - Full,6.34-N-B.E.-Information-Technology-Sem-III-IV.pdf,0.3513,2,1,0.0,1,truncated_fragment,truncated_fragment; lab_or_project_course
Event listeners for button presses,"Term Work: Term Work shall consist of list of all practicals’ based on the above list. Also, the Term work Journal must",2344411,Mini-Project -,6.34-N-B.E.-Information-Technology-Sem-III-IV.pdf,-0.0499,5,1,0.0,0,length_bound,length_bound; publisher_citation; admin_rubric_noise; lab_or_project_course
a. Family Tree Generator (Prolog),Paradigm Approach,2344411,Mini-Project -,6.34-N-B.E.-Information-Technology-Sem-III-IV.pdf,0.1638,5,1,0.0,0,lab_or_project_course,lab_or_project_course
Immutable data structures,a. Family Tree Generator (Prolog),2344411,Mini-Project -,6.34-N-B.E.-Information-Technology-Sem-III-IV.pdf,0.232,11,1,0.0,0,lab_or_project_course,lab_or_project_course
Special-purpose,Network Operating System,2014113,Operating,6.20N-B.E.-AI-DS.-Sem-III-IV.pdf,0.1191,4,1,0.0,0,truncated_fragment,truncated_fragment
Scheduling Algorithms,Self-learning Topics: File System for Linux and,2344112,Operating System,6.34-N-B.E.-Information-Technology-Sem-III-IV.pdf,0.1743,10,1,0.0,0,admin_rubric_noise,admin_rubric_noise; truncated_fragment
Computer Engineering,Faculty of Technology,2166126,Blockchain,SEM-V.pdf,0.4441,1,1,0.0,1,admin_rubric_noise,admin_rubric_noise
repeated ranks) Lines of regression Fitting of first- and,"study topics. However, students are",2343111,Applied,6.34-N-B.E.-Information-Technology-Sem-III-IV.pdf,0.0699,11,1,0.0,0,truncated_fragment,truncated_fragment; admin_rubric_noise
modelling Creating new features from existing data,Feature importance and dimensionality reduction overview,2166120,Visualization Lab,SEM-V.pdf,0.2668,1,1,0.0,1,person_name,person_name; lab_or_project_course
missing values and duplicates Data normalization and,Extension of simple linear,2166120,Visualization Lab,SEM-V.pdf,0.1265,12,1,0.0,0,truncated_fragment,truncated_fragment; subject_mismatch; lab_or_project_course
learning Topics: Complex form of Fourier Series,"polar coordinates, conformal mapping, linear, bilinear",2343111,Applied,6.34-N-B.E.-Information-Technology-Sem-III-IV.pdf,0.1549,10,1,0.0,0,subject_mismatch,subject_mismatch
integer values and find space and time complexity,Implement solution for a 0-1 knapsack problem using,2343115,ADSA Lab,6.34-N-B.E.-Information-Technology-Sem-III-IV.pdf,0.2579,14,1,0.0,0,lab_or_project_course,lab_or_project_course
Work (PoW) consensus algorithm,Q1: What are the differences between ERC,2166126,Blockchain,SEM-V.pdf,-0.0005,11,1,0.0,0,admin_rubric_noise,admin_rubric_noise
Q2: What is the role of MSPs in Hyperledger Fabric?,"enabled smart contracts, and how do they enhance automation?",2166126,Blockchain,SEM-V.pdf,0.2085,8,1,0.0,0,admin_rubric_noise,admin_rubric_noise
o Identification of need/problem,Clarity of Problem definition based on need,2344411,Mini-Project -,6.34-N-B.E.-Information-Technology-Sem-III-IV.pdf,0.5347,11,1,0.3333,0,lab_or_project_course,lab_or_project_course
Learning and,"Linear Algebra, Vectors, Probability and statistics, Programming Concepts",2166111,Machine,SEM-V.pdf,0.2286,1,1,0.1111,1,truncated_fragment,truncated_fragment; publisher_citation
Linear Algebra (Theory of Matrices) verification and reduction of higher degree polynomials,Basic and Feasible solutions,2013111,Mathematics for,6.20N-B.E.-AI-DS.-Sem-III-IV.pdf,0.1148,8,1,0.0714,0,person_name,person_name
Types of data: structured,Concept of features and importance in predictive,2166120,Visualization Lab,SEM-V.pdf,0.1973,10,1,0.1,0,lab_or_project_course,lab_or_project_course
consensus mechanisms,Q2: List the basic components of a Solidity smart contract,2166126,Blockchain,SEM-V.pdf,0.0411,3,1,0.0,0,admin_rubric_noise,admin_rubric_noise
experience of more than five years approved by head of Institution,Students shall be motivated to publish a paper based on the work in Conferences/students competitions,2344411,Mini-Project -,6.34-N-B.E.-Information-Technology-Sem-III-IV.pdf,0.0394,1,1,0.0,0,publisher_citation,publisher_citation; admin_rubric_noise; subject_mismatch; lab_or_project_course
"Smart Contracts” ,Packt Publishing","Depth: Learn, Build and Deploy Blockchain",2166118,Blockchain,SEM-V.pdf,0.3606,2,1,0.0,1,publisher_citation,publisher_citation
natural numbers that use a predefined add function,Students must be able to learn to query it and,2344411,Mini-Project -,6.34-N-B.E.-Information-Technology-Sem-III-IV.pdf,-0.0211,14,1,0.0,0,admin_rubric_noise,admin_rubric_noise; truncated_fragment; subject_mismatch; lab_or_project_course
Self-learning Topics: Count-to-Infinity,Self-learning Topics: Demonstration of,2165116,Computer,SEM-V.pdf,0.8272,2,1,0.375,1,admin_rubric_noise,admin_rubric_noise; truncated_fragment
Extension of simple linear,EDA and feature exploration,2166120,Visualization Lab,SEM-V.pdf,-0.0371,7,1,0.0,0,person_name,person_name; subject_mismatch; lab_or_project_course
"only, piecewise continuous function not to be included)",Thomson method to determine analytic function,2343111,Applied,6.34-N-B.E.-Information-Technology-Sem-III-IV.pdf,0.0885,7,1,0.1667,0,truncated_fragment,truncated_fragment; publisher_citation; subject_mismatch
"Agility, DevOps and Continuous Testing","based DevOps tools, and real",2165113,Agile Software,SEM-V.pdf,0.6457,6,1,0.25,1,truncated_fragment,truncated_fragment
Basic and Feasible solutions,three variables) using the method of Lagrange’s,2013111,Mathematics for,6.20N-B.E.-AI-DS.-Sem-III-IV.pdf,0.2981,5,1,0.0,1,person_name,person_name; publisher_citation; truncated_fragment
Controller: Request,Spring Boot: Modern development trends. MVC in Java Web,2343611,Mini-Project - Full,6.34-N-B.E.-Information-Technology-Sem-III-IV.pdf,0.2037,2,1,0.0,1,lab_or_project_course,lab_or_project_course
Data Link Layer Data Link Control:  Framing ,Reject ARQ (Simple Problems),2344113,Computer Network,6.34-N-B.E.-Information-Technology-Sem-III-IV.pdf,0.0089,10,1,0.0,0,subject_mismatch,subject_mismatch
"Use map, reduce, filter extensively",a. Family Tree Generator (Prolog),2344411,Mini-Project -,6.34-N-B.E.-Information-Technology-Sem-III-IV.pdf,0.1068,13,1,0.0,0,lab_or_project_course,lab_or_project_course
List of Sample Capstone Mini,a. Weather Data Analyzer (Haskell / Python with functools),2344411,Mini-Project -,6.34-N-B.E.-Information-Technology-Sem-III-IV.pdf,0.0391,12,1,0.0,0,lab_or_project_course,lab_or_project_course
Introduction to Congruence,Dirichlet’s conditions,2013111,Mathematics for,6.20N-B.E.-AI-DS.-Sem-III-IV.pdf,0.1547,8,1,0.0,0,publisher_citation,publisher_citation
Spring Initializr,Get Mapping,2343611,Mini-Project - Full,6.34-N-B.E.-Information-Technology-Sem-III-IV.pdf,0.1069,11,1,0.0,0,person_name,person_name; lab_or_project_course
Self-Learning: Overview of Progressive Web,Self-learning Topics: API Gateway concept,2165114,Web and,SEM-V.pdf,0.5016,7,1,0.2,1,admin_rubric_noise,admin_rubric_noise
"learning Topics: Covariance, fitting of exponential","Expectation of random variable with mean, variance and",2343111,Applied,6.34-N-B.E.-Information-Technology-Sem-III-IV.pdf,0.1199,2,1,0.0769,0,truncated_fragment,truncated_fragment
Read weather data and apply pure functions for analysis,Recursion instead of loops,2344411,Mini-Project -,6.34-N-B.E.-Information-Technology-Sem-III-IV.pdf,0.0321,5,1,0.0,0,subject_mismatch,subject_mismatch; lab_or_project_course
descriptive analytics and sampling distribution,for Data Scientists”,2165111,Statistics for,SEM-V.pdf,0.3339,3,1,0.0,0,publisher_citation,publisher_citation; truncated_fragment
Operating Systems,Fundamentals of Distributed Operating System,2014113,Operating,6.20N-B.E.-AI-DS.-Sem-III-IV.pdf,0.7219,2,1,0.1667,1,generic_lone_term,generic_lone_term
"Fi) communication technologies based on range, power, and topology",with a suitable example for each,2166121,Internet of Things,SEM-V.pdf,0.119,8,1,0.0,0,truncated_fragment,truncated_fragment
Supervised Learning,Self-Learning : Semi-Supervised and Active,2166111,Machine,SEM-V.pdf,0.6208,1,1,0.3333,1,admin_rubric_noise,admin_rubric_noise
Advanced Data Structures,integers and perform Pre-order,2343115,ADSA Lab,6.34-N-B.E.-Information-Technology-Sem-III-IV.pdf,0.2102,2,1,0.0,1,person_name,person_name; lab_or_project_course
Letter Grade Result,Faculty of Technology,2166126,Blockchain,SEM-V.pdf,0.1628,4,1,0.0,0,admin_rubric_noise,admin_rubric_noise
Events for light changes,Term Work Marks: 50 Marks (Total marks) = 10 Marks (Experiment) + 5 Marks (Assignments) + 30 Marks (Capstone,2344411,Mini-Project -,6.34-N-B.E.-Information-Technology-Sem-III-IV.pdf,0.0972,5,1,0.0,0,length_bound,length_bound; admin_rubric_noise; truncated_fragment; subject_mismatch; lab_or_project_course
Operating Systems,Open-source and Proprietary Operating System,2014113,Operating,6.20N-B.E.-AI-DS.-Sem-III-IV.pdf,0.6875,1,1,0.1429,1,generic_lone_term,generic_lone_term
3 Case Studies & Applications: MOEAs in feature,Evolution Strategies and Evolutionary Programming,2166115,Nature-,SEM-V.pdf,0.2573,3,1,0.0,0,person_name,person_name; truncated_fragment
Full Stack Developer Roles & Skills,Tools: Git,2343611,Mini-Project - Full,6.34-N-B.E.-Information-Technology-Sem-III-IV.pdf,0.1847,6,1,0.0,0,tool_fragment,tool_fragment; lab_or_project_course
Implement Insert,Implement Prim’s and Kruskal’s algorithms,2343115,ADSA Lab,6.34-N-B.E.-Information-Technology-Sem-III-IV.pdf,0.1442,7,1,0.1429,0,person_name,person_name; publisher_citation; lab_or_project_course
Choosing the right DevOps tools and challenges,in DevOps Implementation. Mapping App to,2165113,Agile Software,SEM-V.pdf,0.332,1,1,0.0833,1,truncated_fragment,truncated_fragment
Reject ARQ (Simple Problems),(Simple Problems on throughput),2344113,Computer Network,6.34-N-B.E.-Information-Technology-Sem-III-IV.pdf,0.2417,5,1,0.3333,1,subject_mismatch,subject_mismatch
"Linear Algebra, Vectors, Probability and statistics, Programming Concepts",Multi-class SVMs,2166111,Machine,SEM-V.pdf,0.3253,6,1,0.0,1,publisher_citation,publisher_citation
"the same way as tail, except that safetail maps the",Haskell code to represent infinite list e.g,2344411,Mini-Project -,6.34-N-B.E.-Information-Technology-Sem-III-IV.pdf,0.1377,10,1,0.0,0,truncated_fragment,truncated_fragment; subject_mismatch; lab_or_project_course
connecting smart devices,"Fi) communication technologies based on range, power, and topology",2166121,Internet of Things,SEM-V.pdf,0.3241,2,1,0.0,1,truncated_fragment,truncated_fragment
making and automation using AI agents in,Text Books,2166118,Blockchain,SEM-V.pdf,0.1787,5,1,0.0,0,truncated_fragment,truncated_fragment
"detection, and performance optimization, AI","Andreas M. Antonopoulos & Dr. Gavin Wood, “Mastering Ethereum: Building Smart",2166118,Blockchain,SEM-V.pdf,0.185,12,1,0.0,0,publisher_citation,publisher_citation
"empty list to the empty list, whereas tail gives an",error in this case. Define safetail using: (a) a,2344411,Mini-Project -,6.34-N-B.E.-Information-Technology-Sem-III-IV.pdf,0.2105,1,1,0.0,1,lab_or_project_course,lab_or_project_course
natural numbers that use a predefined add function,Haskell code to represent infinite list e.g,2344411,Mini-Project -,6.34-N-B.E.-Information-Technology-Sem-III-IV.pdf,0.3348,1,1,0.0,1,subject_mismatch,subject_mismatch; lab_or_project_course
Associate Dean,Prof. Shivram S. Garje,2166126,Blockchain,SEM-V.pdf,0.2208,2,1,0.0,1,publisher_citation,publisher_citation; person_name
Bootstrap Introduction & Components: Get started with Bootstrap,utilizing grid systems and essential components like headers,2343611,Mini-Project - Full,6.34-N-B.E.-Information-Technology-Sem-III-IV.pdf,0.3611,1,1,0.0769,1,lab_or_project_course,lab_or_project_course
Natural Language Processing (NLP),Applications and,2014111,Computational,6.20N-B.E.-AI-DS.-Sem-III-IV.pdf,0.2671,8,1,0.0,0,truncated_fragment,truncated_fragment
solution in consultation with the guide/ supervisor,Students shall convert the best solution into a working model using various components of their domain areas and,2344411,Mini-Project -,6.34-N-B.E.-Information-Technology-Sem-III-IV.pdf,0.2614,1,1,0.087,1,length_bound,length_bound; admin_rubric_noise; truncated_fragment; subject_mismatch; lab_or_project_course
Question Paper will comprise of a total of six questions each carrying 15  marks. Q.1,A total of Four questions need to be answered,2165113,Agile Software,SEM-V.pdf,0.5359,5,1,0.2,1,admin_rubric_noise,admin_rubric_noise
Running your first Spring Boot application,controller methods,2343611,Mini-Project - Full,6.34-N-B.E.-Information-Technology-Sem-III-IV.pdf,0.1035,6,1,0.0,0,lab_or_project_course,lab_or_project_course
based system using functions only (no classes),Query relationships dynamically,2344411,Mini-Project -,6.34-N-B.E.-Information-Technology-Sem-III-IV.pdf,0.1275,5,1,0.0,0,truncated_fragment,truncated_fragment; subject_mismatch; lab_or_project_course
Tutorial on Introduction to Haskell programming,"empty list to the empty list, whereas tail gives an",2344411,Mini-Project -,6.34-N-B.E.-Information-Technology-Sem-III-IV.pdf,0.1553,8,1,0.0769,0,lab_or_project_course,lab_or_project_course
Q2: What is the role of MSPs in Hyperledger Fabric?,Q2: Explain the double spending problem in blockchain,2166126,Blockchain,SEM-V.pdf,0.2405,4,1,0.2,0,admin_rubric_noise,admin_rubric_noise
understand query execution using the backward,Concurrency and,2344411,Mini-Project -,6.34-N-B.E.-Information-Technology-Sem-III-IV.pdf,0.2847,1,1,0.0,1,truncated_fragment,truncated_fragment; lab_or_project_course
"Fi) communication technologies based on range, power, and topology",Develop a short report on MQTT or CoAP protocol implementation for IoT data,2166121,Internet of Things,SEM-V.pdf,0.3451,1,1,0.0476,1,truncated_fragment,truncated_fragment
Self-learning Topics: Various Network Performance,Designing basic edge and fog architectures for,2166124,Edge Computing,SEM-V.pdf,0.1492,4,1,0.0,0,admin_rubric_noise,admin_rubric_noise; truncated_fragment
At least Two Programming Implementations,Students should understand checked and unchecked,2344411,Mini-Project -,6.34-N-B.E.-Information-Technology-Sem-III-IV.pdf,0.0527,8,1,0.0,0,person_name,person_name; admin_rubric_noise; lab_or_project_course
Cloud Data Logging using Raspberry Pi and ThingSpeak,Any application of Blynk App,2166121,Internet of Things,SEM-V.pdf,0.0983,3,1,0.0,0,tool_fragment,tool_fragment
on Binary Search Tree and analyze space and time,Implement solution for a 0-1 knapsack problem using,2343115,ADSA Lab,6.34-N-B.E.-Information-Technology-Sem-III-IV.pdf,0.1534,3,1,0.0,0,truncated_fragment,truncated_fragment; lab_or_project_course
Operating Systems,Operating System,2014113,Operating,6.20N-B.E.-AI-DS.-Sem-III-IV.pdf,0.9391,7,1,0.3333,1,generic_lone_term,generic_lone_term
Write a recursive function to multiply two,Tutorial on working of SWI Prolog Environment,2344411,Mini-Project -,6.34-N-B.E.-Information-Technology-Sem-III-IV.pdf,0.0842,8,1,0.0,0,subject_mismatch,subject_mismatch; lab_or_project_course
o Proposed final solution,Collection of Dataset,2344411,Mini-Project -,6.34-N-B.E.-Information-Technology-Sem-III-IV.pdf,-0.059,13,1,0.0,0,lab_or_project_course,lab_or_project_course
"Blockchain, UTXO and double spending problem",Blockchain and,2166118,Blockchain,SEM-V.pdf,0.4863,6,1,0.3333,1,truncated_fragment,truncated_fragment
and basic understanding of facts and rules,Implement at least,2344411,Mini-Project -,6.34-N-B.E.-Information-Technology-Sem-III-IV.pdf,0.2049,1,1,0.0,1,truncated_fragment,truncated_fragment; lab_or_project_course
in DevOps Implementation. Mapping App to,"Robert C. Martin, “Agile Software Development, Principles, Patterns and Practices”",2165113,Agile Software,SEM-V.pdf,0.2421,10,1,0.0,0,truncated_fragment,truncated_fragment; publisher_citation
Ethernet Protocol,Self-Study Topics,2344113,Computer Network,6.34-N-B.E.-Information-Technology-Sem-III-IV.pdf,0.0185,5,1,0.0,0,generic_lone_term,generic_lone_term; admin_rubric_noise
Implementation of randomized quicksort algorithm and,Implementation of operations on B/B+-trees,2343115,ADSA Lab,6.34-N-B.E.-Information-Technology-Sem-III-IV.pdf,0.2917,11,1,0.2,0,truncated_fragment,truncated_fragment; lab_or_project_course
web pages,form elements (text fields,2343611,Mini-Project - Full,6.34-N-B.E.-Information-Technology-Sem-III-IV.pdf,0.1713,3,1,0.0,0,truncated_fragment,truncated_fragment; lab_or_project_course
"handling and Garbage collection, preferably in",exceptions as well as using multiple catch blocks,2344411,Mini-Project -,6.34-N-B.E.-Information-Technology-Sem-III-IV.pdf,0.2826,2,1,0.0,1,person_name,person_name; truncated_fragment; subject_mismatch; lab_or_project_course
applications of full stack,Introduction to Java EE- Need for Java EE in enterprise applications,2343611,Mini-Project - Full,6.34-N-B.E.-Information-Technology-Sem-III-IV.pdf,0.2656,7,1,0.0833,0,lab_or_project_course,lab_or_project_course
View: User interface,Spring Boot: Modern development trends. MVC in Java Web,2343611,Mini-Project - Full,6.34-N-B.E.-Information-Technology-Sem-III-IV.pdf,0.2828,3,1,0.0,0,lab_or_project_course,lab_or_project_course
b. Traffic Light Simulation (JavaScript + HTML/CSS),Events for light changes,2344411,Mini-Project -,6.34-N-B.E.-Information-Technology-Sem-III-IV.pdf,0.4237,1,1,0.1,1,lab_or_project_course,lab_or_project_course
"Craig Larman, Agile and Iterative Development: A Manager’s Guide, Addison","DevOps: Dive, , Packt, 2018",2165113,Agile Software,SEM-V.pdf,0.2648,2,1,0.0,1,publisher_citation,publisher_citation
"learning implementation of concurrency, Streams",guide/supervisor can verify and record notes/comments,2344411,Mini-Project -,6.34-N-B.E.-Information-Technology-Sem-III-IV.pdf,0.2497,10,1,0.0,0,subject_mismatch,subject_mismatch; lab_or_project_course
"Depth: Learn, Build and Deploy Blockchain","Applications Using Hyperledger Fabric”, BPB Publications",2166118,Blockchain,SEM-V.pdf,0.2546,1,1,0.0,1,publisher_citation,publisher_citation
"Use OOP to model Users, Transactions, and Categories",Do List Manager (Scala or Elixir),2344411,Mini-Project -,6.34-N-B.E.-Information-Technology-Sem-III-IV.pdf,0.3348,6,1,0.0,1,lab_or_project_course,lab_or_project_course
standardization techniques,modelling Creating new features from existing data,2166120,Visualization Lab,SEM-V.pdf,0.1108,2,1,0.0,0,lab_or_project_course,lab_or_project_course
Term Work,"The progress of the mini project to be evaluated on continuous basis, minimum two reviews in each semester",2344411,Mini-Project -,6.34-N-B.E.-Information-Technology-Sem-III-IV.pdf,0.3053,2,1,0.0,1,person_name,person_name; admin_rubric_noise; length_bound; lab_or_project_course
o Marks awarded by guide/supervisor for Capstone Project Completion,"Second shall be for the implementation, testing and validation of solution",2344411,Mini-Project -,6.34-N-B.E.-Information-Technology-Sem-III-IV.pdf,0.1771,11,1,0.05,0,subject_mismatch,subject_mismatch; lab_or_project_course
and working with tables,form elements (text fields,2343611,Mini-Project - Full,6.34-N-B.E.-Information-Technology-Sem-III-IV.pdf,0.1884,10,1,0.0,0,person_name,person_name; truncated_fragment; lab_or_project_course
"and Benefits, DevOps Principles and Practices",Assessment. Study of various Open,2165113,Agile Software,SEM-V.pdf,0.1646,5,1,0.0,0,truncated_fragment,truncated_fragment
Version Control with Git,Mapping HTTP methods to,2343611,Mini-Project - Full,6.34-N-B.E.-Information-Technology-Sem-III-IV.pdf,0.0365,13,1,0.0,0,truncated_fragment,truncated_fragment; subject_mismatch; lab_or_project_course
Report should be prepared as per the guidelines issued by the University of Mumbai,experience of more than five years approved by head of Institution,2344411,Mini-Project -,6.34-N-B.E.-Information-Technology-Sem-III-IV.pdf,0.2467,2,1,0.0952,1,publisher_citation,publisher_citation; subject_mismatch; lab_or_project_course
understand declarative programming concepts,"Students should do the survey and identify needs, which shall be converted into a problem statement for the mini",2344411,Mini-Project -,6.34-N-B.E.-Information-Technology-Sem-III-IV.pdf,0.2541,13,1,0.0,0,length_bound,length_bound; admin_rubric_noise; lab_or_project_course
Implement N-Queen's problem using Back Tracking,Implement Naïve string matching algorithm,2343115,ADSA Lab,6.34-N-B.E.-Information-Technology-Sem-III-IV.pdf,0.206,11,1,0.0833,0,lab_or_project_course,lab_or_project_course
Implement Insert,Search and Display operations,2343115,ADSA Lab,6.34-N-B.E.-Information-Technology-Sem-III-IV.pdf,0.2287,1,1,0.0,1,person_name,person_name; lab_or_project_course
Replacement Algorithms,Self-learning Topics: File System for Linux and,2344112,Operating System,6.34-N-B.E.-Information-Technology-Sem-III-IV.pdf,0.2297,1,1,0.0,1,admin_rubric_noise,admin_rubric_noise; truncated_fragment
List of Experiments,ThingSpeak Cloud. OR on AWS cloud,2166121,Internet of Things,SEM-V.pdf,0.1093,12,1,0.0,0,admin_rubric_noise,admin_rubric_noise; tool_fragment
At least Four Haskell Programs to demonstrate,Order Functions,2344411,Mini-Project -,6.34-N-B.E.-Information-Technology-Sem-III-IV.pdf,0.2025,11,1,0.0,0,person_name,person_name; lab_or_project_course
Self-learning Topics: Modes of Operation for,Self-learning Topics: Tools Used for Ethical,2166114,Security,SEM-V.pdf,0.715,6,1,0.4,1,admin_rubric_noise,admin_rubric_noise; truncated_fragment
"David J. Anderson and Eli Schragenheim, ―Agile Management for Software",Website Name,2165113,Agile Software,SEM-V.pdf,0.1112,6,1,0.0,0,publisher_citation,publisher_citation; person_name
Time Division,Go-Back-N ARQ,2344113,Computer Network,6.34-N-B.E.-Information-Technology-Sem-III-IV.pdf,0.1558,11,1,0.0,0,truncated_fragment,truncated_fragment
Report should be prepared as per the guidelines issued by the University of Mumbai,b. Online Food Ordering System (Console,2344411,Mini-Project -,6.34-N-B.E.-Information-Technology-Sem-III-IV.pdf,0.1396,10,1,0.0,0,publisher_citation,publisher_citation; truncated_fragment; lab_or_project_course
Guidelines for Capstone Mini,"Students shall form a group of 3 to 4 students, and a group shall not be allowed less than three or more than four",2344411,Mini-Project -,6.34-N-B.E.-Information-Technology-Sem-III-IV.pdf,0.1194,1,1,0.0,0,length_bound,length_bound; admin_rubric_noise; subject_mismatch; lab_or_project_course
"Implement inheritance for different types of users (students, staff)",Functional Programming,2344411,Mini-Project -,6.34-N-B.E.-Information-Technology-Sem-III-IV.pdf,0.161,7,1,0.0,0,lab_or_project_course,lab_or_project_course
Tutorial on Introduction to Haskell programming,(b) guarded equations,2344411,Mini-Project -,6.34-N-B.E.-Information-Technology-Sem-III-IV.pdf,0.2357,11,1,0.0,0,lab_or_project_course,lab_or_project_course
the execution of the Functional Implementation,understand query execution using the backward,2344411,Mini-Project -,6.34-N-B.E.-Information-Technology-Sem-III-IV.pdf,0.2769,10,1,0.2222,0,truncated_fragment,truncated_fragment; lab_or_project_course
and NSGA-III mechanisms,Edge resource optimization,2166115,Nature-,SEM-V.pdf,0.0489,10,1,0.0,0,person_name,person_name; truncated_fragment
probability distribution and probability density function,"study topics. However, students are",2343111,Applied,6.34-N-B.E.-Information-Technology-Sem-III-IV.pdf,0.0262,8,1,0.0,0,admin_rubric_noise,admin_rubric_noise
Avoid mutable data,Do List Manager (Scala or Elixir),2344411,Mini-Project -,6.34-N-B.E.-Information-Technology-Sem-III-IV.pdf,0.2114,2,1,0.0,1,lab_or_project_course,lab_or_project_course
"role of sensors, actuators, and IoT boards such as Arduino, NodeMCU, and",Raspberry Pi in IoT systems,2166121,Internet of Things,SEM-V.pdf,0.4652,1,1,0.0667,1,tool_fragment,tool_fragment; truncated_fragment
Blockchain and,"Contract Lifecycle (Dev, Audit, Test, Docs)",2166118,Blockchain,SEM-V.pdf,0.1705,12,1,0.0,0,truncated_fragment,truncated_fragment; person_name
solution in consultation with the guide/ supervisor,The solution to be validated with proper justification and a report to be compiled in a standard format of the,2344411,Mini-Project -,6.34-N-B.E.-Information-Technology-Sem-III-IV.pdf,0.3654,2,1,0.2105,1,length_bound,length_bound; truncated_fragment; lab_or_project_course
Work (PoW) consensus algorithm,Q3: Briefly explain Paxos and Raft consensus mechanisms,2166126,Blockchain,SEM-V.pdf,0.4446,10,1,0.0909,0,admin_rubric_noise,admin_rubric_noise
with a suitable example for each,Smart City (Parking or Waste Management),2166121,Internet of Things,SEM-V.pdf,0.1164,6,1,0.0,0,truncated_fragment,truncated_fragment
Rank correlation coefficient (R) (with repeated and non,"theorem, Skewness and Kurtosis of distribution (data)",2343111,Applied,6.34-N-B.E.-Information-Technology-Sem-III-IV.pdf,0.0095,9,1,0.0714,0,truncated_fragment,truncated_fragment; subject_mismatch
fibonacci series,Students must be able to learn to query it and,2344411,Mini-Project -,6.34-N-B.E.-Information-Technology-Sem-III-IV.pdf,-0.0096,12,1,0.0,0,admin_rubric_noise,admin_rubric_noise; truncated_fragment; lab_or_project_course
Learning Techniques,Self-Learning : Support Vector Regression and,2166111,Machine,SEM-V.pdf,0.5141,1,1,0.1429,1,admin_rubric_noise,admin_rubric_noise; truncated_fragment
Fourier series of even and odd functions (simple functions,learning Topics: Complex form of Fourier Series,2343111,Applied,6.34-N-B.E.-Information-Technology-Sem-III-IV.pdf,0.3918,3,1,0.25,0,truncated_fragment,truncated_fragment
"Engineering: Applying the Theory of Constraints for Business Results‖, Prentice Hall, 2003",will be compulsory and should cover maximum contents of the syllabus,2165113,Agile Software,SEM-V.pdf,0.2449,13,1,0.0952,0,publisher_citation,publisher_citation; admin_rubric_noise
Study – Selenium/ Jira,"Agility, DevOps and Continuous Testing",2165113,Agile Software,SEM-V.pdf,0.1944,7,1,0.0,0,tool_fragment,tool_fragment
(1)Question 1 is compulsory,"modules. For example, if Q.2 has part (a) from Module 3 then part",2165113,Agile Software,SEM-V.pdf,0.231,4,1,0.0,0,admin_rubric_noise,admin_rubric_noise
Concurrency and,through Dart,2344411,Mini-Project -,6.34-N-B.E.-Information-Technology-Sem-III-IV.pdf,0.1692,1,1,0.0,0,truncated_fragment,truncated_fragment; lab_or_project_course
Implement solution for a 0-1 knapsack problem using,Implement Hamiltonian cycles,2343115,ADSA Lab,6.34-N-B.E.-Information-Technology-Sem-III-IV.pdf,0.1117,9,1,0.0909,0,lab_or_project_course,lab_or_project_course
Axios for API calls,application. Properties,2343611,Mini-Project - Full,6.34-N-B.E.-Information-Technology-Sem-III-IV.pdf,-0.0612,8,1,0.0,0,lab_or_project_course,lab_or_project_course
Laundering & Risk Scoring LLMs in Smart,"Depth: Learn, Build and Deploy Blockchain",2166118,Blockchain,SEM-V.pdf,0.1458,14,1,0.0,0,person_name,person_name; truncated_fragment
Checksum (Simple Problems),Scheduled Access (Reservation,2344113,Computer Network,6.34-N-B.E.-Information-Technology-Sem-III-IV.pdf,0.0803,8,1,0.0,0,truncated_fragment,truncated_fragment
"empty list to the empty list, whereas tail gives an",(b) guarded equations,2344411,Mini-Project -,6.34-N-B.E.-Information-Technology-Sem-III-IV.pdf,0.0483,3,1,0.0,0,lab_or_project_course,lab_or_project_course
"OOP for structuring code (User, Bot, ChatSession)",Project Report,2344411,Mini-Project -,6.34-N-B.E.-Information-Technology-Sem-III-IV.pdf,0.073,14,1,0.0,0,person_name,person_name; lab_or_project_course
Anomaly detection techniques,Outlier detection using density-based methods for real time,2166120,Visualization Lab,SEM-V.pdf,0.6479,3,1,0.0909,1,lab_or_project_course,lab_or_project_course
First Edition. BPB Publication,Packet analysis with Wire shark,2344115,Network Design,6.34-N-B.E.-Information-Technology-Sem-III-IV.pdf,0.0524,1,1,0.0,0,publisher_citation,publisher_citation
Full Stack Developer Roles & Skills,Introduction to OOP- Basic of,2343611,Mini-Project - Full,6.34-N-B.E.-Information-Technology-Sem-III-IV.pdf,0.1671,12,1,0.0,0,truncated_fragment,truncated_fragment; lab_or_project_course
Starter dependencies,Spring Initializr,2343611,Mini-Project - Full,6.34-N-B.E.-Information-Technology-Sem-III-IV.pdf,0.3374,2,1,0.0,1,lab_or_project_course,lab_or_project_course
Q3: Differentiate between a blockchain and a traditional database,"Q3: What is a 51% attack, and how can it affect blockchain security?",2166126,Blockchain,SEM-V.pdf,0.2462,5,1,0.2353,0,admin_rubric_noise,admin_rubric_noise
"Second shall be for the implementation, testing and validation of solution",Project shall be assessed based on following criteria,2344411,Mini-Project -,6.34-N-B.E.-Information-Technology-Sem-III-IV.pdf,0.4711,3,1,0.1176,1,lab_or_project_course,lab_or_project_course
Dr. Ritu Bhargava,Dr. Abhishek Kumar,2344115,Network Design,6.34-N-B.E.-Information-Technology-Sem-III-IV.pdf,0.5655,1,1,0.2,1,publisher_citation,publisher_citation; person_name
At least Two Programs to understand Exception,"library functions, list and tuples in Haskell",2344411,Mini-Project -,6.34-N-B.E.-Information-Technology-Sem-III-IV.pdf,0.1198,7,1,0.0,0,lab_or_project_course,lab_or_project_course
"standard deviation, moment generating function up to","learning topics: Total probability theorem, Bayes’",2343111,Applied,6.34-N-B.E.-Information-Technology-Sem-III-IV.pdf,0.0482,2,1,0.0,0,truncated_fragment,truncated_fragment; publisher_citation
Term Work,Review/progress monitoring committee may consider following points for assessment based of the semester,2344411,Mini-Project -,6.34-N-B.E.-Information-Technology-Sem-III-IV.pdf,0.1754,10,1,0.0,0,person_name,person_name; admin_rubric_noise; lab_or_project_course
Bootstrap Introduction & Components: Get started with Bootstrap,Axios for API calls,2343611,Mini-Project - Full,6.34-N-B.E.-Information-Technology-Sem-III-IV.pdf,0.0001,4,1,0.0,0,lab_or_project_course,lab_or_project_course
Event listeners for button presses,"Mini- Project with full prototype/ product demo, testing, validation and Report) + 5 Marks (Attendance)",2344411,Mini-Project -,6.34-N-B.E.-Information-Technology-Sem-III-IV.pdf,0.0148,9,1,0.0,0,admin_rubric_noise,admin_rubric_noise; truncated_fragment; subject_mismatch; lab_or_project_course
repeated and non-repeated ranks),degree and exponential curve,2013111,Mathematics for,6.20N-B.E.-AI-DS.-Sem-III-IV.pdf,0.1006,3,1,0.1429,0,person_name,person_name; truncated_fragment
a. GUI Calculator (Python Tkinter / Java Swing),Project Report,2344411,Mini-Project -,6.34-N-B.E.-Information-Technology-Sem-III-IV.pdf,-0.0241,8,1,0.0,0,person_name,person_name; lab_or_project_course
distinct numbers using backtracking,Implement Travelling salesman problem,2343115,ADSA Lab,6.34-N-B.E.-Information-Technology-Sem-III-IV.pdf,0.2371,7,1,0.0,0,lab_or_project_course,lab_or_project_course
Implement Naïve string matching algorithm,Implement KMP algorithm,2343115,ADSA Lab,6.34-N-B.E.-Information-Technology-Sem-III-IV.pdf,0.2566,2,1,0.3333,1,lab_or_project_course,lab_or_project_course
repeated and non-repeated ranks),distribution (data),2013111,Mathematics for,6.20N-B.E.-AI-DS.-Sem-III-IV.pdf,0.0868,8,1,0.0,0,person_name,person_name; truncated_fragment
Functional Programming,No side effects in logic layer,2344411,Mini-Project -,6.34-N-B.E.-Information-Technology-Sem-III-IV.pdf,0.0474,8,1,0.0,0,subject_mismatch,subject_mismatch; lab_or_project_course
Parseval’s Identity (without proof) Fourier series of periodic,Fourier series of even and odd functions (simple functions,2343111,Applied,6.34-N-B.E.-Information-Technology-Sem-III-IV.pdf,0.63,2,1,0.2143,1,publisher_citation,publisher_citation; truncated_fragment
Operating Systems,functions: Cloud Operating System,2014113,Operating,6.20N-B.E.-AI-DS.-Sem-III-IV.pdf,0.6524,5,1,0.2,1,generic_lone_term,generic_lone_term
Riemann equations in,"polar coordinates, conformal mapping, linear, bilinear",2343111,Applied,6.34-N-B.E.-Information-Technology-Sem-III-IV.pdf,0.3274,1,1,0.0,1,truncated_fragment,truncated_fragment; subject_mismatch
differential equation),"inverse Laplace transform. (with s4 in denominator), Inverse",2343111,Applied,6.34-N-B.E.-Information-Technology-Sem-III-IV.pdf,0.2475,2,1,0.0,1,truncated_fragment,truncated_fragment
Self- learning Topics: Explore Advance Regression,Outlier Detection using Distance based method,2166120,Visualization Lab,SEM-V.pdf,0.0767,8,1,0.0,0,lab_or_project_course,lab_or_project_course
"Contract Lifecycle (Dev, Audit, Test, Docs)",learning Topics: Case Studies on AI in,2166118,Blockchain,SEM-V.pdf,0.002,1,1,0.0,0,person_name,person_name; truncated_fragment
R for data analytics,modelling Creating new features from existing data,2166120,Visualization Lab,SEM-V.pdf,0.1431,8,1,0.1,0,lab_or_project_course,lab_or_project_course
Self-learning Topics: Modes of Operation for,Self-learning Topics: Lifecycle of a Cyberattack,2166114,Security,SEM-V.pdf,0.6742,4,1,0.4,1,admin_rubric_noise,admin_rubric_noise; truncated_fragment
Components of Full Stack: Frontend,Full Stack Developer Roles & Skills,2343611,Mini-Project - Full,6.34-N-B.E.-Information-Technology-Sem-III-IV.pdf,0.4389,1,1,0.25,1,lab_or_project_course,lab_or_project_course
Work (PoW) consensus algorithm,Q3: Explain the working of an Ethereum transaction from sender to miner validation,2166126,Blockchain,SEM-V.pdf,0.266,6,1,0.0,1,admin_rubric_noise,admin_rubric_noise
"wallets, Cryptocurrency usage, Transactions in","Mitigating attacks: 51% attack, Sybil attack, replay",2166118,Blockchain,SEM-V.pdf,0.184,3,1,0.0,0,truncated_fragment,truncated_fragment
Linear and Non-Linear Programming Problems,NLPP with one and two equality constraint (two or,2013111,Mathematics for,6.20N-B.E.-AI-DS.-Sem-III-IV.pdf,0.3582,7,1,0.0833,0,truncated_fragment,truncated_fragment
University of Mumbai,Review/progress monitoring committee may consider following points for assessment based of the semester,2344411,Mini-Project -,6.34-N-B.E.-Information-Technology-Sem-III-IV.pdf,0.2508,12,1,0.0625,0,lab_or_project_course,lab_or_project_course
on Binary Search Tree and analyze space and time,Implementation of operations on B/B+-trees,2343115,ADSA Lab,6.34-N-B.E.-Information-Technology-Sem-III-IV.pdf,0.5113,1,1,0.0769,1,truncated_fragment,truncated_fragment; lab_or_project_course
Online References,IA will consist of Two Compulsory Internal Assessment Tests. Each test will be,2165113,Agile Software,SEM-V.pdf,0.029,4,1,0.0,0,person_name,person_name; admin_rubric_noise
experience of more than five years approved by head of Institution,a. Weather Data Analyzer (Haskell / Python with functools),2344411,Mini-Project -,6.34-N-B.E.-Information-Technology-Sem-III-IV.pdf,-0.0206,14,1,0.0,0,publisher_citation,publisher_citation; subject_mismatch; lab_or_project_course
Letter Grade Result,A (Very Good),2166126,Blockchain,SEM-V.pdf,0.2553,1,1,0.0,1,admin_rubric_noise,admin_rubric_noise
repeated ranks) Lines of regression Fitting of first- and,"standard deviation, moment generating function up to",2343111,Applied,6.34-N-B.E.-Information-Technology-Sem-III-IV.pdf,-0.0642,5,1,0.0,0,truncated_fragment,truncated_fragment
and digital tokens,"Cryptocurrency basics, types, usage, ERC20 and",2166118,Blockchain,SEM-V.pdf,0.3675,1,1,0.125,1,truncated_fragment,truncated_fragment
f(z) when real (u)or imaginary part (v) is given,"polar coordinates, conformal mapping, linear, bilinear",2343111,Applied,6.34-N-B.E.-Information-Technology-Sem-III-IV.pdf,0.2626,4,1,0.0,0,subject_mismatch,subject_mismatch
Based Interface via any board,Python program for communication between clients based on,2166121,Internet of Things,SEM-V.pdf,0.25,2,1,0.0833,1,truncated_fragment,truncated_fragment
Controllers and Services- Role of Controller in MVC,Creating Service classes and injecting them,2343611,Mini-Project - Full,6.34-N-B.E.-Information-Technology-Sem-III-IV.pdf,0.391,4,1,0.0769,0,lab_or_project_course,lab_or_project_course
"Robert C. Martin, “Agile Software Development, Principles, Patterns and Practices”",Reference Books,2165113,Agile Software,SEM-V.pdf,0.2665,5,1,0.0,1,publisher_citation,publisher_citation; person_name
find space and time complexity,on Binary Search Tree and analyze space and time,2343115,ADSA Lab,6.34-N-B.E.-Information-Technology-Sem-III-IV.pdf,0.5992,9,1,0.3,0,truncated_fragment,truncated_fragment; lab_or_project_course
dynamic programming,Implement Floyd Warshall Algorithm,2343115,ADSA Lab,6.34-N-B.E.-Information-Technology-Sem-III-IV.pdf,0.238,12,1,0.0,0,lab_or_project_course,lab_or_project_course
C’s of DevOps Lifecycle for Business,"learning Topics: CI/CD pipelines, cloud",2165113,Agile Software,SEM-V.pdf,0.3948,6,1,0.0,0,publisher_citation,publisher_citation
Multi-tier architecture,Data management,2343611,Mini-Project - Full,6.34-N-B.E.-Information-Technology-Sem-III-IV.pdf,0.2856,2,1,0.0,1,lab_or_project_course,lab_or_project_course
"smart contracts, AI in Crypto Trading, Anti",Laundering & Risk Scoring LLMs in Smart,2166118,Blockchain,SEM-V.pdf,0.3022,1,1,0.1818,1,person_name,person_name; truncated_fragment
Parseval’s Identity (without proof) Fourier series of periodic,Hal Frange Sine and Cosine Series,2343111,Applied,6.34-N-B.E.-Information-Technology-Sem-III-IV.pdf,0.3657,4,1,0.0714,0,publisher_citation,publisher_citation; truncated_fragment
Causes of Outliers,Outlier Detection using Distance based method,2166120,Visualization Lab,SEM-V.pdf,0.5359,3,1,0.0,1,subject_mismatch,subject_mismatch; lab_or_project_course
b. Online Food Ordering System (Console,"Classes: Customer, MenuItem, Order, Restaurant",2344411,Mini-Project -,6.34-N-B.E.-Information-Technology-Sem-III-IV.pdf,0.4635,1,1,0.0,1,truncated_fragment,truncated_fragment; person_name; lab_or_project_course
and permissions,Self-learning Topics: Various Network Performance,2166124,Edge Computing,SEM-V.pdf,0.1081,2,1,0.0,0,person_name,person_name; truncated_fragment; admin_rubric_noise
"Robert C. Martin, “Agile Software Development, Principles, Patterns and Practices”","David J. Anderson and Eli Schragenheim, ―Agile Management for Software",2165113,Agile Software,SEM-V.pdf,0.6058,6,1,0.1765,1,publisher_citation,publisher_citation
prolog.org/example/examples.swinb,Preferably in C++ to demonstrate concepts like,2344411,Mini-Project -,6.34-N-B.E.-Information-Technology-Sem-III-IV.pdf,0.3323,12,1,0.0,0,lab_or_project_course,lab_or_project_course
Database: MySQL,applications of full stack,2343611,Mini-Project - Full,6.34-N-B.E.-Information-Technology-Sem-III-IV.pdf,0.0978,3,1,0.0,0,lab_or_project_course,lab_or_project_course
Q2: Compare two blockchain platforms of your choice in terms of features and,Q3: Briefly explain Paxos and Raft consensus mechanisms,2166126,Blockchain,SEM-V.pdf,0.1529,9,1,0.0526,0,admin_rubric_noise,admin_rubric_noise; truncated_fragment
Apps (PWAs),React DevTools,2165114,Web and,SEM-V.pdf,0.0445,2,1,0.0,0,generic_lone_term,generic_lone_term; tool_fragment
Self-learning Topics: Ontologies and Semantic Web,Self-learning Topics: Adaptive fuzzy systems and,2165112,Artificial,SEM-V.pdf,0.6461,1,1,0.4,1,admin_rubric_noise,admin_rubric_noise; truncated_fragment
Construct Binary Search Tree for given sequence of,on Binary Search Tree and analyze space and time,2343115,ADSA Lab,6.34-N-B.E.-Information-Technology-Sem-III-IV.pdf,0.6298,6,1,0.2308,1,truncated_fragment,truncated_fragment; lab_or_project_course
and properties (without proof),Standard and Canonical of LPP,2013111,Mathematics for,6.20N-B.E.-AI-DS.-Sem-III-IV.pdf,0.0815,9,1,0.125,0,person_name,person_name; truncated_fragment; subject_mismatch
"standard deviation, moment generating function up to",two moments,2343111,Applied,6.34-N-B.E.-Information-Technology-Sem-III-IV.pdf,0.422,1,1,0.0,1,truncated_fragment,truncated_fragment
Haskell code to represent infinite list e.g,using Haskell,2344411,Mini-Project -,6.34-N-B.E.-Information-Technology-Sem-III-IV.pdf,0.7075,5,1,0.1111,1,truncated_fragment,truncated_fragment; subject_mismatch; lab_or_project_course
Backtracking and Maximum flow Networks,Implement Travelling salesman problem,2343115,ADSA Lab,6.34-N-B.E.-Information-Technology-Sem-III-IV.pdf,0.3187,10,1,0.0,0,lab_or_project_course,lab_or_project_course
Full functioning of working model as per stated requirements,List of Sample Capstone Mini,2344411,Mini-Project -,6.34-N-B.E.-Information-Technology-Sem-III-IV.pdf,-0.0459,10,1,0.0769,0,lab_or_project_course,lab_or_project_course
Oriented Programming (OOP),a. Library Management System,2344411,Mini-Project -,6.34-N-B.E.-Information-Technology-Sem-III-IV.pdf,0.2409,1,1,0.0,1,lab_or_project_course,lab_or_project_course
Service layer responsibilities,Creating Service classes and injecting them,2343611,Mini-Project - Full,6.34-N-B.E.-Information-Technology-Sem-III-IV.pdf,0.4798,1,1,0.125,1,lab_or_project_course,lab_or_project_course
Q1: What are the differences between ERC,Letter Grades and Grade Points,2166126,Blockchain,SEM-V.pdf,0.1017,10,1,0.0,0,admin_rubric_noise,admin_rubric_noise; person_name
Cost effectiveness and Societal impact,Contribution of an individual’s as member or leader,2344411,Mini-Project -,6.34-N-B.E.-Information-Technology-Sem-III-IV.pdf,0.1677,4,1,0.0,0,person_name,person_name; publisher_citation; lab_or_project_course
Cost effectiveness and Societal impact,Effective use of skill sets,2344411,Mini-Project -,6.34-N-B.E.-Information-Technology-Sem-III-IV.pdf,0.2451,2,1,0.0,1,person_name,person_name; lab_or_project_course
and remaining 40% to 50% of syllabus content must be covered in Second IA Test,Remaining questions will be mixed in nature (part (a) and part (b) of each question,2165113,Agile Software,SEM-V.pdf,0.3102,4,1,0.2083,0,truncated_fragment,truncated_fragment
"and Benefits, DevOps Principles and Practices",on DevOps adoption and automation practices,2165113,Agile Software,SEM-V.pdf,0.6819,10,1,0.375,1,truncated_fragment,truncated_fragment
Introduction to Statistical Learning (ISLR2)”,Self-learning Topics: Explore bootstrapping,2165111,Statistics for,SEM-V.pdf,0.3483,3,1,0.1111,1,publisher_citation,publisher_citation; admin_rubric_noise
and hyperlinks. Responsive Web Design: Learn to build websites,web pages,2343611,Mini-Project - Full,6.34-N-B.E.-Information-Technology-Sem-III-IV.pdf,0.5668,6,1,0.1,1,truncated_fragment,truncated_fragment; lab_or_project_course
IA will consist of Two Compulsory Internal Assessment Tests. Each test will be,and remaining 40% to 50% of syllabus content must be covered in Second IA Test,2165113,Agile Software,SEM-V.pdf,0.6341,2,1,0.1739,1,admin_rubric_noise,admin_rubric_noise; truncated_fragment
R for data analytics,Libraries: dplyr,2166120,Visualization Lab,SEM-V.pdf,0.4814,3,1,0.0,1,lab_or_project_course,lab_or_project_course
utilizing grid systems and essential components like headers,Features of Spring Boot: Auto-configuration,2343611,Mini-Project - Full,6.34-N-B.E.-Information-Technology-Sem-III-IV.pdf,0.1828,6,1,0.0,0,lab_or_project_course,lab_or_project_course
Implement Prim’s and Kruskal’s algorithms,Dynamic Algorithms,2343115,ADSA Lab,6.34-N-B.E.-Information-Technology-Sem-III-IV.pdf,0.5014,9,1,0.1429,0,publisher_citation,publisher_citation; lab_or_project_course
Fourier series of periodic,Fourier series of even and odd functions,2013111,Mathematics for,6.20N-B.E.-AI-DS.-Sem-III-IV.pdf,0.7024,2,1,0.375,1,truncated_fragment,truncated_fragment
Tutorial on working of SWI Prolog Environment,Implement at least,2344411,Mini-Project -,6.34-N-B.E.-Information-Technology-Sem-III-IV.pdf,0.232,2,1,0.0,1,lab_or_project_course,lab_or_project_course
Self- learning Topics: Anomaly detection in high-volume,Autocorrelation Function (PACF),2166120,Visualization Lab,SEM-V.pdf,0.0737,6,1,0.0,0,subject_mismatch,subject_mismatch; lab_or_project_course
fibonacci series,Tutorial on working of SWI Prolog Environment,2344411,Mini-Project -,6.34-N-B.E.-Information-Technology-Sem-III-IV.pdf,-0.0605,5,1,0.0,0,lab_or_project_course,lab_or_project_course
Self-learning Topics: Study of any three different OS,one Operating System,2344112,Operating System,6.34-N-B.E.-Information-Technology-Sem-III-IV.pdf,0.5165,10,1,0.0,0,admin_rubric_noise,admin_rubric_noise
f(z) to be analytic (without proof),learning Topics: Cauchy,2343111,Applied,6.34-N-B.E.-Information-Technology-Sem-III-IV.pdf,0.0625,5,1,0.0,0,truncated_fragment,truncated_fragment
Guidelines for Labs Capstone Mini,Suggested List of Experiments,2344411,Mini-Project -,6.34-N-B.E.-Information-Technology-Sem-III-IV.pdf,0.3271,1,1,0.0,1,admin_rubric_noise,admin_rubric_noise; lab_or_project_course
"Robert C. Martin, “Agile Software Development, Principles, Patterns and Practices”","Craig Larman, Agile and Iterative Development: A Manager’s Guide, Addison",2165113,Agile Software,SEM-V.pdf,0.5779,8,1,0.1667,1,publisher_citation,publisher_citation
Analytics and,Introduction to data analytics,2166120,Visualization Lab,SEM-V.pdf,0.6172,1,1,0.2,1,truncated_fragment,truncated_fragment; lab_or_project_course
a. Family Tree Generator (Prolog),Event listeners for button presses,2344411,Mini-Project -,6.34-N-B.E.-Information-Technology-Sem-III-IV.pdf,0.0059,14,1,0.0,0,lab_or_project_course,lab_or_project_course
Solve any three questions out of five: (05 marks each),Part (a) and Part (b) of each question must be from different,2165113,Agile Software,SEM-V.pdf,0.4628,1,1,0.1053,1,admin_rubric_noise,admin_rubric_noise; truncated_fragment
Script to organize files into folders based on type,Events for light changes,2344411,Mini-Project -,6.34-N-B.E.-Information-Technology-Sem-III-IV.pdf,0.0189,7,1,0.0,0,lab_or_project_course,lab_or_project_course
Use procedural logic + OOP for file operations,"Mini- Project with full prototype/ product demo, testing, validation and Report) + 5 Marks (Attendance)",2344411,Mini-Project -,6.34-N-B.E.-Information-Technology-Sem-III-IV.pdf,0.0556,12,1,0.0,0,admin_rubric_noise,admin_rubric_noise; truncated_fragment; subject_mismatch; lab_or_project_course
Analytics and,R for data analytics,2166120,Visualization Lab,SEM-V.pdf,0.5655,6,1,0.2,0,truncated_fragment,truncated_fragment; lab_or_project_course
Feature Importance and Selection,Relationship between Dimensionality and,2166111,Machine,SEM-V.pdf,0.3515,1,1,0.1429,1,person_name,person_name; truncated_fragment
1/blob/master/book/Practical%20DevOps.pdf,and Course Name,2165113,Agile Software,SEM-V.pdf,0.1942,13,1,0.0,0,person_name,person_name; admin_rubric_noise; truncated_fragment
Functional Programming Concepts,Order Functions,2344411,Mini-Project -,6.34-N-B.E.-Information-Technology-Sem-III-IV.pdf,0.353,10,1,0.0,0,person_name,person_name; lab_or_project_course
Full Stack Developer Roles & Skills,Technology Stack,2343611,Mini-Project - Full,6.34-N-B.E.-Information-Technology-Sem-III-IV.pdf,0.4149,1,1,0.1667,1,lab_or_project_course,lab_or_project_course
o Proposed final solution,Quality of survey/ need identification,2344411,Mini-Project -,6.34-N-B.E.-Information-Technology-Sem-III-IV.pdf,0.052,9,1,0.0,0,lab_or_project_course,lab_or_project_course
Procedural Programming,a. Student Grade Calculator (C / Python),2344411,Mini-Project -,6.34-N-B.E.-Information-Technology-Sem-III-IV.pdf,0.2764,1,1,0.0,1,lab_or_project_course,lab_or_project_course
Methods: GET,Get Mapping,2343611,Mini-Project - Full,6.34-N-B.E.-Information-Technology-Sem-III-IV.pdf,0.4337,6,1,0.3333,1,person_name,person_name; lab_or_project_course
"Students should do the survey and identify needs, which shall be converted into a problem statement for the mini",University of Mumbai,2344411,Mini-Project -,6.34-N-B.E.-Information-Technology-Sem-III-IV.pdf,0.1952,12,1,0.0,0,length_bound,length_bound; admin_rubric_noise; lab_or_project_course
Libraries: dplyr,Concept of features and importance in predictive,2166120,Visualization Lab,SEM-V.pdf,0.1294,4,1,0.0,0,lab_or_project_course,lab_or_project_course
Cost effectiveness,Cost effectiveness and Societal impact,2344411,Mini-Project -,6.34-N-B.E.-Information-Technology-Sem-III-IV.pdf,0.8585,2,1,0.4,1,person_name,person_name; lab_or_project_course
Background and Overview of Data,Data Analytics life cycle,2166112,Data Analytics,SEM-V.pdf,0.4013,2,1,0.125,1,truncated_fragment,truncated_fragment
Teaching Scheme,(Contact Hours),2166112,Data Analytics,SEM-V.pdf,0.117,1,1,0.0,0,person_name,person_name; admin_rubric_noise; generic_lone_term
Version Control with Git,Project structure overview: pom.xml,2343611,Mini-Project - Full,6.34-N-B.E.-Information-Technology-Sem-III-IV.pdf,0.1995,6,1,0.0,0,lab_or_project_course,lab_or_project_course
Self-Learning : Support Vector Regression and,Multi-class SVMs,2166111,Machine,SEM-V.pdf,0.493,1,1,0.0,1,admin_rubric_noise,admin_rubric_noise; truncated_fragment
Types of data: structured,Python Libraries: NumPy,2166120,Visualization Lab,SEM-V.pdf,0.0194,4,1,0.0,0,lab_or_project_course,lab_or_project_course
"AI–Blockchain Integration: Overview, need, and",consensus mechanisms for various applications,2166118,Blockchain,SEM-V.pdf,0.2937,5,1,0.0,1,truncated_fragment,truncated_fragment
o Quality of Project report & Project Review,First shall be for the finalisation of problem and proposed solution,2344411,Mini-Project -,6.34-N-B.E.-Information-Technology-Sem-III-IV.pdf,0.18,9,1,0.0625,0,lab_or_project_course,lab_or_project_course
Write a recursive function to multiply two,Haskell code to represent infinite list e.g,2344411,Mini-Project -,6.34-N-B.E.-Information-Technology-Sem-III-IV.pdf,0.3162,2,1,0.0714,1,subject_mismatch,subject_mismatch; lab_or_project_course
a. Family Tree Generator (Prolog),"OOP for structuring code (User, Bot, ChatSession)",2344411,Mini-Project -,6.34-N-B.E.-Information-Technology-Sem-III-IV.pdf,0.1372,7,1,0.0,0,lab_or_project_course,lab_or_project_course
include at least 2 assignments and Mini,Project Report,2344411,Mini-Project -,6.34-N-B.E.-Information-Technology-Sem-III-IV.pdf,0.2938,1,1,0.0,1,person_name,person_name; lab_or_project_course
String Matching Algorithms,Implement Naïve string matching algorithm,2343115,ADSA Lab,6.34-N-B.E.-Information-Technology-Sem-III-IV.pdf,0.8772,1,1,0.3333,1,lab_or_project_course,lab_or_project_course
Q1: Differentiate between private and consortium blockchains,Q3: Briefly explain Paxos and Raft consensus mechanisms,2166126,Blockchain,SEM-V.pdf,0.3019,2,1,0.0714,1,admin_rubric_noise,admin_rubric_noise
"Agile Metrics, Agile Approach to Quality","Postman, and JMeter",2165113,Agile Software,SEM-V.pdf,0.0775,10,1,0.0,0,person_name,person_name
Tools: Git,Real-world,2343611,Mini-Project - Full,6.34-N-B.E.-Information-Technology-Sem-III-IV.pdf,0.2165,1,1,0.0,1,tool_fragment,tool_fragment; lab_or_project_course
Fourier series of even and odd functions (simple functions,"orthogonal and orthonormal set of functions, Fourier",2343111,Applied,6.34-N-B.E.-Information-Technology-Sem-III-IV.pdf,0.5323,4,1,0.3636,1,truncated_fragment,truncated_fragment
based system using functions only (no classes),Logic Programming,2344411,Mini-Project -,6.34-N-B.E.-Information-Technology-Sem-III-IV.pdf,0.3117,2,1,0.0,1,truncated_fragment,truncated_fragment; lab_or_project_course
"Agile Metrics, Agile Approach to Quality",Study – Selenium/ Jira,2165113,Agile Software,SEM-V.pdf,0.0423,7,1,0.0,0,tool_fragment,tool_fragment
Internal Assessment (IA) for 20 marks,marks. Approximately 40% to 50% of syllabus content must be covered in First IA Test,2165113,Agile Software,SEM-V.pdf,0.6253,2,1,0.1053,1,admin_rubric_noise,admin_rubric_noise
Implement at least,Prolog programs to,2344411,Mini-Project -,6.34-N-B.E.-Information-Technology-Sem-III-IV.pdf,0.3067,1,1,0.0,1,truncated_fragment,truncated_fragment; lab_or_project_course
Q3: Briefly explain Paxos and Raft consensus mechanisms,Q3: Give one example of a real,2166126,Blockchain,SEM-V.pdf,0.1234,8,1,0.0714,0,admin_rubric_noise,admin_rubric_noise
marks. Approximately 40% to 50% of syllabus content must be covered in First IA Test,➢ Question paper format,2165113,Agile Software,SEM-V.pdf,0.2596,2,1,0.0,1,admin_rubric_noise,admin_rubric_noise
and permissions,IoT data processing,2166124,Edge Computing,SEM-V.pdf,0.0864,7,1,0.0,0,person_name,person_name; truncated_fragment
Quality (Error Rate,Self-learning Topics: Swarm Intelligence for AI &,2166115,Nature-,SEM-V.pdf,0.0145,9,1,0.0,0,truncated_fragment,truncated_fragment; admin_rubric_noise; subject_mismatch
b. Sudoku Solver (Prolog),Define rules and constraints to solve 9x9 Sudoku puzzle,2344411,Mini-Project -,6.34-N-B.E.-Information-Technology-Sem-III-IV.pdf,0.5371,1,1,0.0833,1,lab_or_project_course,lab_or_project_course
Term Work,o Quality of Project report & Project Review,2344411,Mini-Project -,6.34-N-B.E.-Information-Technology-Sem-III-IV.pdf,0.1846,9,1,0.0,0,person_name,person_name; admin_rubric_noise; lab_or_project_course
Implement Merge sort and Quicksort for the given list of,Implementation of randomized quicksort algorithm and,2343115,ADSA Lab,6.34-N-B.E.-Information-Technology-Sem-III-IV.pdf,0.5934,2,1,0.2308,1,truncated_fragment,truncated_fragment; subject_mismatch; lab_or_project_course
Marks awarded by guide/supervisor based on above practical list and,assignment completed by the,2344411,Mini-Project -,6.34-N-B.E.-Information-Technology-Sem-III-IV.pdf,0.392,1,1,0.0714,1,truncated_fragment,truncated_fragment; subject_mismatch; lab_or_project_course
Apps (PWAs),Custom Hooks creation,2165114,Web and,SEM-V.pdf,0.0618,3,1,0.0,0,generic_lone_term,generic_lone_term; subject_mismatch
Token Passing),Self-Study Topics,2344113,Computer Network,6.34-N-B.E.-Information-Technology-Sem-III-IV.pdf,0.1422,10,1,0.0,0,truncated_fragment,truncated_fragment; generic_lone_term; admin_rubric_noise
and basic understanding of facts and rules,The programs must be based on creating a,2344411,Mini-Project -,6.34-N-B.E.-Information-Technology-Sem-III-IV.pdf,0.2192,4,1,0.0,0,truncated_fragment,truncated_fragment; lab_or_project_course
Exception Handling Basics,Introduction to Java EE- Need for Java EE in enterprise applications,2343611,Mini-Project - Full,6.34-N-B.E.-Information-Technology-Sem-III-IV.pdf,0.2024,1,1,0.0,1,subject_mismatch,subject_mismatch; lab_or_project_course
experience of more than five years approved by head of Institution,"Implement inheritance for different types of users (students, staff)",2344411,Mini-Project -,6.34-N-B.E.-Information-Technology-Sem-III-IV.pdf,0.0998,6,1,0.0556,0,publisher_citation,publisher_citation; subject_mismatch; lab_or_project_course
"Imran Bashir, “Mastering Blockchain: Inner Workings of Blockchain, Cryptocurrencies &","Ashwani Kumar,”Hyperledger Fabric In",2166118,Blockchain,SEM-V.pdf,0.1881,2,1,0.0,0,publisher_citation,publisher_citation; truncated_fragment
"Deepak Gaikwad, Viral Thakkar. DevOps Tools from Practitioner's Viewpoint",Reference Books,2165113,Agile Software,SEM-V.pdf,0.1332,2,1,0.0,0,publisher_citation,publisher_citation; person_name
degree curves,"learning topics: Total probability theorem, Bayes’",2343111,Applied,6.34-N-B.E.-Information-Technology-Sem-III-IV.pdf,0.0168,6,1,0.0,0,publisher_citation,publisher_citation
"Classes: Customer, MenuItem, Order, Restaurant",a. Weather Data Analyzer (Haskell / Python with functools),2344411,Mini-Project -,6.34-N-B.E.-Information-Technology-Sem-III-IV.pdf,-0.0433,5,1,0.0,0,person_name,person_name; lab_or_project_course
"Postman, and JMeter","based DevOps tools, and real",2165113,Agile Software,SEM-V.pdf,0.1556,10,1,0.1429,0,person_name,person_name; truncated_fragment
Basic and Feasible solutions,surplus variables,2013111,Mathematics for,6.20N-B.E.-AI-DS.-Sem-III-IV.pdf,0.3137,2,1,0.0,1,person_name,person_name
A total of Four questions need to be answered,(2) Solve any three questions out of five,2165113,Agile Software,SEM-V.pdf,0.6152,7,1,0.1333,1,admin_rubric_noise,admin_rubric_noise
Review/progress monitoring committee may consider following points for assessment based of the semester, In this case in students’ group shall complete project in all aspects including,2344411,Mini-Project -,6.34-N-B.E.-Information-Technology-Sem-III-IV.pdf,0.4332,2,1,0.0,1,publisher_citation,publisher_citation; lab_or_project_course
"David J. Anderson and Eli Schragenheim, ―Agile Management for Software",Online References,2165113,Agile Software,SEM-V.pdf,0.0636,5,1,0.0,0,publisher_citation,publisher_citation; person_name
learning Topics: Continuous Testing,"Postman, and JMeter",2165113,Agile Software,SEM-V.pdf,0.2115,2,1,0.0,1,person_name,person_name
University of Mumbai,Marks awarded by guide/supervisor based on above practical list and,2344411,Mini-Project -,6.34-N-B.E.-Information-Technology-Sem-III-IV.pdf,0.2421,8,1,0.0,0,truncated_fragment,truncated_fragment; subject_mismatch; lab_or_project_course
The Agile,Study – Selenium/ Jira,2165113,Agile Software,SEM-V.pdf,0.0576,3,1,0.0,0,truncated_fragment,truncated_fragment; tool_fragment
At least Four Haskell Programs to demonstrate,Write a recursive function to multiply two,2344411,Mini-Project -,6.34-N-B.E.-Information-Technology-Sem-III-IV.pdf,0.2305,12,1,0.0769,0,subject_mismatch,subject_mismatch; lab_or_project_course
Outlier Detection using Distance based method,Visualizing decomposed components,2166120,Visualization Lab,SEM-V.pdf,0.0188,7,1,0.0,0,lab_or_project_course,lab_or_project_course
Haskell code to represent infinite list e.g,Implement at least,2344411,Mini-Project -,6.34-N-B.E.-Information-Technology-Sem-III-IV.pdf,0.2162,8,1,0.0,0,subject_mismatch,subject_mismatch; lab_or_project_course
Self-learning Topics: Problem solving and,Edge Systems: Application in feature selection,2166115,Nature-,SEM-V.pdf,0.1563,13,1,0.0,0,admin_rubric_noise,admin_rubric_noise; truncated_fragment
document spacing,web pages,2343611,Mini-Project - Full,6.34-N-B.E.-Information-Technology-Sem-III-IV.pdf,0.2352,8,1,0.0,0,lab_or_project_course,lab_or_project_course
and remaining 40% to 50% of syllabus content must be covered in Second IA Test,will be compulsory and should cover maximum contents of the syllabus,2165113,Agile Software,SEM-V.pdf,0.7245,3,1,0.1818,1,truncated_fragment,truncated_fragment; admin_rubric_noise
Implement a safetail function that behaves in,"the same way as tail, except that safetail maps the",2344411,Mini-Project -,6.34-N-B.E.-Information-Technology-Sem-III-IV.pdf,0.4952,1,1,0.1429,1,truncated_fragment,truncated_fragment; lab_or_project_course
"Mitigating attacks: 51% attack, Sybil attack, replay","AI–Blockchain Integration: Overview, need, and",2166118,Blockchain,SEM-V.pdf,0.2776,6,1,0.0,0,truncated_fragment,truncated_fragment
Regression Model Evaluation,regression line and equation. Assumptions of linear,2166120,Visualization Lab,SEM-V.pdf,0.3324,2,1,0.1111,1,lab_or_project_course,lab_or_project_course
"Contract Lifecycle (Dev, Audit, Test, Docs)","Applications”, Wiley India, 2023",2166118,Blockchain,SEM-V.pdf,0.1764,5,1,0.0,0,person_name,person_name; publisher_citation
conditional expression,(b) guarded equations,2344411,Mini-Project -,6.34-N-B.E.-Information-Technology-Sem-III-IV.pdf,0.3114,1,1,0.0,1,lab_or_project_course,lab_or_project_course
Greedy algorithms and Applications,Implement Sum of subsets problem for a given set of,2343115,ADSA Lab,6.34-N-B.E.-Information-Technology-Sem-III-IV.pdf,0.3243,7,1,0.0,0,truncated_fragment,truncated_fragment; lab_or_project_course
Tools: Git,Multi-tier architecture,2343611,Mini-Project - Full,6.34-N-B.E.-Information-Technology-Sem-III-IV.pdf,0.0794,10,1,0.0,0,tool_fragment,tool_fragment; lab_or_project_course
"based DevOps tools, and real","David J. Anderson and Eli Schragenheim, ―Agile Management for Software",2165113,Agile Software,SEM-V.pdf,0.3623,12,1,0.0714,0,truncated_fragment,truncated_fragment; publisher_citation
Libraries: dplyr,regression line and equation. Assumptions of linear,2166120,Visualization Lab,SEM-V.pdf,0.0699,11,1,0.0,0,lab_or_project_course,lab_or_project_course
Data Exploration and Anamoly Detection,Time Series Analysis,2166120,Visualization Lab,SEM-V.pdf,0.2295,10,1,0.0,0,lab_or_project_course,lab_or_project_course
Architecture and,Special-purpose Operating Systems,2014113,Operating,6.20N-B.E.-AI-DS.-Sem-III-IV.pdf,0.2922,6,1,0.0,1,truncated_fragment,truncated_fragment
Real-world,Control Statements,2343611,Mini-Project - Full,6.34-N-B.E.-Information-Technology-Sem-III-IV.pdf,0.097,4,1,0.0,0,lab_or_project_course,lab_or_project_course
distinct numbers using backtracking,Dynamic Algorithms,2343115,ADSA Lab,6.34-N-B.E.-Information-Technology-Sem-III-IV.pdf,0.2365,4,1,0.0,0,lab_or_project_course,lab_or_project_course
form elements (text fields,Version Control with Git,2343611,Mini-Project - Full,6.34-N-B.E.-Information-Technology-Sem-III-IV.pdf,-0.0585,10,1,0.0,0,truncated_fragment,truncated_fragment; lab_or_project_course
two moments,semester exam from self,2343111,Applied,6.34-N-B.E.-Information-Technology-Sem-III-IV.pdf,0.0862,4,1,0.0,0,admin_rubric_noise,admin_rubric_noise; truncated_fragment
"Automation, Test Automation Pyramid. Case","automation tools such as Selenium, Cypress",2165113,Agile Software,SEM-V.pdf,0.5384,3,1,0.1111,1,tool_fragment,tool_fragment
Q3: Differentiate between a blockchain and a traditional database,Q1: What are the differences between ERC,2166126,Blockchain,SEM-V.pdf,0.2323,13,1,0.0714,0,admin_rubric_noise,admin_rubric_noise
solution in consultation with the guide/ supervisor,o Quality of Project report & Project Review,2344411,Mini-Project -,6.34-N-B.E.-Information-Technology-Sem-III-IV.pdf,0.2245,14,1,0.0,0,lab_or_project_course,lab_or_project_course
C’s of DevOps Lifecycle for Business,on DevOps adoption and automation practices,2165113,Agile Software,SEM-V.pdf,0.6077,9,1,0.0833,1,publisher_citation,publisher_citation; truncated_fragment
C’s of DevOps Lifecycle for Business,"based DevOps tools, and real",2165113,Agile Software,SEM-V.pdf,0.7108,7,1,0.0909,1,publisher_citation,publisher_citation; truncated_fragment
"Students should do the survey and identify needs, which shall be converted into a problem statement for the mini","Students' hall submits an implementation plan in the form of a Gantt/PERT/CPM chart, which will cover the weekly",2344411,Mini-Project -,6.34-N-B.E.-Information-Technology-Sem-III-IV.pdf,0.427,2,1,0.1212,1,length_bound,length_bound; admin_rubric_noise; subject_mismatch; lab_or_project_course
Self-learning Topics: Study of Campus wide,Self-learning Topics: Demonstration of,2165116,Computer,SEM-V.pdf,0.8048,5,1,0.5,1,admin_rubric_noise,admin_rubric_noise; truncated_fragment
b. File Organizer Script,b. Traffic Light Simulation (JavaScript + HTML/CSS),2344411,Mini-Project -,6.34-N-B.E.-Information-Technology-Sem-III-IV.pdf,-0.0501,7,1,0.1,0,lab_or_project_course,lab_or_project_course
Selection of Scheduling,Implementation of Page,2344112,Operating System,6.34-N-B.E.-Information-Technology-Sem-III-IV.pdf,0.1203,7,1,0.2,0,truncated_fragment,truncated_fragment
Guidelines for Assessment of Capstone Mini,Term Work,2344411,Mini-Project -,6.34-N-B.E.-Information-Technology-Sem-III-IV.pdf,-0.033,1,1,0.0,0,person_name,person_name; admin_rubric_noise; lab_or_project_course
Self-learning Toics: Performance profiling using,Custom Hooks creation,2165114,Web and,SEM-V.pdf,0.0822,2,1,0.0,0,admin_rubric_noise,admin_rubric_noise; subject_mismatch
Outlier Detection using Distance based method,Self- learning Topics: Anomaly detection in high-volume,2166120,Visualization Lab,SEM-V.pdf,0.3085,2,1,0.0769,1,lab_or_project_course,lab_or_project_course
"AI–Blockchain Integration: Overview, need, and",making and automation using AI agents in,2166118,Blockchain,SEM-V.pdf,0.3939,7,1,0.1818,1,truncated_fragment,truncated_fragment
(2) Solve any three questions out of five,questions covering all,2165113,Agile Software,SEM-V.pdf,0.5402,9,1,0.1,0,admin_rubric_noise,admin_rubric_noise
with a suitable example for each,pi as per requirement,2166121,Internet of Things,SEM-V.pdf,0.2059,12,1,0.0,0,truncated_fragment,truncated_fragment
dynamic programming,Implement Travelling salesman problem,2343115,ADSA Lab,6.34-N-B.E.-Information-Technology-Sem-III-IV.pdf,0.4831,13,1,0.0,0,lab_or_project_course,lab_or_project_course
Implement N-Queen's problem using Back Tracking,Implement Travelling salesman problem,2343115,ADSA Lab,6.34-N-B.E.-Information-Technology-Sem-III-IV.pdf,0.3541,9,1,0.2,0,lab_or_project_course,lab_or_project_course
Implement simple Calculator,the execution of the Functional Implementation,2344411,Mini-Project -,6.34-N-B.E.-Information-Technology-Sem-III-IV.pdf,0.2266,2,1,0.0,1,truncated_fragment,truncated_fragment; lab_or_project_course
Overview of data analytics,modelling Creating new features from existing data,2166120,Visualization Lab,SEM-V.pdf,0.1835,12,1,0.1,0,lab_or_project_course,lab_or_project_course
Linear Algebra (Theory of Matrices) verification and reduction of higher degree polynomials,NLPP with one and two equality constraint (two or,2013111,Mathematics for,6.20N-B.E.-AI-DS.-Sem-III-IV.pdf,0.0645,12,1,0.0556,0,truncated_fragment,truncated_fragment
function with period2  and2l,Fourier series of even and odd functions (simple functions,2343111,Applied,6.34-N-B.E.-Information-Technology-Sem-III-IV.pdf,0.3431,1,1,0.0,1,truncated_fragment,truncated_fragment
Knowledge Base having multiple facts and rules,activity of a mini,2344411,Mini-Project -,6.34-N-B.E.-Information-Technology-Sem-III-IV.pdf,0.0051,14,1,0.0,0,lab_or_project_course,lab_or_project_course
Self-learning Topics: Image reconstruction,from projections,2166117,Digital Imaging,SEM-V.pdf,0.4125,1,1,0.0,1,admin_rubric_noise,admin_rubric_noise; truncated_fragment
Self-learning Topics: Study of any three different OS,Features of I/O facility for different OS,2344112,Operating System,6.34-N-B.E.-Information-Technology-Sem-III-IV.pdf,0.4112,14,1,0.2143,0,admin_rubric_noise,admin_rubric_noise
Term Work Marks: 25 Marks (Total marks) = 15 Marks (Experiment) + 5 Marks (Assignments),MQTT.(using paho library),2166121,Internet of Things,SEM-V.pdf,0.0575,10,1,0.0,0,admin_rubric_noise,admin_rubric_noise; tool_fragment; subject_mismatch
"and Benefits, DevOps Principles and Practices","based DevOps tools, and real",2165113,Agile Software,SEM-V.pdf,0.7446,8,1,0.25,1,truncated_fragment,truncated_fragment
Smart City (Parking or Waste Management),Practical & Oral Exam: An Oral & Practical exam will be held based on the above syllabus,2166121,Internet of Things,SEM-V.pdf,0.0389,11,1,0.0,0,length_bound,length_bound; admin_rubric_noise
"Dirichlet’s conditions, Definition of Fourier series and","orthogonal and orthonormal set of functions, Fourier",2343111,Applied,6.34-N-B.E.-Information-Technology-Sem-III-IV.pdf,0.4846,7,1,0.25,1,publisher_citation,publisher_citation; truncated_fragment
Error Detection & Correction: basic concept,Reject ARQ (Simple Problems),2344113,Computer Network,6.34-N-B.E.-Information-Technology-Sem-III-IV.pdf,0.2148,9,1,0.0,0,subject_mismatch,subject_mismatch
Full functioning of working model as per stated requirements,Effective use of standard engineering norms,2344411,Mini-Project -,6.34-N-B.E.-Information-Technology-Sem-III-IV.pdf,0.274,2,1,0.0714,1,lab_or_project_course,lab_or_project_course
Java SE concepts: JVM,Data management,2343611,Mini-Project - Full,6.34-N-B.E.-Information-Technology-Sem-III-IV.pdf,0.2722,9,1,0.0,0,lab_or_project_course,lab_or_project_course
Functions ofSquare Matrix,Theorem to evaluate realintegrations,2344111,Applied,6.34-N-B.E.-Information-Technology-Sem-III-IV.pdf,0.0648,4,1,0.0,0,truncated_fragment,truncated_fragment
regression line and equation. Assumptions of linear,Residual analysis,2166120,Visualization Lab,SEM-V.pdf,0.3923,2,1,0.0,1,lab_or_project_course,lab_or_project_course
Tutorial on working of SWI Prolog Environment,Prolog programs to,2344411,Mini-Project -,6.34-N-B.E.-Information-Technology-Sem-III-IV.pdf,0.7335,3,1,0.1111,1,truncated_fragment,truncated_fragment; lab_or_project_course
"AI–Blockchain Integration: Overview, need, and",Models on Blockchain: decentralized AI,2166118,Blockchain,SEM-V.pdf,0.6573,2,1,0.2222,1,truncated_fragment,truncated_fragment
"learning topics: Total probability theorem, Bayes’","theorem, Skewness and Kurtosis of distribution (data)",2343111,Applied,6.34-N-B.E.-Information-Technology-Sem-III-IV.pdf,0.2731,1,1,0.0833,1,publisher_citation,publisher_citation
Time Series Analysis,Types of time series: univariate and multivariate,2166120,Visualization Lab,SEM-V.pdf,0.5231,1,1,0.25,1,lab_or_project_course,lab_or_project_course
Control Statements,View: User interface,2343611,Mini-Project - Full,6.34-N-B.E.-Information-Technology-Sem-III-IV.pdf,0.2134,8,1,0.0,0,lab_or_project_course,lab_or_project_course
Implementation of Bellman-Ford algorithm,Implement Rabin-Karp algorithm,2343115,ADSA Lab,6.34-N-B.E.-Information-Technology-Sem-III-IV.pdf,0.4071,5,1,0.125,1,lab_or_project_course,lab_or_project_course
the execution of the Functional Implementation,and basic understanding of facts and rules,2344411,Mini-Project -,6.34-N-B.E.-Information-Technology-Sem-III-IV.pdf,0.1837,3,1,0.1,0,truncated_fragment,truncated_fragment; lab_or_project_course
Backtracking and Maximum flow Networks,Implement Naïve string matching algorithm,2343115,ADSA Lab,6.34-N-B.E.-Information-Technology-Sem-III-IV.pdf,0.1109,12,1,0.0,0,lab_or_project_course,lab_or_project_course
Students shall be motivated to publish a paper based on the work in Conferences/students competitions,List of Sample Capstone Mini,2344411,Mini-Project -,6.34-N-B.E.-Information-Technology-Sem-III-IV.pdf,0.0421,1,1,0.0,0,admin_rubric_noise,admin_rubric_noise; subject_mismatch; lab_or_project_course
Marks awarded by guide/supervisor based on above practical list and,Two reviews will be conducted for continuous assessment,2344411,Mini-Project -,6.34-N-B.E.-Information-Technology-Sem-III-IV.pdf,0.2678,11,1,0.0,0,truncated_fragment,truncated_fragment; subject_mismatch; lab_or_project_course
Students must be able to learn to query it and,"A log book to be prepared by each group, wherein the group can record weekly work progress, and the",2344411,Mini-Project -,6.34-N-B.E.-Information-Technology-Sem-III-IV.pdf,0.3138,14,1,0.1304,0,admin_rubric_noise,admin_rubric_noise; truncated_fragment; length_bound; publisher_citation; subject_mismatch; lab_or_project_course
Self- learning Topics: Different feature engineering,Self- learning Topics: Explore Advance Regression,2166120,Visualization Lab,SEM-V.pdf,0.6435,11,1,0.3333,1,lab_or_project_course,lab_or_project_course
Medium Access Control,Scheduled Access (Reservation,2344113,Computer Network,6.34-N-B.E.-Information-Technology-Sem-III-IV.pdf,0.3272,1,1,0.2,1,truncated_fragment,truncated_fragment
Structure of a switch,Reject ARQ (Simple Problems),2344113,Computer Network,6.34-N-B.E.-Information-Technology-Sem-III-IV.pdf,0.0047,14,1,0.0,0,subject_mismatch,subject_mismatch
Implement Merge sort and Quicksort for the given list of,Implementation of hash functions and its associated,2343115,ADSA Lab,6.34-N-B.E.-Information-Technology-Sem-III-IV.pdf,0.1585,4,1,0.1333,0,truncated_fragment,truncated_fragment; subject_mismatch; lab_or_project_course
Draw and explain the IoT World Forum (IoTWF) Reference Architecture,Identify and analyze common vulnerabilities in IoT systems. Suggest techniques for,2166121,Internet of Things,SEM-V.pdf,0.3436,8,1,0.1053,1,truncated_fragment,truncated_fragment
"launching an ICO, pros and cons, evolution and",Emerging trends,2166118,Blockchain,SEM-V.pdf,0.3622,9,1,0.0,0,truncated_fragment,truncated_fragment; generic_lone_term
Implementation of Ford-Fulkerson algorithm,Implement Naïve string matching algorithm,2343115,ADSA Lab,6.34-N-B.E.-Information-Technology-Sem-III-IV.pdf,0.1973,6,1,0.1111,0,lab_or_project_course,lab_or_project_course
Self-learning Topics: Security Policies,Block Ciphers,2166114,Security,SEM-V.pdf,0.187,3,1,0.0,0,admin_rubric_noise,admin_rubric_noise
Backend: Java,Introduction to Java EE- Need for Java EE in enterprise applications,2343611,Mini-Project - Full,6.34-N-B.E.-Information-Technology-Sem-III-IV.pdf,0.612,12,1,0.1,1,lab_or_project_course,lab_or_project_course
learning Topics: Complex form of Fourier Series,Kar lPearson’s Coefficient of correlation(r) Spearman’s,2343111,Applied,6.34-N-B.E.-Information-Technology-Sem-III-IV.pdf,0.1628,12,1,0.0714,0,publisher_citation,publisher_citation
Project Report,Term Work Marks: 50 Marks (Total marks) = 10 Marks (Experiment) + 5 Marks (Assignments) + 30 Marks (Capstone,2344411,Mini-Project -,6.34-N-B.E.-Information-Technology-Sem-III-IV.pdf,0.268,1,1,0.0,1,person_name,person_name; length_bound; admin_rubric_noise; truncated_fragment; subject_mismatch; lab_or_project_course
Self-learning Topics: Various Network Performance,Self-learning Topics: Applications of AI in Edge,2166124,Edge Computing,SEM-V.pdf,0.6811,8,1,0.2727,1,admin_rubric_noise,admin_rubric_noise
"orthogonal and orthonormal set of functions, Fourier",Thomson method to determine analytic function,2343111,Applied,6.34-N-B.E.-Information-Technology-Sem-III-IV.pdf,0.1955,4,1,0.0,0,publisher_citation,publisher_citation; subject_mismatch
Implement any 3 sample programs in Dart based on,"students, as it is a group activity",2344411,Mini-Project -,6.34-N-B.E.-Information-Technology-Sem-III-IV.pdf,0.119,5,1,0.0,0,truncated_fragment,truncated_fragment; lab_or_project_course
Types of data: structured,Importance of data cleaning and preparation Handling,2166120,Visualization Lab,SEM-V.pdf,0.3776,7,1,0.2222,1,lab_or_project_course,lab_or_project_course
Models on Blockchain: decentralized AI,"Dr. Asharaf S. & Sivadas Neelima, “Blockchain Technology: Algorithms and",2166118,Blockchain,SEM-V.pdf,0.5971,12,1,0.0769,0,publisher_citation,publisher_citation; truncated_fragment
"automation tools such as Selenium, Cypress","DevOps: Introduction, DevOps - Importance",2165113,Agile Software,SEM-V.pdf,0.2401,2,1,0.0,1,tool_fragment,tool_fragment
Spring Boot: Modern development trends. MVC in Java Web,"HTML 5, CSS 3 with Bootstrap HTML Basics & Structure: Learn HTML5 structure, semantic",2343611,Mini-Project - Full,6.34-N-B.E.-Information-Technology-Sem-III-IV.pdf,0.2671,1,1,0.0,1,lab_or_project_course,lab_or_project_course
"Ritesh Modi, Solidity Programming Essentials: A Beginner's Guide to Build Smart","Smart Contracts” ,Packt Publishing",2166118,Blockchain,SEM-V.pdf,0.2931,3,1,0.0667,0,publisher_citation,publisher_citation
Outlier Detection using,Outlier Detection using Distance based method,2166120,Visualization Lab,SEM-V.pdf,0.8051,1,1,0.5,1,lab_or_project_course,lab_or_project_course
Societal impact,Oriented Programming (OOP),2344411,Mini-Project -,6.34-N-B.E.-Information-Technology-Sem-III-IV.pdf,0.0354,13,1,0.0,0,lab_or_project_course,lab_or_project_course
CSS3 Fundamentals: Explore CSS syntax,Back-end development with Java Spring Boot introduction- What is Spring Framework? Why Spring Boot?,2343611,Mini-Project - Full,6.34-N-B.E.-Information-Technology-Sem-III-IV.pdf,0.1014,9,1,0.0,0,lab_or_project_course,lab_or_project_course
Implement KMP algorithm,"Introduction to Algorithms Cormen, Leiserson, Rivest, Stein PHI 3rd Edition",2343115,ADSA Lab,6.34-N-B.E.-Information-Technology-Sem-III-IV.pdf,0.3071,4,1,0.0,1,publisher_citation,publisher_citation; lab_or_project_course
"HTML 5, CSS 3 with Bootstrap HTML Basics & Structure: Learn HTML5 structure, semantic",adding images to,2343611,Mini-Project - Full,6.34-N-B.E.-Information-Technology-Sem-III-IV.pdf,0.1351,9,1,0.0,0,truncated_fragment,truncated_fragment; lab_or_project_course
guide/supervisor can verify and record notes/comments,solution in consultation with the guide/ supervisor,2344411,Mini-Project -,6.34-N-B.E.-Information-Technology-Sem-III-IV.pdf,0.5547,4,1,0.1538,1,subject_mismatch,subject_mismatch; lab_or_project_course
"Differentiate between wired (UART, SPI, I²C) and wireless (NFC, RFID, Bluetooth","Fi) communication technologies based on range, power, and topology",2166121,Internet of Things,SEM-V.pdf,0.3826,1,1,0.0526,1,truncated_fragment,truncated_fragment
"Analytic function, necessary and sufficient conditions for","polar coordinates, conformal mapping, linear, bilinear",2343111,Applied,6.34-N-B.E.-Information-Technology-Sem-III-IV.pdf,0.199,8,1,0.0,0,truncated_fragment,truncated_fragment; subject_mismatch
The programs must be based on creating a,"Students shall form a group of 3 to 4 students, and a group shall not be allowed less than three or more than four",2344411,Mini-Project -,6.34-N-B.E.-Information-Technology-Sem-III-IV.pdf,0.2739,10,1,0.08,0,length_bound,length_bound; admin_rubric_noise; subject_mismatch; lab_or_project_course
modelling Creating new features from existing data,Extension of simple linear,2166120,Visualization Lab,SEM-V.pdf,0.0058,9,1,0.0,0,subject_mismatch,subject_mismatch; lab_or_project_course
CSS3 Fundamentals: Explore CSS syntax,Features of Spring Boot: Auto-configuration,2343611,Mini-Project - Full,6.34-N-B.E.-Information-Technology-Sem-III-IV.pdf,0.1022,10,1,0.0,0,lab_or_project_course,lab_or_project_course
Tutorial on Introduction to Haskell programming,Sample Programs but not limited to,2344411,Mini-Project -,6.34-N-B.E.-Information-Technology-Sem-III-IV.pdf,0.238,5,1,0.0909,0,truncated_fragment,truncated_fragment; lab_or_project_course
Fourier series of periodic,Poisson Distribution,2013111,Mathematics for,6.20N-B.E.-AI-DS.-Sem-III-IV.pdf,0.1872,14,1,0.0,0,truncated_fragment,truncated_fragment
o Identification of need/problem,"Second shall be for the implementation, testing and validation of solution",2344411,Mini-Project -,6.34-N-B.E.-Information-Technology-Sem-III-IV.pdf,0.2861,6,1,0.0667,0,lab_or_project_course,lab_or_project_course
"Ashwani Kumar,”Hyperledger Fabric In","Dr. Vaibhav Agrawal, Practical Artificial Intelligence and Blockchain, BPB Publications",2166118,Blockchain,SEM-V.pdf,0.3174,3,1,0.0,0,publisher_citation,publisher_citation; truncated_fragment
Self-learning Topics: Study of any three different OS,Selection of Scheduling,2344112,Operating System,6.34-N-B.E.-Information-Technology-Sem-III-IV.pdf,0.1614,4,1,0.0909,0,admin_rubric_noise,admin_rubric_noise; truncated_fragment
@RestController vs. @Controller,Service layer responsibilities,2343611,Mini-Project - Full,6.34-N-B.E.-Information-Technology-Sem-III-IV.pdf,0.2078,1,1,0.0,1,lab_or_project_course,lab_or_project_course
"Harmonic function, Harmonic conjugate, and orthogonal","mapping,  cross  ratio,  fixed  points,  and  standard",2343111,Applied,6.34-N-B.E.-Information-Technology-Sem-III-IV.pdf,0.0348,4,1,0.0909,0,person_name,person_name
Interfacing Soil Moisture Sensor with any board and Uploading Data to,ThingSpeak Cloud. OR on AWS cloud,2166121,Internet of Things,SEM-V.pdf,0.3363,1,1,0.0,1,truncated_fragment,truncated_fragment; tool_fragment
NLPP with one and two equality constraint (two or,Modular Arithmetic,2013111,Mathematics for,6.20N-B.E.-AI-DS.-Sem-III-IV.pdf,0.0368,4,1,0.0,0,truncated_fragment,truncated_fragment
"like Supply chain, Healthcare, Energy, Education",learning Topics: Case Studies on AI in,2166118,Blockchain,SEM-V.pdf,0.1438,5,1,0.0,0,person_name,person_name; truncated_fragment
"learning implementation of concurrency, Streams",Faculty supervisor may give inputs to students during the mini project activity,2344411,Mini-Project -,6.34-N-B.E.-Information-Technology-Sem-III-IV.pdf,0.1067,11,1,0.0,0,lab_or_project_course,lab_or_project_course
Control Statements,Packages and Import statements,2343611,Mini-Project - Full,6.34-N-B.E.-Information-Technology-Sem-III-IV.pdf,0.2883,2,1,0.2,1,person_name,person_name; lab_or_project_course
Project Practical/Oral Examination,experience of more than five years approved by head of Institution,2344411,Mini-Project -,6.34-N-B.E.-Information-Technology-Sem-III-IV.pdf,0.2293,3,1,0.0,0,admin_rubric_noise,admin_rubric_noise; publisher_citation; subject_mismatch; lab_or_project_course
A total of Four questions need to be answered,Note for QP Setters,2165113,Agile Software,SEM-V.pdf,0.1339,12,1,0.0,0,admin_rubric_noise,admin_rubric_noise; subject_mismatch
At least Four Haskell Programs to demonstrate,natural numbers that use a predefined add function,2344411,Mini-Project -,6.34-N-B.E.-Information-Technology-Sem-III-IV.pdf,0.2403,13,1,0.0,0,subject_mismatch,subject_mismatch; lab_or_project_course
based consensus is used,Letter Grade Result,2166126,Blockchain,SEM-V.pdf,0.0585,4,1,0.0,0,truncated_fragment,truncated_fragment; admin_rubric_noise
Self-learning Topics: Security Policies,and Frameworks,2166114,Security,SEM-V.pdf,0.2081,1,1,0.0,1,admin_rubric_noise,admin_rubric_noise; person_name; truncated_fragment
(b) must be from any other Module randomly selected from all the modules),Part (a) and Part (b) of each question must be from different,2165113,Agile Software,SEM-V.pdf,0.308,10,1,0.2105,0,truncated_fragment,truncated_fragment; subject_mismatch
Full Stack Developer Roles & Skills,Real-world,2343611,Mini-Project - Full,6.34-N-B.E.-Information-Technology-Sem-III-IV.pdf,0.0125,7,1,0.0,0,lab_or_project_course,lab_or_project_course
Detailed Content,Object Oriented,2344411,Mini-Project -,6.34-N-B.E.-Information-Technology-Sem-III-IV.pdf,0.2219,4,1,0.0,0,person_name,person_name; lab_or_project_course
group to a panel of Internal and External Examiners preferably from industry or research organisations having,experience of more than five years approved by head of Institution,2344411,Mini-Project -,6.34-N-B.E.-Information-Technology-Sem-III-IV.pdf,0.255,1,1,0.04,1,length_bound,length_bound; publisher_citation; subject_mismatch; lab_or_project_course
"Craig Larman, Agile and Iterative Development: A Manager’s Guide, Addison",will be compulsory and should cover maximum contents of the syllabus,2165113,Agile Software,SEM-V.pdf,0.0908,12,1,0.0476,0,publisher_citation,publisher_citation; admin_rubric_noise
repeated and non-repeated ranks),Lines of regression,2013111,Mathematics for,6.20N-B.E.-AI-DS.-Sem-III-IV.pdf,0.1026,1,1,0.0,0,person_name,person_name; truncated_fragment
"Use map, reduce, filter extensively",Do List Manager (Scala or Elixir),2344411,Mini-Project -,6.34-N-B.E.-Information-Technology-Sem-III-IV.pdf,0.2901,1,1,0.0,1,lab_or_project_course,lab_or_project_course
encouraged to explore these topics for a better understanding of the subject,"Higher Engineering Mathematics, Dr. B.S. Grewal, Khanna Publication",2343111,Applied,6.34-N-B.E.-Information-Technology-Sem-III-IV.pdf,0.2873,2,1,0.0,1,publisher_citation,publisher_citation
Q2: List the basic components of a Solidity smart contract,Q2: Explain the double spending problem in blockchain,2166126,Blockchain,SEM-V.pdf,0.2387,8,1,0.125,0,admin_rubric_noise,admin_rubric_noise
Fourier series of even and odd functions,repeated and non-repeated ranks),2013111,Mathematics for,6.20N-B.E.-AI-DS.-Sem-III-IV.pdf,-0.0455,6,1,0.1,0,person_name,person_name; truncated_fragment
a. Family Tree Generator (Prolog),"Define relations like parent, sibling, cousin using rules",2344411,Mini-Project -,6.34-N-B.E.-Information-Technology-Sem-III-IV.pdf,0.4224,1,1,0.0,1,lab_or_project_course,lab_or_project_course
Practical & Oral Exam: An Oral & Practical exam will be held based on the above syllabus,Based Light Intensity Monitoring System using LDR and any,2166121,Internet of Things,SEM-V.pdf,0.0097,6,1,0.05,0,length_bound,length_bound; admin_rubric_noise; truncated_fragment
Python Libraries: NumPy,Concept of dependent and independent variables. The,2166120,Visualization Lab,SEM-V.pdf,0.0733,12,1,0.0,0,truncated_fragment,truncated_fragment; lab_or_project_course
"Compare cloud service models (IaaS, PaaS, SaaS) in the context of IoT analytics and",pi as per requirement,2166121,Internet of Things,SEM-V.pdf,0.1064,11,1,0.0,0,truncated_fragment,truncated_fragment
"learning Topics: CI/CD pipelines, cloud",Mike Cohn – Agile Estimating and Planning (Pearson),2165113,Agile Software,SEM-V.pdf,0.2438,11,1,0.0,0,publisher_citation,publisher_citation
"platforms, STO, Different Crypto currencies, Defi",case studies,2166118,Blockchain,SEM-V.pdf,0.1566,10,1,0.0,0,generic_lone_term,generic_lone_term
Self- learning Topics: Anomaly detection in high-volume,Time Series Analysis,2166120,Visualization Lab,SEM-V.pdf,0.1988,1,1,0.0,0,lab_or_project_course,lab_or_project_course
Selection of Scheduling,Algorithms  for  different  situations,2344112,Operating System,6.34-N-B.E.-Information-Technology-Sem-III-IV.pdf,0.4562,1,1,0.0,1,truncated_fragment,truncated_fragment
Letter Grades and Grade Points,CGPA Semester/ Programme,2166126,Blockchain,SEM-V.pdf,0.3559,2,1,0.0,1,person_name,person_name; admin_rubric_noise
Demonstrate Compilation and interpretation stages,"to students for C, C++, JAVA along with how to",2344411,Mini-Project -,6.34-N-B.E.-Information-Technology-Sem-III-IV.pdf,0.3751,1,1,0.0,1,person_name,person_name; truncated_fragment; lab_or_project_course
using Haskell,Tutorial on working of SWI Prolog Environment,2344411,Mini-Project -,6.34-N-B.E.-Information-Technology-Sem-III-IV.pdf,0.3082,1,1,0.0,1,truncated_fragment,truncated_fragment; lab_or_project_course
project as mentioned in general guidelines,First shall be for the finalisation of problem and proposed solution,2344411,Mini-Project -,6.34-N-B.E.-Information-Technology-Sem-III-IV.pdf,0.4357,7,1,0.0,0,lab_or_project_course,lab_or_project_course
involving ordinary differential equations (up to 2nd order,Fourier Series,2343111,Applied,6.34-N-B.E.-Information-Technology-Sem-III-IV.pdf,0.1613,5,1,0.0,0,truncated_fragment,truncated_fragment; subject_mismatch
(b) must be from any other Module randomly selected from all the modules),(2) Solve any three questions out of five,2165113,Agile Software,SEM-V.pdf,0.2561,8,1,0.0526,0,truncated_fragment,truncated_fragment; admin_rubric_noise; subject_mismatch
Students must be able to learn to query it and,Concurrency and,2344411,Mini-Project -,6.34-N-B.E.-Information-Technology-Sem-III-IV.pdf,0.2015,2,1,0.1,1,admin_rubric_noise,admin_rubric_noise; truncated_fragment; lab_or_project_course
Faculty supervisor may give inputs to students during the mini project activity,"Students in a group shall understand the problem effectively, propose multiple solutions, and select the best possible",2344411,Mini-Project -,6.34-N-B.E.-Information-Technology-Sem-III-IV.pdf,0.3984,2,1,0.0769,1,length_bound,length_bound; admin_rubric_noise; lab_or_project_course
Full functioning of working model as per stated requirements,Effective use of skill sets,2344411,Mini-Project -,6.34-N-B.E.-Information-Technology-Sem-III-IV.pdf,0.2132,1,1,0.0769,1,lab_or_project_course,lab_or_project_course
distinct numbers using backtracking,Implement KMP algorithm,2343115,ADSA Lab,6.34-N-B.E.-Information-Technology-Sem-III-IV.pdf,0.1426,11,1,0.0,0,lab_or_project_course,lab_or_project_course
Anomaly detection techniques,Outlier Detection using Distance based method,2166120,Visualization Lab,SEM-V.pdf,0.6354,2,1,0.125,1,lab_or_project_course,lab_or_project_course
application. Properties,Running your first Spring Boot application,2343611,Mini-Project - Full,6.34-N-B.E.-Information-Technology-Sem-III-IV.pdf,0.1824,1,1,0.1429,0,lab_or_project_course,lab_or_project_course
"Include problem definition, architecture, components used, and expected outcomes",Term Work:  Term Work shall consist of at least 10 to 12 practicals’ based on the above list. Also,2166121,Internet of Things,SEM-V.pdf,0.3573,4,1,0.0,1,length_bound,length_bound; publisher_citation; admin_rubric_noise
YouTube videos and Kaggle datasets for,for Data Scientists”,2165111,Statistics for,SEM-V.pdf,0.2777,4,1,0.125,0,person_name,person_name; truncated_fragment; publisher_citation
Q2: List the basic components of a Solidity smart contract,Q2: What is the role of MSPs in Hyperledger Fabric?,2166126,Blockchain,SEM-V.pdf,0.1287,4,1,0.1765,0,admin_rubric_noise,admin_rubric_noise
Implement Hamiltonian cycles,Dynamic Algorithms,2343115,ADSA Lab,6.34-N-B.E.-Information-Technology-Sem-III-IV.pdf,0.3462,2,1,0.0,1,lab_or_project_course,lab_or_project_course
application. Properties,controller methods,2343611,Mini-Project - Full,6.34-N-B.E.-Information-Technology-Sem-III-IV.pdf,0.2207,7,1,0.0,0,lab_or_project_course,lab_or_project_course
Interfacing LED/Buzzer/ Motion Sensor (PIR)/ ultrasonic sensor using a,Based Interface via any board,2166121,Internet of Things,SEM-V.pdf,0.2186,1,1,0.0,1,truncated_fragment,truncated_fragment
scripting essentials for automating tasks,Designing basic edge and fog architectures for,2166124,Edge Computing,SEM-V.pdf,0.1042,5,1,0.0909,0,truncated_fragment,truncated_fragment
Data types,Exception Handling Basics,2343611,Mini-Project - Full,6.34-N-B.E.-Information-Technology-Sem-III-IV.pdf,0.1563,4,1,0.0,0,subject_mismatch,subject_mismatch; lab_or_project_course
pi as per requirement,Term work Journal must include at least 2 assignments,2166121,Internet of Things,SEM-V.pdf,0.2165,2,1,0.0,1,admin_rubric_noise,admin_rubric_noise; subject_mismatch
"A log book to be prepared by each group, wherein the group can record weekly work progress, and the",guide/supervisor can verify and record notes/comments,2344411,Mini-Project -,6.34-N-B.E.-Information-Technology-Sem-III-IV.pdf,0.2545,1,1,0.1364,1,length_bound,length_bound; publisher_citation; truncated_fragment; subject_mismatch; lab_or_project_course
Reference Books,1/blob/master/book/Practical%20DevOps.pdf,2165113,Agile Software,SEM-V.pdf,0.3779,8,1,0.0,0,person_name,person_name
"role of sensors, actuators, and IoT boards such as Arduino, NodeMCU, and",transfer. Include message structure and use cases,2166121,Internet of Things,SEM-V.pdf,0.0709,7,1,0.0588,0,tool_fragment,tool_fragment; truncated_fragment
Max. Marks,"Question 1 is compulsory, and it should include sub",2165113,Agile Software,SEM-V.pdf,0.1199,10,1,0.0,0,admin_rubric_noise,admin_rubric_noise
Preferably in C++ to demonstrate concepts like,Run Time,2344411,Mini-Project -,6.34-N-B.E.-Information-Technology-Sem-III-IV.pdf,0.0796,4,1,0.0,0,lab_or_project_course,lab_or_project_course
YouTube videos and Kaggle datasets for,Self-learning Topics: Explore bootstrapping,2165111,Statistics for,SEM-V.pdf,0.2745,2,1,0.0,1,person_name,person_name; truncated_fragment; admin_rubric_noise
Internal Assessment (IA) for 20 marks,and remaining 40% to 50% of syllabus content must be covered in Second IA Test,2165113,Agile Software,SEM-V.pdf,0.5416,3,1,0.05,1,admin_rubric_noise,admin_rubric_noise; truncated_fragment
natural numbers that use a predefined add function,and basic understanding of facts and rules,2344411,Mini-Project -,6.34-N-B.E.-Information-Technology-Sem-III-IV.pdf,0.0862,8,1,0.0,0,truncated_fragment,truncated_fragment; subject_mismatch; lab_or_project_course
Q1: Differentiate between private and consortium blockchains,Q3: List two common security threats in blockchain and their mitigation strategies,2166126,Blockchain,SEM-V.pdf,0.4201,6,1,0.0556,0,admin_rubric_noise,admin_rubric_noise
Standard Ethernet,Self-Study Topics,2344113,Computer Network,6.34-N-B.E.-Information-Technology-Sem-III-IV.pdf,-0.0353,4,1,0.0,0,generic_lone_term,generic_lone_term; admin_rubric_noise
Nondeterministic Finite Automata (NFA): Definitions,output: Moore and Mealy machines,2014111,Computational,6.20N-B.E.-AI-DS.-Sem-III-IV.pdf,0.1965,5,1,0.0,0,person_name,person_name
"and Benefits, DevOps Principles and Practices","learning Topics: CI/CD pipelines, cloud",2165113,Agile Software,SEM-V.pdf,0.3671,7,1,0.0,1,truncated_fragment,truncated_fragment
energy optimization,Applications and variants,2166115,Nature-,SEM-V.pdf,0.2066,2,1,0.0,1,person_name,person_name; generic_lone_term; truncated_fragment
adding images to,form elements (text fields,2343611,Mini-Project - Full,6.34-N-B.E.-Information-Technology-Sem-III-IV.pdf,0.1135,4,1,0.0,0,truncated_fragment,truncated_fragment; lab_or_project_course
Implement Travelling salesman problem,Implement KMP algorithm,2343115,ADSA Lab,6.34-N-B.E.-Information-Technology-Sem-III-IV.pdf,0.4358,4,1,0.1667,0,lab_or_project_course,lab_or_project_course
Token Passing),IEEE 802.11 Wireless LAN,2344113,Computer Network,6.34-N-B.E.-Information-Technology-Sem-III-IV.pdf,-0.0279,12,1,0.0,0,truncated_fragment,truncated_fragment
1/blob/master/book/Practical%20DevOps.pdf,A total of Four questions need to be answered,2165113,Agile Software,SEM-V.pdf,0.1765,11,1,0.0,0,admin_rubric_noise,admin_rubric_noise
Java SE concepts: JVM,Introduction to OOP- Basic of,2343611,Mini-Project - Full,6.34-N-B.E.-Information-Technology-Sem-III-IV.pdf,0.2989,3,1,0.0,1,truncated_fragment,truncated_fragment; lab_or_project_course
University of Mumbai,Date of Exam,2165113,Agile Software,SEM-V.pdf,0.2255,2,1,0.2,1,admin_rubric_noise,admin_rubric_noise
"role of sensors, actuators, and IoT boards such as Arduino, NodeMCU, and","Compare cloud service models (IaaS, PaaS, SaaS) in the context of IoT analytics and",2166121,Internet of Things,SEM-V.pdf,0.2492,14,1,0.1364,0,tool_fragment,tool_fragment; truncated_fragment
function and odds ratio Model fitting and interpretation,Outlier detection using density-based methods for real time,2166120,Visualization Lab,SEM-V.pdf,0.0533,10,1,0.0,0,lab_or_project_course,lab_or_project_course
techniques to improve model performance,Regression Model Evaluation,2166120,Visualization Lab,SEM-V.pdf,0.4529,1,1,0.1429,1,lab_or_project_course,lab_or_project_course
Students can Use Any Board such as Arduino/ Node MCU/ ESP32/ R,Python program for communication between clients based on,2166121,Internet of Things,SEM-V.pdf,0.1374,13,1,0.0,0,tool_fragment,tool_fragment; admin_rubric_noise; truncated_fragment
Self-learning Topics: Ontologies and Semantic Web,introductory overview and comparison,2165112,Artificial,SEM-V.pdf,0.3469,3,1,0.1,0,admin_rubric_noise,admin_rubric_noise; person_name
Suggested List of Experiments,Run Time,2344411,Mini-Project -,6.34-N-B.E.-Information-Technology-Sem-III-IV.pdf,0.0608,11,1,0.0,0,admin_rubric_noise,admin_rubric_noise; lab_or_project_course
RESTful API development- What is REST? REST vs. SOAP,RESTful API Design principles,2343611,Mini-Project - Full,6.34-N-B.E.-Information-Technology-Sem-III-IV.pdf,0.6331,2,1,0.2,1,lab_or_project_course,lab_or_project_course
Text Books,Online References,2165113,Agile Software,SEM-V.pdf,0.4168,14,1,0.0,0,person_name,person_name
"only, piecewise continuous function not to be included)",Kar lPearson’s Coefficient of correlation(r) Spearman’s,2343111,Applied,6.34-N-B.E.-Information-Technology-Sem-III-IV.pdf,-0.047,14,1,0.0,0,truncated_fragment,truncated_fragment; publisher_citation
(1)Question 1 is compulsory,(2) Solve any three questions out of five,2165113,Agile Software,SEM-V.pdf,0.5197,1,1,0.0,1,admin_rubric_noise,admin_rubric_noise
"based DevOps tools, and real",on DevOps adoption and automation practices,2165113,Agile Software,SEM-V.pdf,0.6855,2,1,0.2222,1,truncated_fragment,truncated_fragment
Basic and Feasible solutions,Introduction to Congruence,2013111,Mathematics for,6.20N-B.E.-AI-DS.-Sem-III-IV.pdf,0.1335,9,1,0.0,0,person_name,person_name
Types of solutions,NLPP with one and two equality constraint (two or,2013111,Mathematics for,6.20N-B.E.-AI-DS.-Sem-III-IV.pdf,0.2067,6,1,0.0,0,truncated_fragment,truncated_fragment
"Roger Pressman, Software Engineering: A Practitioner's Approach, 6th edition, McGraw",Reference Books,2165113,Agile Software,SEM-V.pdf,0.2317,7,1,0.0,0,publisher_citation,publisher_citation; person_name
Concurrency and,guide/supervisor can verify and record notes/comments,2344411,Mini-Project -,6.34-N-B.E.-Information-Technology-Sem-III-IV.pdf,0.1855,13,1,0.1111,0,truncated_fragment,truncated_fragment; subject_mismatch; lab_or_project_course
Spring Boot,Control Statements,2343611,Mini-Project - Full,6.34-N-B.E.-Information-Technology-Sem-III-IV.pdf,-0.0335,7,1,0.0,0,lab_or_project_course,lab_or_project_course
Parseval’s Identity (without proof) Fourier series of periodic,"only, piecewise continuous function not to be included)",2343111,Applied,6.34-N-B.E.-Information-Technology-Sem-III-IV.pdf,0.0382,3,1,0.0,0,publisher_citation,publisher_citation; truncated_fragment
"Introduction to Algorithms Cormen, Leiserson, Rivest, Stein PHI 3rd Edition",Data Structures and Algorithm Analysis in C++ Mark Allen Weiss Pearson 4th Edition,2343115,ADSA Lab,6.34-N-B.E.-Information-Technology-Sem-III-IV.pdf,0.6173,2,1,0.0455,1,publisher_citation,publisher_citation; lab_or_project_course
Q3: Differentiate between a blockchain and a traditional database,20 and ERC,2166126,Blockchain,SEM-V.pdf,-0.0215,14,1,0.1,0,admin_rubric_noise,admin_rubric_noise; person_name
Implement any 3 sample programs in Dart based on,Faculty supervisor may give inputs to students during the mini project activity,2344411,Mini-Project -,6.34-N-B.E.-Information-Technology-Sem-III-IV.pdf,0.1576,12,1,0.0,0,truncated_fragment,truncated_fragment; lab_or_project_course
"modules. For example, if Q.2 has part (a) from Module 3 then part",(b) must be from any other Module,2165113,Agile Software,SEM-V.pdf,0.5783,1,1,0.1111,1,subject_mismatch,subject_mismatch
question carrying five marks,"The question paper should contain six questions, each of 15 marks",2165113,Agile Software,SEM-V.pdf,0.6225,1,1,0.1538,1,admin_rubric_noise,admin_rubric_noise
Question Paper will comprise of a total of six questions each carrying 15  marks. Q.1,(b) must be from any other Module randomly selected from all the modules),2165113,Agile Software,SEM-V.pdf,0.2274,4,1,0.0,0,admin_rubric_noise,admin_rubric_noise; truncated_fragment; subject_mismatch
Control Statements,document spacing,2343611,Mini-Project - Full,6.34-N-B.E.-Information-Technology-Sem-III-IV.pdf,0.0503,14,1,0.0,0,lab_or_project_course,lab_or_project_course
Run Time,"handling and Garbage collection, preferably in",2344411,Mini-Project -,6.34-N-B.E.-Information-Technology-Sem-III-IV.pdf,0.0985,2,1,0.0,0,person_name,person_name; truncated_fragment; lab_or_project_course
o Quality of Project report & Project Review, In this case in students’ group shall complete project in all aspects including,2344411,Mini-Project -,6.34-N-B.E.-Information-Technology-Sem-III-IV.pdf,0.3055,3,1,0.0625,0,publisher_citation,publisher_citation; lab_or_project_course
Review/progress monitoring committee may consider following points for assessment based of the semester,First shall be for the finalisation of problem and proposed solution,2344411,Mini-Project -,6.34-N-B.E.-Information-Technology-Sem-III-IV.pdf,0.2076,8,1,0.1364,0,lab_or_project_course,lab_or_project_course
Avoid mutable data,"PIN check, balance enquiry, cash withdrawal, etc",2344411,Mini-Project -,6.34-N-B.E.-Information-Technology-Sem-III-IV.pdf,0.0936,12,1,0.0,0,truncated_fragment,truncated_fragment; subject_mismatch; lab_or_project_course
Students can Use Any Board such as Arduino/ Node MCU/ ESP32/ R,Interfacing a Temperature and Humidity Sensor (DHT11) with any,2166121,Internet of Things,SEM-V.pdf,0.0414,9,1,0.05,0,tool_fragment,tool_fragment; admin_rubric_noise
Tutorial on working of SWI Prolog Environment,Guidelines for Capstone Mini,2344411,Mini-Project -,6.34-N-B.E.-Information-Technology-Sem-III-IV.pdf,0.002,14,1,0.0,0,lab_or_project_course,lab_or_project_course
Term Work,Distribution of Term work marks for both semesters shall be as below,2344411,Mini-Project -,6.34-N-B.E.-Information-Technology-Sem-III-IV.pdf,0.5293,5,1,0.1667,1,person_name,person_name; admin_rubric_noise; truncated_fragment; subject_mismatch; lab_or_project_course
that adapt to different screen sizes and devices using media queries,and mobile-first design principles,2343611,Mini-Project - Full,6.34-N-B.E.-Information-Technology-Sem-III-IV.pdf,0.2762,2,1,0.0667,1,truncated_fragment,truncated_fragment; lab_or_project_course
Q1: Describe the Proof,Q2: Compare two blockchain platforms of your choice in terms of features and,2166126,Blockchain,SEM-V.pdf,0.2628,2,1,0.0,1,admin_rubric_noise,admin_rubric_noise; truncated_fragment
on Binary Search Tree and analyze space and time,Implement solution for job sequencing with deadlines,2343115,ADSA Lab,6.34-N-B.E.-Information-Technology-Sem-III-IV.pdf,0.1933,6,1,0.0,0,truncated_fragment,truncated_fragment; lab_or_project_course
Importance of data cleaning and preparation Handling,missing values and duplicates Data normalization and,2166120,Visualization Lab,SEM-V.pdf,0.3444,1,1,0.1818,1,truncated_fragment,truncated_fragment; lab_or_project_course
through Dart,and Isolates,2344411,Mini-Project -,6.34-N-B.E.-Information-Technology-Sem-III-IV.pdf,0.1957,3,1,0.0,0,truncated_fragment,truncated_fragment; person_name; lab_or_project_course
Super-Simple,and Robustness,2166115,Nature-,SEM-V.pdf,0.3276,4,1,0.0,0,person_name,person_name; truncated_fragment
Q2: Explain the double spending problem in blockchain,Q3: List two common security threats in blockchain and their mitigation strategies,2166126,Blockchain,SEM-V.pdf,0.5178,1,1,0.1111,1,admin_rubric_noise,admin_rubric_noise
"Functional for processing input (filters, parsers)",Event listeners for button presses,2344411,Mini-Project -,6.34-N-B.E.-Information-Technology-Sem-III-IV.pdf,0.1361,6,1,0.1,0,lab_or_project_course,lab_or_project_course
linking model and view,Spring Boot: Modern development trends. MVC in Java Web,2343611,Mini-Project - Full,6.34-N-B.E.-Information-Technology-Sem-III-IV.pdf,0.2213,1,1,0.0,1,lab_or_project_course,lab_or_project_course
Fourier series of periodic,Moment generating function,2013111,Mathematics for,6.20N-B.E.-AI-DS.-Sem-III-IV.pdf,0.1743,12,1,0.0,0,truncated_fragment,truncated_fragment
consensus mechanisms,20 and ERC,2166126,Blockchain,SEM-V.pdf,0.0682,10,1,0.0,0,person_name,person_name
Write a recursive function to multiply two,natural numbers that use a predefined add function,2344411,Mini-Project -,6.34-N-B.E.-Information-Technology-Sem-III-IV.pdf,0.4202,1,1,0.1538,1,subject_mismatch,subject_mismatch; lab_or_project_course
Prerequisite To study and explore Tinkercad Simulator,Any application of Blynk App,2166121,Internet of Things,SEM-V.pdf,0.1856,12,1,0.0,0,tool_fragment,tool_fragment
and navigation bars.React.js basics,application. Properties,2343611,Mini-Project - Full,6.34-N-B.E.-Information-Technology-Sem-III-IV.pdf,0.1097,10,1,0.0,0,person_name,person_name; truncated_fragment; lab_or_project_course
Q1: What is the role of Gas in Ethereum transactions?,Q2: What are AI,2166126,Blockchain,SEM-V.pdf,0.2525,12,1,0.0769,0,admin_rubric_noise,admin_rubric_noise
The Agile,Source Tools in DevOps,2165113,Agile Software,SEM-V.pdf,0.2424,14,1,0.0,0,truncated_fragment,truncated_fragment
Define rules and constraints to solve 9x9 Sudoku puzzle,"OOP for structuring code (User, Bot, ChatSession)",2344411,Mini-Project -,6.34-N-B.E.-Information-Technology-Sem-III-IV.pdf,0.0888,3,1,0.0,0,lab_or_project_course,lab_or_project_course
"ERC721 Tokens, ICO: basics and related terms","wallets, Cryptocurrency usage, Transactions in",2166118,Blockchain,SEM-V.pdf,0.2141,4,1,0.0,0,truncated_fragment,truncated_fragment
Mike Cohn – Agile Estimating and Planning (Pearson),"Craig Larman, Agile and Iterative Development: A Manager’s Guide, Addison",2165113,Agile Software,SEM-V.pdf,0.5711,4,1,0.125,1,publisher_citation,publisher_citation
"smart contracts, AI in Crypto Trading, Anti","Andreas M. Antonopoulos & Dr. Gavin Wood, “Mastering Ethereum: Building Smart",2166118,Blockchain,SEM-V.pdf,0.4098,8,1,0.0625,0,publisher_citation,publisher_citation
Simple List Comprehension,Write a recursive function to multiply two,2344411,Mini-Project -,6.34-N-B.E.-Information-Technology-Sem-III-IV.pdf,0.216,2,1,0.0,1,subject_mismatch,subject_mismatch; lab_or_project_course
on Binary Search Tree and analyze space and time,Greedy algorithms and Applications,2343115,ADSA Lab,6.34-N-B.E.-Information-Technology-Sem-III-IV.pdf,0.3508,2,1,0.0909,1,truncated_fragment,truncated_fragment; lab_or_project_course
traversal of constructed tree. Analyze complexities,Search and Display operations,2343115,ADSA Lab,6.34-N-B.E.-Information-Technology-Sem-III-IV.pdf,0.2757,2,1,0.0,1,lab_or_project_course,lab_or_project_course
Introduction to Analysis of Algorithms,Implementation of hash functions and its associated,2343115,ADSA Lab,6.34-N-B.E.-Information-Technology-Sem-III-IV.pdf,0.3435,5,1,0.0909,1,subject_mismatch,subject_mismatch; lab_or_project_course
Decision properties of RLs,to DFA Conversion,2014111,Computational,6.20N-B.E.-AI-DS.-Sem-III-IV.pdf,0.0211,10,1,0.0,0,truncated_fragment,truncated_fragment
Self-learning Topics:  Comparison of,Self-learning Topics: Thresholding techniques,2166117,Digital Imaging,SEM-V.pdf,0.7794,4,1,0.4286,1,admin_rubric_noise,admin_rubric_noise; truncated_fragment
"Students in a group shall understand the problem effectively, propose multiple solutions, and select the best possible",assignment completed by the,2344411,Mini-Project -,6.34-N-B.E.-Information-Technology-Sem-III-IV.pdf,0.3649,13,1,0.0526,0,length_bound,length_bound; admin_rubric_noise; truncated_fragment; lab_or_project_course
Self-learning Topics: Game Playing,membership optimization,2165112,Artificial,SEM-V.pdf,0.111,4,1,0.0,0,admin_rubric_noise,admin_rubric_noise
Text Books,"Advanced Engineering Mathematics, Erwin Kreyszig, Wiley Eastern Limited",2343111,Applied,6.34-N-B.E.-Information-Technology-Sem-III-IV.pdf,0.3382,2,1,0.0,1,publisher_citation,publisher_citation
Anomaly Detection: Outliers,Outlier Detection using,2166120,Visualization Lab,SEM-V.pdf,0.7924,3,1,0.2,1,lab_or_project_course,lab_or_project_course
"Students in a group shall understand the problem effectively, propose multiple solutions, and select the best possible",University of Mumbai,2344411,Mini-Project -,6.34-N-B.E.-Information-Technology-Sem-III-IV.pdf,0.2224,4,1,0.0,0,length_bound,length_bound; admin_rubric_noise; lab_or_project_course
Concurrency and,and Isolates,2344411,Mini-Project -,6.34-N-B.E.-Information-Technology-Sem-III-IV.pdf,0.2687,4,1,0.3333,1,truncated_fragment,truncated_fragment; person_name; lab_or_project_course
Event listeners for button presses,Follow MVC pattern optionally,2344411,Mini-Project -,6.34-N-B.E.-Information-Technology-Sem-III-IV.pdf,0.0152,1,1,0.0,0,lab_or_project_course,lab_or_project_course
techniques to improve model performance,Concept of dependent and independent variables. The,2166120,Visualization Lab,SEM-V.pdf,-0.0287,2,1,0.0,0,truncated_fragment,truncated_fragment; lab_or_project_course
Introduction to OOP- Basic of,character effects,2343611,Mini-Project - Full,6.34-N-B.E.-Information-Technology-Sem-III-IV.pdf,0.0916,12,1,0.0,0,truncated_fragment,truncated_fragment; lab_or_project_course
understand query execution using the backward,through Dart,2344411,Mini-Project -,6.34-N-B.E.-Information-Technology-Sem-III-IV.pdf,0.169,2,1,0.0,0,truncated_fragment,truncated_fragment; lab_or_project_course
Introduction to Analysis of Algorithms Fundamentals of the analysis of algorithms: Time and Space,to solve recurrence relations in algorithms (Substitution,2343112,Advance Data,6.34-N-B.E.-Information-Technology-Sem-III-IV.pdf,0.4026,3,1,0.1333,1,truncated_fragment,truncated_fragment
in DevOps Implementation. Mapping App to,Hill International Publication,2165113,Agile Software,SEM-V.pdf,0.0848,9,1,0.0,0,truncated_fragment,truncated_fragment; publisher_citation
Residual analysis,regression with multiple predictors,2166120,Visualization Lab,SEM-V.pdf,0.235,2,1,0.0,1,lab_or_project_course,lab_or_project_course
Components of Full Stack: Frontend,Data types,2343611,Mini-Project - Full,6.34-N-B.E.-Information-Technology-Sem-III-IV.pdf,0.0977,11,1,0.0,0,lab_or_project_course,lab_or_project_course
"DevOps: Introduction, DevOps - Importance","based DevOps tools, and real",2165113,Agile Software,SEM-V.pdf,0.7628,9,1,0.1429,1,truncated_fragment,truncated_fragment
understand query execution using the backward,Implement any 3 sample programs in Dart based on,2344411,Mini-Project -,6.34-N-B.E.-Information-Technology-Sem-III-IV.pdf,-0.0246,3,1,0.0,0,truncated_fragment,truncated_fragment; lab_or_project_course
Order Functions,Implement simple Calculator,2344411,Mini-Project -,6.34-N-B.E.-Information-Technology-Sem-III-IV.pdf,0.2096,5,1,0.0,0,person_name,person_name; lab_or_project_course
"mapping,  cross  ratio,  fixed  points,  and  standard","Expectation of random variable with mean, variance and",2343111,Applied,6.34-N-B.E.-Information-Technology-Sem-III-IV.pdf,-0.0515,7,1,0.0714,0,truncated_fragment,truncated_fragment
involving ordinary differential equations (up to 2nd order,differential equation),2343111,Applied,6.34-N-B.E.-Information-Technology-Sem-III-IV.pdf,0.6219,1,1,0.1111,1,truncated_fragment,truncated_fragment; subject_mismatch
(2) Solve any three questions out of five,question carrying five marks,2165113,Agile Software,SEM-V.pdf,0.5905,11,1,0.0909,0,admin_rubric_noise,admin_rubric_noise
"Cryptocurrency basics, types, usage, ERC20 and",learning Topics:Stablecoins and Central,2166118,Blockchain,SEM-V.pdf,0.4654,9,1,0.1,0,truncated_fragment,truncated_fragment
Prolog programs to,"learning implementation of concurrency, Streams",2344411,Mini-Project -,6.34-N-B.E.-Information-Technology-Sem-III-IV.pdf,0.2683,9,1,0.0,0,truncated_fragment,truncated_fragment; lab_or_project_course
IA will consist of Two Compulsory Internal Assessment Tests. Each test will be,"must be from different modules. For example, if Q.2 has part (a) from Module 3 then part",2165113,Agile Software,SEM-V.pdf,0.1744,7,1,0.037,0,admin_rubric_noise,admin_rubric_noise; length_bound
Q1: Describe the Proof,consensus mechanisms,2166126,Blockchain,SEM-V.pdf,0.1576,3,1,0.0,0,admin_rubric_noise,admin_rubric_noise
"David J. Anderson and Eli Schragenheim, ―Agile Management for Software",Internal Assessment (IA) for 20 marks,2165113,Agile Software,SEM-V.pdf,0.0747,8,1,0.0667,0,publisher_citation,publisher_citation; admin_rubric_noise
"Include problem definition, architecture, components used, and expected outcomes",Term Work Marks: 25 Marks (Total marks) = 15 Marks (Experiment) + 5 Marks (Assignments),2166121,Internet of Things,SEM-V.pdf,0.3457,6,1,0.0,1,admin_rubric_noise,admin_rubric_noise; subject_mismatch
Define rules and constraints to solve 9x9 Sudoku puzzle,a. Chatbot using Python (OOP + Functional),2344411,Mini-Project -,6.34-N-B.E.-Information-Technology-Sem-III-IV.pdf,-0.0127,2,1,0.0,0,lab_or_project_course,lab_or_project_course
document spacing,radio buttons,2343611,Mini-Project - Full,6.34-N-B.E.-Information-Technology-Sem-III-IV.pdf,0.0515,12,1,0.0,0,lab_or_project_course,lab_or_project_course
Two reviews will be conducted for continuous assessment,Cost effectiveness and Societal impact,2344411,Mini-Project -,6.34-N-B.E.-Information-Technology-Sem-III-IV.pdf,0.1742,13,1,0.0,0,person_name,person_name; lab_or_project_course
Project structure overview: pom.xml,Get Mapping,2343611,Mini-Project - Full,6.34-N-B.E.-Information-Technology-Sem-III-IV.pdf,0.0924,10,1,0.0,0,person_name,person_name; lab_or_project_course
Types of solutions,Basic and Feasible solutions,2013111,Mathematics for,6.20N-B.E.-AI-DS.-Sem-III-IV.pdf,0.479,2,1,0.1667,1,person_name,person_name
Checksum (Simple Problems),Reject ARQ (Simple Problems),2344113,Computer Network,6.34-N-B.E.-Information-Technology-Sem-III-IV.pdf,0.3224,6,1,0.4,1,subject_mismatch,subject_mismatch
View: User interface,that adapt to different screen sizes and devices using media queries,2343611,Mini-Project - Full,6.34-N-B.E.-Information-Technology-Sem-III-IV.pdf,0.3612,9,1,0.0,0,truncated_fragment,truncated_fragment; lab_or_project_course
learning Topics: Case Studies on AI in,"Ashwani Kumar,”Hyperledger Fabric In",2166118,Blockchain,SEM-V.pdf,0.1232,11,1,0.0909,0,truncated_fragment,truncated_fragment; publisher_citation
Regression Model Evaluation,Residual analysis,2166120,Visualization Lab,SEM-V.pdf,0.4583,4,1,0.0,1,lab_or_project_course,lab_or_project_course
"Students in a group shall understand the problem effectively, propose multiple solutions, and select the best possible",The solution to be validated with proper justification and a report to be compiled in a standard format of the,2344411,Mini-Project -,6.34-N-B.E.-Information-Technology-Sem-III-IV.pdf,0.2864,3,1,0.1429,0,length_bound,length_bound; admin_rubric_noise; truncated_fragment; lab_or_project_course
f(z) when real (u)or imaginary part (v) is given,repeated ranks) Lines of regression Fitting of first- and,2343111,Applied,6.34-N-B.E.-Information-Technology-Sem-III-IV.pdf,-0.0613,8,1,0.0,0,truncated_fragment,truncated_fragment
Evolution Strategies and Evolutionary Programming,Applications and variants,2166115,Nature-,SEM-V.pdf,0.2905,1,1,0.1429,1,person_name,person_name; generic_lone_term; truncated_fragment
Cost effectiveness and Societal impact,Project Practical/Oral Examination,2344411,Mini-Project -,6.34-N-B.E.-Information-Technology-Sem-III-IV.pdf,0.1987,6,1,0.0,0,person_name,person_name; admin_rubric_noise; lab_or_project_course
Self-learning Topics: Jamstack architecture,Low-code/No-code development,2165114,Web and,SEM-V.pdf,0.2019,1,1,0.0,1,admin_rubric_noise,admin_rubric_noise
Q1: What is the role of Gas in Ethereum transactions?,Q2: List the basic components of a Solidity smart contract,2166126,Blockchain,SEM-V.pdf,0.292,1,1,0.1111,1,admin_rubric_noise,admin_rubric_noise
Students should clearly understand the syntax and,and basic understanding of facts and rules,2344411,Mini-Project -,6.34-N-B.E.-Information-Technology-Sem-III-IV.pdf,0.4694,4,1,0.0833,1,admin_rubric_noise,admin_rubric_noise; truncated_fragment; lab_or_project_course
Python Libraries: NumPy,standardization techniques,2166120,Visualization Lab,SEM-V.pdf,0.0486,5,1,0.0,0,lab_or_project_course,lab_or_project_course
"Ritesh Modi, Solidity Programming Essentials: A Beginner's Guide to Build Smart","Contracts for Ethereum and Blockchain, Packt Publishing",2166118,Blockchain,SEM-V.pdf,0.1602,1,1,0.0,0,publisher_citation,publisher_citation
Decision properties of RLs,output: Moore and Mealy machines,2014111,Computational,6.20N-B.E.-AI-DS.-Sem-III-IV.pdf,0.1197,13,1,0.0,0,person_name,person_name
Enhancement techniques,from scanned images,2166117,Digital Imaging,SEM-V.pdf,0.3272,6,1,0.0,0,truncated_fragment,truncated_fragment
Background and Overview of Data,Teaching Scheme,2166112,Data Analytics,SEM-V.pdf,0.1334,6,1,0.0,0,truncated_fragment,truncated_fragment; person_name; admin_rubric_noise
b. File Organizer Script,Event listeners for button presses,2344411,Mini-Project -,6.34-N-B.E.-Information-Technology-Sem-III-IV.pdf,0.0221,5,1,0.0,0,lab_or_project_course,lab_or_project_course
Applications to solve initial and boundary value problems,differential equation),2343111,Applied,6.34-N-B.E.-Information-Technology-Sem-III-IV.pdf,0.3458,2,1,0.0,1,truncated_fragment,truncated_fragment
Operating Systems,Special-purpose Operating Systems,2014113,Operating,6.20N-B.E.-AI-DS.-Sem-III-IV.pdf,0.8121,10,1,0.5,1,generic_lone_term,generic_lone_term
Creating REST Controllers in Spring Boot,controller methods,2343611,Mini-Project - Full,6.34-N-B.E.-Information-Technology-Sem-III-IV.pdf,0.4193,2,1,0.0,1,subject_mismatch,subject_mismatch; lab_or_project_course
Feature importance and dimensionality reduction overview,regression. Estimation of coefficients using Least Squares,2166120,Visualization Lab,SEM-V.pdf,0.0796,6,1,0.0,0,person_name,person_name; subject_mismatch; lab_or_project_course
Implementation of randomized quicksort algorithm and,Advanced Data Structures,2343115,ADSA Lab,6.34-N-B.E.-Information-Technology-Sem-III-IV.pdf,0.1989,3,1,0.0,0,truncated_fragment,truncated_fragment; lab_or_project_course
"Oriented Programming, Concurrency & More",Run Time,2344411,Mini-Project -,6.34-N-B.E.-Information-Technology-Sem-III-IV.pdf,0.1326,14,1,0.0,0,lab_or_project_course,lab_or_project_course
Learning and,Self-Learning : Transfer Learning and Self,2166111,Machine,SEM-V.pdf,0.5549,2,1,0.5,1,truncated_fragment,truncated_fragment; admin_rubric_noise
Importing and exploring time series data in Python,Visualizing decomposed components,2166120,Visualization Lab,SEM-V.pdf,0.0931,2,1,0.0,0,lab_or_project_course,lab_or_project_course
Use procedural logic + OOP for file operations,Project Report,2344411,Mini-Project -,6.34-N-B.E.-Information-Technology-Sem-III-IV.pdf,0.009,10,1,0.0,0,person_name,person_name; lab_or_project_course
R for data analytics,Concept of dependent and independent variables. The,2166120,Visualization Lab,SEM-V.pdf,0.1368,13,1,0.0,0,truncated_fragment,truncated_fragment; lab_or_project_course
o Procurement of components/systems,o Building prototype and testing,2344411,Mini-Project -,6.34-N-B.E.-Information-Technology-Sem-III-IV.pdf,0.4941,1,1,0.1111,1,person_name,person_name; lab_or_project_course
natural numbers that use a predefined add function,Implement simple Calculator,2344411,Mini-Project -,6.34-N-B.E.-Information-Technology-Sem-III-IV.pdf,0.3465,3,1,0.0,0,subject_mismatch,subject_mismatch; lab_or_project_course
At least Two Programming Implementations,"environment and Basic operators, types, prelude",2344411,Mini-Project -,6.34-N-B.E.-Information-Technology-Sem-III-IV.pdf,0.3255,12,1,0.0,0,person_name,person_name; lab_or_project_course
"Agility, DevOps and Continuous Testing","Introduction to Agile Methods, Sondra Ashmore",2165113,Agile Software,SEM-V.pdf,0.3512,14,1,0.0,0,publisher_citation,publisher_citation
Components of Full Stack: Frontend,Spring Boot,2343611,Mini-Project - Full,6.34-N-B.E.-Information-Technology-Sem-III-IV.pdf,0.1424,5,1,0.0,0,lab_or_project_course,lab_or_project_course
Laplace transform using derivatives and its properties,"Analytic function, necessary and sufficient conditions for",2343111,Applied,6.34-N-B.E.-Information-Technology-Sem-III-IV.pdf,0.2712,10,1,0.0769,0,truncated_fragment,truncated_fragment
error in this case. Define safetail using: (a) a,Students should clearly understand the syntax and,2344411,Mini-Project -,6.34-N-B.E.-Information-Technology-Sem-III-IV.pdf,0.189,11,1,0.0,0,admin_rubric_noise,admin_rubric_noise; truncated_fragment; lab_or_project_course
Implement solution for job sequencing with deadlines,Implement Hamiltonian cycles,2343115,ADSA Lab,6.34-N-B.E.-Information-Technology-Sem-III-IV.pdf,0.166,6,1,0.1111,0,lab_or_project_course,lab_or_project_course
Minimization of DFA,FSM with,2014111,Computational,6.20N-B.E.-AI-DS.-Sem-III-IV.pdf,0.2488,1,1,0.0,1,truncated_fragment,truncated_fragment
forecasting techniques such as Monte Carlo,based forecasting for more accurate,2165113,Agile Software,SEM-V.pdf,0.615,1,1,0.1,1,truncated_fragment,truncated_fragment
Tutorial on Introduction to Haskell programming,"environment and Basic operators, types, prelude",2344411,Mini-Project -,6.34-N-B.E.-Information-Technology-Sem-III-IV.pdf,0.3981,1,1,0.0,1,person_name,person_name; lab_or_project_course
"to students for C, C++, JAVA along with how to",Object Oriented,2344411,Mini-Project -,6.34-N-B.E.-Information-Technology-Sem-III-IV.pdf,0.414,2,1,0.0,1,truncated_fragment,truncated_fragment; lab_or_project_course
Special-purpose,Operating Systems,2014113,Operating,6.20N-B.E.-AI-DS.-Sem-III-IV.pdf,0.2376,1,1,0.0,1,truncated_fragment,truncated_fragment; generic_lone_term
"like Supply chain, Healthcare, Energy, Education","smart contracts, AI in Crypto Trading, Anti",2166118,Blockchain,SEM-V.pdf,0.2007,2,1,0.0,1,person_name,person_name
prime numbers,Fourier series of periodic,2013111,Mathematics for,6.20N-B.E.-AI-DS.-Sem-III-IV.pdf,0.1208,4,1,0.0,0,truncated_fragment,truncated_fragment
Public Key Infrastructure (PKI) and,Digital Certificates,2166114,Security,SEM-V.pdf,0.4071,1,1,0.0,1,truncated_fragment,truncated_fragment
document spacing,and hyperlinks. Responsive Web Design: Learn to build websites,2343611,Mini-Project - Full,6.34-N-B.E.-Information-Technology-Sem-III-IV.pdf,0.2283,2,1,0.0,1,truncated_fragment,truncated_fragment; lab_or_project_course
"environment and Basic operators, types, prelude","the same way as tail, except that safetail maps the",2344411,Mini-Project -,6.34-N-B.E.-Information-Technology-Sem-III-IV.pdf,0.0975,6,1,0.0,0,person_name,person_name; truncated_fragment; lab_or_project_course
three variables) using the method of Lagrange’s,Introduction to Congruence,2013111,Mathematics for,6.20N-B.E.-AI-DS.-Sem-III-IV.pdf,0.1264,4,1,0.0,0,publisher_citation,publisher_citation; truncated_fragment
a. Chatbot using Python (OOP + Functional),"OOP for structuring code (User, Bot, ChatSession)",2344411,Mini-Project -,6.34-N-B.E.-Information-Technology-Sem-III-IV.pdf,0.6231,1,1,0.0833,1,lab_or_project_course,lab_or_project_course
"must be from different modules. For example, if Q.2 has part (a) from Module 3 then part",(1)Question 1 is compulsory,2165113,Agile Software,SEM-V.pdf,0.1907,8,1,0.0,0,length_bound,length_bound; admin_rubric_noise
Socket Programming  To study and implement Socket Programming using TCP.  To study and implement Socket Programming using UDP,TCP/IP Protocol Suite 4th Edition by Behrouz A. Forouzan,2344115,Network Design,6.34-N-B.E.-Information-Technology-Sem-III-IV.pdf,0.5291,10,1,0.0556,0,length_bound,length_bound; publisher_citation
"Metaverse, Cryptocurrency wallets: Hot and cold",Models on Blockchain: decentralized AI,2166118,Blockchain,SEM-V.pdf,0.2515,12,1,0.0,0,person_name,person_name; truncated_fragment
b. ATM Simulator,Define rules and constraints to solve 9x9 Sudoku puzzle,2344411,Mini-Project -,6.34-N-B.E.-Information-Technology-Sem-III-IV.pdf,0.0145,8,1,0.0,0,tool_fragment,tool_fragment; lab_or_project_course
Theorem to evaluate realintegrations,Self-learning Topics: Initial value theorem,2344111,Applied,6.34-N-B.E.-Information-Technology-Sem-III-IV.pdf,0.2276,1,1,0.1111,1,truncated_fragment,truncated_fragment; admin_rubric_noise
Preferably in C++ to demonstrate concepts like,"environment and Basic operators, types, prelude",2344411,Mini-Project -,6.34-N-B.E.-Information-Technology-Sem-III-IV.pdf,0.3427,11,1,0.0,0,person_name,person_name; lab_or_project_course
Suggested List of Experiments,Interfacing a Temperature and Humidity Sensor (DHT11) with any,2166121,Internet of Things,SEM-V.pdf,0.1003,10,1,0.0,0,admin_rubric_noise,admin_rubric_noise
"HTML 5, CSS 3 with Bootstrap HTML Basics & Structure: Learn HTML5 structure, semantic",web pages,2343611,Mini-Project - Full,6.34-N-B.E.-Information-Technology-Sem-III-IV.pdf,0.3516,10,1,0.0,0,lab_or_project_course,lab_or_project_course
a. Student Grade Calculator (C / Python),b. ATM Simulator,2344411,Mini-Project -,6.34-N-B.E.-Information-Technology-Sem-III-IV.pdf,0.2004,3,1,0.0,0,tool_fragment,tool_fragment; lab_or_project_course
on Binary Search Tree and analyze space and time,Implement N-Queen's problem using Back Tracking,2343115,ADSA Lab,6.34-N-B.E.-Information-Technology-Sem-III-IV.pdf,0.2489,8,1,0.0,0,truncated_fragment,truncated_fragment; lab_or_project_course
Any application of Blynk App,To control home devices (LED) using self,2166121,Internet of Things,SEM-V.pdf,0.2062,2,1,0.0,1,tool_fragment,tool_fragment
Two reviews will be conducted for continuous assessment,Project shall be assessed based on following criteria,2344411,Mini-Project -,6.34-N-B.E.-Information-Technology-Sem-III-IV.pdf,0.4761,5,1,0.0667,1,lab_or_project_course,lab_or_project_course
The programs must be based on creating a,Students must be able to learn to query it and,2344411,Mini-Project -,6.34-N-B.E.-Information-Technology-Sem-III-IV.pdf,0.2795,2,1,0.1333,1,admin_rubric_noise,admin_rubric_noise; truncated_fragment; lab_or_project_course
Q1: Explain the structure of a blockchain block and the role of the block header,Q2: Compare two blockchain platforms of your choice in terms of features and,2166126,Blockchain,SEM-V.pdf,0.3921,5,1,0.15,1,admin_rubric_noise,admin_rubric_noise; truncated_fragment
Implement N-Queen's problem using Back Tracking,Implement Longest common subsequence,2343115,ADSA Lab,6.34-N-B.E.-Information-Technology-Sem-III-IV.pdf,0.139,14,1,0.0909,0,lab_or_project_course,lab_or_project_course
"Testing Quadrants, Test Driven Development",Study – Selenium/ Jira,2165113,Agile Software,SEM-V.pdf,0.2181,2,1,0.0,1,tool_fragment,tool_fragment
Exception Handling Basics,View: User interface,2343611,Mini-Project - Full,6.34-N-B.E.-Information-Technology-Sem-III-IV.pdf,0.055,5,1,0.0,0,subject_mismatch,subject_mismatch; lab_or_project_course
Learning and,Multi-class SVMs,2166111,Machine,SEM-V.pdf,0.1809,7,1,0.0,0,truncated_fragment,truncated_fragment
Run Time,Functional Programming Concepts,2344411,Mini-Project -,6.34-N-B.E.-Information-Technology-Sem-III-IV.pdf,0.1212,10,1,0.0,0,lab_or_project_course,lab_or_project_course
function and odds ratio Model fitting and interpretation,Self- learning Topics: Anomaly detection in high-volume,2166120,Visualization Lab,SEM-V.pdf,-0.0032,11,1,0.0,0,lab_or_project_course,lab_or_project_course
highlighting key layers and their responsibilities,Suggested List of Experiments,2166121,Internet of Things,SEM-V.pdf,0.0766,14,1,0.0,0,person_name,person_name; admin_rubric_noise
to DFA Conversion,Minimization of DFA,2014111,Computational,6.20N-B.E.-AI-DS.-Sem-III-IV.pdf,0.6292,1,1,0.2,1,truncated_fragment,truncated_fragment
Kar lPearson’s Coefficient of correlation(r) Spearman’s,Rank correlation coefficient (R) (with repeated and non,2343111,Applied,6.34-N-B.E.-Information-Technology-Sem-III-IV.pdf,0.4405,1,1,0.2308,1,publisher_citation,publisher_citation; truncated_fragment; subject_mismatch
"Compare cloud service models (IaaS, PaaS, SaaS) in the context of IoT analytics and",Term Work:  Term Work shall consist of at least 10 to 12 practicals’ based on the above list. Also,2166121,Internet of Things,SEM-V.pdf,0.0307,12,1,0.069,0,truncated_fragment,truncated_fragment; length_bound; publisher_citation; admin_rubric_noise
radio buttons,Axios for API calls,2343611,Mini-Project - Full,6.34-N-B.E.-Information-Technology-Sem-III-IV.pdf,-0.0626,8,1,0.0,0,lab_or_project_course,lab_or_project_course
Effective use of skill sets,Effective use of standard engineering norms,2344411,Mini-Project -,6.34-N-B.E.-Information-Technology-Sem-III-IV.pdf,0.3172,1,1,0.375,1,lab_or_project_course,lab_or_project_course
Text Books,"Ashwani Kumar,”Hyperledger Fabric In",2166118,Blockchain,SEM-V.pdf,0.148,10,1,0.0,0,publisher_citation,publisher_citation; truncated_fragment
NLPP with one and two equality constraint (two or,Fourier series of periodic,2013111,Mathematics for,6.20N-B.E.-AI-DS.-Sem-III-IV.pdf,-0.0856,14,1,0.0,0,truncated_fragment,truncated_fragment
Laplace transform using derivatives and its properties,f(z) to be analytic (without proof),2343111,Applied,6.34-N-B.E.-Information-Technology-Sem-III-IV.pdf,0.1755,11,1,0.0,0,truncated_fragment,truncated_fragment
based forecasting for more accurate,Testing: Principles of Agile Testers,2165113,Agile Software,SEM-V.pdf,0.0884,5,1,0.0,0,truncated_fragment,truncated_fragment
"The progress of the mini project to be evaluated on continuous basis, minimum two reviews in each semester",Distribution of Term work marks for both semesters shall be as below,2344411,Mini-Project -,6.34-N-B.E.-Information-Technology-Sem-III-IV.pdf,0.4246,3,1,0.0741,0,length_bound,length_bound; admin_rubric_noise; truncated_fragment; subject_mismatch; lab_or_project_course
Features of Spring Boot: Auto-configuration,Spring Initializr,2343611,Mini-Project - Full,6.34-N-B.E.-Information-Technology-Sem-III-IV.pdf,0.517,3,1,0.1429,1,lab_or_project_course,lab_or_project_course
MQTT.(using paho library),Any Application of IFTTT,2166121,Internet of Things,SEM-V.pdf,0.3974,2,1,0.0,1,tool_fragment,tool_fragment
dynamic programming,Implement Prim’s and Kruskal’s algorithms,2343115,ADSA Lab,6.34-N-B.E.-Information-Technology-Sem-III-IV.pdf,0.2878,1,1,0.0,1,publisher_citation,publisher_citation; lab_or_project_course
Functional Programming Concepts,natural numbers that use a predefined add function,2344411,Mini-Project -,6.34-N-B.E.-Information-Technology-Sem-III-IV.pdf,0.2606,12,1,0.0,0,subject_mismatch,subject_mismatch; lab_or_project_course
Choosing the right DevOps tools and challenges,"Deepak Gaikwad, Viral Thakkar. DevOps Tools from Practitioner's Viewpoint",2165113,Agile Software,SEM-V.pdf,0.6775,14,1,0.1333,0,truncated_fragment,truncated_fragment; publisher_citation
Implementation of hash functions and its associated,Advanced Data Structures,2343115,ADSA Lab,6.34-N-B.E.-Information-Technology-Sem-III-IV.pdf,0.2986,1,1,0.0,1,subject_mismatch,subject_mismatch; lab_or_project_course
pattern matching,Write a recursive function to multiply two,2344411,Mini-Project -,6.34-N-B.E.-Information-Technology-Sem-III-IV.pdf,0.094,3,1,0.0,0,subject_mismatch,subject_mismatch; lab_or_project_course
"DevOps: Introduction, DevOps - Importance",Choosing the right DevOps tools and challenges,2165113,Agile Software,SEM-V.pdf,0.6887,4,1,0.1111,1,truncated_fragment,truncated_fragment
diagonalizable and non,Modular Arithmetic,2013111,Mathematics for,6.20N-B.E.-AI-DS.-Sem-III-IV.pdf,0.1718,14,1,0.0,0,person_name,person_name; truncated_fragment; subject_mismatch
Implement Rabin-Karp algorithm,"Introduction to Algorithms Cormen, Leiserson, Rivest, Stein PHI 3rd Edition",2343115,ADSA Lab,6.34-N-B.E.-Information-Technology-Sem-III-IV.pdf,0.3571,5,1,0.0,1,publisher_citation,publisher_citation; lab_or_project_course
Token Passing),Random Access (ALOHA,2344113,Computer Network,6.34-N-B.E.-Information-Technology-Sem-III-IV.pdf,0.2414,1,1,0.0,1,truncated_fragment,truncated_fragment
20 and ERC,Letter Grade Result,2166126,Blockchain,SEM-V.pdf,0.2005,12,1,0.0,0,person_name,person_name; admin_rubric_noise
Term work Journal must include at least 2 assignments,Prerequisite To study and explore Tinkercad Simulator,2166121,Internet of Things,SEM-V.pdf,0.0343,5,1,0.0,0,admin_rubric_noise,admin_rubric_noise; tool_fragment; subject_mismatch
Quality of survey/ need identification,Cost effectiveness,2344411,Mini-Project -,6.34-N-B.E.-Information-Technology-Sem-III-IV.pdf,0.1517,5,1,0.0,0,lab_or_project_course,lab_or_project_course
Metrics: Measuring performance,and Robustness,2166115,Nature-,SEM-V.pdf,0.3551,3,1,0.0,0,person_name,person_name; truncated_fragment
Self-Learning : Semi-Supervised and Active,Model Accuracy,2166111,Machine,SEM-V.pdf,0.2304,8,1,0.0,0,admin_rubric_noise,admin_rubric_noise
➢ Question paper format,(b) must be from any other Module randomly selected from all the modules),2165113,Agile Software,SEM-V.pdf,0.0729,5,1,0.0,0,admin_rubric_noise,admin_rubric_noise; truncated_fragment; subject_mismatch
RESTful API Design principles,Get Mapping,2343611,Mini-Project - Full,6.34-N-B.E.-Information-Technology-Sem-III-IV.pdf,0.0555,5,1,0.0,0,person_name,person_name; lab_or_project_course
Q1: What are the differences between ERC,Semester GPA/ Programme,2166126,Blockchain,SEM-V.pdf,0.0717,11,1,0.0,0,admin_rubric_noise,admin_rubric_noise
"AI–Blockchain Integration: Overview, need, and",Text Books,2166118,Blockchain,SEM-V.pdf,0.0364,12,1,0.0,0,truncated_fragment,truncated_fragment
Remaining questions will be mixed in nature (part (a) and part (b) of each question,"modules. For example, if Q.2 has part (a) from Module 3 then part",2165113,Agile Software,SEM-V.pdf,0.3358,13,1,0.08,0,truncated_fragment,truncated_fragment
missing values and duplicates Data normalization and,Concept of dependent and independent variables. The,2166120,Visualization Lab,SEM-V.pdf,0.0564,8,1,0.0833,0,truncated_fragment,truncated_fragment; lab_or_project_course
Outlier Detection using Distance based method,Outlier detection using density-based methods for real time,2166120,Visualization Lab,SEM-V.pdf,0.7524,1,1,0.3636,1,lab_or_project_course,lab_or_project_course
utilizing grid systems and essential components like headers,Spring Initializr,2343611,Mini-Project - Full,6.34-N-B.E.-Information-Technology-Sem-III-IV.pdf,0.0056,9,1,0.0,0,lab_or_project_course,lab_or_project_course
Displaying Sensor Data on a Local Web Server using Flask and RPi,Cloud Data Logging using Raspberry Pi and ThingSpeak,2166121,Internet of Things,SEM-V.pdf,0.2137,2,1,0.1765,1,tool_fragment,tool_fragment
Spring Initializr,Understanding Request Mapping,2343611,Mini-Project - Full,6.34-N-B.E.-Information-Technology-Sem-III-IV.pdf,0.1359,10,1,0.0,0,lab_or_project_course,lab_or_project_course
and mobile-first design principles,CSS3 Fundamentals: Explore CSS syntax,2343611,Mini-Project - Full,6.34-N-B.E.-Information-Technology-Sem-III-IV.pdf,0.296,8,1,0.0,1,truncated_fragment,truncated_fragment; lab_or_project_course
Query relationships dynamically,Event listeners for button presses,2344411,Mini-Project -,6.34-N-B.E.-Information-Technology-Sem-III-IV.pdf,-0.0187,12,1,0.0,0,subject_mismatch,subject_mismatch; lab_or_project_course
understand declarative programming concepts,Students must be able to learn to query it and,2344411,Mini-Project -,6.34-N-B.E.-Information-Technology-Sem-III-IV.pdf,0.2909,3,1,0.0,1,admin_rubric_noise,admin_rubric_noise; truncated_fragment; lab_or_project_course
Modular Arithmetic,Dirichlet’s conditions,2013111,Mathematics for,6.20N-B.E.-AI-DS.-Sem-III-IV.pdf,0.0934,9,1,0.0,0,publisher_citation,publisher_citation
Spring Initializr,Running your first Spring Boot application,2343611,Mini-Project - Full,6.34-N-B.E.-Information-Technology-Sem-III-IV.pdf,0.5644,3,1,0.1429,1,lab_or_project_course,lab_or_project_course
Q2: Compare two blockchain platforms of your choice in terms of features and,Q1: What are the differences between ERC,2166126,Blockchain,SEM-V.pdf,0.2535,10,1,0.0,0,admin_rubric_noise,admin_rubric_noise; truncated_fragment
Visualizing decomposed components,and ARIMA concepts,2166120,Visualization Lab,SEM-V.pdf,0.0553,3,1,0.0,0,person_name,person_name; truncated_fragment; lab_or_project_course
using images as links,and navigation bars.React.js basics,2343611,Mini-Project - Full,6.34-N-B.E.-Information-Technology-Sem-III-IV.pdf,0.1061,9,1,0.0,0,truncated_fragment,truncated_fragment; person_name; subject_mismatch; lab_or_project_course
"the same way as tail, except that safetail maps the",Students should clearly understand the syntax and,2344411,Mini-Project -,6.34-N-B.E.-Information-Technology-Sem-III-IV.pdf,0.0178,13,1,0.0667,0,truncated_fragment,truncated_fragment; admin_rubric_noise; lab_or_project_course
Introduction to OOP- Basic of,Introduction to Java EE- Need for Java EE in enterprise applications,2343611,Mini-Project - Full,6.34-N-B.E.-Information-Technology-Sem-III-IV.pdf,0.3602,3,1,0.1667,1,truncated_fragment,truncated_fragment; lab_or_project_course
"and Benefits, DevOps Principles and Practices","Agility, DevOps and Continuous Testing",2165113,Agile Software,SEM-V.pdf,0.6186,2,1,0.25,1,truncated_fragment,truncated_fragment
Python program for communication between clients based on,hosted page on Amazon,2166121,Internet of Things,SEM-V.pdf,0.0482,10,1,0.0909,0,truncated_fragment,truncated_fragment
degree and exponential curve,distribution (data),2013111,Mathematics for,6.20N-B.E.-AI-DS.-Sem-III-IV.pdf,0.0913,5,1,0.0,0,person_name,person_name
and remaining 40% to 50% of syllabus content must be covered in Second IA Test,Date of Exam,2165113,Agile Software,SEM-V.pdf,0.3798,10,1,0.0588,0,truncated_fragment,truncated_fragment; admin_rubric_noise
Self-learning Topics: Memory Management for any,Replacement Algorithms,2344112,Operating System,6.34-N-B.E.-Information-Technology-Sem-III-IV.pdf,0.2058,3,1,0.0,0,admin_rubric_noise,admin_rubric_noise
Back-end development with Java Spring Boot introduction- What is Spring Framework? Why Spring Boot?,Starter dependencies,2343611,Mini-Project - Full,6.34-N-B.E.-Information-Technology-Sem-III-IV.pdf,0.1981,2,1,0.0,0,lab_or_project_course,lab_or_project_course
ThingSpeak Cloud. OR on AWS cloud,To send email alert using ESP32/nodeMCU  via SMTP server,2166121,Internet of Things,SEM-V.pdf,0.1907,5,1,0.0,0,tool_fragment,tool_fragment
"Dimensionali ty Reduction 4.1 Curse of Dimensionality. 4.2 Feature Selection (Filter Method, Embedded Method, Wrapper Method) and Feature Extraction",Principal Component Analysis,2166111,Machine,SEM-V.pdf,0.4467,1,1,0.0,1,length_bound,length_bound
Website Name,1/blob/master/book/Practical%20DevOps.pdf,2165113,Agile Software,SEM-V.pdf,0.1664,1,1,0.0,0,person_name,person_name
fibonacci series,Students should clearly understand the syntax and,2344411,Mini-Project -,6.34-N-B.E.-Information-Technology-Sem-III-IV.pdf,0.0137,2,1,0.0,0,admin_rubric_noise,admin_rubric_noise; truncated_fragment; lab_or_project_course
Sample Programs but not limited to,Implement simple Calculator,2344411,Mini-Project -,6.34-N-B.E.-Information-Technology-Sem-III-IV.pdf,0.1662,14,1,0.0,0,truncated_fragment,truncated_fragment; lab_or_project_course
regression line and equation. Assumptions of linear,Extension of simple linear,2166120,Visualization Lab,SEM-V.pdf,0.2952,3,1,0.2222,0,subject_mismatch,subject_mismatch; lab_or_project_course
"Cryptocurrency basics, types, usage, ERC20 and","Mitigating attacks: 51% attack, Sybil attack, replay",2166118,Blockchain,SEM-V.pdf,0.2539,8,1,0.0,1,truncated_fragment,truncated_fragment
"learning Topics: CI/CD pipelines, cloud","First International Edition, Prentice Hall",2165113,Agile Software,SEM-V.pdf,0.1292,8,1,0.0,0,publisher_citation,publisher_citation
"Dr. Asharaf S. & Sivadas Neelima, “Blockchain Technology: Algorithms and","Applications”, Wiley India, 2023",2166118,Blockchain,SEM-V.pdf,0.214,1,1,0.0,1,publisher_citation,publisher_citation; truncated_fragment
Expense Tracker App (Java or Python),"Use OOP to model Users, Transactions, and Categories",2344411,Mini-Project -,6.34-N-B.E.-Information-Technology-Sem-III-IV.pdf,0.3092,1,1,0.0,1,lab_or_project_course,lab_or_project_course
o Identification of need/problem,First shall be for the finalisation of problem and proposed solution,2344411,Mini-Project -,6.34-N-B.E.-Information-Technology-Sem-III-IV.pdf,0.3457,5,1,0.1429,0,lab_or_project_course,lab_or_project_course
"Deepak Gaikwad, Viral Thakkar. DevOps Tools from Practitioner's Viewpoint",Mike Cohn – Agile Estimating and Planning (Pearson),2165113,Agile Software,SEM-V.pdf,0.2678,1,1,0.0,1,publisher_citation,publisher_citation
materials/tree/editions/1.0,Dynamic Binding,2344411,Mini-Project -,6.34-N-B.E.-Information-Technology-Sem-III-IV.pdf,-0.0238,12,1,0.0,0,lab_or_project_course,lab_or_project_course
"Second shall be for the implementation, testing and validation of solution",Clarity of Problem definition based on need,2344411,Mini-Project -,6.34-N-B.E.-Information-Technology-Sem-III-IV.pdf,0.3318,5,1,0.0588,0,lab_or_project_course,lab_or_project_course
solution in consultation with the guide/ supervisor,Term Work,2344411,Mini-Project -,6.34-N-B.E.-Information-Technology-Sem-III-IV.pdf,0.1701,5,1,0.0,0,person_name,person_name; admin_rubric_noise; lab_or_project_course
character effects,web pages,2343611,Mini-Project - Full,6.34-N-B.E.-Information-Technology-Sem-III-IV.pdf,0.1292,9,1,0.0,0,lab_or_project_course,lab_or_project_course
Scheduled Access (Reservation,MAC address and its types,2344113,Computer Network,6.34-N-B.E.-Information-Technology-Sem-III-IV.pdf,0.0388,5,1,0.0,0,truncated_fragment,truncated_fragment; person_name
and mobile-first design principles,web pages,2343611,Mini-Project - Full,6.34-N-B.E.-Information-Technology-Sem-III-IV.pdf,0.2509,3,1,0.0,1,truncated_fragment,truncated_fragment; lab_or_project_course
University of Mumbai,and Course Name,2165113,Agile Software,SEM-V.pdf,0.3007,1,1,0.0,1,person_name,person_name; admin_rubric_noise; truncated_fragment
"role of sensors, actuators, and IoT boards such as Arduino, NodeMCU, and","Describe the phases of IoT data analytics — descriptive, predictive, and prescriptive",2166121,Internet of Things,SEM-V.pdf,0.3471,12,1,0.1579,0,tool_fragment,tool_fragment; truncated_fragment
and working with tables,adding images to,2343611,Mini-Project - Full,6.34-N-B.E.-Information-Technology-Sem-III-IV.pdf,0.1568,6,1,0.0,0,person_name,person_name; truncated_fragment; lab_or_project_course
React DevTools,Custom Hooks creation,2165114,Web and,SEM-V.pdf,0.0819,1,1,0.0,0,tool_fragment,tool_fragment; subject_mismatch
Implementation of hash functions and its associated,Construct Binary Search Tree for given sequence of,2343115,ADSA Lab,6.34-N-B.E.-Information-Technology-Sem-III-IV.pdf,0.1019,2,1,0.0714,0,truncated_fragment,truncated_fragment; subject_mismatch; lab_or_project_course
Implement Floyd Warshall Algorithm,Implement KMP algorithm,2343115,ADSA Lab,6.34-N-B.E.-Information-Technology-Sem-III-IV.pdf,0.3547,5,1,0.4,1,lab_or_project_course,lab_or_project_course
Operating System,Mobile Operating System,2014113,Operating,6.20N-B.E.-AI-DS.-Sem-III-IV.pdf,0.7162,1,1,0.6667,1,generic_lone_term,generic_lone_term
Algorithms  for  different  situations,Real-time,2344112,Operating System,6.34-N-B.E.-Information-Technology-Sem-III-IV.pdf,0.3399,1,1,0.0,1,generic_lone_term,generic_lone_term
"Andreas M. Antonopoulos & Dr. Gavin Wood, “Mastering Ethereum: Building Smart","Dr. Vaibhav Agrawal, Practical Artificial Intelligence and Blockchain, BPB Publications",2166118,Blockchain,SEM-V.pdf,0.4026,9,1,0.0526,0,publisher_citation,publisher_citation
exceptions as well as using multiple catch blocks,conditional expression,2344411,Mini-Project -,6.34-N-B.E.-Information-Technology-Sem-III-IV.pdf,0.082,12,1,0.0,0,subject_mismatch,subject_mismatch; lab_or_project_course
Cryptocurrency Valuation Models,Blockchain and,2166118,Blockchain,SEM-V.pdf,0.3442,2,1,0.0,1,truncated_fragment,truncated_fragment
adding images to,CSS3 Fundamentals: Explore CSS syntax,2343611,Mini-Project - Full,6.34-N-B.E.-Information-Technology-Sem-III-IV.pdf,0.0457,6,1,0.0,0,truncated_fragment,truncated_fragment; lab_or_project_course
Quality of survey/ need identification,Report should be prepared as per the guidelines issued by the University of Mumbai,2344411,Mini-Project -,6.34-N-B.E.-Information-Technology-Sem-III-IV.pdf,0.2642,14,1,0.0588,0,publisher_citation,publisher_citation; lab_or_project_course
Controllers and Services- Role of Controller in MVC,Service layer responsibilities,2343611,Mini-Project - Full,6.34-N-B.E.-Information-Technology-Sem-III-IV.pdf,0.4827,3,1,0.0,1,lab_or_project_course,lab_or_project_course
"AI–Blockchain Integration: Overview, need, and","smart contracts, AI in Crypto Trading, Anti",2166118,Blockchain,SEM-V.pdf,0.5515,8,1,0.0833,1,truncated_fragment,truncated_fragment
"HTML 5, CSS 3 with Bootstrap HTML Basics & Structure: Learn HTML5 structure, semantic",and mobile-first design principles,2343611,Mini-Project - Full,6.34-N-B.E.-Information-Technology-Sem-III-IV.pdf,0.2859,7,1,0.0,1,truncated_fragment,truncated_fragment; lab_or_project_course
Students must be able to learn to query it and,and Isolates,2344411,Mini-Project -,6.34-N-B.E.-Information-Technology-Sem-III-IV.pdf,0.1141,6,1,0.1,0,admin_rubric_noise,admin_rubric_noise; truncated_fragment; person_name; lab_or_project_course
"Differentiate between wired (UART, SPI, I²C) and wireless (NFC, RFID, Bluetooth","Discuss the role of edge, fog, and cloud computing in IoT data management. Provide",2166121,Internet of Things,SEM-V.pdf,0.2374,6,1,0.0417,0,truncated_fragment,truncated_fragment
Date of Exam,questions covering all,2165113,Agile Software,SEM-V.pdf,0.1267,13,1,0.0,0,admin_rubric_noise,admin_rubric_noise
MVC Architecture- Model: Business logic,View: User interface,2343611,Mini-Project - Full,6.34-N-B.E.-Information-Technology-Sem-III-IV.pdf,0.2023,2,1,0.0,1,lab_or_project_course,lab_or_project_course
Interfacing a Temperature and Humidity Sensor (DHT11) with any,Based Interface via any board,2166121,Internet of Things,SEM-V.pdf,0.2461,2,1,0.0769,1,truncated_fragment,truncated_fragment
two moments,"learning topics: Total probability theorem, Bayes’",2343111,Applied,6.34-N-B.E.-Information-Technology-Sem-III-IV.pdf,0.2026,1,1,0.0,1,publisher_citation,publisher_citation
The review/ progress monitoring committee shall be constituted by the head of departments of each institute,"contribution in group activity, their understanding, and response to questions",2344411,Mini-Project -,6.34-N-B.E.-Information-Technology-Sem-III-IV.pdf,0.1519,3,1,0.0,0,length_bound,length_bound; publisher_citation; lab_or_project_course
"must be from different modules. For example, if Q.2 has part (a) from Module 3 then part",Date of Exam,2165113,Agile Software,SEM-V.pdf,0.1599,5,1,0.0,0,length_bound,length_bound; admin_rubric_noise
"OOP features like encapsulation, polymorphism",Immutable data structures,2344411,Mini-Project -,6.34-N-B.E.-Information-Technology-Sem-III-IV.pdf,0.3728,9,1,0.0,0,lab_or_project_course,lab_or_project_course
Introduction to Analysis of Algorithms,integers and perform Pre-order,2343115,ADSA Lab,6.34-N-B.E.-Information-Technology-Sem-III-IV.pdf,0.2133,8,1,0.0,0,person_name,person_name; lab_or_project_course
"Second shall be for the implementation, testing and validation of solution",Cost effectiveness and Societal impact,2344411,Mini-Project -,6.34-N-B.E.-Information-Technology-Sem-III-IV.pdf,0.131,11,1,0.0667,0,person_name,person_name; lab_or_project_course
(1)Question 1 is compulsory,Solve any three questions out of five: (05 marks each),2165113,Agile Software,SEM-V.pdf,0.377,2,1,0.0,1,admin_rubric_noise,admin_rubric_noise
Kar lPearson’s Coefficient of correlation(r) Spearman’s,degree curves,2343111,Applied,6.34-N-B.E.-Information-Technology-Sem-III-IV.pdf,0.1252,3,1,0.0,0,publisher_citation,publisher_citation
Importance of data cleaning and preparation Handling,regression with multiple predictors,2166120,Visualization Lab,SEM-V.pdf,0.0226,14,1,0.0,0,lab_or_project_course,lab_or_project_course
controller methods,Controllers and Services- Role of Controller in MVC,2343611,Mini-Project - Full,6.34-N-B.E.-Information-Technology-Sem-III-IV.pdf,0.5427,3,1,0.1111,1,lab_or_project_course,lab_or_project_course
based consensus is used,Semester GPA/ Programme,2166126,Blockchain,SEM-V.pdf,-0.0213,2,1,0.0,0,truncated_fragment,truncated_fragment; admin_rubric_noise
Go-Back-N ARQ,Reject ARQ (Simple Problems),2344113,Computer Network,6.34-N-B.E.-Information-Technology-Sem-III-IV.pdf,0.3409,1,1,0.1429,1,subject_mismatch,subject_mismatch
The review/ progress monitoring committee shall be constituted by the head of departments of each institute,o Proposed final solution,2344411,Mini-Project -,6.34-N-B.E.-Information-Technology-Sem-III-IV.pdf,0.0654,13,1,0.0,0,length_bound,length_bound; publisher_citation; lab_or_project_course
MAC address and its types,IEEE 802.11 Wireless LAN,2344113,Computer Network,6.34-N-B.E.-Information-Technology-Sem-III-IV.pdf,0.1842,8,1,0.0,0,person_name,person_name
Introduction to Statistical Learning (ISLR2)”,via Python tutorials. Read “Practical Statistics,2165111,Statistics for,SEM-V.pdf,0.3232,4,1,0.0,1,publisher_citation,publisher_citation
Introduction to OOP- Basic of,Data management,2343611,Mini-Project - Full,6.34-N-B.E.-Information-Technology-Sem-III-IV.pdf,0.2838,6,1,0.0,1,truncated_fragment,truncated_fragment; lab_or_project_course
"inverse Laplace transform. (with s4 in denominator), Inverse",f(z) to be analytic (without proof),2343111,Applied,6.34-N-B.E.-Information-Technology-Sem-III-IV.pdf,0.16,12,1,0.0,0,truncated_fragment,truncated_fragment
"Implement inheritance for different types of users (students, staff)",Expense Tracker App (Java or Python),2344411,Mini-Project -,6.34-N-B.E.-Information-Technology-Sem-III-IV.pdf,0.1033,5,1,0.0,0,lab_or_project_course,lab_or_project_course
traversal of constructed tree. Analyze complexities,Implementation of operations on B/B+-trees,2343115,ADSA Lab,6.34-N-B.E.-Information-Technology-Sem-III-IV.pdf,0.5917,4,1,0.0909,1,lab_or_project_course,lab_or_project_course
Q2: What are AI,Associate Dean,2166126,Blockchain,SEM-V.pdf,0.0,14,1,0.0,0,admin_rubric_noise,admin_rubric_noise; publisher_citation; person_name
"Automation, Test Automation Pyramid. Case",in DevOps Implementation. Mapping App to,2165113,Agile Software,SEM-V.pdf,0.2023,10,1,0.0,0,truncated_fragment,truncated_fragment
Overview: Frontend: HTML,Data types,2343611,Mini-Project - Full,6.34-N-B.E.-Information-Technology-Sem-III-IV.pdf,0.1694,8,1,0.0,0,lab_or_project_course,lab_or_project_course
Implement Floyd Warshall Algorithm,Implement Travelling salesman problem,2343115,ADSA Lab,6.34-N-B.E.-Information-Technology-Sem-III-IV.pdf,0.3168,1,1,0.1429,1,lab_or_project_course,lab_or_project_course
a. Weather Data Analyzer (Haskell / Python with functools),Read weather data and apply pure functions for analysis,2344411,Mini-Project -,6.34-N-B.E.-Information-Technology-Sem-III-IV.pdf,0.6388,1,1,0.1333,1,subject_mismatch,subject_mismatch; lab_or_project_course
Tutorial on Introduction to Haskell programming,Functional Programming Concepts,2344411,Mini-Project -,6.34-N-B.E.-Information-Technology-Sem-III-IV.pdf,0.4685,4,1,0.125,1,lab_or_project_course,lab_or_project_course
Self-learning Topics: Performance comparison of,Self-learning Topics: Memory Management for any,2344112,Operating System,6.34-N-B.E.-Information-Technology-Sem-III-IV.pdf,0.7922,7,1,0.3,1,admin_rubric_noise,admin_rubric_noise; truncated_fragment
and basic understanding of facts and rules,Knowledge Base having multiple facts and rules,2344411,Mini-Project -,6.34-N-B.E.-Information-Technology-Sem-III-IV.pdf,0.6385,5,1,0.3,1,truncated_fragment,truncated_fragment; lab_or_project_course
"Mitigating attacks: 51% attack, Sybil attack, replay",making and automation using AI agents in,2166118,Blockchain,SEM-V.pdf,0.0664,13,1,0.0,0,truncated_fragment,truncated_fragment
Introduction to data analytics,missing values and duplicates Data normalization and,2166120,Visualization Lab,SEM-V.pdf,0.2835,10,1,0.1111,0,truncated_fragment,truncated_fragment; lab_or_project_course
Introduction to Analysis of Algorithms,on Binary Search Tree and analyze space and time,2343115,ADSA Lab,6.34-N-B.E.-Information-Technology-Sem-III-IV.pdf,0.4191,13,1,0.0,0,truncated_fragment,truncated_fragment; lab_or_project_course
"Define relations like parent, sibling, cousin using rules",Use procedural logic + OOP for file operations,2344411,Mini-Project -,6.34-N-B.E.-Information-Technology-Sem-III-IV.pdf,0.1326,10,1,0.0,0,lab_or_project_course,lab_or_project_course
Recursion instead of loops,based system using functions only (no classes),2344411,Mini-Project -,6.34-N-B.E.-Information-Technology-Sem-III-IV.pdf,0.1408,7,1,0.0,0,truncated_fragment,truncated_fragment; lab_or_project_course
assignment completed by the,o Proposed final solution,2344411,Mini-Project -,6.34-N-B.E.-Information-Technology-Sem-III-IV.pdf,0.3943,7,1,0.0,0,truncated_fragment,truncated_fragment; lab_or_project_course
"Chandramouli Subramanian, Asha A. Georgeet al., “Blockchain Technology”, Universities","Ashwani Kumar,”Hyperledger Fabric In",2166118,Blockchain,SEM-V.pdf,0.3505,9,1,0.0,0,publisher_citation,publisher_citation; truncated_fragment
"Performance Testing, Security Testing, Agile",The Agile,2165113,Agile Software,SEM-V.pdf,0.5375,2,1,0.2,1,truncated_fragment,truncated_fragment
"role of sensors, actuators, and IoT boards such as Arduino, NodeMCU, and",Draw and explain the IoT World Forum (IoTWF) Reference Architecture,2166121,Internet of Things,SEM-V.pdf,0.342,8,1,0.1053,0,tool_fragment,tool_fragment; truncated_fragment
f(z) to be analytic (without proof),Kar lPearson’s Coefficient of correlation(r) Spearman’s,2343111,Applied,6.34-N-B.E.-Information-Technology-Sem-III-IV.pdf,-0.004,9,1,0.0,0,truncated_fragment,truncated_fragment; publisher_citation
Exception Handling Basics,linking model and view,2343611,Mini-Project - Full,6.34-N-B.E.-Information-Technology-Sem-III-IV.pdf,0.0166,7,1,0.0,0,subject_mismatch,subject_mismatch; lab_or_project_course
learning Topics: Continuous Testing,"automation tools such as Selenium, Cypress",2165113,Agile Software,SEM-V.pdf,0.242,1,1,0.0,1,tool_fragment,tool_fragment
"however, focus shall be on self",Distribution of Term work marks for both semesters shall be as below,2344411,Mini-Project -,6.34-N-B.E.-Information-Technology-Sem-III-IV.pdf,0.0767,12,1,0.125,0,truncated_fragment,truncated_fragment; admin_rubric_noise; subject_mismatch; lab_or_project_course
Solve any three questions out of five: (05 marks each),"The question paper should contain six questions, each of 15 marks",2165113,Agile Software,SEM-V.pdf,0.6372,11,1,0.2353,1,admin_rubric_noise,admin_rubric_noise
"automation tools such as Selenium, Cypress",C’s of DevOps Lifecycle for Business,2165113,Agile Software,SEM-V.pdf,0.2092,4,1,0.0,0,tool_fragment,tool_fragment; publisher_citation
and working with tables,and advanced features like CSS Grid,2343611,Mini-Project - Full,6.34-N-B.E.-Information-Technology-Sem-III-IV.pdf,0.405,14,1,0.1111,0,person_name,person_name; truncated_fragment; lab_or_project_course
Self-Learning: Overview of Progressive Web,Dockerizing Kotlin backend applications,2165114,Web and,SEM-V.pdf,0.0189,8,1,0.0,0,admin_rubric_noise,admin_rubric_noise; tool_fragment
Students shall convert the best solution into a working model using various components of their domain areas and,Term Work,2344411,Mini-Project -,6.34-N-B.E.-Information-Technology-Sem-III-IV.pdf,0.2945,4,1,0.0,1,length_bound,length_bound; admin_rubric_noise; truncated_fragment; person_name; subject_mismatch; lab_or_project_course
an example illustrating their interrelation,"Compare cloud service models (IaaS, PaaS, SaaS) in the context of IoT analytics and",2166121,Internet of Things,SEM-V.pdf,0.0698,3,1,0.0,0,truncated_fragment,truncated_fragment
Review/progress monitoring committee may consider following points for assessment based of the semester,o Identification of need/problem,2344411,Mini-Project -,6.34-N-B.E.-Information-Technology-Sem-III-IV.pdf,0.186,3,1,0.0556,0,lab_or_project_course,lab_or_project_course
ethical challenges in AI,Self-learning Topics: Adaptive fuzzy systems and,2165112,Artificial,SEM-V.pdf,0.1367,4,1,0.0,0,admin_rubric_noise,admin_rubric_noise; truncated_fragment
"Pre-Requisite Topics Basic Concepts: HTML5, CSS3; JavaScript, Client-Server paradigm, Front-end and Back-end development",Self-Learning: Overview of Progressive Web,2165114,Web and,SEM-V.pdf,0.2411,1,1,0.0,1,admin_rubric_noise,admin_rubric_noise
"and Benefits, DevOps Principles and Practices",in DevOps Implementation. Mapping App to,2165113,Agile Software,SEM-V.pdf,0.4879,4,1,0.1,1,truncated_fragment,truncated_fragment
based forecasting for more accurate,The Agile,2165113,Agile Software,SEM-V.pdf,0.1562,6,1,0.0,0,truncated_fragment,truncated_fragment
assignment completed by the, In this case in students’ group shall complete project in all aspects including,2344411,Mini-Project -,6.34-N-B.E.-Information-Technology-Sem-III-IV.pdf,0.4954,5,1,0.0,1,truncated_fragment,truncated_fragment; publisher_citation; lab_or_project_course
Learning Techniques,Relationship between Dimensionality and,2166111,Machine,SEM-V.pdf,0.1529,6,1,0.0,0,truncated_fragment,truncated_fragment
"Compare cloud service models (IaaS, PaaS, SaaS) in the context of IoT analytics and",Connected Car System,2166121,Internet of Things,SEM-V.pdf,0.0646,6,1,0.0,0,truncated_fragment,truncated_fragment
Do List Manager (Scala or Elixir),Immutable data structures,2344411,Mini-Project -,6.34-N-B.E.-Information-Technology-Sem-III-IV.pdf,0.2462,1,1,0.0,1,lab_or_project_course,lab_or_project_course
➢ Question paper format,Date of Exam,2165113,Agile Software,SEM-V.pdf,0.2432,9,1,0.0,0,admin_rubric_noise,admin_rubric_noise
in DevOps Implementation. Mapping App to,"Roger Pressman, Software Engineering: A Practitioner's Approach, 6th edition, McGraw",2165113,Agile Software,SEM-V.pdf,0.2638,8,1,0.0,0,truncated_fragment,truncated_fragment; publisher_citation
Identify and analyze common vulnerabilities in IoT systems. Suggest techniques for,Design an IoT solution for any one of the following case studies,2166121,Internet of Things,SEM-V.pdf,0.4364,2,1,0.0952,1,truncated_fragment,truncated_fragment
Introduction to Analysis of Algorithms,Implementation of randomized quicksort algorithm and,2343115,ADSA Lab,6.34-N-B.E.-Information-Technology-Sem-III-IV.pdf,0.4473,3,1,0.1,1,truncated_fragment,truncated_fragment; lab_or_project_course
based consensus is used,CGPA Semester/ Programme,2166126,Blockchain,SEM-V.pdf,0.0976,3,1,0.0,0,truncated_fragment,truncated_fragment; admin_rubric_noise
Implement Travelling salesman problem,String Matching Algorithms,2343115,ADSA Lab,6.34-N-B.E.-Information-Technology-Sem-III-IV.pdf,0.221,1,1,0.0,1,lab_or_project_course,lab_or_project_course
The programs must be based on creating a,Knowledge Base having multiple facts and rules,2344411,Mini-Project -,6.34-N-B.E.-Information-Technology-Sem-III-IV.pdf,0.2558,1,1,0.0,1,lab_or_project_course,lab_or_project_course
"Abstraction & Encapsulation, Initialization and",Dynamic Binding,2344411,Mini-Project -,6.34-N-B.E.-Information-Technology-Sem-III-IV.pdf,0.2349,2,1,0.0,1,person_name,person_name; truncated_fragment; lab_or_project_course
Concept of features and importance in predictive,modelling Creating new features from existing data,2166120,Visualization Lab,SEM-V.pdf,0.3377,1,1,0.0769,1,lab_or_project_course,lab_or_project_course
"Analytic function, necessary and sufficient conditions for","Harmonic function, Harmonic conjugate, and orthogonal",2343111,Applied,6.34-N-B.E.-Information-Technology-Sem-III-IV.pdf,0.2621,5,1,0.2,0,truncated_fragment,truncated_fragment; person_name
Term Work Marks: 25 Marks (Total marks) = 15 Marks (Experiment) + 5 Marks (Assignments),+ 5 Marks (Attendance),2166121,Internet of Things,SEM-V.pdf,0.5308,1,1,0.2,1,admin_rubric_noise,admin_rubric_noise; subject_mismatch
"Implement inheritance for different types of users (students, staff)","Use OOP to model Users, Transactions, and Categories",2344411,Mini-Project -,6.34-N-B.E.-Information-Technology-Sem-III-IV.pdf,0.3619,6,1,0.0625,1,lab_or_project_course,lab_or_project_course
Raspberry Pi in IoT systems,connecting smart devices,2166121,Internet of Things,SEM-V.pdf,0.3465,2,1,0.0,1,tool_fragment,tool_fragment
on Binary Search Tree and analyze space and time,Implement Sum of subsets problem for a given set of,2343115,ADSA Lab,6.34-N-B.E.-Information-Technology-Sem-III-IV.pdf,0.0868,9,1,0.0,0,truncated_fragment,truncated_fragment; lab_or_project_course
MVC Architecture- Model: Business logic,document spacing,2343611,Mini-Project - Full,6.34-N-B.E.-Information-Technology-Sem-III-IV.pdf,-0.0076,8,1,0.0,0,lab_or_project_course,lab_or_project_course
Order Functions,Write a recursive function to multiply two,2344411,Mini-Project -,6.34-N-B.E.-Information-Technology-Sem-III-IV.pdf,0.3411,1,1,0.0,1,person_name,person_name; subject_mismatch; lab_or_project_course
"DevOps: Introduction, DevOps - Importance",C’s of DevOps Lifecycle for Business,2165113,Agile Software,SEM-V.pdf,0.7441,2,1,0.1111,1,publisher_citation,publisher_citation
"Contracts and DApps”, O’Reilly Media","Contracts for Ethereum and Blockchain, Packt Publishing",2166118,Blockchain,SEM-V.pdf,0.3576,2,1,0.1818,1,publisher_citation,publisher_citation; person_name
"Q2: What is a Merkle Tree, and why is it used in blockchain?","Q3: What is a 51% attack, and how can it affect blockchain security?",2166126,Blockchain,SEM-V.pdf,0.3213,6,1,0.3158,1,admin_rubric_noise,admin_rubric_noise
"learning Topics: Covariance, fitting of exponential","learning topics: Total probability theorem, Bayes’",2343111,Applied,6.34-N-B.E.-Information-Technology-Sem-III-IV.pdf,0.5332,5,1,0.2,1,publisher_citation,publisher_citation
Date of Exam,Solve any three questions out of five: (05 marks each),2165113,Agile Software,SEM-V.pdf,0.2489,5,1,0.0833,0,admin_rubric_noise,admin_rubric_noise
Clarity of Problem definition based on need,Societal impact,2344411,Mini-Project -,6.34-N-B.E.-Information-Technology-Sem-III-IV.pdf,0.1719,5,1,0.0,0,lab_or_project_course,lab_or_project_course
Implementation of randomized quicksort algorithm and,Implementation of hash functions and its associated,2343115,ADSA Lab,6.34-N-B.E.-Information-Technology-Sem-III-IV.pdf,0.318,2,1,0.3,1,truncated_fragment,truncated_fragment; subject_mismatch; lab_or_project_course
repeated ranks) Lines of regression Fitting of first- and,"learning Topics: Covariance, fitting of exponential",2343111,Applied,6.34-N-B.E.-Information-Technology-Sem-III-IV.pdf,0.2369,2,1,0.1667,1,truncated_fragment,truncated_fragment
Students shall convert the best solution into a working model using various components of their domain areas and,Review/progress monitoring committee may consider following points for assessment based of the semester,2344411,Mini-Project -,6.34-N-B.E.-Information-Technology-Sem-III-IV.pdf,0.3424,14,1,0.0667,0,length_bound,length_bound; admin_rubric_noise; truncated_fragment; subject_mismatch; lab_or_project_course
"Contracts for Ethereum and Blockchain, Packt Publishing","Smart Contracts” ,Packt Publishing",2166118,Blockchain,SEM-V.pdf,0.8573,2,1,0.375,1,publisher_citation,publisher_citation
Backend: Java,Java SE concepts: JVM,2343611,Mini-Project - Full,6.34-N-B.E.-Information-Technology-Sem-III-IV.pdf,0.5799,6,1,0.2,0,lab_or_project_course,lab_or_project_course
world application where AI,Associate Dean,2166126,Blockchain,SEM-V.pdf,-0.0169,11,1,0.0,0,publisher_citation,publisher_citation; person_name
"Roger Pressman, Software Engineering: A Practitioner's Approach, 6th edition, McGraw","Craig Larman, Agile and Iterative Development: A Manager’s Guide, Addison",2165113,Agile Software,SEM-V.pdf,0.3921,10,1,0.1,0,publisher_citation,publisher_citation
Text Books,"Chandramouli Subramanian, Asha A. Georgeet al., “Blockchain Technology”, Universities",2166118,Blockchain,SEM-V.pdf,0.2237,1,1,0.0,1,publisher_citation,publisher_citation
a. Family Tree Generator (Prolog),Define rules and constraints to solve 9x9 Sudoku puzzle,2344411,Mini-Project -,6.34-N-B.E.-Information-Technology-Sem-III-IV.pdf,0.1214,4,1,0.0,0,lab_or_project_course,lab_or_project_course
understand declarative programming concepts,The programs must be based on creating a,2344411,Mini-Project -,6.34-N-B.E.-Information-Technology-Sem-III-IV.pdf,0.3736,1,1,0.0,1,lab_or_project_course,lab_or_project_course
Anomaly Detection: Outliers,Anomaly detection techniques,2166120,Visualization Lab,SEM-V.pdf,0.8043,2,1,0.5,1,lab_or_project_course,lab_or_project_course
Collection of Dataset,Full functioning of working model as per stated requirements,2344411,Mini-Project -,6.34-N-B.E.-Information-Technology-Sem-III-IV.pdf,0.0544,4,1,0.0909,0,lab_or_project_course,lab_or_project_course
Remaining questions will be mixed in nature (part (a) and part (b) of each question,(b) must be from any other Module randomly selected from all the modules),2165113,Agile Software,SEM-V.pdf,0.2292,2,1,0.0833,1,truncated_fragment,truncated_fragment; subject_mismatch
Guidelines for Labs Capstone Mini,"to students for C, C++, JAVA along with how to",2344411,Mini-Project -,6.34-N-B.E.-Information-Technology-Sem-III-IV.pdf,0.0779,4,1,0.0833,0,truncated_fragment,truncated_fragment; lab_or_project_course
"A log book to be prepared by each group, wherein the group can record weekly work progress, and the","however, focus shall be on self",2344411,Mini-Project -,6.34-N-B.E.-Information-Technology-Sem-III-IV.pdf,0.0537,3,1,0.0455,0,length_bound,length_bound; publisher_citation; truncated_fragment; subject_mismatch; lab_or_project_course
No OOP involved,Paradigm Approach,2344411,Mini-Project -,6.34-N-B.E.-Information-Technology-Sem-III-IV.pdf,0.246,10,1,0.0,0,lab_or_project_course,lab_or_project_course
"Postman, and JMeter",Choosing the right DevOps tools and challenges,2165113,Agile Software,SEM-V.pdf,0.1803,5,1,0.1111,0,person_name,person_name; truncated_fragment
Write a recursive function to multiply two,fibonacci series,2344411,Mini-Project -,6.34-N-B.E.-Information-Technology-Sem-III-IV.pdf,0.4098,3,1,0.0,0,subject_mismatch,subject_mismatch; lab_or_project_course
Fourier Series,Fourier series of periodic,2013111,Mathematics for,6.20N-B.E.-AI-DS.-Sem-III-IV.pdf,0.8615,2,1,0.5,1,truncated_fragment,truncated_fragment
Online References,1/blob/master/book/Practical%20DevOps.pdf,2165113,Agile Software,SEM-V.pdf,0.271,2,1,0.0,1,person_name,person_name
Teaching Scheme,(Contact Hours),2166116,Computing,SEM-V.pdf,0.117,1,1,0.0,0,person_name,person_name; admin_rubric_noise; generic_lone_term
Implement Floyd Warshall Algorithm,String Matching Algorithms,2343115,ADSA Lab,6.34-N-B.E.-Information-Technology-Sem-III-IV.pdf,0.2801,2,1,0.0,1,lab_or_project_course,lab_or_project_course
project in consultation with the faculty supervisor/head of department/internal committee of faculty,"Students in a group shall understand the problem effectively, propose multiple solutions, and select the best possible",2344411,Mini-Project -,6.34-N-B.E.-Information-Technology-Sem-III-IV.pdf,0.2631,7,1,0.0769,0,length_bound,length_bound; admin_rubric_noise; lab_or_project_course
MAC address and its types,Standard Ethernet,2344113,Computer Network,6.34-N-B.E.-Information-Technology-Sem-III-IV.pdf,0.3464,2,1,0.0,1,person_name,person_name
Public Key Infrastructure (PKI) and,Self-learning Topics: Tools Used for Ethical,2166114,Security,SEM-V.pdf,0.0715,4,1,0.0,0,truncated_fragment,truncated_fragment; admin_rubric_noise
A total of Four questions need to be answered,Duration: 2 Hours,2165113,Agile Software,SEM-V.pdf,0.1707,4,1,0.0,0,admin_rubric_noise,admin_rubric_noise
a. Library Management System,Functional Programming,2344411,Mini-Project -,6.34-N-B.E.-Information-Technology-Sem-III-IV.pdf,0.1865,9,1,0.0,0,lab_or_project_course,lab_or_project_course
Fetch API,Creating REST Controllers in Spring Boot,2343611,Mini-Project - Full,6.34-N-B.E.-Information-Technology-Sem-III-IV.pdf,0.1595,14,1,0.0,0,subject_mismatch,subject_mismatch; lab_or_project_course
Concept of dependent and independent variables. The,regression. Estimation of coefficients using Least Squares,2166120,Visualization Lab,SEM-V.pdf,0.2129,2,1,0.0769,1,truncated_fragment,truncated_fragment; subject_mismatch; lab_or_project_course
Self-learning Topics: Exploring various Cloud computing,Edge and Fog Computing platforms and Services,2166124,Edge Computing,SEM-V.pdf,0.3294,6,1,0.0833,0,admin_rubric_noise,admin_rubric_noise
"Imran Bashir, “Mastering Blockchain: Inner Workings of Blockchain, Cryptocurrencies &","Dr. Vaibhav Agrawal, Practical Artificial Intelligence and Blockchain, BPB Publications",2166118,Blockchain,SEM-V.pdf,0.4868,5,1,0.0588,1,publisher_citation,publisher_citation
Guidelines for Assessment of Capstone Mini,assignment completed by the,2344411,Mini-Project -,6.34-N-B.E.-Information-Technology-Sem-III-IV.pdf,0.0573,8,1,0.0,0,truncated_fragment,truncated_fragment; lab_or_project_course
Self-learning Topics: Security Policies,Self-learning Topics: Lifecycle of a Cyberattack,2166114,Security,SEM-V.pdf,0.6687,6,1,0.3333,1,admin_rubric_noise,admin_rubric_noise
C’s of DevOps Lifecycle for Business,Hill International Publication,2165113,Agile Software,SEM-V.pdf,0.1087,12,1,0.0,0,publisher_citation,publisher_citation
Prolog programs to,Students must be able to learn to query it and,2344411,Mini-Project -,6.34-N-B.E.-Information-Technology-Sem-III-IV.pdf,0.2162,4,1,0.0909,0,truncated_fragment,truncated_fragment; admin_rubric_noise; lab_or_project_course
Scikit-learn R,Importance of data cleaning and preparation Handling,2166120,Visualization Lab,SEM-V.pdf,0.0621,2,1,0.0,0,lab_or_project_course,lab_or_project_course
the execution of the Functional Implementation,understand declarative programming concepts,2344411,Mini-Project -,6.34-N-B.E.-Information-Technology-Sem-III-IV.pdf,0.2883,6,1,0.0,0,truncated_fragment,truncated_fragment; lab_or_project_course
"Cryptocurrency basics, types, usage, ERC20 and","wallets, Cryptocurrency usage, Transactions in",2166118,Blockchain,SEM-V.pdf,0.4996,5,1,0.2222,1,truncated_fragment,truncated_fragment
Types of solutions,Standard and Canonical of LPP,2013111,Mathematics for,6.20N-B.E.-AI-DS.-Sem-III-IV.pdf,0.1217,1,1,0.1429,0,person_name,person_name; subject_mismatch
Implement Hamiltonian cycles,Implementation of Ford-Fulkerson algorithm,2343115,ADSA Lab,6.34-N-B.E.-Information-Technology-Sem-III-IV.pdf,0.2294,1,1,0.0,1,lab_or_project_course,lab_or_project_course
Prolog programs to,Guidelines for Capstone Mini,2344411,Mini-Project -,6.34-N-B.E.-Information-Technology-Sem-III-IV.pdf,-0.0182,11,1,0.0,0,truncated_fragment,truncated_fragment; lab_or_project_course
Use procedural logic + OOP for file operations,"Term Work: Term Work shall consist of list of all practicals’ based on the above list. Also, the Term work Journal must",2344411,Mini-Project -,6.34-N-B.E.-Information-Technology-Sem-III-IV.pdf,0.0941,8,1,0.0,0,length_bound,length_bound; publisher_citation; admin_rubric_noise; lab_or_project_course
Procedural Programming,based system using functions only (no classes),2344411,Mini-Project -,6.34-N-B.E.-Information-Technology-Sem-III-IV.pdf,0.2694,5,1,0.0,0,truncated_fragment,truncated_fragment; lab_or_project_course
Principal Component Analysis,Relationship between Dimensionality and,2166111,Machine,SEM-V.pdf,0.3542,2,1,0.0,1,truncated_fragment,truncated_fragment
At least Two Programs to understand Exception,error in this case. Define safetail using: (a) a,2344411,Mini-Project -,6.34-N-B.E.-Information-Technology-Sem-III-IV.pdf,0.189,14,1,0.0,0,lab_or_project_course,lab_or_project_course
"Blockchain, UTXO and double spending problem","like Supply chain, Healthcare, Energy, Education",2166118,Blockchain,SEM-V.pdf,0.0986,14,1,0.0,0,person_name,person_name
Implement Merge sort and Quicksort for the given list of,integer values and find space and time complexity,2343115,ADSA Lab,6.34-N-B.E.-Information-Technology-Sem-III-IV.pdf,0.1704,1,1,0.0625,0,truncated_fragment,truncated_fragment; subject_mismatch; lab_or_project_course
The review/ progress monitoring committee shall be constituted by the head of departments of each institute, In this case in students’ group shall complete project in all aspects including,2344411,Mini-Project -,6.34-N-B.E.-Information-Technology-Sem-III-IV.pdf,0.3178,11,1,0.0417,0,length_bound,length_bound; publisher_citation; lab_or_project_course
Cloud Data Logging using Raspberry Pi and ThingSpeak,ThingSpeak Cloud. OR on AWS cloud,2166121,Internet of Things,SEM-V.pdf,0.6576,2,1,0.1818,1,tool_fragment,tool_fragment
Self-learning Topics: Exploring various Cloud computing,Designing basic edge and fog architectures for,2166124,Edge Computing,SEM-V.pdf,0.1934,3,1,0.0,0,admin_rubric_noise,admin_rubric_noise; truncated_fragment
Faculty of Science & Technology,Prof. Shivram S. Garje,2166126,Blockchain,SEM-V.pdf,0.2671,1,1,0.0,1,admin_rubric_noise,admin_rubric_noise; publisher_citation; person_name
Design an IoT solution for any one of the following case studies,Suggested List of Experiments,2166121,Internet of Things,SEM-V.pdf,0.2565,5,1,0.0667,1,admin_rubric_noise,admin_rubric_noise
Anomaly Detection: Outliers,Causes of Outliers,2166120,Visualization Lab,SEM-V.pdf,0.6833,1,1,0.2,1,subject_mismatch,subject_mismatch; lab_or_project_course
Data types,Introduction to Java EE- Need for Java EE in enterprise applications,2343611,Mini-Project - Full,6.34-N-B.E.-Information-Technology-Sem-III-IV.pdf,0.2294,5,1,0.0,0,lab_or_project_course,lab_or_project_course
Self-learning Topics: Thresholding techniques,Morphological watersheds,2166117,Digital Imaging,SEM-V.pdf,0.2319,1,1,0.0,1,admin_rubric_noise,admin_rubric_noise
Principal Component Analysis,Feature Importance and Selection,2166111,Machine,SEM-V.pdf,0.4795,1,1,0.0,1,person_name,person_name
Functions ofSquare Matrix,value theorem,2344111,Applied,6.34-N-B.E.-Information-Technology-Sem-III-IV.pdf,0.1505,6,1,0.0,0,truncated_fragment,truncated_fragment
Raspberry Pi in IoT systems,Compare various IoT communication models and APIs. Discuss their significance in,2166121,Internet of Things,SEM-V.pdf,0.4628,1,1,0.1429,1,tool_fragment,tool_fragment; truncated_fragment
Quadratic forms,Self-learning Topics: Application of Residue,2344111,Applied,6.34-N-B.E.-Information-Technology-Sem-III-IV.pdf,0.1335,1,1,0.0,0,admin_rubric_noise,admin_rubric_noise
(b) must be from any other Module randomly selected from all the modules),Note for QP Setters,2165113,Agile Software,SEM-V.pdf,0.1539,13,1,0.0,0,truncated_fragment,truncated_fragment; admin_rubric_noise; subject_mismatch
Effective use of skill sets,a. Library Management System,2344411,Mini-Project -,6.34-N-B.E.-Information-Technology-Sem-III-IV.pdf,0.0553,11,1,0.0,0,lab_or_project_course,lab_or_project_course
Paradigm Approach,Event listeners for button presses,2344411,Mini-Project -,6.34-N-B.E.-Information-Technology-Sem-III-IV.pdf,0.0816,9,1,0.0,0,lab_or_project_course,lab_or_project_course
Knowledge Base having multiple facts and rules,understand query execution using the backward,2344411,Mini-Project -,6.34-N-B.E.-Information-Technology-Sem-III-IV.pdf,0.0851,2,1,0.0,0,lab_or_project_course,lab_or_project_course
Solve any three questions out of five: (05 marks each),question carrying five marks,2165113,Agile Software,SEM-V.pdf,0.7166,10,1,0.1667,1,admin_rubric_noise,admin_rubric_noise
debug the code,Tutorial on Introduction to Haskell programming,2344411,Mini-Project -,6.34-N-B.E.-Information-Technology-Sem-III-IV.pdf,0.1902,13,1,0.0,0,lab_or_project_course,lab_or_project_course
Autocorrelation Function (PACF),Interpretation for model identification AR,2166120,Visualization Lab,SEM-V.pdf,0.2755,1,1,0.0,1,subject_mismatch,subject_mismatch; lab_or_project_course
Haskell code to represent infinite list e.g,understand declarative programming concepts,2344411,Mini-Project -,6.34-N-B.E.-Information-Technology-Sem-III-IV.pdf,0.2381,10,1,0.0,0,subject_mismatch,subject_mismatch; lab_or_project_course
Spearman’s Rank correlation coefficient (R) (with,Moment generating function,2013111,Mathematics for,6.20N-B.E.-AI-DS.-Sem-III-IV.pdf,0.1381,5,1,0.0,0,publisher_citation,publisher_citation; truncated_fragment
Prerequisite To study and explore Tinkercad Simulator,Displaying Sensor Data on a Local Web Server using Flask and RPi,2166121,Internet of Things,SEM-V.pdf,0.0004,7,1,0.0556,0,tool_fragment,tool_fragment
Assessment. Study of various Open,"Roger Pressman, Software Engineering: A Practitioner's Approach, 6th edition, McGraw",2165113,Agile Software,SEM-V.pdf,0.2825,7,1,0.0,0,publisher_citation,publisher_citation
Introduction to Statistical Learning (ISLR2)”,for Data Scientists”,2165111,Statistics for,SEM-V.pdf,0.2955,5,1,0.0,1,publisher_citation,publisher_citation; truncated_fragment
"modules. For example, if Q.2 has part (a) from Module 3 then part",Note for QP Setters,2165113,Agile Software,SEM-V.pdf,0.3763,2,1,0.0625,1,admin_rubric_noise,admin_rubric_noise; subject_mismatch
world case studies,"Sricharan Vadapalli , DevOps: Continuous Delivery, Integration, and Deployment with",2165113,Agile Software,SEM-V.pdf,0.1109,14,1,0.0,0,truncated_fragment,truncated_fragment
Full functioning of working model as per stated requirements,a. Library Management System,2344411,Mini-Project -,6.34-N-B.E.-Information-Technology-Sem-III-IV.pdf,0.1262,12,1,0.0,0,lab_or_project_course,lab_or_project_course
"David J. Anderson and Eli Schragenheim, ―Agile Management for Software","Craig Larman, Agile and Iterative Development: A Manager’s Guide, Addison",2165113,Agile Software,SEM-V.pdf,0.6146,2,1,0.1053,1,publisher_citation,publisher_citation
Algorithms  for  different  situations,Self-learning Topics: Study a real time case study for,2344112,Operating System,6.34-N-B.E.-Information-Technology-Sem-III-IV.pdf,0.2476,2,1,0.0833,1,admin_rubric_noise,admin_rubric_noise; truncated_fragment
Spring Initializr,@RestController vs. @Controller,2343611,Mini-Project - Full,6.34-N-B.E.-Information-Technology-Sem-III-IV.pdf,0.2222,14,1,0.0,0,lab_or_project_course,lab_or_project_course
Full functioning of working model as per stated requirements,experience of more than five years approved by head of Institution,2344411,Mini-Project -,6.34-N-B.E.-Information-Technology-Sem-III-IV.pdf,0.2653,8,1,0.0556,1,publisher_citation,publisher_citation; subject_mismatch; lab_or_project_course
that adapt to different screen sizes and devices using media queries,form elements (text fields,2343611,Mini-Project - Full,6.34-N-B.E.-Information-Technology-Sem-III-IV.pdf,0.0579,8,1,0.0,0,truncated_fragment,truncated_fragment; lab_or_project_course
Q2: Explain the double spending problem in blockchain,"enabled smart contracts, and how do they enhance automation?",2166126,Blockchain,SEM-V.pdf,0.22,4,1,0.0,0,admin_rubric_noise,admin_rubric_noise
Object Oriented,"Abstraction & Encapsulation, Initialization and",2344411,Mini-Project -,6.34-N-B.E.-Information-Technology-Sem-III-IV.pdf,0.4657,3,1,0.0,1,person_name,person_name; truncated_fragment; lab_or_project_course
Self-learning Topics: Thresholding techniques,through case study on handwritten digits (0 - 9),2166117,Digital Imaging,SEM-V.pdf,0.2955,2,1,0.0,1,admin_rubric_noise,admin_rubric_noise; truncated_fragment
Use functions and data structures to store and compute data,Paradigm Approach,2344411,Mini-Project -,6.34-N-B.E.-Information-Technology-Sem-III-IV.pdf,0.1656,11,1,0.0,0,lab_or_project_course,lab_or_project_course
Faculty of Technology,Associate Dean,2166126,Blockchain,SEM-V.pdf,0.3906,2,1,0.0,1,admin_rubric_noise,admin_rubric_noise; publisher_citation; person_name
Introduction to data analytics,Overview of data analytics,2166120,Visualization Lab,SEM-V.pdf,0.8195,1,1,0.3333,1,lab_or_project_course,lab_or_project_course
"First International Edition, Prentice Hall",Internal Assessment (IA) for 20 marks,2165113,Agile Software,SEM-V.pdf,0.1876,13,1,0.0,0,publisher_citation,publisher_citation; admin_rubric_noise
Axios for API calls,Mapping HTTP methods to,2343611,Mini-Project - Full,6.34-N-B.E.-Information-Technology-Sem-III-IV.pdf,0.2087,14,1,0.0,0,truncated_fragment,truncated_fragment; subject_mismatch; lab_or_project_course
Introduction to Python and,Scikit-learn R,2166120,Visualization Lab,SEM-V.pdf,0.3394,3,1,0.0,1,truncated_fragment,truncated_fragment; lab_or_project_course
Choosing the right DevOps tools and challenges,Assessment. Study of various Open,2165113,Agile Software,SEM-V.pdf,0.1265,2,1,0.0,0,truncated_fragment,truncated_fragment
Dynamic Binding,At least Two Program preferably in Java/C++ to,2344411,Mini-Project -,6.34-N-B.E.-Information-Technology-Sem-III-IV.pdf,0.0869,6,1,0.0,0,truncated_fragment,truncated_fragment; lab_or_project_course
Technology Stack,Backend: Java,2343611,Mini-Project - Full,6.34-N-B.E.-Information-Technology-Sem-III-IV.pdf,0.3365,2,1,0.0,1,lab_or_project_course,lab_or_project_course
o Marks awarded by guide/supervisor for Capstone Project Completion,o Quality of Project report & Project Review,2344411,Mini-Project -,6.34-N-B.E.-Information-Technology-Sem-III-IV.pdf,0.4271,1,1,0.1429,1,subject_mismatch,subject_mismatch; lab_or_project_course
"Craig Larman, Agile and Iterative Development: A Manager’s Guide, Addison",IA will consist of Two Compulsory Internal Assessment Tests. Each test will be,2165113,Agile Software,SEM-V.pdf,0.0644,7,1,0.0,0,publisher_citation,publisher_citation; admin_rubric_noise
Fourier series of periodic,Complex form of Fourier Series,2013111,Mathematics for,6.20N-B.E.-AI-DS.-Sem-III-IV.pdf,0.7343,3,1,0.5,1,truncated_fragment,truncated_fragment
Bootstrap Introduction & Components: Get started with Bootstrap,Starter dependencies,2343611,Mini-Project - Full,6.34-N-B.E.-Information-Technology-Sem-III-IV.pdf,0.3028,8,1,0.0,1,lab_or_project_course,lab_or_project_course
"Robert C. Martin, “Agile Software Development, Principles, Patterns and Practices”","Introduction to Agile Methods, Sondra Ashmore",2165113,Agile Software,SEM-V.pdf,0.629,2,1,0.0667,1,publisher_citation,publisher_citation
Convergence Speed,Applications and variants,2166115,Nature-,SEM-V.pdf,0.1314,7,1,0.0,0,person_name,person_name; generic_lone_term; truncated_fragment
Object Oriented,Dynamic Binding,2344411,Mini-Project -,6.34-N-B.E.-Information-Technology-Sem-III-IV.pdf,0.1642,5,1,0.0,0,lab_or_project_course,lab_or_project_course
Choosing the right DevOps tools and challenges,"based DevOps tools, and real",2165113,Agile Software,SEM-V.pdf,0.7555,5,1,0.3333,1,truncated_fragment,truncated_fragment
Students shall be motivated to publish a paper based on the work in Conferences/students competitions,Functional Programming,2344411,Mini-Project -,6.34-N-B.E.-Information-Technology-Sem-III-IV.pdf,0.0992,12,1,0.0,0,admin_rubric_noise,admin_rubric_noise; subject_mismatch; lab_or_project_course
making and automation using AI agents in,"Applications”, Wiley India, 2023",2166118,Blockchain,SEM-V.pdf,0.1562,8,1,0.0,0,truncated_fragment,truncated_fragment; publisher_citation
"contribution in group activity, their understanding, and response to questions",o Marks awarded by guide/supervisor for Capstone Project Completion,2344411,Mini-Project -,6.34-N-B.E.-Information-Technology-Sem-III-IV.pdf,0.1541,4,1,0.0,0,subject_mismatch,subject_mismatch; lab_or_project_course
Fourier Series,Dirichlet’s conditions,2013111,Mathematics for,6.20N-B.E.-AI-DS.-Sem-III-IV.pdf,0.1514,1,1,0.0,0,publisher_citation,publisher_citation
"DevOps: Dive, , Packt, 2018",Internal Assessment (IA) for 20 marks,2165113,Agile Software,SEM-V.pdf,0.0869,4,1,0.0,0,publisher_citation,publisher_citation; admin_rubric_noise
Fetch API,application. Properties,2343611,Mini-Project - Full,6.34-N-B.E.-Information-Technology-Sem-III-IV.pdf,-0.0334,9,1,0.0,0,subject_mismatch,subject_mismatch; lab_or_project_course
Overview of Data Structures: Revision of basic data structures (arrays,linked lists,2343112,Advance Data,6.34-N-B.E.-Information-Technology-Sem-III-IV.pdf,0.3246,1,1,0.0,1,truncated_fragment,truncated_fragment
Text Processing,FSM with,2014111,Computational,6.20N-B.E.-AI-DS.-Sem-III-IV.pdf,0.1712,7,1,0.0,0,truncated_fragment,truncated_fragment
Multi-tier architecture,MVC Architecture- Model: Business logic,2343611,Mini-Project - Full,6.34-N-B.E.-Information-Technology-Sem-III-IV.pdf,0.4154,1,1,0.1429,1,lab_or_project_course,lab_or_project_course
Max. Marks,Solve any three questions out of five: (05 marks each),2165113,Agile Software,SEM-V.pdf,0.3116,3,1,0.0909,0,admin_rubric_noise,admin_rubric_noise
List of Experiments,To study and implement IoT Data processing using Pandas,2166121,Internet of Things,SEM-V.pdf,0.1251,14,1,0.0,0,admin_rubric_noise,admin_rubric_noise
"must be from different modules. For example, if Q.2 has part (a) from Module 3 then part","modules. For example, if Q.2 has part (a) from Module 3 then part",2165113,Agile Software,SEM-V.pdf,0.8621,12,1,0.8125,1,length_bound,length_bound
Introduction to OOP- Basic of,linking model and view,2343611,Mini-Project - Full,6.34-N-B.E.-Information-Technology-Sem-III-IV.pdf,0.1749,9,1,0.0,0,truncated_fragment,truncated_fragment; lab_or_project_course
Anish Nath,PACKT publishing,2344115,Network Design,6.34-N-B.E.-Information-Technology-Sem-III-IV.pdf,0.0702,1,1,0.0,0,publisher_citation,publisher_citation; person_name
Real-world,linking model and view,2343611,Mini-Project - Full,6.34-N-B.E.-Information-Technology-Sem-III-IV.pdf,0.1075,14,1,0.0,0,lab_or_project_course,lab_or_project_course
a. GUI Calculator (Python Tkinter / Java Swing),b. Traffic Light Simulation (JavaScript + HTML/CSS),2344411,Mini-Project -,6.34-N-B.E.-Information-Technology-Sem-III-IV.pdf,0.1284,3,1,0.0,0,lab_or_project_course,lab_or_project_course
and Edge computing platforms,as edge nodes,2166124,Edge Computing,SEM-V.pdf,0.5602,1,1,0.1667,1,truncated_fragment,truncated_fragment
b. File Organizer Script,Use state variables to track behavior,2344411,Mini-Project -,6.34-N-B.E.-Information-Technology-Sem-III-IV.pdf,0.0589,9,1,0.0,0,lab_or_project_course,lab_or_project_course
Implementation of hash functions and its associated,Search and Display operations,2343115,ADSA Lab,6.34-N-B.E.-Information-Technology-Sem-III-IV.pdf,0.1832,7,1,0.1,0,subject_mismatch,subject_mismatch; lab_or_project_course
Q3: List two common security threats in blockchain and their mitigation strategies,Q3: Give one example of a real,2166126,Blockchain,SEM-V.pdf,0.2167,4,1,0.0556,0,admin_rubric_noise,admin_rubric_noise
Choosing the right DevOps tools and challenges,Source Tools in DevOps,2165113,Agile Software,SEM-V.pdf,0.7288,3,1,0.2222,1,truncated_fragment,truncated_fragment
Develop a short report on MQTT or CoAP protocol implementation for IoT data,Identify and analyze common vulnerabilities in IoT systems. Suggest techniques for,2166121,Internet of Things,SEM-V.pdf,0.4292,10,1,0.0909,0,truncated_fragment,truncated_fragment
C’s of DevOps Lifecycle for Business,Choosing the right DevOps tools and challenges,2165113,Agile Software,SEM-V.pdf,0.58,2,1,0.0769,1,publisher_citation,publisher_citation; truncated_fragment
radio buttons,utilizing grid systems and essential components like headers,2343611,Mini-Project - Full,6.34-N-B.E.-Information-Technology-Sem-III-IV.pdf,0.0687,5,1,0.0,0,lab_or_project_course,lab_or_project_course
Real-time,Deadlock detection and recovery,2344112,Operating System,6.34-N-B.E.-Information-Technology-Sem-III-IV.pdf,0.2544,2,1,0.0,1,generic_lone_term,generic_lone_term
Self-learning Topics: Performance comparison of,Implementation of Page,2344112,Operating System,6.34-N-B.E.-Information-Technology-Sem-III-IV.pdf,0.1455,9,1,0.125,0,admin_rubric_noise,admin_rubric_noise; truncated_fragment
"Term Work: Term Work shall consist of list of all practicals’ based on the above list. Also, the Term work Journal must",include at least 2 assignments and Mini,2344411,Mini-Project -,6.34-N-B.E.-Information-Technology-Sem-III-IV.pdf,0.2389,1,1,0.0,1,length_bound,length_bound; publisher_citation; admin_rubric_noise; person_name; lab_or_project_course
Self-learning Topics: Study of any three different OS,System calls with examples for different OS,2344112,Operating System,6.34-N-B.E.-Information-Technology-Sem-III-IV.pdf,0.3675,1,1,0.1429,1,admin_rubric_noise,admin_rubric_noise
based forecasting for more accurate,"Postman, and JMeter",2165113,Agile Software,SEM-V.pdf,0.0693,12,1,0.0,0,truncated_fragment,truncated_fragment; person_name
Backend: Java,Spring Boot,2343611,Mini-Project - Full,6.34-N-B.E.-Information-Technology-Sem-III-IV.pdf,0.2227,1,1,0.0,1,lab_or_project_course,lab_or_project_course
"role of sensors, actuators, and IoT boards such as Arduino, NodeMCU, and",Compare various IoT communication models and APIs. Discuss their significance in,2166121,Internet of Things,SEM-V.pdf,0.3742,2,1,0.1,1,tool_fragment,tool_fragment; truncated_fragment
Advanced Data Structures,dynamic programming,2343115,ADSA Lab,6.34-N-B.E.-Information-Technology-Sem-III-IV.pdf,0.3566,11,1,0.0,0,lab_or_project_course,lab_or_project_course
Self-Learning : Semi-Supervised and Active,Self-Learning : Support Vector Regression and,2166111,Machine,SEM-V.pdf,0.6351,2,1,0.3333,1,admin_rubric_noise,admin_rubric_noise; truncated_fragment
C’s of DevOps Lifecycle for Business,"Agility, DevOps and Continuous Testing",2165113,Agile Software,SEM-V.pdf,0.5748,1,1,0.0909,1,publisher_citation,publisher_citation
Self-learning Topics: Recent advances in Generative,ChatGPT-like models,2165112,Artificial,SEM-V.pdf,0.2384,1,1,0.0,1,admin_rubric_noise,admin_rubric_noise
"enabled smart contracts, and how do they enhance automation?",based consensus is used,2166126,Blockchain,SEM-V.pdf,0.2643,3,1,0.0,0,truncated_fragment,truncated_fragment
"PIN check, balance enquiry, cash withdrawal, etc","Functional for processing input (filters, parsers)",2344411,Mini-Project -,6.34-N-B.E.-Information-Technology-Sem-III-IV.pdf,0.0798,10,1,0.0,0,truncated_fragment,truncated_fragment; subject_mismatch; lab_or_project_course
Technology Stack,Data types,2343611,Mini-Project - Full,6.34-N-B.E.-Information-Technology-Sem-III-IV.pdf,0.2725,9,1,0.0,0,lab_or_project_course,lab_or_project_course
and Course Name,Date of Exam,2165113,Agile Software,SEM-V.pdf,0.2272,1,1,0.0,1,person_name,person_name; admin_rubric_noise; truncated_fragment
Implement Rabin-Karp algorithm,Data Structures and Algorithm Analysis in C++ Mark Allen Weiss Pearson 4th Edition,2343115,ADSA Lab,6.34-N-B.E.-Information-Technology-Sem-III-IV.pdf,0.3618,7,1,0.0625,1,publisher_citation,publisher_citation; lab_or_project_course
Data types,Data management,2343611,Mini-Project - Full,6.34-N-B.E.-Information-Technology-Sem-III-IV.pdf,0.5799,8,1,0.3333,1,lab_or_project_course,lab_or_project_course
a. Student Grade Calculator (C / Python),"OOP for structuring code (User, Bot, ChatSession)",2344411,Mini-Project -,6.34-N-B.E.-Information-Technology-Sem-III-IV.pdf,0.1713,14,1,0.0,0,lab_or_project_course,lab_or_project_course
Learning and,Feature Importance and Selection,2166111,Machine,SEM-V.pdf,0.3603,10,1,0.2,0,truncated_fragment,truncated_fragment; person_name
Overview: Frontend: HTML,Control Statements,2343611,Mini-Project - Full,6.34-N-B.E.-Information-Technology-Sem-III-IV.pdf,0.1443,9,1,0.0,0,lab_or_project_course,lab_or_project_course
Controllers and Services- Role of Controller in MVC,@RestController vs. @Controller,2343611,Mini-Project - Full,6.34-N-B.E.-Information-Technology-Sem-III-IV.pdf,0.5825,2,1,0.1,1,lab_or_project_course,lab_or_project_course
Q3: List two common security threats in blockchain and their mitigation strategies,"enabled smart contracts, and how do they enhance automation?",2166126,Blockchain,SEM-V.pdf,0.3111,3,1,0.05,0,admin_rubric_noise,admin_rubric_noise
Simple List Comprehension,using Haskell,2344411,Mini-Project -,6.34-N-B.E.-Information-Technology-Sem-III-IV.pdf,0.3031,9,1,0.0,0,truncated_fragment,truncated_fragment; lab_or_project_course
Self-learning Topics: Various Network Performance,Task offloading strategies: local vs cloud,2166124,Edge Computing,SEM-V.pdf,0.2252,6,1,0.0,0,admin_rubric_noise,admin_rubric_noise
Introduction to Data Analytics,Background and Overview of Data,2166112,Data Analytics,SEM-V.pdf,0.4901,1,1,0.125,1,truncated_fragment,truncated_fragment
"must be from different modules. For example, if Q.2 has part (a) from Module 3 then part",Max. Marks,2165113,Agile Software,SEM-V.pdf,0.068,7,1,0.0,0,length_bound,length_bound; admin_rubric_noise
Implement graph coloring,Implement Hamiltonian cycles,2343115,ADSA Lab,6.34-N-B.E.-Information-Technology-Sem-III-IV.pdf,0.3018,1,1,0.2,1,lab_or_project_course,lab_or_project_course
Karl Pearson’s coefficient of correlation (r),fitting of first-degree curves,2013111,Mathematics for,6.20N-B.E.-AI-DS.-Sem-III-IV.pdf,0.1088,4,1,0.0909,0,publisher_citation,publisher_citation
Types of time series: univariate and multivariate,and ARIMA concepts,2166120,Visualization Lab,SEM-V.pdf,0.3879,6,1,0.1111,1,person_name,person_name; truncated_fragment; lab_or_project_course
Q1: Differentiate between private and consortium blockchains,"enabled smart contracts, and how do they enhance automation?",2166126,Blockchain,SEM-V.pdf,0.2071,9,1,0.0667,0,admin_rubric_noise,admin_rubric_noise
Driven Programming,Event listeners for button presses,2344411,Mini-Project -,6.34-N-B.E.-Information-Technology-Sem-III-IV.pdf,-0.0174,2,1,0.0,0,lab_or_project_course,lab_or_project_course
Self-learning Topics: Modes of Operation for,Real-World Case Studies,2166114,Security,SEM-V.pdf,0.2195,5,1,0.0,0,admin_rubric_noise,admin_rubric_noise; truncated_fragment
Fourier series of even and odd functions (simple functions,Hal Frange Sine and Cosine Series,2343111,Applied,6.34-N-B.E.-Information-Technology-Sem-III-IV.pdf,0.3886,2,1,0.1667,1,truncated_fragment,truncated_fragment
descriptive analytics and sampling distribution,via Python tutorials. Read “Practical Statistics,2165111,Statistics for,SEM-V.pdf,0.2987,2,1,0.0,1,publisher_citation,publisher_citation
Text Books,"Roger Pressman, Software Engineering: A Practitioner's Approach, 6th edition, McGraw",2165113,Agile Software,SEM-V.pdf,0.2404,1,1,0.0,1,publisher_citation,publisher_citation
"DevOps: Introduction, DevOps - Importance",on DevOps adoption and automation practices,2165113,Agile Software,SEM-V.pdf,0.7321,11,1,0.125,1,truncated_fragment,truncated_fragment
controller methods,Understanding Request Mapping,2343611,Mini-Project - Full,6.34-N-B.E.-Information-Technology-Sem-III-IV.pdf,0.1932,1,1,0.0,0,lab_or_project_course,lab_or_project_course
Implement Naïve string matching algorithm,"Introduction to Algorithms Cormen, Leiserson, Rivest, Stein PHI 3rd Edition",2343115,ADSA Lab,6.34-N-B.E.-Information-Technology-Sem-III-IV.pdf,0.2682,6,1,0.0,1,publisher_citation,publisher_citation; lab_or_project_course
Basic and Feasible solutions,Modular Arithmetic,2013111,Mathematics for,6.20N-B.E.-AI-DS.-Sem-III-IV.pdf,0.1567,8,1,0.0,0,person_name,person_name
Q3: Differentiate between a blockchain and a traditional database,Q2: Compare two blockchain platforms of your choice in terms of features and,2166126,Blockchain,SEM-V.pdf,0.5731,3,1,0.1111,1,admin_rubric_noise,admin_rubric_noise; truncated_fragment
dynamic programming,Implement graph coloring,2343115,ADSA Lab,6.34-N-B.E.-Information-Technology-Sem-III-IV.pdf,0.2566,7,1,0.0,0,lab_or_project_course,lab_or_project_course
Controller: Request,linking model and view,2343611,Mini-Project - Full,6.34-N-B.E.-Information-Technology-Sem-III-IV.pdf,0.2516,1,1,0.0,1,lab_or_project_course,lab_or_project_course
Backtracking and Maximum flow Networks,Implement Hamiltonian cycles,2343115,ADSA Lab,6.34-N-B.E.-Information-Technology-Sem-III-IV.pdf,0.1688,5,1,0.0,0,lab_or_project_course,lab_or_project_course
"Students should do the survey and identify needs, which shall be converted into a problem statement for the mini",Faculty supervisor may give inputs to students during the mini project activity,2344411,Mini-Project -,6.34-N-B.E.-Information-Technology-Sem-III-IV.pdf,0.4965,6,1,0.1111,0,length_bound,length_bound; admin_rubric_noise; lab_or_project_course
and advanced features like CSS Grid,Project structure overview: pom.xml,2343611,Mini-Project - Full,6.34-N-B.E.-Information-Technology-Sem-III-IV.pdf,0.1182,12,1,0.0,0,person_name,person_name; truncated_fragment; lab_or_project_course
(b) guarded equations,Students should clearly understand the syntax and,2344411,Mini-Project -,6.34-N-B.E.-Information-Technology-Sem-III-IV.pdf,0.2579,9,1,0.0,0,admin_rubric_noise,admin_rubric_noise; truncated_fragment; lab_or_project_course
Define rules and constraints to solve 9x9 Sudoku puzzle,b. Traffic Light Simulation (JavaScript + HTML/CSS),2344411,Mini-Project -,6.34-N-B.E.-Information-Technology-Sem-III-IV.pdf,0.0648,12,1,0.0,0,lab_or_project_course,lab_or_project_course
Rank correlation coefficient (R) (with repeated and non,"learning Topics: Covariance, fitting of exponential",2343111,Applied,6.34-N-B.E.-Information-Technology-Sem-III-IV.pdf,0.1883,3,1,0.0,0,truncated_fragment,truncated_fragment; subject_mismatch
Data Exploration and Anamoly Detection,EDA and feature exploration,2166120,Visualization Lab,SEM-V.pdf,0.4368,2,1,0.2857,1,person_name,person_name; lab_or_project_course
"inverse Laplace transform. (with s4 in denominator), Inverse","only, piecewise continuous function not to be included)",2343111,Applied,6.34-N-B.E.-Information-Technology-Sem-III-IV.pdf,0.0745,7,1,0.0,0,truncated_fragment,truncated_fragment
Controller: Request,adding images to,2343611,Mini-Project - Full,6.34-N-B.E.-Information-Technology-Sem-III-IV.pdf,0.0498,12,1,0.0,0,truncated_fragment,truncated_fragment; lab_or_project_course
Control Statements,"HTML 5, CSS 3 with Bootstrap HTML Basics & Structure: Learn HTML5 structure, semantic",2343611,Mini-Project - Full,6.34-N-B.E.-Information-Technology-Sem-III-IV.pdf,0.0699,12,1,0.0,0,lab_or_project_course,lab_or_project_course
scripting essentials for automating tasks,and Edge computing platforms,2166124,Edge Computing,SEM-V.pdf,0.0897,3,1,0.0,0,truncated_fragment,truncated_fragment
Q3: Differentiate between a blockchain and a traditional database,Q3: Briefly explain Paxos and Raft consensus mechanisms,2166126,Blockchain,SEM-V.pdf,0.2032,12,1,0.1429,0,admin_rubric_noise,admin_rubric_noise
Regular Language,Application of Regular,2014111,Computational,6.20N-B.E.-AI-DS.-Sem-III-IV.pdf,0.5619,5,1,0.25,1,truncated_fragment,truncated_fragment
Introduction to Analysis of Algorithms,Implement Merge sort and Quicksort for the given list of,2343115,ADSA Lab,6.34-N-B.E.-Information-Technology-Sem-III-IV.pdf,0.2864,1,1,0.0714,1,truncated_fragment,truncated_fragment; subject_mismatch; lab_or_project_course
o Proposed final solution,Capstone Mini,2344411,Mini-Project -,6.34-N-B.E.-Information-Technology-Sem-III-IV.pdf,0.1219,7,1,0.0,0,person_name,person_name; lab_or_project_course
as edge nodes,Designing basic edge and fog architectures for,2166124,Edge Computing,SEM-V.pdf,0.4712,1,1,0.1111,1,truncated_fragment,truncated_fragment
Implementation of Ford-Fulkerson algorithm,Implementation of Bellman-Ford algorithm,2343115,ADSA Lab,6.34-N-B.E.-Information-Technology-Sem-III-IV.pdf,0.6628,2,1,0.6667,1,lab_or_project_course,lab_or_project_course
Methods: GET,controller methods,2343611,Mini-Project - Full,6.34-N-B.E.-Information-Technology-Sem-III-IV.pdf,0.5413,4,1,0.3333,1,lab_or_project_course,lab_or_project_course
Faculty supervisor may give inputs to students during the mini project activity,"In continuous assessment, focus shall also be on each individual student, assessment based on the individual’s",2344411,Mini-Project -,6.34-N-B.E.-Information-Technology-Sem-III-IV.pdf,0.3412,11,1,0.04,0,length_bound,length_bound; publisher_citation; lab_or_project_course
Text Books and References,"Algorithm Design Jon Kleinberg, Éva Tardos Pearson 1st Edition",2343115,ADSA Lab,6.34-N-B.E.-Information-Technology-Sem-III-IV.pdf,0.2296,2,1,0.0,1,publisher_citation,publisher_citation; lab_or_project_course
Order Functions,natural numbers that use a predefined add function,2344411,Mini-Project -,6.34-N-B.E.-Information-Technology-Sem-III-IV.pdf,0.2876,2,1,0.0,1,person_name,person_name; subject_mismatch; lab_or_project_course
Parseval’s Identity (without proof) Fourier series of periodic,"orthogonal and orthonormal set of functions, Fourier",2343111,Applied,6.34-N-B.E.-Information-Technology-Sem-III-IV.pdf,0.4321,6,1,0.1429,0,publisher_citation,publisher_citation; truncated_fragment
Technology Stack,Introduction to OOP- Basic of,2343611,Mini-Project - Full,6.34-N-B.E.-Information-Technology-Sem-III-IV.pdf,0.2508,11,1,0.0,0,truncated_fragment,truncated_fragment; lab_or_project_course
Dr. Subhash K. Shinde,Dr. Deven Shah,2166126,Blockchain,SEM-V.pdf,0.5167,3,1,0.1667,1,publisher_citation,publisher_citation; person_name
as edge nodes,Edge and Fog Computing platforms and Services,2166124,Edge Computing,SEM-V.pdf,0.4656,4,1,0.125,1,truncated_fragment,truncated_fragment
consensus mechanisms,Q1: Differentiate between private and consortium blockchains,2166126,Blockchain,SEM-V.pdf,0.3234,6,1,0.0,0,admin_rubric_noise,admin_rubric_noise
a. Library Management System,a. Weather Data Analyzer (Haskell / Python with functools),2344411,Mini-Project -,6.34-N-B.E.-Information-Technology-Sem-III-IV.pdf,0.1683,10,1,0.0909,0,lab_or_project_course,lab_or_project_course
Libraries: dplyr,regression. Estimation of coefficients using Least Squares,2166120,Visualization Lab,SEM-V.pdf,0.1861,12,1,0.0,0,subject_mismatch,subject_mismatch; lab_or_project_course
regression with multiple predictors,function and odds ratio Model fitting and interpretation,2166120,Visualization Lab,SEM-V.pdf,0.2322,2,1,0.0,1,lab_or_project_course,lab_or_project_course
React DevTools,Self-learning Topics: API Gateway concept,2165114,Web and,SEM-V.pdf,0.0162,4,1,0.0,0,tool_fragment,tool_fragment; admin_rubric_noise
Self-learning Topics: Performance comparison of,Scheduling Algorithms,2344112,Operating System,6.34-N-B.E.-Information-Technology-Sem-III-IV.pdf,0.091,1,1,0.0,0,admin_rubric_noise,admin_rubric_noise; truncated_fragment
Define rules and constraints to solve 9x9 Sudoku puzzle,Event listeners for button presses,2344411,Mini-Project -,6.34-N-B.E.-Information-Technology-Sem-III-IV.pdf,0.0364,10,1,0.0,0,lab_or_project_course,lab_or_project_course
At least Two Programming Implementations,Tutorial on Introduction to Haskell programming,2344411,Mini-Project -,6.34-N-B.E.-Information-Technology-Sem-III-IV.pdf,0.3906,11,1,0.1,0,lab_or_project_course,lab_or_project_course
Implement solution for a 0-1 knapsack problem using,Implement Prim’s and Kruskal’s algorithms,2343115,ADSA Lab,6.34-N-B.E.-Information-Technology-Sem-III-IV.pdf,0.2098,2,1,0.0714,1,publisher_citation,publisher_citation; lab_or_project_course
RE in text search and replace,Applications and,2014111,Computational,6.20N-B.E.-AI-DS.-Sem-III-IV.pdf,0.0967,12,1,0.1429,0,truncated_fragment,truncated_fragment
"OOP features like encapsulation, polymorphism",Use functions and data structures to store and compute data,2344411,Mini-Project -,6.34-N-B.E.-Information-Technology-Sem-III-IV.pdf,0.3043,14,1,0.0,0,lab_or_project_course,lab_or_project_course
marks. Approximately 40% to 50% of syllabus content must be covered in First IA Test,(b) must be from any other Module randomly selected from all the modules),2165113,Agile Software,SEM-V.pdf,0.1871,7,1,0.08,0,truncated_fragment,truncated_fragment; subject_mismatch
Capstone Mini,Effective use of standard engineering norms,2344411,Mini-Project -,6.34-N-B.E.-Information-Technology-Sem-III-IV.pdf,0.0342,12,1,0.0,0,person_name,person_name; lab_or_project_course
C’s of DevOps Lifecycle for Business,"First International Edition, Prentice Hall",2165113,Agile Software,SEM-V.pdf,0.0975,14,1,0.0,0,publisher_citation,publisher_citation
"smart contracts, AI in Crypto Trading, Anti","Applications”, Wiley India, 2023",2166118,Blockchain,SEM-V.pdf,0.0691,7,1,0.0,0,publisher_citation,publisher_citation
web pages,utilizing grid systems and essential components like headers,2343611,Mini-Project - Full,6.34-N-B.E.-Information-Technology-Sem-III-IV.pdf,0.217,9,1,0.0,0,lab_or_project_course,lab_or_project_course
design by Don Norman,Teaching Scheme,2165115,User Experience,SEM-V.pdf,0.2965,2,1,0.0,1,publisher_citation,publisher_citation; person_name; admin_rubric_noise
"Students' hall submits an implementation plan in the form of a Gantt/PERT/CPM chart, which will cover the weekly","however, focus shall be on self",2344411,Mini-Project -,6.34-N-B.E.-Information-Technology-Sem-III-IV.pdf,0.0431,5,1,0.0,0,length_bound,length_bound; truncated_fragment; subject_mismatch; lab_or_project_course
Feature importance and dimensionality reduction overview,regression line and equation. Assumptions of linear,2166120,Visualization Lab,SEM-V.pdf,-0.0174,5,1,0.0833,0,person_name,person_name; lab_or_project_course
Network Operating System,Operating System,2014113,Operating,6.20N-B.E.-AI-DS.-Sem-III-IV.pdf,0.7238,4,1,0.6667,1,generic_lone_term,generic_lone_term
function with period 2π and 2l,Karl Pearson’s coefficient of correlation (r),2013111,Mathematics for,6.20N-B.E.-AI-DS.-Sem-III-IV.pdf,0.096,5,1,0.0,0,publisher_citation,publisher_citation
form elements (text fields,radio buttons,2343611,Mini-Project - Full,6.34-N-B.E.-Information-Technology-Sem-III-IV.pdf,0.2717,1,1,0.0,1,truncated_fragment,truncated_fragment; lab_or_project_course
assignment completed by the,Capstone Mini,2344411,Mini-Project -,6.34-N-B.E.-Information-Technology-Sem-III-IV.pdf,0.1321,14,1,0.0,0,truncated_fragment,truncated_fragment; person_name; lab_or_project_course
Karl Pearson’s coefficient of correlation (r),Normal Distribution,2013111,Mathematics for,6.20N-B.E.-AI-DS.-Sem-III-IV.pdf,0.2621,9,1,0.0,0,publisher_citation,publisher_citation
Scheduled Access (Reservation,Self-Study Topics,2344113,Computer Network,6.34-N-B.E.-Information-Technology-Sem-III-IV.pdf,0.0017,11,1,0.0,0,truncated_fragment,truncated_fragment; generic_lone_term; admin_rubric_noise
CSS3 Fundamentals: Explore CSS syntax,Bootstrap Introduction & Components: Get started with Bootstrap,2343611,Mini-Project - Full,6.34-N-B.E.-Information-Technology-Sem-III-IV.pdf,0.3191,3,1,0.0,1,lab_or_project_course,lab_or_project_course
b. Traffic Light Simulation (JavaScript + HTML/CSS),Oral Exam: An Oral exam will be held based on the Capstone Mini,2344411,Mini-Project -,6.34-N-B.E.-Information-Technology-Sem-III-IV.pdf,-0.007,8,1,0.0,0,admin_rubric_noise,admin_rubric_noise; lab_or_project_course
Clarity in written and oral communication,Optional: Add GUI using Tkinter or JavaFX,2344411,Mini-Project -,6.34-N-B.E.-Information-Technology-Sem-III-IV.pdf,-0.0185,11,1,0.0,0,person_name,person_name; lab_or_project_course
Guidelines for Capstone Mini,solution in consultation with the guide/ supervisor,2344411,Mini-Project -,6.34-N-B.E.-Information-Technology-Sem-III-IV.pdf,0.1767,12,1,0.0,0,lab_or_project_course,lab_or_project_course
"Case study: AI for transaction validation, fraud",learning Topics: Case Studies on AI in,2166118,Blockchain,SEM-V.pdf,0.3678,8,1,0.1667,0,truncated_fragment,truncated_fragment
"library functions, list and tuples in Haskell",Functional Programming Concepts,2344411,Mini-Project -,6.34-N-B.E.-Information-Technology-Sem-III-IV.pdf,0.4094,2,1,0.0,1,lab_or_project_course,lab_or_project_course
Introduction to Analysis of Algorithms,integer values and find space and time complexity,2343115,ADSA Lab,6.34-N-B.E.-Information-Technology-Sem-III-IV.pdf,0.2618,2,1,0.0,1,lab_or_project_course,lab_or_project_course
Solve any three questions out of five: (05 marks each),questions covering all,2165113,Agile Software,SEM-V.pdf,0.4337,8,1,0.0833,0,admin_rubric_noise,admin_rubric_noise
protocols on Simulator,Self-learning Topics: Demonstration of,2165116,Computer,SEM-V.pdf,0.0959,3,1,0.0,0,tool_fragment,tool_fragment; admin_rubric_noise; truncated_fragment
Rank correlation coefficient (R) (with repeated and non,"Expectation of random variable with mean, variance and",2343111,Applied,6.34-N-B.E.-Information-Technology-Sem-III-IV.pdf,0.0687,5,1,0.1429,0,truncated_fragment,truncated_fragment; subject_mismatch
Testing: Principles of Agile Testers,C’s of DevOps Lifecycle for Business,2165113,Agile Software,SEM-V.pdf,0.2559,10,1,0.0909,0,publisher_citation,publisher_citation
"DevOps: Dive, , Packt, 2018","must be from different modules. For example, if Q.2 has part (a) from Module 3 then part",2165113,Agile Software,SEM-V.pdf,-0.0176,12,1,0.0,0,publisher_citation,publisher_citation; length_bound
pattern matching,Order Functions,2344411,Mini-Project -,6.34-N-B.E.-Information-Technology-Sem-III-IV.pdf,0.1873,2,1,0.0,0,person_name,person_name; lab_or_project_course
Tools: Git,Introduction to OOP- Basic of,2343611,Mini-Project - Full,6.34-N-B.E.-Information-Technology-Sem-III-IV.pdf,0.1069,6,1,0.0,0,tool_fragment,tool_fragment; truncated_fragment; lab_or_project_course
"handling and Garbage collection, preferably in",At least Two Program preferably in Java/C++ to,2344411,Mini-Project -,6.34-N-B.E.-Information-Technology-Sem-III-IV.pdf,0.2566,3,1,0.1538,0,person_name,person_name; truncated_fragment; lab_or_project_course
Question Paper will comprise of a total of six questions each carrying 15  marks. Q.1,"must be from different modules. For example, if Q.2 has part (a) from Module 3 then part",2165113,Agile Software,SEM-V.pdf,0.2538,3,1,0.069,0,admin_rubric_noise,admin_rubric_noise; length_bound
Note for QP Setters,"The question paper should contain six questions, each of 15 marks",2165113,Agile Software,SEM-V.pdf,0.1777,7,1,0.0,0,admin_rubric_noise,admin_rubric_noise; subject_mismatch
Design an IoT solution for any one of the following case studies,List of Experiments,2166121,Internet of Things,SEM-V.pdf,0.2111,13,1,0.0714,0,admin_rubric_noise,admin_rubric_noise
solution in consultation with the guide/ supervisor,"In continuous assessment, focus shall also be on each individual student, assessment based on the individual’s",2344411,Mini-Project -,6.34-N-B.E.-Information-Technology-Sem-III-IV.pdf,0.2386,8,1,0.1053,0,length_bound,length_bound; publisher_citation; lab_or_project_course
"Advanced Engineering Mathematics, Erwin Kreyszig, Wiley Eastern Limited","Advanced Engineering Mathematics, R.K. Jainand S.R.K. Iyengar, Narosapublication",2343111,Applied,6.34-N-B.E.-Information-Technology-Sem-III-IV.pdf,0.7169,1,1,0.2143,1,publisher_citation,publisher_citation
Self-learning Topics: Study a real time case study for,Self-learning Topics: Memory Management for any,2344112,Operating System,6.34-N-B.E.-Information-Technology-Sem-III-IV.pdf,0.7541,2,1,0.3333,1,admin_rubric_noise,admin_rubric_noise; truncated_fragment
semester exam from self,"study topics. However, students are",2343111,Applied,6.34-N-B.E.-Information-Technology-Sem-III-IV.pdf,0.3473,1,1,0.0,1,admin_rubric_noise,admin_rubric_noise; truncated_fragment
Dynamic Algorithms,String Matching Algorithms,2343115,ADSA Lab,6.34-N-B.E.-Information-Technology-Sem-III-IV.pdf,0.3953,4,1,0.25,0,lab_or_project_course,lab_or_project_course
Basic and Feasible solutions,slack variables,2013111,Mathematics for,6.20N-B.E.-AI-DS.-Sem-III-IV.pdf,0.3459,1,1,0.0,1,person_name,person_name
Explain the physical and logical design of IoT with suitable examples. Illustrate the,connecting smart devices,2166121,Internet of Things,SEM-V.pdf,0.3222,4,1,0.0,1,truncated_fragment,truncated_fragment
Q2: What are AI,world application where AI,2166126,Blockchain,SEM-V.pdf,0.5289,3,1,0.1429,1,admin_rubric_noise,admin_rubric_noise
Time Series Analysis,Interpretation for model identification AR,2166120,Visualization Lab,SEM-V.pdf,0.2422,6,1,0.0,0,lab_or_project_course,lab_or_project_course
flexible layouts,utilizing grid systems and essential components like headers,2343611,Mini-Project - Full,6.34-N-B.E.-Information-Technology-Sem-III-IV.pdf,0.4366,13,1,0.0,0,lab_or_project_course,lab_or_project_course
Operating System,Special-purpose Operating Systems,2014113,Operating,6.20N-B.E.-AI-DS.-Sem-III-IV.pdf,0.6991,3,1,0.2,1,generic_lone_term,generic_lone_term
"automation tools such as Selenium, Cypress",in DevOps Implementation. Mapping App to,2165113,Agile Software,SEM-V.pdf,0.1831,7,1,0.0,0,tool_fragment,tool_fragment; truncated_fragment
Q2: What is the role of MSPs in Hyperledger Fabric?,world application where AI,2166126,Blockchain,SEM-V.pdf,0.0297,10,1,0.0,0,admin_rubric_noise,admin_rubric_noise
Starter dependencies,application. Properties,2343611,Mini-Project - Full,6.34-N-B.E.-Information-Technology-Sem-III-IV.pdf,0.0655,4,1,0.0,0,lab_or_project_course,lab_or_project_course
"Use map, reduce, filter extensively",b. ATM Simulator,2344411,Mini-Project -,6.34-N-B.E.-Information-Technology-Sem-III-IV.pdf,0.0762,9,1,0.0,0,tool_fragment,tool_fragment; lab_or_project_course
"The progress of the mini project to be evaluated on continuous basis, minimum two reviews in each semester",o Quality of Project report & Project Review,2344411,Mini-Project -,6.34-N-B.E.-Information-Technology-Sem-III-IV.pdf,0.5437,7,1,0.0952,0,length_bound,length_bound; lab_or_project_course
web pages,Bootstrap Introduction & Components: Get started with Bootstrap,2343611,Mini-Project - Full,6.34-N-B.E.-Information-Technology-Sem-III-IV.pdf,0.2267,8,1,0.0,0,lab_or_project_course,lab_or_project_course
Practical & Oral Exam: An Oral & Practical exam will be held based on the above syllabus,Cloud Data Logging using Raspberry Pi and ThingSpeak,2166121,Internet of Things,SEM-V.pdf,-0.0361,11,1,0.0,0,length_bound,length_bound; admin_rubric_noise; tool_fragment
Applications and variants,Edge Systems: Application in feature selection,2166115,Nature-,SEM-V.pdf,0.3763,2,1,0.0,1,person_name,person_name; generic_lone_term; truncated_fragment
Max. Marks,"modules. For example, if Q.2 has part (a) from Module 3 then part",2165113,Agile Software,SEM-V.pdf,0.0637,5,1,0.0,0,admin_rubric_noise,admin_rubric_noise
"Cryptocurrency basics, types, usage, ERC20 and","launching an ICO, pros and cons, evolution and",2166118,Blockchain,SEM-V.pdf,0.2522,2,1,0.0833,1,truncated_fragment,truncated_fragment
Compare various IoT communication models and APIs. Discuss their significance in,connecting smart devices,2166121,Internet of Things,SEM-V.pdf,0.3257,1,1,0.0,1,truncated_fragment,truncated_fragment
ThingSpeak Cloud. OR on AWS cloud,To study and implement IoT Data processing using Pandas,2166121,Internet of Things,SEM-V.pdf,0.325,2,1,0.0,1,tool_fragment,tool_fragment
Functions ofSquare Matrix,Quadratic forms,2344111,Applied,6.34-N-B.E.-Information-Technology-Sem-III-IV.pdf,0.403,2,1,0.0,1,truncated_fragment,truncated_fragment
"Chandramouli Subramanian, Asha A. Georgeet al., “Blockchain Technology”, Universities","Dr. Vaibhav Agrawal, Practical Artificial Intelligence and Blockchain, BPB Publications",2166118,Blockchain,SEM-V.pdf,0.5361,12,1,0.0556,0,publisher_citation,publisher_citation
Pumping lemma,output: Moore and Mealy machines,2014111,Computational,6.20N-B.E.-AI-DS.-Sem-III-IV.pdf,0.0541,12,1,0.0,0,person_name,person_name
"(without proof, Polar form not included)",f(z) when real (u)or imaginary part (v) is given,2343111,Applied,6.34-N-B.E.-Information-Technology-Sem-III-IV.pdf,0.2551,2,1,0.0,1,truncated_fragment,truncated_fragment
"Dirichlet’s conditions, Definition of Fourier series and",Fourier series of even and odd functions (simple functions,2343111,Applied,6.34-N-B.E.-Information-Technology-Sem-III-IV.pdf,0.5456,3,1,0.3333,1,publisher_citation,publisher_citation; truncated_fragment
"synergy between AI and Blockchain, benefit, AI",making and automation using AI agents in,2166118,Blockchain,SEM-V.pdf,0.3874,6,1,0.1818,0,truncated_fragment,truncated_fragment
"Q2: What is a Merkle Tree, and why is it used in blockchain?",Q3: Briefly explain Paxos and Raft consensus mechanisms,2166126,Blockchain,SEM-V.pdf,0.3543,13,1,0.0526,0,admin_rubric_noise,admin_rubric_noise
Metrics: Measuring performance,Self-learning Topics: Swarm Intelligence for AI &,2166115,Nature-,SEM-V.pdf,0.1411,10,1,0.0,0,admin_rubric_noise,admin_rubric_noise
Based Interface via any board,To send email alert using ESP32/nodeMCU  via SMTP server,2166121,Internet of Things,SEM-V.pdf,0.0455,13,1,0.0714,0,truncated_fragment,truncated_fragment
Assessment criteria of Capstone Mini,Project shall be assessed based on following criteria,2344411,Mini-Project -,6.34-N-B.E.-Information-Technology-Sem-III-IV.pdf,0.3295,2,1,0.0833,1,lab_or_project_course,lab_or_project_course
"ERC721 Tokens, ICO: basics and related terms","launching an ICO, pros and cons, evolution and",2166118,Blockchain,SEM-V.pdf,0.4802,1,1,0.1667,1,truncated_fragment,truncated_fragment
Socket Programming  To study and implement Socket Programming using TCP.  To study and implement Socket Programming using UDP,Singh Rathore,2344115,Network Design,6.34-N-B.E.-Information-Technology-Sem-III-IV.pdf,0.0905,3,1,0.0,0,length_bound,length_bound; publisher_citation; person_name
Introduction to Full Stack Java Overview of full-stack development: Definition of Full Stack,applications of full stack,2343611,Mini-Project - Full,6.34-N-B.E.-Information-Technology-Sem-III-IV.pdf,0.6916,10,1,0.3,1,lab_or_project_course,lab_or_project_course
Overview: Frontend: HTML,applications of full stack,2343611,Mini-Project - Full,6.34-N-B.E.-Information-Technology-Sem-III-IV.pdf,0.3004,6,1,0.0,1,lab_or_project_course,lab_or_project_course
Self-learning Topics: Jamstack architecture,Self-learning Topics: API Gateway concept,2165114,Web and,SEM-V.pdf,0.5477,2,1,0.375,1,admin_rubric_noise,admin_rubric_noise
forecasting techniques such as Monte Carlo,"automation tools such as Selenium, Cypress",2165113,Agile Software,SEM-V.pdf,0.1315,12,1,0.2,0,tool_fragment,tool_fragment
Regular Expression,to DFA Conversion,2014111,Computational,6.20N-B.E.-AI-DS.-Sem-III-IV.pdf,0.3021,14,1,0.0,0,truncated_fragment,truncated_fragment
Spring Boot: Modern development trends. MVC in Java Web,and hyperlinks. Responsive Web Design: Learn to build websites,2343611,Mini-Project - Full,6.34-N-B.E.-Information-Technology-Sem-III-IV.pdf,0.3123,5,1,0.0588,0,truncated_fragment,truncated_fragment; lab_or_project_course
Q2: List the basic components of a Solidity smart contract,Q1: How can AI be integrated with blockchain for fraud detection?,2166126,Blockchain,SEM-V.pdf,0.1392,10,1,0.0,0,admin_rubric_noise,admin_rubric_noise
"Engineering: Applying the Theory of Constraints for Business Results‖, Prentice Hall, 2003","Craig Larman, Agile and Iterative Development: A Manager’s Guide, Addison",2165113,Agile Software,SEM-V.pdf,0.2185,1,1,0.0,1,publisher_citation,publisher_citation
Introduction to Full Stack Java Overview of full-stack development: Definition of Full Stack,Technology Stack,2343611,Mini-Project - Full,6.34-N-B.E.-Information-Technology-Sem-III-IV.pdf,0.4867,3,1,0.1,1,lab_or_project_course,lab_or_project_course
Choosing the right DevOps tools and challenges,"learning Topics: CI/CD pipelines, cloud",2165113,Agile Software,SEM-V.pdf,0.3524,4,1,0.0,0,truncated_fragment,truncated_fragment
Rank correlation coefficient (R) (with repeated and non,"study topics. However, students are",2343111,Applied,6.34-N-B.E.-Information-Technology-Sem-III-IV.pdf,0.0501,12,1,0.0,0,truncated_fragment,truncated_fragment; admin_rubric_noise; subject_mismatch
through case study on handwritten digits (0 - 9),from scanned images,2166117,Digital Imaging,SEM-V.pdf,0.3591,1,1,0.0,1,truncated_fragment,truncated_fragment
RESTful API Design principles,Understanding Request Mapping,2343611,Mini-Project - Full,6.34-N-B.E.-Information-Technology-Sem-III-IV.pdf,0.3711,4,1,0.0,1,lab_or_project_course,lab_or_project_course
Self- learning Topics: Different feature engineering,Data Exploration and Anamoly Detection,2166120,Visualization Lab,SEM-V.pdf,0.256,12,1,0.0,0,lab_or_project_course,lab_or_project_course
"Implement inheritance for different types of users (students, staff)",Read weather data and apply pure functions for analysis,2344411,Mini-Project -,6.34-N-B.E.-Information-Technology-Sem-III-IV.pdf,0.0082,9,1,0.0588,0,subject_mismatch,subject_mismatch; lab_or_project_course
Q3: List two common security threats in blockchain and their mitigation strategies,Semester GPA/ Programme,2166126,Blockchain,SEM-V.pdf,-0.0675,8,1,0.0,0,admin_rubric_noise,admin_rubric_noise
IA will consist of Two Compulsory Internal Assessment Tests. Each test will be,marks. Approximately 40% to 50% of syllabus content must be covered in First IA Test,2165113,Agile Software,SEM-V.pdf,0.6452,1,1,0.1739,1,admin_rubric_noise,admin_rubric_noise
"PIN check, balance enquiry, cash withdrawal, etc",Script to organize files into folders based on type,2344411,Mini-Project -,6.34-N-B.E.-Information-Technology-Sem-III-IV.pdf,-0.0707,12,1,0.0,0,truncated_fragment,truncated_fragment; subject_mismatch; lab_or_project_course
Cloud Data Logging using Raspberry Pi and ThingSpeak,Interfacing Soil Moisture Sensor with any board and Uploading Data to,2166121,Internet of Things,SEM-V.pdf,0.2487,1,1,0.1176,1,tool_fragment,tool_fragment; truncated_fragment
Exception Handling Basics,and hyperlinks. Responsive Web Design: Learn to build websites,2343611,Mini-Project - Full,6.34-N-B.E.-Information-Technology-Sem-III-IV.pdf,0.054,13,1,0.0,0,truncated_fragment,truncated_fragment; subject_mismatch; lab_or_project_course
b. ATM Simulator,based system using functions only (no classes),2344411,Mini-Project -,6.34-N-B.E.-Information-Technology-Sem-III-IV.pdf,0.1768,1,1,0.0,0,tool_fragment,tool_fragment; truncated_fragment; lab_or_project_course
Riemann equations in,"mapping,  cross  ratio,  fixed  points,  and  standard",2343111,Applied,6.34-N-B.E.-Information-Technology-Sem-III-IV.pdf,0.1864,2,1,0.0,0,truncated_fragment,truncated_fragment
"to students for C, C++, JAVA along with how to",Dynamic Binding,2344411,Mini-Project -,6.34-N-B.E.-Information-Technology-Sem-III-IV.pdf,0.0426,7,1,0.0,0,truncated_fragment,truncated_fragment; lab_or_project_course
Procedural Programming,b. Sudoku Solver (Prolog),2344411,Mini-Project -,6.34-N-B.E.-Information-Technology-Sem-III-IV.pdf,0.238,11,1,0.0,0,lab_or_project_course,lab_or_project_course
Methods: GET,Service layer responsibilities,2343611,Mini-Project - Full,6.34-N-B.E.-Information-Technology-Sem-III-IV.pdf,0.1076,10,1,0.0,0,lab_or_project_course,lab_or_project_course
Driven Programming,include at least 2 assignments and Mini,2344411,Mini-Project -,6.34-N-B.E.-Information-Technology-Sem-III-IV.pdf,0.2749,8,1,0.0,0,person_name,person_name; lab_or_project_course
a. Student Grade Calculator (C / Python),a. Chatbot using Python (OOP + Functional),2344411,Mini-Project -,6.34-N-B.E.-Information-Technology-Sem-III-IV.pdf,0.2803,13,1,0.2,0,lab_or_project_course,lab_or_project_course
document spacing,text formatting,2343611,Mini-Project - Full,6.34-N-B.E.-Information-Technology-Sem-III-IV.pdf,0.4593,14,1,0.0,0,lab_or_project_course,lab_or_project_course
scripting essentials for automating tasks,Self-learning Topics: Various Network Performance,2166124,Edge Computing,SEM-V.pdf,0.1038,1,1,0.0,0,admin_rubric_noise,admin_rubric_noise
Clarity of Problem definition based on need,Innovativeness in solutions/ Novelty in solutions,2344411,Mini-Project -,6.34-N-B.E.-Information-Technology-Sem-III-IV.pdf,0.2121,1,1,0.0,1,lab_or_project_course,lab_or_project_course
navigating directories,Self-learning Topics: Applications of AI in Edge,2166124,Edge Computing,SEM-V.pdf,0.1009,12,1,0.0,0,admin_rubric_noise,admin_rubric_noise; subject_mismatch
a. Chatbot using Python (OOP + Functional),b. Traffic Light Simulation (JavaScript + HTML/CSS),2344411,Mini-Project -,6.34-N-B.E.-Information-Technology-Sem-III-IV.pdf,0.1048,10,1,0.0,0,lab_or_project_course,lab_or_project_course
Cayley-Hamilton,diagonalizable and non,2013111,Mathematics for,6.20N-B.E.-AI-DS.-Sem-III-IV.pdf,0.3863,3,1,0.0,0,person_name,person_name; truncated_fragment; subject_mismatch
form elements (text fields,Back-end development with Java Spring Boot introduction- What is Spring Framework? Why Spring Boot?,2343611,Mini-Project - Full,6.34-N-B.E.-Information-Technology-Sem-III-IV.pdf,0.0658,11,1,0.0,0,truncated_fragment,truncated_fragment; lab_or_project_course
character effects,and handling user input through various,2343611,Mini-Project - Full,6.34-N-B.E.-Information-Technology-Sem-III-IV.pdf,0.1639,11,1,0.0,0,truncated_fragment,truncated_fragment; lab_or_project_course
Clarity in written and oral communication,group to a panel of Internal and External Examiners preferably from industry or research organisations having,2344411,Mini-Project -,6.34-N-B.E.-Information-Technology-Sem-III-IV.pdf,0.0545,3,1,0.0476,0,person_name,person_name; length_bound; lab_or_project_course
Extension of simple linear,Outlier Detection using Distance based method,2166120,Visualization Lab,SEM-V.pdf,0.0571,12,1,0.0,0,subject_mismatch,subject_mismatch; lab_or_project_course
Implement solution for a 0-1 knapsack problem using,Implement Sum of subsets problem for a given set of,2343115,ADSA Lab,6.34-N-B.E.-Information-Technology-Sem-III-IV.pdf,0.4623,6,1,0.2857,0,truncated_fragment,truncated_fragment; lab_or_project_course
through Dart,Faculty supervisor may give inputs to students during the mini project activity,2344411,Mini-Project -,6.34-N-B.E.-Information-Technology-Sem-III-IV.pdf,0.0774,13,1,0.0,0,truncated_fragment,truncated_fragment; lab_or_project_course
"Q2: What is a Merkle Tree, and why is it used in blockchain?",Q1: What is the role of Gas in Ethereum transactions?,2166126,Blockchain,SEM-V.pdf,0.2401,7,1,0.1579,0,admin_rubric_noise,admin_rubric_noise
Study – Selenium/ Jira,learning Topics: Continuous Testing,2165113,Agile Software,SEM-V.pdf,0.2119,1,1,0.0,1,tool_fragment,tool_fragment
highlighting key layers and their responsibilities,Connected Car System,2166121,Internet of Things,SEM-V.pdf,-0.0097,11,1,0.0,0,person_name,person_name
Implement at least,"Students shall form a group of 3 to 4 students, and a group shall not be allowed less than three or more than four",2344411,Mini-Project -,6.34-N-B.E.-Information-Technology-Sem-III-IV.pdf,0.1747,13,1,0.0,0,length_bound,length_bound; admin_rubric_noise; subject_mismatch; lab_or_project_course
integers and perform Pre-order,In-order and Post-order,2343115,ADSA Lab,6.34-N-B.E.-Information-Technology-Sem-III-IV.pdf,0.5667,1,1,0.2857,1,person_name,person_name; lab_or_project_course
Avoid mutable data,"Use map, reduce, filter extensively",2344411,Mini-Project -,6.34-N-B.E.-Information-Technology-Sem-III-IV.pdf,0.372,1,1,0.0,1,lab_or_project_course,lab_or_project_course
Concept of features and importance in predictive,regression. Estimation of coefficients using Least Squares,2166120,Visualization Lab,SEM-V.pdf,0.1175,8,1,0.0769,0,subject_mismatch,subject_mismatch; lab_or_project_course
Outlier Detection using,Outlier detection using density-based methods for real time,2166120,Visualization Lab,SEM-V.pdf,0.7376,2,1,0.3333,1,lab_or_project_course,lab_or_project_course
Marks awarded by guide/supervisor based on above practical list and,o Identification of need/problem,2344411,Mini-Project -,6.34-N-B.E.-Information-Technology-Sem-III-IV.pdf,0.1893,7,1,0.0,0,truncated_fragment,truncated_fragment; subject_mismatch; lab_or_project_course
understand query execution using the backward,activity of a mini,2344411,Mini-Project -,6.34-N-B.E.-Information-Technology-Sem-III-IV.pdf,0.1224,12,1,0.0,0,lab_or_project_course,lab_or_project_course
Q2: Compare two blockchain platforms of your choice in terms of features and,"Q3: What is a 51% attack, and how can it affect blockchain security?",2166126,Blockchain,SEM-V.pdf,0.1813,2,1,0.087,0,admin_rubric_noise,admin_rubric_noise; truncated_fragment
"like Supply chain, Healthcare, Energy, Education",Laundering & Risk Scoring LLMs in Smart,2166118,Blockchain,SEM-V.pdf,0.1908,3,1,0.0,0,person_name,person_name; truncated_fragment
Rank correlation coefficient (R) (with repeated and non,Note: No questions will be asked in the end,2343111,Applied,6.34-N-B.E.-Information-Technology-Sem-III-IV.pdf,-0.0186,10,1,0.0,0,truncated_fragment,truncated_fragment; subject_mismatch
integers and perform Pre-order,Implement solution for a 0-1 knapsack problem using,2343115,ADSA Lab,6.34-N-B.E.-Information-Technology-Sem-III-IV.pdf,0.2145,8,1,0.0,0,person_name,person_name; lab_or_project_course
learning Topics: Partial fractions method to find,Fourier series of even and odd functions (simple functions,2343111,Applied,6.34-N-B.E.-Information-Technology-Sem-III-IV.pdf,0.063,7,1,0.0,0,truncated_fragment,truncated_fragment
Public Key Infrastructure (PKI) and,Secure Coding Practices,2166114,Security,SEM-V.pdf,0.1956,5,1,0.0,0,truncated_fragment,truncated_fragment
Scheduling Algorithms,Selection of Scheduling,2344112,Operating System,6.34-N-B.E.-Information-Technology-Sem-III-IV.pdf,0.8127,1,1,0.25,1,truncated_fragment,truncated_fragment
Students can Use Any Board such as Arduino/ Node MCU/ ESP32/ R,Term Work Marks: 25 Marks (Total marks) = 15 Marks (Experiment) + 5 Marks (Assignments),2166121,Internet of Things,SEM-V.pdf,0.1152,4,1,0.0,0,tool_fragment,tool_fragment; admin_rubric_noise; subject_mismatch
and Robustness,3 Case Studies & Applications: MOEAs in feature,2166115,Nature-,SEM-V.pdf,0.3665,2,1,0.0,1,person_name,person_name; truncated_fragment
"detection, and performance optimization, AI",learning Topics: Case Studies on AI in,2166118,Blockchain,SEM-V.pdf,0.398,7,1,0.0909,0,truncated_fragment,truncated_fragment
distinct numbers using backtracking,Implement Longest common subsequence,2343115,ADSA Lab,6.34-N-B.E.-Information-Technology-Sem-III-IV.pdf,0.3411,12,1,0.0,0,lab_or_project_course,lab_or_project_course
Spearman’s Rank correlation coefficient (R) (with,repeated and non-repeated ranks),2013111,Mathematics for,6.20N-B.E.-AI-DS.-Sem-III-IV.pdf,0.4197,1,1,0.0,1,publisher_citation,publisher_citation; truncated_fragment; person_name
Socket Programming  To study and implement Socket Programming using TCP.  To study and implement Socket Programming using UDP,PACKT publishing,2344115,Network Design,6.34-N-B.E.-Information-Technology-Sem-III-IV.pdf,0.0665,9,1,0.0,0,length_bound,length_bound; publisher_citation
web pages,CSS3 Fundamentals: Explore CSS syntax,2343611,Mini-Project - Full,6.34-N-B.E.-Information-Technology-Sem-III-IV.pdf,0.2496,5,1,0.0,0,lab_or_project_course,lab_or_project_course
standardization techniques,Concept of dependent and independent variables. The,2166120,Visualization Lab,SEM-V.pdf,0.0338,7,1,0.0,0,truncated_fragment,truncated_fragment; lab_or_project_course
Self- learning Topics: Explore Advance Regression,Concepts of Data Exploration: Different techniques,2166120,Visualization Lab,SEM-V.pdf,0.3088,2,1,0.0,1,lab_or_project_course,lab_or_project_course
Recursion instead of loops,Procedural Programming,2344411,Mini-Project -,6.34-N-B.E.-Information-Technology-Sem-III-IV.pdf,0.3137,2,1,0.0,1,lab_or_project_course,lab_or_project_course
utilizing grid systems and essential components like headers,and navigation bars.React.js basics,2343611,Mini-Project - Full,6.34-N-B.E.-Information-Technology-Sem-III-IV.pdf,0.1416,1,1,0.0769,0,person_name,person_name; truncated_fragment; lab_or_project_course
Guidelines for Capstone Mini,"however, focus shall be on self",2344411,Mini-Project -,6.34-N-B.E.-Information-Technology-Sem-III-IV.pdf,0.0589,10,1,0.0,0,truncated_fragment,truncated_fragment; lab_or_project_course
Implementation of randomized quicksort algorithm and,In-order and Post-order,2343115,ADSA Lab,6.34-N-B.E.-Information-Technology-Sem-III-IV.pdf,0.2586,6,1,0.1111,1,truncated_fragment,truncated_fragment; person_name; lab_or_project_course
Flow Control (Simple Problems),Random Access (ALOHA,2344113,Computer Network,6.34-N-B.E.-Information-Technology-Sem-III-IV.pdf,0.1368,7,1,0.0,0,truncated_fragment,truncated_fragment
"the same way as tail, except that safetail maps the",error in this case. Define safetail using: (a) a,2344411,Mini-Project -,6.34-N-B.E.-Information-Technology-Sem-III-IV.pdf,0.3512,2,1,0.0625,1,truncated_fragment,truncated_fragment; lab_or_project_course
Types of time series: univariate and multivariate,Interpretation for model identification AR,2166120,Visualization Lab,SEM-V.pdf,0.0693,5,1,0.0,0,lab_or_project_course,lab_or_project_course
Remaining questions will be mixed in nature (part (a) and part (b) of each question,"must be from different modules. For example, if Q.2 has part (a) from Module 3 then part",2165113,Agile Software,SEM-V.pdf,0.2935,1,1,0.1111,1,truncated_fragment,truncated_fragment; length_bound
Construct Binary Search Tree for given sequence of,traversal of constructed tree. Analyze complexities,2343115,ADSA Lab,6.34-N-B.E.-Information-Technology-Sem-III-IV.pdf,0.5022,3,1,0.1667,1,truncated_fragment,truncated_fragment; lab_or_project_course
f(z) to be analytic (without proof),f(z) when real (u)or imaginary part (v) is given,2343111,Applied,6.34-N-B.E.-Information-Technology-Sem-III-IV.pdf,0.4749,3,1,0.125,1,truncated_fragment,truncated_fragment
Online References,Internal Assessment (IA) for 20 marks,2165113,Agile Software,SEM-V.pdf,0.095,3,1,0.0,0,person_name,person_name; admin_rubric_noise
Packages and Import statements,and hyperlinks. Responsive Web Design: Learn to build websites,2343611,Mini-Project - Full,6.34-N-B.E.-Information-Technology-Sem-III-IV.pdf,0.0257,14,1,0.0833,0,person_name,person_name; truncated_fragment; lab_or_project_course
"Craig Larman, Agile and Iterative Development: A Manager’s Guide, Addison",➢ Question paper format,2165113,Agile Software,SEM-V.pdf,0.0346,10,1,0.0,0,publisher_citation,publisher_citation; admin_rubric_noise
"and Benefits, DevOps Principles and Practices",Choosing the right DevOps tools and challenges,2165113,Agile Software,SEM-V.pdf,0.6661,3,1,0.2,1,truncated_fragment,truncated_fragment
ThingSpeak Cloud. OR on AWS cloud,To control home devices (LED) using self,2166121,Internet of Things,SEM-V.pdf,0.0521,3,1,0.0,0,tool_fragment,tool_fragment
ThingSpeak Cloud. OR on AWS cloud,Any application of Blynk App,2166121,Internet of Things,SEM-V.pdf,0.28,1,1,0.0,1,tool_fragment,tool_fragment
and Edge computing platforms,Task offloading strategies: local vs cloud,2166124,Edge Computing,SEM-V.pdf,0.279,4,1,0.0,0,truncated_fragment,truncated_fragment
(1)Question 1 is compulsory,Part (a) and Part (b) of each question must be from different,2165113,Agile Software,SEM-V.pdf,0.5852,3,1,0.0714,1,admin_rubric_noise,admin_rubric_noise; truncated_fragment
Q3: Briefly explain Paxos and Raft consensus mechanisms,Q2: What are AI,2166126,Blockchain,SEM-V.pdf,0.262,6,1,0.0,0,admin_rubric_noise,admin_rubric_noise
diagonalizable and non,Kuhn-Tucker conditions,2013111,Mathematics for,6.20N-B.E.-AI-DS.-Sem-III-IV.pdf,0.0336,13,1,0.0,0,person_name,person_name; truncated_fragment; subject_mismatch
"Use OOP to model Users, Transactions, and Categories",No side effects in logic layer,2344411,Mini-Project -,6.34-N-B.E.-Information-Technology-Sem-III-IV.pdf,0.1474,9,1,0.0,0,subject_mismatch,subject_mismatch; lab_or_project_course
MVC Architecture- Model: Business logic,Data management,2343611,Mini-Project - Full,6.34-N-B.E.-Information-Technology-Sem-III-IV.pdf,0.2836,1,1,0.0,1,lab_or_project_course,lab_or_project_course
University of Mumbai,Guidelines for Assessment of Capstone Mini,2344411,Mini-Project -,6.34-N-B.E.-Information-Technology-Sem-III-IV.pdf,0.0274,1,1,0.125,0,lab_or_project_course,lab_or_project_course
probability distribution and probability density function,"Expectation of random variable with mean, variance and",2343111,Applied,6.34-N-B.E.-Information-Technology-Sem-III-IV.pdf,0.4043,1,1,0.0833,1,truncated_fragment,truncated_fragment
"Dirichlet’s conditions, Definition of Fourier series and",Hal Frange Sine and Cosine Series,2343111,Applied,6.34-N-B.E.-Information-Technology-Sem-III-IV.pdf,0.3848,5,1,0.1667,1,publisher_citation,publisher_citation; truncated_fragment
text formatting,Spring Initializr,2343611,Mini-Project - Full,6.34-N-B.E.-Information-Technology-Sem-III-IV.pdf,0.1193,12,1,0.0,0,lab_or_project_course,lab_or_project_course
Self-learning Topics: Norman’s principles of,Teaching Scheme,2165115,User Experience,SEM-V.pdf,0.3715,3,1,0.0,1,publisher_citation,publisher_citation; admin_rubric_noise; truncated_fragment; person_name
Self-learning Topics: Swarm Intelligence for AI &,federated learning,2166115,Nature-,SEM-V.pdf,0.3358,3,1,0.125,0,admin_rubric_noise,admin_rubric_noise
Raspberry Pi in IoT systems,Develop a short report on MQTT or CoAP protocol implementation for IoT data,2166121,Internet of Things,SEM-V.pdf,0.477,5,1,0.0588,1,tool_fragment,tool_fragment
Applications and variants,hyperparameter tuning,2166115,Nature-,SEM-V.pdf,0.1659,3,1,0.0,0,person_name,person_name; generic_lone_term; truncated_fragment
solution in consultation with the guide/ supervisor,Distribution of Term work marks for both semesters shall be as below,2344411,Mini-Project -,6.34-N-B.E.-Information-Technology-Sem-III-IV.pdf,0.1073,10,1,0.0,0,admin_rubric_noise,admin_rubric_noise; truncated_fragment; subject_mismatch; lab_or_project_course
"Metaverse, Cryptocurrency wallets: Hot and cold","wallets, Cryptocurrency usage, Transactions in",2166118,Blockchain,SEM-V.pdf,0.4333,1,1,0.2222,1,person_name,person_name; truncated_fragment
Fourier series of even and odd functions (simple functions,"Analytic function, necessary and sufficient conditions for",2343111,Applied,6.34-N-B.E.-Information-Technology-Sem-III-IV.pdf,0.1828,5,1,0.0714,0,truncated_fragment,truncated_fragment
dynamic programming,Implementation of Bellman-Ford algorithm,2343115,ADSA Lab,6.34-N-B.E.-Information-Technology-Sem-III-IV.pdf,0.3523,11,1,0.0,0,lab_or_project_course,lab_or_project_course
Self-Learning : Transfer Learning and Self,Supervised Learning,2166111,Machine,SEM-V.pdf,0.3429,1,1,0.2,1,admin_rubric_noise,admin_rubric_noise; truncated_fragment
Students should understand checked and unchecked,(b) guarded equations,2344411,Mini-Project -,6.34-N-B.E.-Information-Technology-Sem-III-IV.pdf,0.2068,14,1,0.0,0,person_name,person_name; admin_rubric_noise; lab_or_project_course
"Deepak Gaikwad, Viral Thakkar. DevOps Tools from Practitioner's Viewpoint","DevOps: Dive, , Packt, 2018",2165113,Agile Software,SEM-V.pdf,0.6044,7,1,0.0769,1,publisher_citation,publisher_citation
through Dart,"Students shall form a group of 3 to 4 students, and a group shall not be allowed less than three or more than four",2344411,Mini-Project -,6.34-N-B.E.-Information-Technology-Sem-III-IV.pdf,0.0644,5,1,0.0,0,truncated_fragment,truncated_fragment; length_bound; admin_rubric_noise; subject_mismatch; lab_or_project_course
"Introduction to Agile Methods, Sondra Ashmore","Craig Larman, Agile and Iterative Development: A Manager’s Guide, Addison",2165113,Agile Software,SEM-V.pdf,0.6141,6,1,0.0625,1,publisher_citation,publisher_citation
Self-learning Topics: Security Policies,Self-learning Topics: Tools Used for Ethical,2166114,Security,SEM-V.pdf,0.6188,8,1,0.3333,1,admin_rubric_noise,admin_rubric_noise
Introduction to Java EE- Need for Java EE in enterprise applications,character effects,2343611,Mini-Project - Full,6.34-N-B.E.-Information-Technology-Sem-III-IV.pdf,0.0452,9,1,0.0,0,lab_or_project_course,lab_or_project_course
Report should be prepared as per the guidelines issued by the University of Mumbai,group to a panel of Internal and External Examiners preferably from industry or research organisations having,2344411,Mini-Project -,6.34-N-B.E.-Information-Technology-Sem-III-IV.pdf,0.2645,1,1,0.0357,1,publisher_citation,publisher_citation; length_bound; lab_or_project_course
Statistical Techniques,Spearman’s Rank correlation coefficient (R) (with,2013111,Mathematics for,6.20N-B.E.-AI-DS.-Sem-III-IV.pdf,0.2409,2,1,0.0,1,publisher_citation,publisher_citation; truncated_fragment
embedded server,Methods: GET,2343611,Mini-Project - Full,6.34-N-B.E.-Information-Technology-Sem-III-IV.pdf,-0.0338,6,1,0.0,0,lab_or_project_course,lab_or_project_course
Supervised Learning,Self-Learning : Support Vector Regression and,2166111,Machine,SEM-V.pdf,0.5119,3,1,0.1429,1,admin_rubric_noise,admin_rubric_noise; truncated_fragment
document spacing,form elements (text fields,2343611,Mini-Project - Full,6.34-N-B.E.-Information-Technology-Sem-III-IV.pdf,0.2601,11,1,0.0,0,truncated_fragment,truncated_fragment; lab_or_project_course
embedded server,Mapping HTTP methods to,2343611,Mini-Project - Full,6.34-N-B.E.-Information-Technology-Sem-III-IV.pdf,0.188,9,1,0.0,0,truncated_fragment,truncated_fragment; subject_mismatch; lab_or_project_course
Assessment criteria of Capstone Mini,Contribution of an individual’s as member or leader,2344411,Mini-Project -,6.34-N-B.E.-Information-Technology-Sem-III-IV.pdf,0.0443,14,1,0.0769,0,publisher_citation,publisher_citation; lab_or_project_course
distinct numbers using backtracking,Implement any one application,2343115,ADSA Lab,6.34-N-B.E.-Information-Technology-Sem-III-IV.pdf,0.0398,13,1,0.0,0,lab_or_project_course,lab_or_project_course
in DevOps Implementation. Mapping App to,"First International Edition, Prentice Hall",2165113,Agile Software,SEM-V.pdf,0.059,11,1,0.0,0,truncated_fragment,truncated_fragment; publisher_citation
Functional Programming Concepts,"empty list to the empty list, whereas tail gives an",2344411,Mini-Project -,6.34-N-B.E.-Information-Technology-Sem-III-IV.pdf,0.1167,4,1,0.0,0,lab_or_project_course,lab_or_project_course
applications of full stack,Packages and Import statements,2343611,Mini-Project - Full,6.34-N-B.E.-Information-Technology-Sem-III-IV.pdf,0.1632,5,1,0.0,0,person_name,person_name; lab_or_project_course
a. Chatbot using Python (OOP + Functional),"Functional for processing input (filters, parsers)",2344411,Mini-Project -,6.34-N-B.E.-Information-Technology-Sem-III-IV.pdf,0.2931,2,1,0.0909,1,lab_or_project_course,lab_or_project_course
semi-structured,Introduction to Python and,2166120,Visualization Lab,SEM-V.pdf,0.2936,1,1,0.0,1,truncated_fragment,truncated_fragment; lab_or_project_course
Assignment 2  ( Any two Questions from each Unit),Q2: Explain the double spending problem in blockchain,2166126,Blockchain,SEM-V.pdf,0.3147,6,1,0.0,0,admin_rubric_noise,admin_rubric_noise
"Linear Algebra, Vectors, Probability and statistics, Programming Concepts",Principal Component Analysis,2166111,Machine,SEM-V.pdf,0.3294,8,1,0.0,1,publisher_citation,publisher_citation
Anomaly Detection: Outliers,xts) Extracting time series,2166120,Visualization Lab,SEM-V.pdf,0.1711,10,1,0.0,0,truncated_fragment,truncated_fragment; lab_or_project_course
Collection of Dataset,Students shall be motivated to publish a paper based on the work in Conferences/students competitions,2344411,Mini-Project -,6.34-N-B.E.-Information-Technology-Sem-III-IV.pdf,0.1039,13,1,0.0,0,admin_rubric_noise,admin_rubric_noise; subject_mismatch; lab_or_project_course
RE in text search and replace,output: Moore and Mealy machines,2014111,Computational,6.20N-B.E.-AI-DS.-Sem-III-IV.pdf,0.0128,11,1,0.1,0,person_name,person_name
Dr. Ritu Bhargava,Anish Nath,2344115,Network Design,6.34-N-B.E.-Information-Technology-Sem-III-IV.pdf,0.1779,4,1,0.0,0,publisher_citation,publisher_citation; person_name
Features of Spring Boot: Auto-configuration,Understanding Request Mapping,2343611,Mini-Project - Full,6.34-N-B.E.-Information-Technology-Sem-III-IV.pdf,0.1839,13,1,0.0,0,lab_or_project_course,lab_or_project_course
Apps (PWAs),Self-learning Topics: API Gateway concept,2165114,Web and,SEM-V.pdf,0.2123,6,1,0.0,0,generic_lone_term,generic_lone_term; admin_rubric_noise
"AI–Blockchain Integration: Overview, need, and",learning Topics: Case Studies on AI in,2166118,Blockchain,SEM-V.pdf,0.2647,11,1,0.0833,0,truncated_fragment,truncated_fragment
Based Interface via any board,MQTT.(using paho library),2166121,Internet of Things,SEM-V.pdf,0.0794,3,1,0.0,0,truncated_fragment,truncated_fragment; tool_fragment
"like Supply chain, Healthcare, Energy, Education","Contract Lifecycle (Dev, Audit, Test, Docs)",2166118,Blockchain,SEM-V.pdf,0.1597,4,1,0.0,0,person_name,person_name
Remaining questions will be mixed in nature (part (a) and part (b) of each question,A total of Four questions need to be answered,2165113,Agile Software,SEM-V.pdf,0.5713,3,1,0.2105,1,truncated_fragment,truncated_fragment; admin_rubric_noise
consensus mechanisms,Q3: Briefly explain Paxos and Raft consensus mechanisms,2166126,Blockchain,SEM-V.pdf,0.5709,8,1,0.25,1,admin_rubric_noise,admin_rubric_noise
Introduction to Full Stack Java Overview of full-stack development: Definition of Full Stack,Backend: Java,2343611,Mini-Project - Full,6.34-N-B.E.-Information-Technology-Sem-III-IV.pdf,0.5732,5,1,0.1,1,lab_or_project_course,lab_or_project_course
"only, piecewise continuous function not to be included)","polar coordinates, conformal mapping, linear, bilinear",2343111,Applied,6.34-N-B.E.-Information-Technology-Sem-III-IV.pdf,0.0038,12,1,0.0,0,truncated_fragment,truncated_fragment; subject_mismatch
find space and time complexity,integers and perform Pre-order,2343115,ADSA Lab,6.34-N-B.E.-Information-Technology-Sem-III-IV.pdf,0.1066,4,1,0.1111,0,person_name,person_name; lab_or_project_course
Students should understand checked and unchecked,Sample Programs but not limited to,2344411,Mini-Project -,6.34-N-B.E.-Information-Technology-Sem-III-IV.pdf,0.1278,8,1,0.0,0,person_name,person_name; admin_rubric_noise; truncated_fragment; lab_or_project_course
Dirichlet’s conditions,range Sine and Cosine Series,2013111,Mathematics for,6.20N-B.E.-AI-DS.-Sem-III-IV.pdf,0.092,5,1,0.0,0,publisher_citation,publisher_citation
and working with tables,and hyperlinks. Responsive Web Design: Learn to build websites,2343611,Mini-Project - Full,6.34-N-B.E.-Information-Technology-Sem-III-IV.pdf,0.3227,1,1,0.0833,1,person_name,person_name; truncated_fragment; lab_or_project_course
Introduction to data analytics,R for data analytics,2166120,Visualization Lab,SEM-V.pdf,0.5122,5,1,0.3333,1,lab_or_project_course,lab_or_project_course
Q2: What is the role of MSPs in Hyperledger Fabric?,CGPA Semester/ Programme,2166126,Blockchain,SEM-V.pdf,0.0502,14,1,0.0,0,admin_rubric_noise,admin_rubric_noise
At least Four Haskell Programs to demonstrate,(b) guarded equations,2344411,Mini-Project -,6.34-N-B.E.-Information-Technology-Sem-III-IV.pdf,0.2601,8,1,0.0,0,lab_or_project_course,lab_or_project_course
making and automation using AI agents in,"Smart Contracts” ,Packt Publishing",2166118,Blockchain,SEM-V.pdf,0.1055,14,1,0.0,0,truncated_fragment,truncated_fragment; publisher_citation
and Edge computing platforms,Self-learning Topics: Applications of AI in Edge,2166124,Edge Computing,SEM-V.pdf,0.4556,6,1,0.0909,0,truncated_fragment,truncated_fragment; admin_rubric_noise
Events for light changes,Use state variables to track behavior,2344411,Mini-Project -,6.34-N-B.E.-Information-Technology-Sem-III-IV.pdf,0.277,1,1,0.0,1,lab_or_project_course,lab_or_project_course
Get Mapping,Defining Controllers in Spring Boot,2343611,Mini-Project - Full,6.34-N-B.E.-Information-Technology-Sem-III-IV.pdf,0.0763,2,1,0.0,0,person_name,person_name; subject_mismatch; lab_or_project_course
Q1: What is the role of Gas in Ethereum transactions?,Q2: What is the role of MSPs in Hyperledger Fabric?,2166126,Blockchain,SEM-V.pdf,0.2264,5,1,0.4286,1,admin_rubric_noise,admin_rubric_noise
Choosing the right DevOps tools and challenges,"Introduction to Agile Methods, Sondra Ashmore",2165113,Agile Software,SEM-V.pdf,0.2619,13,1,0.0,0,truncated_fragment,truncated_fragment; publisher_citation
"(without proof, Polar form not included)","Expectation of random variable with mean, variance and",2343111,Applied,6.34-N-B.E.-Information-Technology-Sem-III-IV.pdf,0.0062,14,1,0.0,0,truncated_fragment,truncated_fragment
Convergence Speed,and Robustness,2166115,Nature-,SEM-V.pdf,0.1431,1,1,0.0,0,person_name,person_name; truncated_fragment
Types of data: structured,Introduction to Python and,2166120,Visualization Lab,SEM-V.pdf,0.2385,2,1,0.0,1,truncated_fragment,truncated_fragment; lab_or_project_course
diagonalizable and non,Linear and Non-Linear Programming Problems,2013111,Mathematics for,6.20N-B.E.-AI-DS.-Sem-III-IV.pdf,0.0474,3,1,0.3333,1,person_name,person_name; truncated_fragment; subject_mismatch
Implementation of Ford-Fulkerson algorithm,Implement Floyd Warshall Algorithm,2343115,ADSA Lab,6.34-N-B.E.-Information-Technology-Sem-III-IV.pdf,0.3479,3,1,0.125,1,lab_or_project_course,lab_or_project_course
"Testing Quadrants, Test Driven Development",C’s of DevOps Lifecycle for Business,2165113,Agile Software,SEM-V.pdf,0.2653,8,1,0.0,0,publisher_citation,publisher_citation
"Andreas M. Antonopoulos & Dr. Gavin Wood, “Mastering Ethereum: Building Smart","Ritesh Modi, Solidity Programming Essentials: A Beginner's Guide to Build Smart",2166118,Blockchain,SEM-V.pdf,0.3757,2,1,0.0476,1,publisher_citation,publisher_citation
Self-learning Topics: Norman’s principles of,Design with VR,2165115,User Experience,SEM-V.pdf,0.1428,7,1,0.0,0,publisher_citation,publisher_citation; admin_rubric_noise; truncated_fragment
adding images to,using images as links,2343611,Mini-Project - Full,6.34-N-B.E.-Information-Technology-Sem-III-IV.pdf,0.6774,2,1,0.1667,1,truncated_fragment,truncated_fragment; subject_mismatch; lab_or_project_course
Self-learning Topics: Case Study on any one,Special-purpose Operating Systems,2014113,Operating,6.20N-B.E.-AI-DS.-Sem-III-IV.pdf,0.0837,1,1,0.0,0,admin_rubric_noise,admin_rubric_noise
Dynamic Algorithms,Implement Naïve string matching algorithm,2343115,ADSA Lab,6.34-N-B.E.-Information-Technology-Sem-III-IV.pdf,0.3235,5,1,0.0,0,lab_or_project_course,lab_or_project_course
Scheduled Access (Reservation,HDLC Protocol,2344113,Computer Network,6.34-N-B.E.-Information-Technology-Sem-III-IV.pdf,0.2023,12,1,0.0,0,truncated_fragment,truncated_fragment
semi-structured,standardization techniques,2166120,Visualization Lab,SEM-V.pdf,0.1929,8,1,0.0,0,lab_or_project_course,lab_or_project_course
Implement Travelling salesman problem,Implement Rabin-Karp algorithm,2343115,ADSA Lab,6.34-N-B.E.-Information-Technology-Sem-III-IV.pdf,0.2929,3,1,0.1429,0,lab_or_project_course,lab_or_project_course
Part (a) and Part (b) of each question must be from different,Note for QP Setters,2165113,Agile Software,SEM-V.pdf,0.0845,3,1,0.0,0,truncated_fragment,truncated_fragment; admin_rubric_noise; subject_mismatch
Source Tools in DevOps,"Deepak Gaikwad, Viral Thakkar. DevOps Tools from Practitioner's Viewpoint",2165113,Agile Software,SEM-V.pdf,0.6901,11,1,0.1667,1,publisher_citation,publisher_citation
Clarity in written and oral communication,a. Library Management System,2344411,Mini-Project -,6.34-N-B.E.-Information-Technology-Sem-III-IV.pdf,-0.012,8,1,0.0,0,person_name,person_name; lab_or_project_course
a. Student Grade Calculator (C / Python),Use functions and data structures to store and compute data,2344411,Mini-Project -,6.34-N-B.E.-Information-Technology-Sem-III-IV.pdf,0.2878,1,1,0.0,1,lab_or_project_course,lab_or_project_course
Anomaly Detection: Outliers,Time Series Analysis,2166120,Visualization Lab,SEM-V.pdf,0.3059,7,1,0.0,0,lab_or_project_course,lab_or_project_course
and Course Name,(b) must be from any other Module,2165113,Agile Software,SEM-V.pdf,0.2204,9,1,0.0,0,person_name,person_name; admin_rubric_noise; truncated_fragment; subject_mismatch
Self-learning Topics: Game Playing,Self-learning Topics: Ontologies and Semantic Web,2165112,Artificial,SEM-V.pdf,0.5261,2,1,0.3333,1,admin_rubric_noise,admin_rubric_noise
learning Topics: Case Studies on AI in,"Contracts and DApps”, O’Reilly Media",2166118,Blockchain,SEM-V.pdf,0.1395,6,1,0.0,0,truncated_fragment,truncated_fragment; publisher_citation; person_name
Search Techniques,introductory overview and comparison,2165112,Artificial,SEM-V.pdf,0.2796,4,1,0.0,0,person_name,person_name
Residual analysis,Self- learning Topics: Explore Advance Regression,2166120,Visualization Lab,SEM-V.pdf,0.2219,5,1,0.0,0,lab_or_project_course,lab_or_project_course
Implement Sum of subsets problem for a given set of,Implement Travelling salesman problem,2343115,ADSA Lab,6.34-N-B.E.-Information-Technology-Sem-III-IV.pdf,0.3204,8,1,0.1818,0,truncated_fragment,truncated_fragment; lab_or_project_course
Concept of features and importance in predictive,Residual analysis,2166120,Visualization Lab,SEM-V.pdf,0.1022,9,1,0.0,0,lab_or_project_course,lab_or_project_course
"Implement inheritance for different types of users (students, staff)",b. Online Food Ordering System (Console,2344411,Mini-Project -,6.34-N-B.E.-Information-Technology-Sem-III-IV.pdf,0.066,2,1,0.0,0,truncated_fragment,truncated_fragment; lab_or_project_course
Assessment criteria of Capstone Mini,Capstone Mini,2344411,Mini-Project -,6.34-N-B.E.-Information-Technology-Sem-III-IV.pdf,0.7332,1,1,0.4,1,person_name,person_name; lab_or_project_course
React DevTools,Dockerizing Kotlin backend applications,2165114,Web and,SEM-V.pdf,0.1026,5,1,0.0,0,tool_fragment,tool_fragment
"Introduction to Agile Methods, Sondra Ashmore","Deepak Gaikwad, Viral Thakkar. DevOps Tools from Practitioner's Viewpoint",2165113,Agile Software,SEM-V.pdf,0.3384,1,1,0.0,1,publisher_citation,publisher_citation
Implementation of Ford-Fulkerson algorithm,Implement Travelling salesman problem,2343115,ADSA Lab,6.34-N-B.E.-Information-Technology-Sem-III-IV.pdf,0.3417,4,1,0.0,1,lab_or_project_course,lab_or_project_course
Tutorial on Introduction to Haskell programming,Simple List Comprehension,2344411,Mini-Project -,6.34-N-B.E.-Information-Technology-Sem-III-IV.pdf,0.2532,13,1,0.0,0,lab_or_project_course,lab_or_project_course
Compare various IoT communication models and APIs. Discuss their significance in,"Differentiate between wired (UART, SPI, I²C) and wireless (NFC, RFID, Bluetooth",2166121,Internet of Things,SEM-V.pdf,0.3586,2,1,0.0476,1,truncated_fragment,truncated_fragment
Implement Longest common subsequence,Implement any one application,2343115,ADSA Lab,6.34-N-B.E.-Information-Technology-Sem-III-IV.pdf,0.0507,1,1,0.1429,0,lab_or_project_course,lab_or_project_course
Error Control: Stop-and-Wait ARQ,MAC address and its types,2344113,Computer Network,6.34-N-B.E.-Information-Technology-Sem-III-IV.pdf,-0.0686,9,1,0.1,0,person_name,person_name
Clarity of Problem definition based on need,Feasibility of proposed problem solutions and selection of best solution,2344411,Mini-Project -,6.34-N-B.E.-Information-Technology-Sem-III-IV.pdf,0.4275,2,1,0.1429,1,lab_or_project_course,lab_or_project_course
Implement solution for job sequencing with deadlines,Implement N-Queen's problem using Back Tracking,2343115,ADSA Lab,6.34-N-B.E.-Information-Technology-Sem-III-IV.pdf,0.2252,2,1,0.0714,1,lab_or_project_course,lab_or_project_course
o Identification of need/problem,Project shall be assessed based on following criteria,2344411,Mini-Project -,6.34-N-B.E.-Information-Technology-Sem-III-IV.pdf,0.3545,9,1,0.0,0,lab_or_project_course,lab_or_project_course
Introduction to Java EE- Need for Java EE in enterprise applications,View: User interface,2343611,Mini-Project - Full,6.34-N-B.E.-Information-Technology-Sem-III-IV.pdf,0.256,4,1,0.0,1,lab_or_project_course,lab_or_project_course
Q1: Explain the structure of a blockchain block and the role of the block header,Q1: What is the role of Gas in Ethereum transactions?,2166126,Blockchain,SEM-V.pdf,0.3825,8,1,0.2353,1,admin_rubric_noise,admin_rubric_noise
Clarity in written and oral communication,Students shall be motivated to publish a paper based on the work in Conferences/students competitions,2344411,Mini-Project -,6.34-N-B.E.-Information-Technology-Sem-III-IV.pdf,0.105,5,1,0.05,0,person_name,person_name; admin_rubric_noise; subject_mismatch; lab_or_project_course
CRC code,Token Passing),2344113,Computer Network,6.34-N-B.E.-Information-Technology-Sem-III-IV.pdf,0.2433,10,1,0.0,0,truncated_fragment,truncated_fragment
questions covering all,"The question paper should contain six questions, each of 15 marks",2165113,Agile Software,SEM-V.pdf,0.4681,3,1,0.0769,1,admin_rubric_noise,admin_rubric_noise
a. GUI Calculator (Python Tkinter / Java Swing),include at least 2 assignments and Mini,2344411,Mini-Project -,6.34-N-B.E.-Information-Technology-Sem-III-IV.pdf,0.1419,7,1,0.0,0,person_name,person_name; lab_or_project_course
"Roger Pressman, Software Engineering: A Practitioner's Approach, 6th edition, McGraw","Robert C. Martin, “Agile Software Development, Principles, Patterns and Practices”",2165113,Agile Software,SEM-V.pdf,0.4808,2,1,0.05,1,publisher_citation,publisher_citation
Version Control with Git,Methods: GET,2343611,Mini-Project - Full,6.34-N-B.E.-Information-Technology-Sem-III-IV.pdf,-0.071,10,1,0.0,0,lab_or_project_course,lab_or_project_course
o Quality of Project report & Project Review,project as mentioned in general guidelines,2344411,Mini-Project -,6.34-N-B.E.-Information-Technology-Sem-III-IV.pdf,0.4493,2,1,0.0909,1,lab_or_project_course,lab_or_project_course
"Classes: Customer, MenuItem, Order, Restaurant","OOP features like encapsulation, polymorphism",2344411,Mini-Project -,6.34-N-B.E.-Information-Technology-Sem-III-IV.pdf,0.2449,1,1,0.0,1,person_name,person_name; lab_or_project_course
Functional Programming,Use functions and data structures to store and compute data,2344411,Mini-Project -,6.34-N-B.E.-Information-Technology-Sem-III-IV.pdf,0.4469,11,1,0.0,0,lab_or_project_course,lab_or_project_course
Cost effectiveness,Effective use of skill sets,2344411,Mini-Project -,6.34-N-B.E.-Information-Technology-Sem-III-IV.pdf,0.2743,4,1,0.0,0,lab_or_project_course,lab_or_project_course
Avoid mutable data,based system using functions only (no classes),2344411,Mini-Project -,6.34-N-B.E.-Information-Technology-Sem-III-IV.pdf,0.1303,11,1,0.0,0,truncated_fragment,truncated_fragment; lab_or_project_course
First shall be for the finalisation of problem and proposed solution,Cost effectiveness and Societal impact,2344411,Mini-Project -,6.34-N-B.E.-Information-Technology-Sem-III-IV.pdf,0.1869,12,1,0.0667,0,person_name,person_name; lab_or_project_course
Letter Grade Result,Faculty of Science & Technology,2166126,Blockchain,SEM-V.pdf,0.1655,7,1,0.0,0,admin_rubric_noise,admin_rubric_noise
"Higher Engineering Mathematics, Dr. B.S. Grewal, Khanna Publication","Advanced Engineering Mathematics, R.K. Jainand S.R.K. Iyengar, Narosapublication",2343111,Applied,6.34-N-B.E.-Information-Technology-Sem-III-IV.pdf,0.7534,2,1,0.2,1,publisher_citation,publisher_citation
"Define relations like parent, sibling, cousin using rules",b. Sudoku Solver (Prolog),2344411,Mini-Project -,6.34-N-B.E.-Information-Technology-Sem-III-IV.pdf,0.1925,2,1,0.0,0,lab_or_project_course,lab_or_project_course
Scheduled Access (Reservation,Fast Ethernet (100 Mbps),2344113,Computer Network,6.34-N-B.E.-Information-Technology-Sem-III-IV.pdf,-0.0137,8,1,0.0,0,truncated_fragment,truncated_fragment
Recursion instead of loops,No OOP involved,2344411,Mini-Project -,6.34-N-B.E.-Information-Technology-Sem-III-IV.pdf,0.0939,5,1,0.0,0,lab_or_project_course,lab_or_project_course
"Students should do the survey and identify needs, which shall be converted into a problem statement for the mini",project in consultation with the faculty supervisor/head of department/internal committee of faculty,2344411,Mini-Project -,6.34-N-B.E.-Information-Technology-Sem-III-IV.pdf,0.2988,1,1,0.0345,1,length_bound,length_bound; admin_rubric_noise; lab_or_project_course
Medium Access Control,Self-Study Topics,2344113,Computer Network,6.34-N-B.E.-Information-Technology-Sem-III-IV.pdf,0.0534,12,1,0.0,0,generic_lone_term,generic_lone_term; admin_rubric_noise
natural numbers that use a predefined add function,fibonacci series,2344411,Mini-Project -,6.34-N-B.E.-Information-Technology-Sem-III-IV.pdf,0.2318,2,1,0.0,1,subject_mismatch,subject_mismatch; lab_or_project_course
Multi-class SVMs,Feature Importance and Selection,2166111,Machine,SEM-V.pdf,0.264,3,1,0.0,0,person_name,person_name
Similarity of matrices,diagonalizable and non,2013111,Mathematics for,6.20N-B.E.-AI-DS.-Sem-III-IV.pdf,0.2617,1,1,0.0,1,person_name,person_name; truncated_fragment; subject_mismatch
through Dart,"A log book to be prepared by each group, wherein the group can record weekly work progress, and the",2344411,Mini-Project -,6.34-N-B.E.-Information-Technology-Sem-III-IV.pdf,0.051,11,1,0.0,0,truncated_fragment,truncated_fragment; length_bound; publisher_citation; subject_mismatch; lab_or_project_course
dynamic programming,Dynamic Algorithms,2343115,ADSA Lab,6.34-N-B.E.-Information-Technology-Sem-III-IV.pdf,0.7652,10,1,0.3333,1,lab_or_project_course,lab_or_project_course
Concepts of Data Exploration: Different techniques,Anomaly detection techniques,2166120,Visualization Lab,SEM-V.pdf,0.3524,4,1,0.125,1,lab_or_project_course,lab_or_project_course
descriptive analytics and sampling distribution,Self-learning Topics: Explore bootstrapping,2165111,Statistics for,SEM-V.pdf,0.2215,1,1,0.0,1,admin_rubric_noise,admin_rubric_noise
Term Work Marks: 50 Marks (Total marks) = 10 Marks (Experiment) + 5 Marks (Assignments) + 30 Marks (Capstone,Oral Exam: An Oral exam will be held based on the Capstone Mini,2344411,Mini-Project -,6.34-N-B.E.-Information-Technology-Sem-III-IV.pdf,0.3314,2,1,0.0476,1,length_bound,length_bound; admin_rubric_noise; truncated_fragment; subject_mismatch; lab_or_project_course
Students shall convert the best solution into a working model using various components of their domain areas and,The solution to be validated with proper justification and a report to be compiled in a standard format of the,2344411,Mini-Project -,6.34-N-B.E.-Information-Technology-Sem-III-IV.pdf,0.2769,1,1,0.1724,1,length_bound,length_bound; admin_rubric_noise; truncated_fragment; subject_mismatch; lab_or_project_course
Haskell code to represent infinite list e.g,fibonacci series,2344411,Mini-Project -,6.34-N-B.E.-Information-Technology-Sem-III-IV.pdf,0.1186,1,1,0.0,0,subject_mismatch,subject_mismatch; lab_or_project_course
At least Four Haskell Programs to demonstrate,Haskell code to represent infinite list e.g,2344411,Mini-Project -,6.34-N-B.E.-Information-Technology-Sem-III-IV.pdf,0.591,14,1,0.1538,0,subject_mismatch,subject_mismatch; lab_or_project_course
Use state variables to track behavior,"Mini- Project with full prototype/ product demo, testing, validation and Report) + 5 Marks (Attendance)",2344411,Mini-Project -,6.34-N-B.E.-Information-Technology-Sem-III-IV.pdf,0.0991,5,1,0.0,0,admin_rubric_noise,admin_rubric_noise; truncated_fragment; subject_mismatch; lab_or_project_course
Full Stack Developer Roles & Skills,Exception Handling Basics,2343611,Mini-Project - Full,6.34-N-B.E.-Information-Technology-Sem-III-IV.pdf,0.0393,14,1,0.0,0,subject_mismatch,subject_mismatch; lab_or_project_course
"OOP for structuring code (User, Bot, ChatSession)","Functional for processing input (filters, parsers)",2344411,Mini-Project -,6.34-N-B.E.-Information-Technology-Sem-III-IV.pdf,0.2221,1,1,0.0833,1,lab_or_project_course,lab_or_project_course
form elements (text fields,Fetch API,2343611,Mini-Project - Full,6.34-N-B.E.-Information-Technology-Sem-III-IV.pdf,-0.0998,8,1,0.0,0,truncated_fragment,truncated_fragment; subject_mismatch; lab_or_project_course
"Q2: What is a Merkle Tree, and why is it used in blockchain?",Q1: Differentiate between private and consortium blockchains,2166126,Blockchain,SEM-V.pdf,0.2644,11,1,0.0556,0,admin_rubric_noise,admin_rubric_noise
Paradigm Approach,Events for light changes,2344411,Mini-Project -,6.34-N-B.E.-Information-Technology-Sem-III-IV.pdf,0.0718,12,1,0.0,0,lab_or_project_course,lab_or_project_course
Implementation of hash functions and its associated,In-order and Post-order,2343115,ADSA Lab,6.34-N-B.E.-Information-Technology-Sem-III-IV.pdf,0.156,4,1,0.1,0,person_name,person_name; subject_mismatch; lab_or_project_course
Architecture and,Real-Time,2014113,Operating,6.20N-B.E.-AI-DS.-Sem-III-IV.pdf,0.2792,2,1,0.0,1,truncated_fragment,truncated_fragment; generic_lone_term
Based Light Intensity Monitoring System using LDR and any,Any Application of IFTTT,2166121,Internet of Things,SEM-V.pdf,0.153,4,1,0.0833,0,truncated_fragment,truncated_fragment
navigating directories,file handling,2166124,Edge Computing,SEM-V.pdf,0.2582,1,1,0.0,1,subject_mismatch,subject_mismatch
(Simple Problems on throughput),MAC address and its types,2344113,Computer Network,6.34-N-B.E.-Information-Technology-Sem-III-IV.pdf,-0.0272,2,1,0.0,0,person_name,person_name
"learning implementation of concurrency, Streams","Students should do the survey and identify needs, which shall be converted into a problem statement for the mini",2344411,Mini-Project -,6.34-N-B.E.-Information-Technology-Sem-III-IV.pdf,0.0418,5,1,0.0,0,length_bound,length_bound; admin_rubric_noise; lab_or_project_course
Evolution Strategies and Evolutionary Programming,Self-learning Topics: Swarm Intelligence for AI &,2166115,Nature-,SEM-V.pdf,0.3923,2,1,0.0,1,admin_rubric_noise,admin_rubric_noise
a. Chatbot using Python (OOP + Functional),"Term Work: Term Work shall consist of list of all practicals’ based on the above list. Also, the Term work Journal must",2344411,Mini-Project -,6.34-N-B.E.-Information-Technology-Sem-III-IV.pdf,0.0349,13,1,0.0,0,length_bound,length_bound; publisher_citation; admin_rubric_noise; lab_or_project_course
guide/supervisor can verify and record notes/comments,Faculty supervisor may give inputs to students during the mini project activity,2344411,Mini-Project -,6.34-N-B.E.-Information-Technology-Sem-III-IV.pdf,0.3777,1,1,0.0526,1,subject_mismatch,subject_mismatch; lab_or_project_course
Project shall be assessed based on following criteria,Contribution of an individual’s as member or leader,2344411,Mini-Project -,6.34-N-B.E.-Information-Technology-Sem-III-IV.pdf,0.2285,12,1,0.0,0,publisher_citation,publisher_citation; lab_or_project_course
String Matching Algorithms,Implement Rabin-Karp algorithm,2343115,ADSA Lab,6.34-N-B.E.-Information-Technology-Sem-III-IV.pdf,0.2482,2,1,0.0,1,lab_or_project_course,lab_or_project_course
EDA and feature exploration,Importing and exploring time series data in Python,2166120,Visualization Lab,SEM-V.pdf,0.1495,10,1,0.0909,0,person_name,person_name; lab_or_project_course
Causes of Outliers,Outlier Detection using,2166120,Visualization Lab,SEM-V.pdf,0.6396,2,1,0.0,1,subject_mismatch,subject_mismatch; lab_or_project_course
Clarity of Problem definition based on need,Effective use of standard engineering norms,2344411,Mini-Project -,6.34-N-B.E.-Information-Technology-Sem-III-IV.pdf,0.296,9,1,0.0833,0,lab_or_project_course,lab_or_project_course
using Haskell,understand query execution using the backward,2344411,Mini-Project -,6.34-N-B.E.-Information-Technology-Sem-III-IV.pdf,0.1338,9,1,0.1429,0,truncated_fragment,truncated_fragment; lab_or_project_course
Fetch API,Spring Initializr,2343611,Mini-Project - Full,6.34-N-B.E.-Information-Technology-Sem-III-IV.pdf,0.0212,7,1,0.0,0,subject_mismatch,subject_mismatch; lab_or_project_course
"must be from different modules. For example, if Q.2 has part (a) from Module 3 then part",(b) must be from any other Module,2165113,Agile Software,SEM-V.pdf,0.6434,13,1,0.2105,0,length_bound,length_bound; subject_mismatch
case studies,"synergy between AI and Blockchain, benefit, AI",2166118,Blockchain,SEM-V.pdf,0.2161,2,1,0.0,1,generic_lone_term,generic_lone_term
At least Two Program preferably in Java/C++ to,Tutorial on Introduction to Haskell programming,2344411,Mini-Project -,6.34-N-B.E.-Information-Technology-Sem-III-IV.pdf,0.2439,1,1,0.0714,1,truncated_fragment,truncated_fragment; lab_or_project_course
Database: MySQL,Data types,2343611,Mini-Project - Full,6.34-N-B.E.-Information-Technology-Sem-III-IV.pdf,0.3114,5,1,0.0,0,lab_or_project_course,lab_or_project_course
Anomaly Detection: Outliers,Outlier detection using density-based methods for real time,2166120,Visualization Lab,SEM-V.pdf,0.6862,5,1,0.0909,1,lab_or_project_course,lab_or_project_course
Project Practical/Oral Examination,Report should be prepared as per the guidelines issued by the University of Mumbai,2344411,Mini-Project -,6.34-N-B.E.-Information-Technology-Sem-III-IV.pdf,0.2614,1,1,0.0,1,admin_rubric_noise,admin_rubric_noise; publisher_citation; lab_or_project_course
Self-Learning : Semi-Supervised and Active,Learning Techniques,2166111,Machine,SEM-V.pdf,0.4587,1,1,0.1429,1,admin_rubric_noise,admin_rubric_noise
Simple List Comprehension,Haskell code to represent infinite list e.g,2344411,Mini-Project -,6.34-N-B.E.-Information-Technology-Sem-III-IV.pdf,0.4529,4,1,0.1,1,subject_mismatch,subject_mismatch; lab_or_project_course
Procedural Programming,a. Family Tree Generator (Prolog),2344411,Mini-Project -,6.34-N-B.E.-Information-Technology-Sem-III-IV.pdf,0.3033,8,1,0.0,0,lab_or_project_course,lab_or_project_course
Database: MySQL,Data management,2343611,Mini-Project - Full,6.34-N-B.E.-Information-Technology-Sem-III-IV.pdf,0.3916,13,1,0.0,0,lab_or_project_course,lab_or_project_course
learning Topics: Case Studies on AI in,Text Books,2166118,Blockchain,SEM-V.pdf,0.3737,1,1,0.0,1,truncated_fragment,truncated_fragment
consensus mechanisms for various applications,Laundering & Risk Scoring LLMs in Smart,2166118,Blockchain,SEM-V.pdf,0.0352,4,1,0.0,0,person_name,person_name; truncated_fragment
the execution of the Functional Implementation,Knowledge Base having multiple facts and rules,2344411,Mini-Project -,6.34-N-B.E.-Information-Technology-Sem-III-IV.pdf,0.1012,8,1,0.0,0,truncated_fragment,truncated_fragment; lab_or_project_course
Mike Cohn – Agile Estimating and Planning (Pearson),"David J. Anderson and Eli Schragenheim, ―Agile Management for Software",2165113,Agile Software,SEM-V.pdf,0.4652,2,1,0.1333,1,publisher_citation,publisher_citation
Date of Exam,Max. Marks,2165113,Agile Software,SEM-V.pdf,0.1946,2,1,0.0,0,admin_rubric_noise,admin_rubric_noise
Implementation of Ford-Fulkerson algorithm,Dynamic Algorithms,2343115,ADSA Lab,6.34-N-B.E.-Information-Technology-Sem-III-IV.pdf,0.3412,1,1,0.0,1,lab_or_project_course,lab_or_project_course
"learning implementation of concurrency, Streams",solution in consultation with the guide/ supervisor,2344411,Mini-Project -,6.34-N-B.E.-Information-Technology-Sem-III-IV.pdf,0.1515,14,1,0.0,0,lab_or_project_course,lab_or_project_course
Recurrence Relations: Methods,to solve recurrence relations in algorithms (Substitution,2343112,Advance Data,6.34-N-B.E.-Information-Technology-Sem-III-IV.pdf,0.7618,1,1,0.25,1,truncated_fragment,truncated_fragment
Data types,Control Statements,2343611,Mini-Project - Full,6.34-N-B.E.-Information-Technology-Sem-III-IV.pdf,0.2058,1,1,0.0,1,lab_or_project_course,lab_or_project_course
embedded server,Understanding Request Mapping,2343611,Mini-Project - Full,6.34-N-B.E.-Information-Technology-Sem-III-IV.pdf,0.0908,11,1,0.0,0,lab_or_project_course,lab_or_project_course
Implement Prim’s and Kruskal’s algorithms,Implement solution for job sequencing with deadlines,2343115,ADSA Lab,6.34-N-B.E.-Information-Technology-Sem-III-IV.pdf,0.2221,1,1,0.0833,1,publisher_citation,publisher_citation; lab_or_project_course
MVC Architecture- Model: Business logic,and mobile-first design principles,2343611,Mini-Project - Full,6.34-N-B.E.-Information-Technology-Sem-III-IV.pdf,0.1895,13,1,0.0,0,truncated_fragment,truncated_fragment; lab_or_project_course
derogatory matrices,Functions ofSquare Matrix,2344111,Applied,6.34-N-B.E.-Information-Technology-Sem-III-IV.pdf,0.3487,1,1,0.0,1,truncated_fragment,truncated_fragment
Backend: Java,Introduction to OOP- Basic of,2343611,Mini-Project - Full,6.34-N-B.E.-Information-Technology-Sem-III-IV.pdf,0.3016,9,1,0.0,0,truncated_fragment,truncated_fragment; lab_or_project_course
Prolog programs to,Implement any 3 sample programs in Dart based on,2344411,Mini-Project -,6.34-N-B.E.-Information-Technology-Sem-III-IV.pdf,0.225,8,1,0.0909,0,truncated_fragment,truncated_fragment; lab_or_project_course
Logic Programming,a. GUI Calculator (Python Tkinter / Java Swing),2344411,Mini-Project -,6.34-N-B.E.-Information-Technology-Sem-III-IV.pdf,0.2373,14,1,0.0,0,lab_or_project_course,lab_or_project_course
"In continuous assessment, focus shall also be on each individual student, assessment based on the individual’s","contribution in group activity, their understanding, and response to questions",2344411,Mini-Project -,6.34-N-B.E.-Information-Technology-Sem-III-IV.pdf,0.2833,1,1,0.0435,1,length_bound,length_bound; publisher_citation; lab_or_project_course
Libraries: dplyr,modelling Creating new features from existing data,2166120,Visualization Lab,SEM-V.pdf,0.1052,5,1,0.0,0,lab_or_project_course,lab_or_project_course
Data management,and working with tables,2343611,Mini-Project - Full,6.34-N-B.E.-Information-Technology-Sem-III-IV.pdf,0.408,8,1,0.0,0,person_name,person_name; truncated_fragment; lab_or_project_course
Concurrency and,"Students' hall submits an implementation plan in the form of a Gantt/PERT/CPM chart, which will cover the weekly",2344411,Mini-Project -,6.34-N-B.E.-Information-Technology-Sem-III-IV.pdf,0.1354,10,1,0.0,0,truncated_fragment,truncated_fragment; length_bound; subject_mismatch; lab_or_project_course
Q2: What is the role of MSPs in Hyperledger Fabric?,Q3: Give one example of a real,2166126,Blockchain,SEM-V.pdf,0.0628,9,1,0.0625,0,admin_rubric_noise,admin_rubric_noise
Implement Sum of subsets problem for a given set of,distinct numbers using backtracking,2343115,ADSA Lab,6.34-N-B.E.-Information-Technology-Sem-III-IV.pdf,0.333,1,1,0.0,1,truncated_fragment,truncated_fragment; lab_or_project_course
"students, as it is a group activity",project in consultation with the faculty supervisor/head of department/internal committee of faculty,2344411,Mini-Project -,6.34-N-B.E.-Information-Technology-Sem-III-IV.pdf,0.2482,2,1,0.0,1,lab_or_project_course,lab_or_project_course
Anomaly Detection: Outliers,Outlier Detection using Distance based method,2166120,Visualization Lab,SEM-V.pdf,0.6359,4,1,0.125,1,lab_or_project_course,lab_or_project_course
"A log book to be prepared by each group, wherein the group can record weekly work progress, and the",University of Mumbai,2344411,Mini-Project -,6.34-N-B.E.-Information-Technology-Sem-III-IV.pdf,0.0751,8,1,0.0,0,length_bound,length_bound; publisher_citation; truncated_fragment; subject_mismatch; lab_or_project_course
"HTML 5, CSS 3 with Bootstrap HTML Basics & Structure: Learn HTML5 structure, semantic",radio buttons,2343611,Mini-Project - Full,6.34-N-B.E.-Information-Technology-Sem-III-IV.pdf,0.1358,14,1,0.0,0,lab_or_project_course,lab_or_project_course
Feasibility of proposed problem solutions and selection of best solution,Cost effectiveness,2344411,Mini-Project -,6.34-N-B.E.-Information-Technology-Sem-III-IV.pdf,0.261,2,1,0.0,1,lab_or_project_course,lab_or_project_course
pattern matching,natural numbers that use a predefined add function,2344411,Mini-Project -,6.34-N-B.E.-Information-Technology-Sem-III-IV.pdf,0.0776,4,1,0.0,0,subject_mismatch,subject_mismatch; lab_or_project_course
Q3: Briefly explain Paxos and Raft consensus mechanisms,Q2: Explain the double spending problem in blockchain,2166126,Blockchain,SEM-V.pdf,0.3702,3,1,0.0667,0,admin_rubric_noise,admin_rubric_noise
Q3: Give one example of a real,Dr. Subhash K. Shinde,2166126,Blockchain,SEM-V.pdf,0.0649,8,1,0.0,0,admin_rubric_noise,admin_rubric_noise; publisher_citation; person_name
Hill International Publication,"First International Edition, Prentice Hall",2165113,Agile Software,SEM-V.pdf,0.4188,2,1,0.1429,1,publisher_citation,publisher_citation
(Contact Hours),Credits Assigned,2166112,Data Analytics,SEM-V.pdf,0.2705,1,1,0.0,1,generic_lone_term,generic_lone_term; admin_rubric_noise; person_name
Semester GPA/ Programme,Letter Grade Result,2166126,Blockchain,SEM-V.pdf,0.3973,2,1,0.0,1,admin_rubric_noise,admin_rubric_noise
and Robustness,Evolution Strategies and Evolutionary Programming,2166115,Nature-,SEM-V.pdf,0.2608,5,1,0.1667,0,person_name,person_name; truncated_fragment
List of Experiments,Prerequisite To study and explore Tinkercad Simulator,2166121,Internet of Things,SEM-V.pdf,0.2719,1,1,0.0,1,admin_rubric_noise,admin_rubric_noise; tool_fragment
Search and Display operations,on Binary Search Tree and analyze space and time,2343115,ADSA Lab,6.34-N-B.E.-Information-Technology-Sem-III-IV.pdf,0.3631,1,1,0.2,1,truncated_fragment,truncated_fragment; lab_or_project_course
"Use map, reduce, filter extensively",No side effects in logic layer,2344411,Mini-Project -,6.34-N-B.E.-Information-Technology-Sem-III-IV.pdf,0.016,4,1,0.0,0,subject_mismatch,subject_mismatch; lab_or_project_course
Real-World Case Studies,Self-learning Topics: Tools Used for Ethical,2166114,Security,SEM-V.pdf,0.2614,1,1,0.0,1,admin_rubric_noise,admin_rubric_noise
Types of analytics,Roles in Industry,2166112,Data Analytics,SEM-V.pdf,0.205,1,1,0.0,1,generic_lone_term,generic_lone_term
RESTful API Design principles,Creating REST Controllers in Spring Boot,2343611,Mini-Project - Full,6.34-N-B.E.-Information-Technology-Sem-III-IV.pdf,0.4197,1,1,0.0,1,subject_mismatch,subject_mismatch; lab_or_project_course
Introduction to Python and,R for data analytics,2166120,Visualization Lab,SEM-V.pdf,0.1717,1,1,0.0,0,truncated_fragment,truncated_fragment; lab_or_project_course
"HTML 5, CSS 3 with Bootstrap HTML Basics & Structure: Learn HTML5 structure, semantic",flexible layouts,2343611,Mini-Project - Full,6.34-N-B.E.-Information-Technology-Sem-III-IV.pdf,0.3167,6,1,0.0,1,lab_or_project_course,lab_or_project_course
1/blob/master/book/Practical%20DevOps.pdf,Internal Assessment (IA) for 20 marks,2165113,Agile Software,SEM-V.pdf,0.2403,1,1,0.0,1,admin_rubric_noise,admin_rubric_noise
Models on Blockchain: decentralized AI,making and automation using AI agents in,2166118,Blockchain,SEM-V.pdf,0.3197,5,1,0.0909,0,truncated_fragment,truncated_fragment
Any Application of IFTTT,Interfacing Soil Moisture Sensor with any board and Uploading Data to,2166121,Internet of Things,SEM-V.pdf,0.2209,2,1,0.0714,1,truncated_fragment,truncated_fragment
View: User interface,Controller: Request,2343611,Mini-Project - Full,6.34-N-B.E.-Information-Technology-Sem-III-IV.pdf,0.209,1,1,0.0,1,lab_or_project_course,lab_or_project_course
Finite Automata Finite Automata (FA) & Finite State machine (FSM),FSM with,2014111,Computational,6.20N-B.E.-AI-DS.-Sem-III-IV.pdf,0.5849,5,1,0.1429,1,truncated_fragment,truncated_fragment
Oriented Programming (OOP),b. Online Food Ordering System (Console,2344411,Mini-Project -,6.34-N-B.E.-Information-Technology-Sem-III-IV.pdf,0.1738,5,1,0.0,0,truncated_fragment,truncated_fragment; lab_or_project_course
o Building prototype and testing,Societal impact,2344411,Mini-Project -,6.34-N-B.E.-Information-Technology-Sem-III-IV.pdf,-0.0244,13,1,0.0,0,person_name,person_name; lab_or_project_course
"AI–Blockchain Integration: Overview, need, and","Chandramouli Subramanian, Asha A. Georgeet al., “Blockchain Technology”, Universities",2166118,Blockchain,SEM-V.pdf,0.3672,13,1,0.0714,0,truncated_fragment,truncated_fragment; publisher_citation
Question Paper will comprise of a total of six questions each carrying 15  marks. Q.1,Remaining questions will be mixed in nature (part (a) and part (b) of each question,2165113,Agile Software,SEM-V.pdf,0.5107,2,1,0.2609,1,admin_rubric_noise,admin_rubric_noise; truncated_fragment
understand declarative programming concepts,"learning implementation of concurrency, Streams",2344411,Mini-Project -,6.34-N-B.E.-Information-Technology-Sem-III-IV.pdf,0.2771,8,1,0.0,1,lab_or_project_course,lab_or_project_course
Haskell code to represent infinite list e.g,Students must be able to learn to query it and,2344411,Mini-Project -,6.34-N-B.E.-Information-Technology-Sem-III-IV.pdf,0.0328,13,1,0.0625,0,admin_rubric_noise,admin_rubric_noise; truncated_fragment; subject_mismatch; lab_or_project_course
Q3: Differentiate between a blockchain and a traditional database,Assignment 2  ( Any two Questions from each Unit),2166126,Blockchain,SEM-V.pdf,0.096,9,1,0.0,0,admin_rubric_noise,admin_rubric_noise
embedded server,Get Mapping,2343611,Mini-Project - Full,6.34-N-B.E.-Information-Technology-Sem-III-IV.pdf,0.0921,12,1,0.0,0,person_name,person_name; lab_or_project_course
"the same way as tail, except that safetail maps the",Order Functions,2344411,Mini-Project -,6.34-N-B.E.-Information-Technology-Sem-III-IV.pdf,0.1087,7,1,0.0,0,truncated_fragment,truncated_fragment; person_name; lab_or_project_course
Q1: What are the differences between ERC,20 and ERC,2166126,Blockchain,SEM-V.pdf,0.471,1,1,0.1111,1,admin_rubric_noise,admin_rubric_noise; person_name
In-order and Post-order,traversal of constructed tree. Analyze complexities,2343115,ADSA Lab,6.34-N-B.E.-Information-Technology-Sem-III-IV.pdf,0.2543,1,1,0.0,1,person_name,person_name; lab_or_project_course
"OOP features like encapsulation, polymorphism",Expense Tracker App (Java or Python),2344411,Mini-Project -,6.34-N-B.E.-Information-Technology-Sem-III-IV.pdf,0.0843,1,1,0.0,0,lab_or_project_course,lab_or_project_course
and mobile-first design principles,Image Handling & Forms: Understand image roles,2343611,Mini-Project - Full,6.34-N-B.E.-Information-Technology-Sem-III-IV.pdf,0.1547,1,1,0.0,0,truncated_fragment,truncated_fragment; person_name; lab_or_project_course
"PIN check, balance enquiry, cash withdrawal, etc",Paradigm Approach,2344411,Mini-Project -,6.34-N-B.E.-Information-Technology-Sem-III-IV.pdf,0.0147,7,1,0.0,0,truncated_fragment,truncated_fragment; subject_mismatch; lab_or_project_course
3 Case Studies & Applications: MOEAs in feature,energy optimization,2166115,Nature-,SEM-V.pdf,0.1279,2,1,0.0,0,person_name,person_name; truncated_fragment
3 Case Studies & Applications: MOEAs in feature,Applications and variants,2166115,Nature-,SEM-V.pdf,0.5056,4,1,0.1111,1,person_name,person_name; truncated_fragment; generic_lone_term
Background and Overview of Data,Analytics:  Key Roles for a Successful,2166112,Data Analytics,SEM-V.pdf,0.3413,1,1,0.0,1,truncated_fragment,truncated_fragment
CGPA Semester/ Programme,Faculty of Technology,2166126,Blockchain,SEM-V.pdf,0.2716,5,1,0.0,0,admin_rubric_noise,admin_rubric_noise
Reject ARQ (Simple Problems),Link Layer Addressing,2344113,Computer Network,6.34-N-B.E.-Information-Technology-Sem-III-IV.pdf,-0.0077,6,1,0.0,0,subject_mismatch,subject_mismatch
The solution to be validated with proper justification and a report to be compiled in a standard format of the,assignment completed by the,2344411,Mini-Project -,6.34-N-B.E.-Information-Technology-Sem-III-IV.pdf,0.3991,10,1,0.0526,0,length_bound,length_bound; truncated_fragment; lab_or_project_course
University of Mumbai,o Quality of Project report & Project Review,2344411,Mini-Project -,6.34-N-B.E.-Information-Technology-Sem-III-IV.pdf,0.1651,11,1,0.125,0,lab_or_project_course,lab_or_project_course
"Differentiate between wired (UART, SPI, I²C) and wireless (NFC, RFID, Bluetooth",highlighting key layers and their responsibilities,2166121,Internet of Things,SEM-V.pdf,0.0723,5,1,0.0625,0,truncated_fragment,truncated_fragment; person_name
Interpretation for model identification AR,Fitting ARIMA models,2166120,Visualization Lab,SEM-V.pdf,0.4006,2,1,0.0,1,lab_or_project_course,lab_or_project_course
Introduction to OOP- Basic of,Spring Boot: Modern development trends. MVC in Java Web,2343611,Mini-Project - Full,6.34-N-B.E.-Information-Technology-Sem-III-IV.pdf,0.1666,10,1,0.0,0,truncated_fragment,truncated_fragment; lab_or_project_course
Python Libraries: NumPy,Libraries: dplyr,2166120,Visualization Lab,SEM-V.pdf,0.3997,2,1,0.25,1,lab_or_project_course,lab_or_project_course
Running your first Spring Boot application,Creating REST Controllers in Spring Boot,2343611,Mini-Project - Full,6.34-N-B.E.-Information-Technology-Sem-III-IV.pdf,0.5485,4,1,0.2,1,subject_mismatch,subject_mismatch; lab_or_project_course
Feasibility of proposed problem solutions and selection of best solution,Contribution of an individual’s as member or leader,2344411,Mini-Project -,6.34-N-B.E.-Information-Technology-Sem-III-IV.pdf,0.0493,8,1,0.0588,0,publisher_citation,publisher_citation; lab_or_project_course
Selection of Scheduling,Deadlock detection and recovery,2344112,Operating System,6.34-N-B.E.-Information-Technology-Sem-III-IV.pdf,0.2004,4,1,0.0,0,truncated_fragment,truncated_fragment
"detection, and performance optimization, AI","Dr. Asharaf S. & Sivadas Neelima, “Blockchain Technology: Algorithms and",2166118,Blockchain,SEM-V.pdf,0.14,10,1,0.0769,0,publisher_citation,publisher_citation; truncated_fragment
Knowledge Base having multiple facts and rules,"Students' hall submits an implementation plan in the form of a Gantt/PERT/CPM chart, which will cover the weekly",2344411,Mini-Project -,6.34-N-B.E.-Information-Technology-Sem-III-IV.pdf,0.1575,13,1,0.0,0,length_bound,length_bound; subject_mismatch; lab_or_project_course
function with period2  and2l,"polar coordinates, conformal mapping, linear, bilinear",2343111,Applied,6.34-N-B.E.-Information-Technology-Sem-III-IV.pdf,0.1892,14,1,0.0,0,subject_mismatch,subject_mismatch
Object Oriented,At least Two Programs to understand Exception,2344411,Mini-Project -,6.34-N-B.E.-Information-Technology-Sem-III-IV.pdf,0.2414,7,1,0.0,0,lab_or_project_course,lab_or_project_course
"OOP features like encapsulation, polymorphism",a. Student Grade Calculator (C / Python),2344411,Mini-Project -,6.34-N-B.E.-Information-Technology-Sem-III-IV.pdf,0.0475,13,1,0.0,0,lab_or_project_course,lab_or_project_course
"AI–Blockchain Integration: Overview, need, and",Laundering & Risk Scoring LLMs in Smart,2166118,Blockchain,SEM-V.pdf,0.1928,9,1,0.0,0,truncated_fragment,truncated_fragment; person_name
Two reviews will be conducted for continuous assessment,"Second shall be for the implementation, testing and validation of solution",2344411,Mini-Project -,6.34-N-B.E.-Information-Technology-Sem-III-IV.pdf,0.3337,2,1,0.1176,1,lab_or_project_course,lab_or_project_course
Implement Longest common subsequence,"Introduction to Algorithms Cormen, Leiserson, Rivest, Stein PHI 3rd Edition",2343115,ADSA Lab,6.34-N-B.E.-Information-Technology-Sem-III-IV.pdf,0.24,3,1,0.0,0,publisher_citation,publisher_citation; lab_or_project_course
Dirichlet’s conditions,Statistical Techniques,2013111,Mathematics for,6.20N-B.E.-AI-DS.-Sem-III-IV.pdf,0.1083,6,1,0.0,0,publisher_citation,publisher_citation
Introduction to logistic regression for classification Logit,EDA and feature exploration,2166120,Visualization Lab,SEM-V.pdf,0.1852,5,1,0.0,0,person_name,person_name; lab_or_project_course
guide/supervisor can verify and record notes/comments,The solution to be validated with proper justification and a report to be compiled in a standard format of the,2344411,Mini-Project -,6.34-N-B.E.-Information-Technology-Sem-III-IV.pdf,0.2971,6,1,0.0435,0,length_bound,length_bound; truncated_fragment; subject_mismatch; lab_or_project_course
Languages in Compiler Design,output: Moore and Mealy machines,2014111,Computational,6.20N-B.E.-AI-DS.-Sem-III-IV.pdf,0.1727,9,1,0.0,0,person_name,person_name
Karl Pearson’s coefficient of correlation (r),distribution (data),2013111,Mathematics for,6.20N-B.E.-AI-DS.-Sem-III-IV.pdf,0.1582,10,1,0.0,0,publisher_citation,publisher_citation
Distribution of Term work marks for both semesters shall be as below,"Second shall be for the implementation, testing and validation of solution",2344411,Mini-Project -,6.34-N-B.E.-Information-Technology-Sem-III-IV.pdf,0.2352,14,1,0.2105,0,admin_rubric_noise,admin_rubric_noise; truncated_fragment; subject_mismatch; lab_or_project_course
understand declarative programming concepts,understand query execution using the backward,2344411,Mini-Project -,6.34-N-B.E.-Information-Technology-Sem-III-IV.pdf,0.3391,4,1,0.1111,1,lab_or_project_course,lab_or_project_course
Implement Merge sort and Quicksort for the given list of,Advanced Data Structures,2343115,ADSA Lab,6.34-N-B.E.-Information-Technology-Sem-III-IV.pdf,0.1702,5,1,0.0,0,truncated_fragment,truncated_fragment; subject_mismatch; lab_or_project_course
Tutorial on Introduction to Haskell programming,At least Four Haskell Programs to demonstrate,2344411,Mini-Project -,6.34-N-B.E.-Information-Technology-Sem-III-IV.pdf,0.694,3,1,0.1818,1,lab_or_project_course,lab_or_project_course
Text Books,"Higher Engineering Mathematics, Dr. B.S. Grewal, Khanna Publication",2343111,Applied,6.34-N-B.E.-Information-Technology-Sem-III-IV.pdf,0.3548,1,1,0.0,1,publisher_citation,publisher_citation
Self-learning Topics: Thresholding techniques,from scanned images,2166117,Digital Imaging,SEM-V.pdf,0.2542,3,1,0.0,0,admin_rubric_noise,admin_rubric_noise; truncated_fragment
Implement a safetail function that behaves in,Haskell code to represent infinite list e.g,2344411,Mini-Project -,6.34-N-B.E.-Information-Technology-Sem-III-IV.pdf,0.2471,11,1,0.0,0,truncated_fragment,truncated_fragment; subject_mismatch; lab_or_project_course
"Metaverse, Cryptocurrency wallets: Hot and cold",learning Topics:Stablecoins and Central,2166118,Blockchain,SEM-V.pdf,0.3661,5,1,0.1,0,person_name,person_name; truncated_fragment
No OOP involved,"PIN check, balance enquiry, cash withdrawal, etc",2344411,Mini-Project -,6.34-N-B.E.-Information-Technology-Sem-III-IV.pdf,0.0768,3,1,0.0,0,truncated_fragment,truncated_fragment; subject_mismatch; lab_or_project_course
"Students shall form a group of 3 to 4 students, and a group shall not be allowed less than three or more than four",Faculty supervisor may give inputs to students during the mini project activity,2344411,Mini-Project -,6.34-N-B.E.-Information-Technology-Sem-III-IV.pdf,0.2993,8,1,0.069,0,length_bound,length_bound; admin_rubric_noise; subject_mismatch; lab_or_project_course
 In this case in students’ group shall complete project in all aspects including,o Identification of need/problem,2344411,Mini-Project -,6.34-N-B.E.-Information-Technology-Sem-III-IV.pdf,0.2473,1,1,0.0,1,publisher_citation,publisher_citation; lab_or_project_course
Introduction to Analysis of Algorithms,Construct Binary Search Tree for given sequence of,2343115,ADSA Lab,6.34-N-B.E.-Information-Technology-Sem-III-IV.pdf,0.2687,7,1,0.0833,1,truncated_fragment,truncated_fragment; lab_or_project_course
solution in consultation with the guide/ supervisor,o Marks awarded by guide/supervisor for Capstone Project Completion,2344411,Mini-Project -,6.34-N-B.E.-Information-Technology-Sem-III-IV.pdf,0.3824,13,1,0.1333,0,subject_mismatch,subject_mismatch; lab_or_project_course
Regular operations,Application of Regular,2014111,Computational,6.20N-B.E.-AI-DS.-Sem-III-IV.pdf,0.6872,8,1,0.25,1,truncated_fragment,truncated_fragment
Kar lPearson’s Coefficient of correlation(r) Spearman’s,"standard deviation, moment generating function up to",2343111,Applied,6.34-N-B.E.-Information-Technology-Sem-III-IV.pdf,0.1834,7,1,0.0,0,publisher_citation,publisher_citation; truncated_fragment
"Pre-Requisite Topics Basic Concepts: HTML5, CSS3; JavaScript, Client-Server paradigm, Front-end and Back-end development",React DevTools,2165114,Web and,SEM-V.pdf,0.0633,4,1,0.0,0,tool_fragment,tool_fragment
diagonalizable matrices,Standard and Canonical of LPP,2013111,Mathematics for,6.20N-B.E.-AI-DS.-Sem-III-IV.pdf,0.1002,4,1,0.0,0,person_name,person_name; subject_mismatch
Self-learning Topics: Adaptive fuzzy systems and,membership optimization,2165112,Artificial,SEM-V.pdf,0.3024,1,1,0.0,1,admin_rubric_noise,admin_rubric_noise; truncated_fragment
Part (a) and Part (b) of each question must be from different,"modules. For example, if Q.2 has part (a) from Module 3 then part",2165113,Agile Software,SEM-V.pdf,0.4184,1,1,0.1429,1,truncated_fragment,truncated_fragment
Introduction to logistic regression for classification Logit,Causes of Outliers,2166120,Visualization Lab,SEM-V.pdf,0.0678,7,1,0.0,0,subject_mismatch,subject_mismatch; lab_or_project_course
Implement solution for job sequencing with deadlines,Implement Naïve string matching algorithm,2343115,ADSA Lab,6.34-N-B.E.-Information-Technology-Sem-III-IV.pdf,0.1447,13,1,0.0909,0,lab_or_project_course,lab_or_project_course
Causes of Outliers,Anomaly detection techniques,2166120,Visualization Lab,SEM-V.pdf,0.4631,1,1,0.0,1,subject_mismatch,subject_mismatch; lab_or_project_course
protocols on Simulator,Transport layer protocols on Simulator,2165116,Computer,SEM-V.pdf,0.8572,4,1,0.6,1,tool_fragment,tool_fragment
Self-learning Topics: Study of Campus wide,protocols on Simulator,2165116,Computer,SEM-V.pdf,0.0864,2,1,0.0,0,admin_rubric_noise,admin_rubric_noise; tool_fragment
Concurrency and,"A log book to be prepared by each group, wherein the group can record weekly work progress, and the",2344411,Mini-Project -,6.34-N-B.E.-Information-Technology-Sem-III-IV.pdf,0.1832,12,1,0.0556,0,truncated_fragment,truncated_fragment; length_bound; publisher_citation; subject_mismatch; lab_or_project_course
Effective use of skill sets,Optional: Add GUI using Tkinter or JavaFX,2344411,Mini-Project -,6.34-N-B.E.-Information-Technology-Sem-III-IV.pdf,0.0537,14,1,0.0,0,lab_or_project_course,lab_or_project_course
using Haskell,Knowledge Base having multiple facts and rules,2344411,Mini-Project -,6.34-N-B.E.-Information-Technology-Sem-III-IV.pdf,0.1492,7,1,0.0,0,truncated_fragment,truncated_fragment; lab_or_project_course
View: User interface,adding images to,2343611,Mini-Project - Full,6.34-N-B.E.-Information-Technology-Sem-III-IV.pdf,0.1072,13,1,0.0,0,truncated_fragment,truncated_fragment; lab_or_project_course
Self-learning Topics: Exploring various Cloud computing,and Edge computing platforms,2166124,Edge Computing,SEM-V.pdf,0.2776,1,1,0.1,1,admin_rubric_noise,admin_rubric_noise; truncated_fragment
Cloud Data Logging using Raspberry Pi and ThingSpeak,hosted page on Amazon,2166121,Internet of Things,SEM-V.pdf,0.1275,6,1,0.0,0,tool_fragment,tool_fragment
utilizing grid systems and essential components like headers,Axios for API calls,2343611,Mini-Project - Full,6.34-N-B.E.-Information-Technology-Sem-III-IV.pdf,0.0139,3,1,0.0,0,lab_or_project_course,lab_or_project_course
Overview of data analytics,Feature importance and dimensionality reduction overview,2166120,Visualization Lab,SEM-V.pdf,0.3714,13,1,0.1111,0,person_name,person_name; lab_or_project_course
Students must be able to learn to query it and,Implement any 3 sample programs in Dart based on,2344411,Mini-Project -,6.34-N-B.E.-Information-Technology-Sem-III-IV.pdf,0.0792,4,1,0.0,0,admin_rubric_noise,admin_rubric_noise; truncated_fragment; lab_or_project_course
"The progress of the mini project to be evaluated on continuous basis, minimum two reviews in each semester",Review/progress monitoring committee may consider following points for assessment based of the semester,2344411,Mini-Project -,6.34-N-B.E.-Information-Technology-Sem-III-IV.pdf,0.6146,8,1,0.1481,1,length_bound,length_bound; lab_or_project_course
Reject ARQ (Simple Problems),Fast Ethernet (100 Mbps),2344113,Computer Network,6.34-N-B.E.-Information-Technology-Sem-III-IV.pdf,-0.0031,10,1,0.0,0,subject_mismatch,subject_mismatch
MAC address and its types,Ethernet Protocol,2344113,Computer Network,6.34-N-B.E.-Information-Technology-Sem-III-IV.pdf,0.3291,1,1,0.0,1,person_name,person_name
adding images to,and advanced features like CSS Grid,2343611,Mini-Project - Full,6.34-N-B.E.-Information-Technology-Sem-III-IV.pdf,0.1743,8,1,0.0,0,truncated_fragment,truncated_fragment; person_name; lab_or_project_course
Socket Programming  To study and implement Socket Programming using TCP.  To study and implement Socket Programming using UDP,Computer Network Simulation in NS2 Basic Concepts and Protocol Implementation.-Prof Neeraj Bhargava,2344115,Network Design,6.34-N-B.E.-Information-Technology-Sem-III-IV.pdf,0.3902,2,1,0.0476,1,length_bound,length_bound
"Metaverse, Cryptocurrency wallets: Hot and cold","Blockchain, UTXO and double spending problem",2166118,Blockchain,SEM-V.pdf,0.2289,2,1,0.0909,1,person_name,person_name; truncated_fragment
Image Handling & Forms: Understand image roles,adding images to,2343611,Mini-Project - Full,6.34-N-B.E.-Information-Technology-Sem-III-IV.pdf,0.4579,1,1,0.0,1,person_name,person_name; truncated_fragment; lab_or_project_course
techniques to improve model performance,Data Exploration and Anamoly Detection,2166120,Visualization Lab,SEM-V.pdf,0.2008,11,1,0.0,0,lab_or_project_course,lab_or_project_course
Version Control with Git,Creating REST Controllers in Spring Boot,2343611,Mini-Project - Full,6.34-N-B.E.-Information-Technology-Sem-III-IV.pdf,-0.0149,12,1,0.0,0,subject_mismatch,subject_mismatch; lab_or_project_course
Spring Initializr,application. Properties,2343611,Mini-Project - Full,6.34-N-B.E.-Information-Technology-Sem-III-IV.pdf,0.2196,2,1,0.0,1,lab_or_project_course,lab_or_project_course
Preferably in C++ to demonstrate concepts like,"Finalization, Inheritance, Polymorphism and",2344411,Mini-Project -,6.34-N-B.E.-Information-Technology-Sem-III-IV.pdf,0.2098,2,1,0.0,1,person_name,person_name; truncated_fragment; lab_or_project_course
Self-learning Topics: Study a real time case study for,Self-learning Topics: File System for Linux and,2344112,Operating System,6.34-N-B.E.-Information-Technology-Sem-III-IV.pdf,0.4993,6,1,0.3077,1,admin_rubric_noise,admin_rubric_noise; truncated_fragment
Develop a short report on MQTT or CoAP protocol implementation for IoT data,"Compare cloud service models (IaaS, PaaS, SaaS) in the context of IoT analytics and",2166121,Internet of Things,SEM-V.pdf,0.2671,8,1,0.0385,0,truncated_fragment,truncated_fragment
Implement solution for job sequencing with deadlines,Implement Floyd Warshall Algorithm,2343115,ADSA Lab,6.34-N-B.E.-Information-Technology-Sem-III-IV.pdf,0.0415,10,1,0.1,0,lab_or_project_course,lab_or_project_course
"based DevOps tools, and real","Deepak Gaikwad, Viral Thakkar. DevOps Tools from Practitioner's Viewpoint",2165113,Agile Software,SEM-V.pdf,0.7838,9,1,0.1538,1,truncated_fragment,truncated_fragment; publisher_citation
embedded server,RESTful API development- What is REST? REST vs. SOAP,2343611,Mini-Project - Full,6.34-N-B.E.-Information-Technology-Sem-III-IV.pdf,0.1901,5,1,0.0,0,lab_or_project_course,lab_or_project_course
xts) Extracting time series,Fitting ARIMA models,2166120,Visualization Lab,SEM-V.pdf,0.2634,5,1,0.0,0,truncated_fragment,truncated_fragment; lab_or_project_course
Q1: What is the role of Gas in Ethereum transactions?,20 and ERC,2166126,Blockchain,SEM-V.pdf,0.0445,8,1,0.0,0,admin_rubric_noise,admin_rubric_noise; person_name
Q1: How can AI be integrated with blockchain for fraud detection?,based consensus is used,2166126,Blockchain,SEM-V.pdf,0.2544,5,1,0.0,0,admin_rubric_noise,admin_rubric_noise; truncated_fragment
Implementation of Bellman-Ford algorithm,Implement Longest common subsequence,2343115,ADSA Lab,6.34-N-B.E.-Information-Technology-Sem-III-IV.pdf,0.1712,7,1,0.0,0,lab_or_project_course,lab_or_project_course
"Abstraction & Encapsulation, Initialization and","environment and Basic operators, types, prelude",2344411,Mini-Project -,6.34-N-B.E.-Information-Technology-Sem-III-IV.pdf,0.4278,10,1,0.1111,0,person_name,person_name; truncated_fragment; lab_or_project_course
Self-learning Topics: Demonstration of DLL,Self-learning Topics: Demonstration of,2165116,Computer,SEM-V.pdf,0.7511,4,1,0.8333,1,admin_rubric_noise,admin_rubric_noise; truncated_fragment
and remaining 40% to 50% of syllabus content must be covered in Second IA Test,(2) Solve any three questions out of five,2165113,Agile Software,SEM-V.pdf,0.2285,14,1,0.0455,0,truncated_fragment,truncated_fragment; admin_rubric_noise
Q1: Explain the structure of a blockchain block and the role of the block header,Q1: Describe the Proof,2166126,Blockchain,SEM-V.pdf,0.4185,3,1,0.1538,1,admin_rubric_noise,admin_rubric_noise
Prolog programs to,"Students should do the survey and identify needs, which shall be converted into a problem statement for the mini",2344411,Mini-Project -,6.34-N-B.E.-Information-Technology-Sem-III-IV.pdf,0.1886,14,1,0.0,0,truncated_fragment,truncated_fragment; length_bound; admin_rubric_noise; lab_or_project_course
"learning implementation of concurrency, Streams","Students in a group shall understand the problem effectively, propose multiple solutions, and select the best possible",2344411,Mini-Project -,6.34-N-B.E.-Information-Technology-Sem-III-IV.pdf,0.1339,13,1,0.0,0,length_bound,length_bound; admin_rubric_noise; lab_or_project_course
Theorem to evaluate realintegrations,value theorem,2344111,Applied,6.34-N-B.E.-Information-Technology-Sem-III-IV.pdf,0.3363,2,1,0.2,1,truncated_fragment,truncated_fragment
Societal impact,Cost effectiveness and Societal impact,2344411,Mini-Project -,6.34-N-B.E.-Information-Technology-Sem-III-IV.pdf,0.634,1,1,0.4,1,person_name,person_name; lab_or_project_course
Project Report,"Mini- Project with full prototype/ product demo, testing, validation and Report) + 5 Marks (Attendance)",2344411,Mini-Project -,6.34-N-B.E.-Information-Technology-Sem-III-IV.pdf,0.3771,2,1,0.1429,1,person_name,person_name; admin_rubric_noise; truncated_fragment; subject_mismatch; lab_or_project_course
"launching an ICO, pros and cons, evolution and","platforms, STO, Different Crypto currencies, Defi",2166118,Blockchain,SEM-V.pdf,0.3066,1,1,0.0,1,truncated_fragment,truncated_fragment
world application where AI,Dr. Deven Shah,2166126,Blockchain,SEM-V.pdf,0.1098,10,1,0.0,0,publisher_citation,publisher_citation; person_name
Faculty supervisor may give inputs to students during the mini project activity,"The progress of the mini project to be evaluated on continuous basis, minimum two reviews in each semester",2344411,Mini-Project -,6.34-N-B.E.-Information-Technology-Sem-III-IV.pdf,0.4927,10,1,0.16,0,length_bound,length_bound; lab_or_project_course
"In continuous assessment, focus shall also be on each individual student, assessment based on the individual’s",Distribution of Term work marks for both semesters shall be as below,2344411,Mini-Project -,6.34-N-B.E.-Information-Technology-Sem-III-IV.pdf,0.3503,2,1,0.0833,1,length_bound,length_bound; publisher_citation; admin_rubric_noise; truncated_fragment; subject_mismatch; lab_or_project_course
probability distribution and probability density function,"Advanced Engineering Mathematics, Erwin Kreyszig, Wiley Eastern Limited",2343111,Applied,6.34-N-B.E.-Information-Technology-Sem-III-IV.pdf,0.0485,12,1,0.0,0,publisher_citation,publisher_citation
"students, as it is a group activity","Students should do the survey and identify needs, which shall be converted into a problem statement for the mini",2344411,Mini-Project -,6.34-N-B.E.-Information-Technology-Sem-III-IV.pdf,0.4285,1,1,0.087,1,length_bound,length_bound; admin_rubric_noise; lab_or_project_course
"Chandramouli Subramanian, Asha A. Georgeet al., “Blockchain Technology”, Universities","Dr. Asharaf S. & Sivadas Neelima, “Blockchain Technology: Algorithms and",2166118,Blockchain,SEM-V.pdf,0.6432,1,1,0.125,1,publisher_citation,publisher_citation; truncated_fragment
Script to organize files into folders based on type,Use procedural logic + OOP for file operations,2344411,Mini-Project -,6.34-N-B.E.-Information-Technology-Sem-III-IV.pdf,0.3501,1,1,0.0,1,lab_or_project_course,lab_or_project_course
web pages,and handling user input through various,2343611,Mini-Project - Full,6.34-N-B.E.-Information-Technology-Sem-III-IV.pdf,0.3384,2,1,0.0,1,truncated_fragment,truncated_fragment; lab_or_project_course
Dr. Deven Shah,Associate Dean,2166126,Blockchain,SEM-V.pdf,0.2378,1,1,0.0,1,publisher_citation,publisher_citation; person_name
fitting of first-degree curves,degree and exponential curve,2013111,Mathematics for,6.20N-B.E.-AI-DS.-Sem-III-IV.pdf,0.4819,1,1,0.125,1,person_name,person_name
Self-learning Topics: Study of Campus wide,Self-learning Topics: Demonstration of DLL,2165116,Computer,SEM-V.pdf,0.6329,1,1,0.4444,1,admin_rubric_noise,admin_rubric_noise
Q1: What is the role of Gas in Ethereum transactions?,"enabled smart contracts, and how do they enhance automation?",2166126,Blockchain,SEM-V.pdf,0.2104,13,1,0.0,0,admin_rubric_noise,admin_rubric_noise
Nondeterministic Finite Automata (NFA): Definitions,to DFA Conversion,2014111,Computational,6.20N-B.E.-AI-DS.-Sem-III-IV.pdf,0.4143,2,1,0.0,1,truncated_fragment,truncated_fragment
b. ATM Simulator,"PIN check, balance enquiry, cash withdrawal, etc",2344411,Mini-Project -,6.34-N-B.E.-Information-Technology-Sem-III-IV.pdf,0.3103,2,1,0.0,1,tool_fragment,tool_fragment; truncated_fragment; subject_mismatch; lab_or_project_course
Models on Blockchain: decentralized AI,"Chandramouli Subramanian, Asha A. Georgeet al., “Blockchain Technology”, Universities",2166118,Blockchain,SEM-V.pdf,0.4338,11,1,0.0769,0,publisher_citation,publisher_citation
radio buttons,Bootstrap Introduction & Components: Get started with Bootstrap,2343611,Mini-Project - Full,6.34-N-B.E.-Information-Technology-Sem-III-IV.pdf,0.1179,4,1,0.0,0,lab_or_project_course,lab_or_project_course
modelling Creating new features from existing data,techniques to improve model performance,2166120,Visualization Lab,SEM-V.pdf,0.2962,3,1,0.0,0,lab_or_project_course,lab_or_project_course
missing values and duplicates Data normalization and,Introduction to logistic regression for classification Logit,2166120,Visualization Lab,SEM-V.pdf,0.0804,14,1,0.0,0,truncated_fragment,truncated_fragment; lab_or_project_course
Control Statements,Introduction to OOP- Basic of,2343611,Mini-Project - Full,6.34-N-B.E.-Information-Technology-Sem-III-IV.pdf,0.3114,1,1,0.0,1,truncated_fragment,truncated_fragment; lab_or_project_course
Applications to solve initial and boundary value problems,involving ordinary differential equations (up to 2nd order,2343111,Applied,6.34-N-B.E.-Information-Technology-Sem-III-IV.pdf,0.3759,1,1,0.0667,1,truncated_fragment,truncated_fragment; subject_mismatch
"Functional for processing input (filters, parsers)",include at least 2 assignments and Mini,2344411,Mini-Project -,6.34-N-B.E.-Information-Technology-Sem-III-IV.pdf,0.1505,12,1,0.0,0,person_name,person_name; lab_or_project_course
A total of Four questions need to be answered,(b) must be from any other Module,2165113,Agile Software,SEM-V.pdf,0.1053,11,1,0.0667,0,admin_rubric_noise,admin_rubric_noise; subject_mismatch
transfer. Include message structure and use cases,with a suitable example for each,2166121,Internet of Things,SEM-V.pdf,0.2375,6,1,0.0,0,truncated_fragment,truncated_fragment
Internal Assessment (IA) for 20 marks,(b) must be from any other Module randomly selected from all the modules),2165113,Agile Software,SEM-V.pdf,0.0589,9,1,0.0,0,admin_rubric_noise,admin_rubric_noise; truncated_fragment; subject_mismatch
"(without proof, Polar form not included)",degree curves,2343111,Applied,6.34-N-B.E.-Information-Technology-Sem-III-IV.pdf,0.1911,11,1,0.0,0,truncated_fragment,truncated_fragment
"must be from different modules. For example, if Q.2 has part (a) from Module 3 then part",(b) must be from any other Module randomly selected from all the modules),2165113,Agile Software,SEM-V.pdf,0.5446,1,1,0.2174,1,length_bound,length_bound; truncated_fragment; subject_mismatch
involving ordinary differential equations (up to 2nd order,"only, piecewise continuous function not to be included)",2343111,Applied,6.34-N-B.E.-Information-Technology-Sem-III-IV.pdf,-0.0014,10,1,0.0667,0,truncated_fragment,truncated_fragment; subject_mismatch
Q2: Compare two blockchain platforms of your choice in terms of features and,Q1: How can AI be integrated with blockchain for fraud detection?,2166126,Blockchain,SEM-V.pdf,0.3321,14,1,0.0455,0,admin_rubric_noise,admin_rubric_noise; truncated_fragment
"Engineering: Applying the Theory of Constraints for Business Results‖, Prentice Hall, 2003",Online References,2165113,Agile Software,SEM-V.pdf,0.0755,4,1,0.0,0,publisher_citation,publisher_citation; person_name
integer values and find space and time complexity,In-order and Post-order,2343115,ADSA Lab,6.34-N-B.E.-Information-Technology-Sem-III-IV.pdf,0.113,7,1,0.1,0,person_name,person_name; lab_or_project_course
three variables) using the method of Lagrange’s,reminder theorem,2013111,Mathematics for,6.20N-B.E.-AI-DS.-Sem-III-IV.pdf,0.0402,6,1,0.0,0,publisher_citation,publisher_citation; truncated_fragment
Assignment 2  ( Any two Questions from each Unit),Q1: Differentiate between private and consortium blockchains,2166126,Blockchain,SEM-V.pdf,0.2616,1,1,0.0,1,admin_rubric_noise,admin_rubric_noise
Closure properties,FSM with,2014111,Computational,6.20N-B.E.-AI-DS.-Sem-III-IV.pdf,0.0951,13,1,0.0,0,truncated_fragment,truncated_fragment
Self-learning Topics: Study of any three different OS,Self-learning Topics: Memory Management for any,2344112,Operating System,6.34-N-B.E.-Information-Technology-Sem-III-IV.pdf,0.6881,9,1,0.3333,1,admin_rubric_noise,admin_rubric_noise
The review/ progress monitoring committee shall be constituted by the head of departments of each institute,"The progress of the mini project to be evaluated on continuous basis, minimum two reviews in each semester",2344411,Mini-Project -,6.34-N-B.E.-Information-Technology-Sem-III-IV.pdf,0.4482,1,1,0.1923,1,length_bound,length_bound; publisher_citation; lab_or_project_course
involving ordinary differential equations (up to 2nd order,Laplace transform using derivatives and its properties,2343111,Applied,6.34-N-B.E.-Information-Technology-Sem-III-IV.pdf,0.3283,4,1,0.0,0,truncated_fragment,truncated_fragment; subject_mismatch
Self-learning Topics: Derogatory and non,derogatory matrices,2344111,Applied,6.34-N-B.E.-Information-Technology-Sem-III-IV.pdf,0.455,1,1,0.1429,1,admin_rubric_noise,admin_rubric_noise; truncated_fragment
regression. Estimation of coefficients using Least Squares,Anomaly detection techniques,2166120,Visualization Lab,SEM-V.pdf,0.0816,12,1,0.0,0,subject_mismatch,subject_mismatch; lab_or_project_course
Q2: Explain the double spending problem in blockchain,Letter Grade Result,2166126,Blockchain,SEM-V.pdf,0.0544,11,1,0.0,0,admin_rubric_noise,admin_rubric_noise
traversal of constructed tree. Analyze complexities,on Binary Search Tree and analyze space and time,2343115,ADSA Lab,6.34-N-B.E.-Information-Technology-Sem-III-IV.pdf,0.5246,3,1,0.1667,1,truncated_fragment,truncated_fragment; lab_or_project_course
marks. Approximately 40% to 50% of syllabus content must be covered in First IA Test,will be compulsory and should cover maximum contents of the syllabus,2165113,Agile Software,SEM-V.pdf,0.7119,4,1,0.1304,1,admin_rubric_noise,admin_rubric_noise
Contribution of an individual’s as member or leader,List of Sample Capstone Mini,2344411,Mini-Project -,6.34-N-B.E.-Information-Technology-Sem-III-IV.pdf,0.0189,7,1,0.0769,0,publisher_citation,publisher_citation; lab_or_project_course
"Introduction to Agile Methods, Sondra Ashmore","David J. Anderson and Eli Schragenheim, ―Agile Management for Software",2165113,Agile Software,SEM-V.pdf,0.579,4,1,0.0667,1,publisher_citation,publisher_citation
"DevOps: Introduction, DevOps - Importance","and Benefits, DevOps Principles and Practices",2165113,Agile Software,SEM-V.pdf,0.8138,1,1,0.1429,1,truncated_fragment,truncated_fragment
Module weightage as per contact hours mentioned in the syllabus,"Question 1 is compulsory, and it should include sub",2165113,Agile Software,SEM-V.pdf,0.2203,1,1,0.0,1,admin_rubric_noise,admin_rubric_noise
Types of data: structured,Libraries: dplyr,2166120,Visualization Lab,SEM-V.pdf,0.2033,6,1,0.0,0,lab_or_project_course,lab_or_project_course
Functions ofSquare Matrix,Linear Transformations,2344111,Applied,6.34-N-B.E.-Information-Technology-Sem-III-IV.pdf,0.297,1,1,0.0,1,truncated_fragment,truncated_fragment
Common security threats in Blockchain,Blockchain and,2166118,Blockchain,SEM-V.pdf,0.5627,5,1,0.1667,1,truncated_fragment,truncated_fragment
"Students in a group shall understand the problem effectively, propose multiple solutions, and select the best possible",solution in consultation with the guide/ supervisor,2344411,Mini-Project -,6.34-N-B.E.-Information-Technology-Sem-III-IV.pdf,0.4014,1,1,0.0952,1,length_bound,length_bound; admin_rubric_noise; lab_or_project_course
R for data analytics,Feature importance and dimensionality reduction overview,2166120,Visualization Lab,SEM-V.pdf,0.1597,9,1,0.0,0,person_name,person_name; lab_or_project_course
and Edge computing platforms,Designing basic edge and fog architectures for,2166124,Edge Computing,SEM-V.pdf,0.5435,2,1,0.2222,1,truncated_fragment,truncated_fragment
"Analytic function, necessary and sufficient conditions for",f(z) to be analytic (without proof),2343111,Applied,6.34-N-B.E.-Information-Technology-Sem-III-IV.pdf,0.646,1,1,0.0769,1,truncated_fragment,truncated_fragment
Implementation of Bellman-Ford algorithm,Implement Floyd Warshall Algorithm,2343115,ADSA Lab,6.34-N-B.E.-Information-Technology-Sem-III-IV.pdf,0.4878,1,1,0.125,1,lab_or_project_course,lab_or_project_course
will be compulsory and should cover maximum contents of the syllabus,Duration: 2 Hours,2165113,Agile Software,SEM-V.pdf,0.12,8,1,0.0,0,admin_rubric_noise,admin_rubric_noise
Real-world,Introduction to OOP- Basic of,2343611,Mini-Project - Full,6.34-N-B.E.-Information-Technology-Sem-III-IV.pdf,0.1777,5,1,0.0,0,truncated_fragment,truncated_fragment; lab_or_project_course
"library functions, list and tuples in Haskell",At least Four Haskell Programs to demonstrate,2344411,Mini-Project -,6.34-N-B.E.-Information-Technology-Sem-III-IV.pdf,0.5825,1,1,0.0769,1,lab_or_project_course,lab_or_project_course
Dr. Deven Shah,Faculty of Science & Technology,2166126,Blockchain,SEM-V.pdf,0.3107,2,1,0.0,1,publisher_citation,publisher_citation; person_name; admin_rubric_noise
character effects,adding images to,2343611,Mini-Project - Full,6.34-N-B.E.-Information-Technology-Sem-III-IV.pdf,0.1096,8,1,0.0,0,truncated_fragment,truncated_fragment; lab_or_project_course
Self-Learning : Support Vector Regression and,Feature Importance and Selection,2166111,Machine,SEM-V.pdf,0.3546,4,1,0.1111,0,admin_rubric_noise,admin_rubric_noise; truncated_fragment; person_name
a. GUI Calculator (Python Tkinter / Java Swing),Follow MVC pattern optionally,2344411,Mini-Project -,6.34-N-B.E.-Information-Technology-Sem-III-IV.pdf,-0.0667,2,1,0.0,0,lab_or_project_course,lab_or_project_course
"Ashwani Kumar,”Hyperledger Fabric In","Depth: Learn, Build and Deploy Blockchain",2166118,Blockchain,SEM-V.pdf,0.1826,1,1,0.0,0,publisher_citation,publisher_citation; truncated_fragment
understand declarative programming concepts,and Isolates,2344411,Mini-Project -,6.34-N-B.E.-Information-Technology-Sem-III-IV.pdf,0.1575,9,1,0.0,0,person_name,person_name; truncated_fragment; lab_or_project_course
All COs should be mapped on the basis of the syllabus,"Question 1 is compulsory, and it should include sub",2165113,Agile Software,SEM-V.pdf,0.2745,2,1,0.0556,1,admin_rubric_noise,admin_rubric_noise
"wallets, Cryptocurrency usage, Transactions in",Blockchain and,2166118,Blockchain,SEM-V.pdf,0.4722,7,1,0.0,0,truncated_fragment,truncated_fragment
Immutable data structures,Use functions and data structures to store and compute data,2344411,Mini-Project -,6.34-N-B.E.-Information-Technology-Sem-III-IV.pdf,0.5647,5,1,0.2222,1,lab_or_project_course,lab_or_project_course
Q3: List two common security threats in blockchain and their mitigation strategies,CGPA Semester/ Programme,2166126,Blockchain,SEM-V.pdf,-0.0568,9,1,0.0,0,admin_rubric_noise,admin_rubric_noise
standardization techniques,Feature importance and dimensionality reduction overview,2166120,Visualization Lab,SEM-V.pdf,0.1368,3,1,0.0,0,person_name,person_name; lab_or_project_course
Prolog programs to,"Students shall form a group of 3 to 4 students, and a group shall not be allowed less than three or more than four",2344411,Mini-Project -,6.34-N-B.E.-Information-Technology-Sem-III-IV.pdf,0.1604,12,1,0.0476,0,truncated_fragment,truncated_fragment; length_bound; admin_rubric_noise; subject_mismatch; lab_or_project_course
A total of Four questions need to be answered,University of Mumbai,2165113,Agile Software,SEM-V.pdf,0.095,1,1,0.0909,0,admin_rubric_noise,admin_rubric_noise
Random Access (ALOHA,(Simple Problems on throughput),2344113,Computer Network,6.34-N-B.E.-Information-Technology-Sem-III-IV.pdf,0.3027,1,1,0.0,1,truncated_fragment,truncated_fragment
"Q3: What is a 51% attack, and how can it affect blockchain security?",Q3: Explain the working of an Ethereum transaction from sender to miner validation,2166126,Blockchain,SEM-V.pdf,0.1674,3,1,0.04,0,admin_rubric_noise,admin_rubric_noise
Q3: Briefly explain Paxos and Raft consensus mechanisms,"enabled smart contracts, and how do they enhance automation?",2166126,Blockchain,SEM-V.pdf,0.1425,7,1,0.0625,0,admin_rubric_noise,admin_rubric_noise
The review/ progress monitoring committee shall be constituted by the head of departments of each institute,"In continuous assessment, focus shall also be on each individual student, assessment based on the individual’s",2344411,Mini-Project -,6.34-N-B.E.-Information-Technology-Sem-III-IV.pdf,0.4209,2,1,0.1667,1,length_bound,length_bound; publisher_citation; lab_or_project_course
Knowledge Base having multiple facts and rules,Guidelines for Capstone Mini,2344411,Mini-Project -,6.34-N-B.E.-Information-Technology-Sem-III-IV.pdf,0.0533,8,1,0.0,0,lab_or_project_course,lab_or_project_course
Implement Sum of subsets problem for a given set of,Implement Rabin-Karp algorithm,2343115,ADSA Lab,6.34-N-B.E.-Information-Technology-Sem-III-IV.pdf,0.1326,11,1,0.0833,0,truncated_fragment,truncated_fragment; lab_or_project_course
case studies,"smart contracts, AI in Crypto Trading, Anti",2166118,Blockchain,SEM-V.pdf,0.1377,9,1,0.0,0,generic_lone_term,generic_lone_term
Models on Blockchain: decentralized AI,Laundering & Risk Scoring LLMs in Smart,2166118,Blockchain,SEM-V.pdf,0.1426,7,1,0.0,0,person_name,person_name; truncated_fragment
and handling user input through various,form elements (text fields,2343611,Mini-Project - Full,6.34-N-B.E.-Information-Technology-Sem-III-IV.pdf,0.3947,1,1,0.0,1,truncated_fragment,truncated_fragment; lab_or_project_course
"however, focus shall be on self",Guidelines for Assessment of Capstone Mini,2344411,Mini-Project -,6.34-N-B.E.-Information-Technology-Sem-III-IV.pdf,0.0751,6,1,0.0,0,truncated_fragment,truncated_fragment; lab_or_project_course
Laundering & Risk Scoring LLMs in Smart,"Andreas M. Antonopoulos & Dr. Gavin Wood, “Mastering Ethereum: Building Smart",2166118,Blockchain,SEM-V.pdf,0.256,7,1,0.0667,0,person_name,person_name; truncated_fragment; publisher_citation
"Linear Algebra, Vectors, Probability and statistics, Programming Concepts",Supervised Learning,2166111,Machine,SEM-V.pdf,0.2346,2,1,0.0,1,publisher_citation,publisher_citation
"Divide and Conquer Approach General method, Merge sort, Quick sort, Analysis of Binary search",Self-learning Topics: Job sequencing with,2013113,Analysis of,6.20N-B.E.-AI-DS.-Sem-III-IV.pdf,0.0803,4,1,0.0,0,admin_rubric_noise,admin_rubric_noise; truncated_fragment
Q1: How can AI be integrated with blockchain for fraud detection?,"enabled smart contracts, and how do they enhance automation?",2166126,Blockchain,SEM-V.pdf,0.3449,2,1,0.0526,1,admin_rubric_noise,admin_rubric_noise
Q2: What is the role of MSPs in Hyperledger Fabric?,Q2: What are AI,2166126,Blockchain,SEM-V.pdf,0.2034,7,1,0.1667,0,admin_rubric_noise,admin_rubric_noise
Anish Nath,TCP/IP Protocol Suite 4th Edition by Behrouz A. Forouzan,2344115,Network Design,6.34-N-B.E.-Information-Technology-Sem-III-IV.pdf,0.1984,2,1,0.0,0,publisher_citation,publisher_citation; person_name
View: User interface,document spacing,2343611,Mini-Project - Full,6.34-N-B.E.-Information-Technology-Sem-III-IV.pdf,0.1574,6,1,0.0,0,lab_or_project_course,lab_or_project_course
with a suitable example for each,Smart Agriculture (Irrigation or Environmental Monitoring),2166121,Internet of Things,SEM-V.pdf,0.1072,8,1,0.0,0,truncated_fragment,truncated_fragment
Implementation of Bellman-Ford algorithm,Text Books and References,2343115,ADSA Lab,6.34-N-B.E.-Information-Technology-Sem-III-IV.pdf,0.0438,9,1,0.0,0,lab_or_project_course,lab_or_project_course
Interfacing a Temperature and Humidity Sensor (DHT11) with any,ThingSpeak Cloud. OR on AWS cloud,2166121,Internet of Things,SEM-V.pdf,0.1443,10,1,0.0,0,tool_fragment,tool_fragment
Teaching Scheme,(Contact Hours),2166113,Internet of,SEM-V.pdf,0.117,1,1,0.0,0,person_name,person_name; admin_rubric_noise; generic_lone_term
Basic and Feasible solutions,NLPP with one and two equality constraint (two or,2013111,Mathematics for,6.20N-B.E.-AI-DS.-Sem-III-IV.pdf,0.3783,4,1,0.0909,1,person_name,person_name; truncated_fragment
materials/tree/editions/1.0,"Abstraction & Encapsulation, Initialization and",2344411,Mini-Project -,6.34-N-B.E.-Information-Technology-Sem-III-IV.pdf,0.1528,10,1,0.0,0,person_name,person_name; truncated_fragment; lab_or_project_course
Regression Model Evaluation,Self- learning Topics: Explore Advance Regression,2166120,Visualization Lab,SEM-V.pdf,0.3348,9,1,0.125,0,lab_or_project_course,lab_or_project_course
Human perception and,User Experience,2165115,User Experience,SEM-V.pdf,0.4573,4,1,0.0,1,truncated_fragment,truncated_fragment
Q3: Briefly explain Paxos and Raft consensus mechanisms,world application where AI,2166126,Blockchain,SEM-V.pdf,0.0333,9,1,0.0,0,admin_rubric_noise,admin_rubric_noise
Q2: What are AI,"enabled smart contracts, and how do they enhance automation?",2166126,Blockchain,SEM-V.pdf,0.2905,1,1,0.0,1,admin_rubric_noise,admin_rubric_noise
Dynamic Algorithms,Implement Floyd Warshall Algorithm,2343115,ADSA Lab,6.34-N-B.E.-Information-Technology-Sem-III-IV.pdf,0.39,2,1,0.0,1,lab_or_project_course,lab_or_project_course
Self-learning Topics: Initial value theorem,value theorem,2344111,Applied,6.34-N-B.E.-Information-Technology-Sem-III-IV.pdf,0.4102,1,1,0.3333,1,admin_rubric_noise,admin_rubric_noise
Learning and,Relationship between Dimensionality and,2166111,Machine,SEM-V.pdf,0.1818,11,1,0.2,0,truncated_fragment,truncated_fragment
"Craig Larman, Agile and Iterative Development: A Manager’s Guide, Addison","Sricharan Vadapalli , DevOps: Continuous Delivery, Integration, and Deployment with",2165113,Agile Software,SEM-V.pdf,0.2482,1,1,0.0526,1,publisher_citation,publisher_citation; truncated_fragment
"Chandramouli Subramanian, Asha A. Georgeet al., “Blockchain Technology”, Universities","Smart Contracts” ,Packt Publishing",2166118,Blockchain,SEM-V.pdf,0.2602,8,1,0.0,0,publisher_citation,publisher_citation
project in consultation with the faculty supervisor/head of department/internal committee of faculty,"however, focus shall be on self",2344411,Mini-Project -,6.34-N-B.E.-Information-Technology-Sem-III-IV.pdf,0.119,6,1,0.0,0,truncated_fragment,truncated_fragment; lab_or_project_course
Implement at least,understand declarative programming concepts,2344411,Mini-Project -,6.34-N-B.E.-Information-Technology-Sem-III-IV.pdf,0.2427,2,1,0.0,1,lab_or_project_course,lab_or_project_course
based system using functions only (no classes),a. Chatbot using Python (OOP + Functional),2344411,Mini-Project -,6.34-N-B.E.-Information-Technology-Sem-III-IV.pdf,0.2561,9,1,0.0833,0,truncated_fragment,truncated_fragment; lab_or_project_course
Time Series Analysis,Importing and exploring time series data in Python,2166120,Visualization Lab,SEM-V.pdf,0.5586,2,1,0.2222,1,lab_or_project_course,lab_or_project_course
learning Topics: Cauchy,"Expectation of random variable with mean, variance and",2343111,Applied,6.34-N-B.E.-Information-Technology-Sem-III-IV.pdf,-0.0352,10,1,0.0,0,truncated_fragment,truncated_fragment
The Agile,"Testing Quadrants, Test Driven Development",2165113,Agile Software,SEM-V.pdf,0.223,1,1,0.0,1,truncated_fragment,truncated_fragment
"based DevOps tools, and real",Hill International Publication,2165113,Agile Software,SEM-V.pdf,0.0915,5,1,0.0,0,truncated_fragment,truncated_fragment; publisher_citation
Implement Rabin-Karp algorithm,Implement Longest common subsequence,2343115,ADSA Lab,6.34-N-B.E.-Information-Technology-Sem-III-IV.pdf,0.2367,2,1,0.1429,1,lab_or_project_course,lab_or_project_course
Data types,View: User interface,2343611,Mini-Project - Full,6.34-N-B.E.-Information-Technology-Sem-III-IV.pdf,0.1893,9,1,0.0,0,lab_or_project_course,lab_or_project_course
experience of more than five years approved by head of Institution,Optional: Add GUI using Tkinter or JavaFX,2344411,Mini-Project -,6.34-N-B.E.-Information-Technology-Sem-III-IV.pdf,-0.0259,7,1,0.0,0,publisher_citation,publisher_citation; subject_mismatch; lab_or_project_course
repeated ranks) Lines of regression Fitting of first- and,"Higher Engineering Mathematics, Dr. B.S. Grewal, Khanna Publication",2343111,Applied,6.34-N-B.E.-Information-Technology-Sem-III-IV.pdf,0.0177,14,1,0.0,0,truncated_fragment,truncated_fragment; publisher_citation
"Students' hall submits an implementation plan in the form of a Gantt/PERT/CPM chart, which will cover the weekly","A log book to be prepared by each group, wherein the group can record weekly work progress, and the",2344411,Mini-Project -,6.34-N-B.E.-Information-Technology-Sem-III-IV.pdf,0.4346,2,1,0.0909,1,length_bound,length_bound; publisher_citation; truncated_fragment; subject_mismatch; lab_or_project_course
Laundering & Risk Scoring LLMs in Smart,"Ritesh Modi, Solidity Programming Essentials: A Beginner's Guide to Build Smart",2166118,Blockchain,SEM-V.pdf,0.2274,9,1,0.0588,0,person_name,person_name; truncated_fragment; publisher_citation
Two reviews will be conducted for continuous assessment,First shall be for the finalisation of problem and proposed solution,2344411,Mini-Project -,6.34-N-B.E.-Information-Technology-Sem-III-IV.pdf,0.2011,1,1,0.1176,1,lab_or_project_course,lab_or_project_course
conditional expression,using Haskell,2344411,Mini-Project -,6.34-N-B.E.-Information-Technology-Sem-III-IV.pdf,0.2012,12,1,0.0,0,truncated_fragment,truncated_fragment; lab_or_project_course
Use procedural logic + OOP for file operations,include at least 2 assignments and Mini,2344411,Mini-Project -,6.34-N-B.E.-Information-Technology-Sem-III-IV.pdf,0.2178,9,1,0.0,0,person_name,person_name; lab_or_project_course
Open-source and Proprietary Operating System,Real-Time,2014113,Operating,6.20N-B.E.-AI-DS.-Sem-III-IV.pdf,0.2827,5,1,0.0,0,generic_lone_term,generic_lone_term
Riemann equations in,"learning Topics: Covariance, fitting of exponential",2343111,Applied,6.34-N-B.E.-Information-Technology-Sem-III-IV.pdf,-0.0408,7,1,0.0,0,truncated_fragment,truncated_fragment
forecasting techniques such as Monte Carlo,"Postman, and JMeter",2165113,Agile Software,SEM-V.pdf,0.0861,13,1,0.0,0,person_name,person_name
regression. Estimation of coefficients using Least Squares,Extension of simple linear,2166120,Visualization Lab,SEM-V.pdf,0.1759,2,1,0.1,0,subject_mismatch,subject_mismatch; lab_or_project_course
Version Control with Git,Spring Initializr,2343611,Mini-Project - Full,6.34-N-B.E.-Information-Technology-Sem-III-IV.pdf,0.0427,5,1,0.0,0,lab_or_project_course,lab_or_project_course
and Isolates,project in consultation with the faculty supervisor/head of department/internal committee of faculty,2344411,Mini-Project -,6.34-N-B.E.-Information-Technology-Sem-III-IV.pdf,0.0562,5,1,0.0,0,person_name,person_name; truncated_fragment; lab_or_project_course
Text Books,"Applications Using Hyperledger Fabric”, BPB Publications",2166118,Blockchain,SEM-V.pdf,0.2188,12,1,0.0,0,publisher_citation,publisher_citation
Full functioning of working model as per stated requirements,Clarity in written and oral communication,2344411,Mini-Project -,6.34-N-B.E.-Information-Technology-Sem-III-IV.pdf,0.1323,4,1,0.0,0,person_name,person_name; lab_or_project_course
First Edition. BPB Publication,PACKT publishing,2344115,Network Design,6.34-N-B.E.-Information-Technology-Sem-III-IV.pdf,0.4747,3,1,0.0,1,publisher_citation,publisher_citation
CSS3 Fundamentals: Explore CSS syntax,Fetch API,2343611,Mini-Project - Full,6.34-N-B.E.-Information-Technology-Sem-III-IV.pdf,-0.0076,6,1,0.0,0,subject_mismatch,subject_mismatch; lab_or_project_course
"OOP features like encapsulation, polymorphism","Use OOP to model Users, Transactions, and Categories",2344411,Mini-Project -,6.34-N-B.E.-Information-Technology-Sem-III-IV.pdf,0.4026,2,1,0.0833,1,lab_or_project_course,lab_or_project_course
Q2: What are AI,Q3: Give one example of a real,2166126,Blockchain,SEM-V.pdf,0.3625,2,1,0.0,1,admin_rubric_noise,admin_rubric_noise
Internal Assessment (IA) for 20 marks,"must be from different modules. For example, if Q.2 has part (a) from Module 3 then part",2165113,Agile Software,SEM-V.pdf,0.0663,8,1,0.0476,0,admin_rubric_noise,admin_rubric_noise; length_bound
Types of data: structured,semi-structured,2166120,Visualization Lab,SEM-V.pdf,0.6722,1,1,0.2,1,lab_or_project_course,lab_or_project_course
protocols on Simulator,AODV AND DSR routing protocol,2165116,Computer,SEM-V.pdf,0.2935,2,1,0.0,1,tool_fragment,tool_fragment; subject_mismatch
"standard deviation, moment generating function up to","Higher Engineering Mathematics, Dr. B.S. Grewal, Khanna Publication",2343111,Applied,6.34-N-B.E.-Information-Technology-Sem-III-IV.pdf,0.056,9,1,0.0,0,truncated_fragment,truncated_fragment; publisher_citation
Term work Journal must include at least 2 assignments,Term Work Marks: 25 Marks (Total marks) = 15 Marks (Experiment) + 5 Marks (Assignments),2166121,Internet of Things,SEM-V.pdf,0.5239,1,1,0.2,1,admin_rubric_noise,admin_rubric_noise; subject_mismatch
Expense Tracker App (Java or Python),Read weather data and apply pure functions for analysis,2344411,Mini-Project -,6.34-N-B.E.-Information-Technology-Sem-III-IV.pdf,0.0445,4,1,0.0,0,subject_mismatch,subject_mismatch; lab_or_project_course
No side effects in logic layer,Use functions and data structures to store and compute data,2344411,Mini-Project -,6.34-N-B.E.-Information-Technology-Sem-III-IV.pdf,0.0474,3,1,0.0,0,subject_mismatch,subject_mismatch; lab_or_project_course
Feature importance and dimensionality reduction overview,Residual analysis,2166120,Visualization Lab,SEM-V.pdf,0.0875,7,1,0.0,0,person_name,person_name; lab_or_project_course
application. Properties,Service layer responsibilities,2343611,Mini-Project - Full,6.34-N-B.E.-Information-Technology-Sem-III-IV.pdf,0.1194,13,1,0.0,0,lab_or_project_course,lab_or_project_course
Detailed Content,Demonstrate Compilation and interpretation stages,2344411,Mini-Project -,6.34-N-B.E.-Information-Technology-Sem-III-IV.pdf,0.3022,1,1,0.0,1,person_name,person_name; lab_or_project_course
Effective use of standard engineering norms,Optional: Add GUI using Tkinter or JavaFX,2344411,Mini-Project -,6.34-N-B.E.-Information-Technology-Sem-III-IV.pdf,0.0173,13,1,0.0,0,lab_or_project_course,lab_or_project_course
Use state variables to track behavior,Oral Exam: An Oral exam will be held based on the Capstone Mini,2344411,Mini-Project -,6.34-N-B.E.-Information-Technology-Sem-III-IV.pdf,0.0088,6,1,0.0,0,admin_rubric_noise,admin_rubric_noise; lab_or_project_course
b. File Organizer Script,include at least 2 assignments and Mini,2344411,Mini-Project -,6.34-N-B.E.-Information-Technology-Sem-III-IV.pdf,0.1489,11,1,0.0,0,person_name,person_name; lab_or_project_course
from projections,Morphological watersheds,2166117,Digital Imaging,SEM-V.pdf,0.1796,2,1,0.0,0,truncated_fragment,truncated_fragment
At least Two Programming Implementations,"Abstraction & Encapsulation, Initialization and",2344411,Mini-Project -,6.34-N-B.E.-Information-Technology-Sem-III-IV.pdf,0.3661,2,1,0.0,1,person_name,person_name; truncated_fragment; lab_or_project_course
"Discuss the role of edge, fog, and cloud computing in IoT data management. Provide",Suggested List of Experiments,2166121,Internet of Things,SEM-V.pdf,0.0073,13,1,0.0588,0,admin_rubric_noise,admin_rubric_noise
Procedural Programming,"Define relations like parent, sibling, cousin using rules",2344411,Mini-Project -,6.34-N-B.E.-Information-Technology-Sem-III-IV.pdf,0.0954,9,1,0.0,0,lab_or_project_course,lab_or_project_course
Q1: What is the role of Gas in Ethereum transactions?,Q3: Explain the working of an Ethereum transaction from sender to miner validation,2166126,Blockchain,SEM-V.pdf,0.3714,2,1,0.15,1,admin_rubric_noise,admin_rubric_noise
Asymptotic notation,Recurrence Relations: Methods,2343112,Advance Data,6.34-N-B.E.-Information-Technology-Sem-III-IV.pdf,0.1911,1,1,0.0,0,subject_mismatch,subject_mismatch
Date of Exam,"modules. For example, if Q.2 has part (a) from Module 3 then part",2165113,Agile Software,SEM-V.pdf,0.1101,7,1,0.0,0,admin_rubric_noise,admin_rubric_noise
Raspberry Pi in IoT systems,"Compare cloud service models (IaaS, PaaS, SaaS) in the context of IoT analytics and",2166121,Internet of Things,SEM-V.pdf,0.3186,13,1,0.1176,0,tool_fragment,tool_fragment; truncated_fragment
Open-source and Proprietary Operating System,Operating System,2014113,Operating,6.20N-B.E.-AI-DS.-Sem-III-IV.pdf,0.6199,6,1,0.3333,1,generic_lone_term,generic_lone_term
Importance of data cleaning and preparation Handling,techniques to improve model performance,2166120,Visualization Lab,SEM-V.pdf,0.3053,7,1,0.0,0,lab_or_project_course,lab_or_project_course
Distribution of Term work marks for both semesters shall be as below,assignment completed by the,2344411,Mini-Project -,6.34-N-B.E.-Information-Technology-Sem-III-IV.pdf,0.3507,2,1,0.0,1,admin_rubric_noise,admin_rubric_noise; truncated_fragment; subject_mismatch; lab_or_project_course
RESTful API Design principles,@RestController vs. @Controller,2343611,Mini-Project - Full,6.34-N-B.E.-Information-Technology-Sem-III-IV.pdf,0.4228,8,1,0.0,1,lab_or_project_course,lab_or_project_course
Fast Ethernet (100 Mbps),Self-Study Topics,2344113,Computer Network,6.34-N-B.E.-Information-Technology-Sem-III-IV.pdf,0.001,3,1,0.0,0,generic_lone_term,generic_lone_term; admin_rubric_noise
Capstone Mini,Contribution of an individual’s as member or leader,2344411,Mini-Project -,6.34-N-B.E.-Information-Technology-Sem-III-IV.pdf,0.07,13,1,0.0,0,person_name,person_name; publisher_citation; lab_or_project_course
Students should understand checked and unchecked,At least Four Haskell Programs to demonstrate,2344411,Mini-Project -,6.34-N-B.E.-Information-Technology-Sem-III-IV.pdf,0.1046,6,1,0.0,0,person_name,person_name; admin_rubric_noise; lab_or_project_course
Starter dependencies,Project structure overview: pom.xml,2343611,Mini-Project - Full,6.34-N-B.E.-Information-Technology-Sem-III-IV.pdf,0.213,3,1,0.0,0,lab_or_project_course,lab_or_project_course
based consensus is used,Computer Engineering,2166126,Blockchain,SEM-V.pdf,0.1075,7,1,0.0,0,truncated_fragment,truncated_fragment
missing values and duplicates Data normalization and,Self- learning Topics: Different feature engineering,2166120,Visualization Lab,SEM-V.pdf,0.068,5,1,0.0,0,truncated_fragment,truncated_fragment; lab_or_project_course
Lines of regression,degree and exponential curve,2013111,Mathematics for,6.20N-B.E.-AI-DS.-Sem-III-IV.pdf,0.2138,2,1,0.0,1,person_name,person_name
applications of full stack,Data types,2343611,Mini-Project - Full,6.34-N-B.E.-Information-Technology-Sem-III-IV.pdf,0.2107,2,1,0.0,1,lab_or_project_course,lab_or_project_course
Greedy algorithms and Applications,Implementation of Bellman-Ford algorithm,2343115,ADSA Lab,6.34-N-B.E.-Information-Technology-Sem-III-IV.pdf,0.3218,13,1,0.0,0,lab_or_project_course,lab_or_project_course
diagonalizable and non,Quadratic forms,2013111,Mathematics for,6.20N-B.E.-AI-DS.-Sem-III-IV.pdf,0.2664,2,1,0.0,1,person_name,person_name; truncated_fragment; subject_mismatch
(Contact Hours),Credits Assigned,2166116,Computing,SEM-V.pdf,0.2705,1,1,0.0,1,generic_lone_term,generic_lone_term; admin_rubric_noise; person_name
utilizing grid systems and essential components like headers,Fetch API,2343611,Mini-Project - Full,6.34-N-B.E.-Information-Technology-Sem-III-IV.pdf,0.0005,2,1,0.0,0,subject_mismatch,subject_mismatch; lab_or_project_course
regression line and equation. Assumptions of linear,Concepts of Data Exploration: Different techniques,2166120,Visualization Lab,SEM-V.pdf,0.0054,9,1,0.0833,0,lab_or_project_course,lab_or_project_course
and Isolates,Students shall convert the best solution into a working model using various components of their domain areas and,2344411,Mini-Project -,6.34-N-B.E.-Information-Technology-Sem-III-IV.pdf,0.1467,14,1,0.0526,0,person_name,person_name; truncated_fragment; length_bound; admin_rubric_noise; subject_mismatch; lab_or_project_course
Object Oriented,exceptions as well as using multiple catch blocks,2344411,Mini-Project -,6.34-N-B.E.-Information-Technology-Sem-III-IV.pdf,0.1464,10,1,0.0,0,subject_mismatch,subject_mismatch; lab_or_project_course
"A log book to be prepared by each group, wherein the group can record weekly work progress, and the",Faculty supervisor may give inputs to students during the mini project activity,2344411,Mini-Project -,6.34-N-B.E.-Information-Technology-Sem-III-IV.pdf,0.2239,2,1,0.0741,1,length_bound,length_bound; publisher_citation; truncated_fragment; subject_mismatch; lab_or_project_course
Online References,➢ Question paper format,2165113,Agile Software,SEM-V.pdf,0.0507,7,1,0.0,0,person_name,person_name; admin_rubric_noise
Suggested List of Experiments,Term Work:  Term Work shall consist of at least 10 to 12 practicals’ based on the above list. Also,2166121,Internet of Things,SEM-V.pdf,0.2468,3,1,0.1053,0,admin_rubric_noise,admin_rubric_noise; length_bound; publisher_citation
o Identification of need/problem,o Procurement of components/systems,2344411,Mini-Project -,6.34-N-B.E.-Information-Technology-Sem-III-IV.pdf,0.504,2,1,0.25,1,lab_or_project_course,lab_or_project_course
Suggested List of Experiments,Students can Use Any Board such as Arduino/ Node MCU/ ESP32/ R,2166121,Internet of Things,SEM-V.pdf,0.1428,1,1,0.0,0,admin_rubric_noise,admin_rubric_noise; tool_fragment
Implement any 3 sample programs in Dart based on,"learning implementation of concurrency, Streams",2344411,Mini-Project -,6.34-N-B.E.-Information-Technology-Sem-III-IV.pdf,0.2526,1,1,0.0,1,truncated_fragment,truncated_fragment; lab_or_project_course
Search and Display operations,Implement Hamiltonian cycles,2343115,ADSA Lab,6.34-N-B.E.-Information-Technology-Sem-III-IV.pdf,0.1114,13,1,0.0,0,lab_or_project_course,lab_or_project_course
"environment and Basic operators, types, prelude",(b) guarded equations,2344411,Mini-Project -,6.34-N-B.E.-Information-Technology-Sem-III-IV.pdf,0.3997,10,1,0.0,0,person_name,person_name; lab_or_project_course
application. Properties,RESTful API development- What is REST? REST vs. SOAP,2343611,Mini-Project - Full,6.34-N-B.E.-Information-Technology-Sem-III-IV.pdf,0.0301,2,1,0.0,0,lab_or_project_course,lab_or_project_course
"Expectation of random variable with mean, variance and","Higher Engineering Mathematics, Dr. B.S. Grewal, Khanna Publication",2343111,Applied,6.34-N-B.E.-Information-Technology-Sem-III-IV.pdf,-0.0274,10,1,0.0,0,truncated_fragment,truncated_fragment; publisher_citation
Implement Naïve string matching algorithm,Data Structures and Algorithm Analysis in C++ Mark Allen Weiss Pearson 4th Edition,2343115,ADSA Lab,6.34-N-B.E.-Information-Technology-Sem-III-IV.pdf,0.3,8,1,0.0588,1,publisher_citation,publisher_citation; lab_or_project_course
"Dr. Asharaf S. & Sivadas Neelima, “Blockchain Technology: Algorithms and","Depth: Learn, Build and Deploy Blockchain",2166118,Blockchain,SEM-V.pdf,0.4584,9,1,0.1538,0,publisher_citation,publisher_citation; truncated_fragment
application deployment,Term Work Marks: 25 Marks (Total marks) = 15 Marks (Experiment) + 5 Marks (Assignments),2166121,Internet of Things,SEM-V.pdf,-0.0255,13,1,0.0,0,admin_rubric_noise,admin_rubric_noise; subject_mismatch
Spearman’s Rank correlation coefficient (R) (with,degree and exponential curve,2013111,Mathematics for,6.20N-B.E.-AI-DS.-Sem-III-IV.pdf,0.1166,4,1,0.0,0,publisher_citation,publisher_citation; truncated_fragment; person_name
Self-learning Topics: Study a real time case study for,Features of I/O facility for different OS,2344112,Operating System,6.34-N-B.E.-Information-Technology-Sem-III-IV.pdf,0.0578,7,1,0.0625,0,admin_rubric_noise,admin_rubric_noise; truncated_fragment
Self-learning Topics: Memory Management for any,Self-learning Topics: File System for Linux and,2344112,Operating System,6.34-N-B.E.-Information-Technology-Sem-III-IV.pdf,0.5581,4,1,0.3636,1,admin_rubric_noise,admin_rubric_noise; truncated_fragment
Models on Blockchain: decentralized AI,learning Topics: Case Studies on AI in,2166118,Blockchain,SEM-V.pdf,0.2844,9,1,0.2,0,truncated_fragment,truncated_fragment
Implement solution for a 0-1 knapsack problem using,Implement solution for job sequencing with deadlines,2343115,ADSA Lab,6.34-N-B.E.-Information-Technology-Sem-III-IV.pdf,0.2751,3,1,0.2308,0,lab_or_project_course,lab_or_project_course
Scheduling Algorithms,Implementation of Page,2344112,Operating System,6.34-N-B.E.-Information-Technology-Sem-III-IV.pdf,0.1442,8,1,0.0,0,truncated_fragment,truncated_fragment
Importing and exploring time series data in Python,Fitting ARIMA models,2166120,Visualization Lab,SEM-V.pdf,0.2849,6,1,0.0,0,lab_or_project_course,lab_or_project_course
Query relationships dynamically,"Functional for processing input (filters, parsers)",2344411,Mini-Project -,6.34-N-B.E.-Information-Technology-Sem-III-IV.pdf,0.1049,6,1,0.0,0,subject_mismatch,subject_mismatch; lab_or_project_course
Go-Back-N ARQ,Self-Study Topics,2344113,Computer Network,6.34-N-B.E.-Information-Technology-Sem-III-IV.pdf,0.0588,14,1,0.0,0,generic_lone_term,generic_lone_term; admin_rubric_noise
repeated and non-repeated ranks),Moment generating function,2013111,Mathematics for,6.20N-B.E.-AI-DS.-Sem-III-IV.pdf,-0.0504,4,1,0.0,0,person_name,person_name; truncated_fragment
Search Techniques,Self-learning Topics: Ontologies and Semantic Web,2165112,Artificial,SEM-V.pdf,0.2949,1,1,0.0,1,admin_rubric_noise,admin_rubric_noise
Self-Learning: Overview of Progressive Web,Self-learning Topics: Jamstack architecture,2165114,Web and,SEM-V.pdf,0.4923,5,1,0.2222,1,admin_rubric_noise,admin_rubric_noise
Full Stack Developer Roles & Skills,Data types,2343611,Mini-Project - Full,6.34-N-B.E.-Information-Technology-Sem-III-IV.pdf,0.1197,10,1,0.0,0,lab_or_project_course,lab_or_project_course
Backend: Java,applications of full stack,2343611,Mini-Project - Full,6.34-N-B.E.-Information-Technology-Sem-III-IV.pdf,0.2927,5,1,0.0,0,lab_or_project_course,lab_or_project_course
Simplex method,three variables) using the method of Lagrange’s,2013111,Mathematics for,6.20N-B.E.-AI-DS.-Sem-III-IV.pdf,0.2441,2,1,0.1111,1,publisher_citation,publisher_citation; truncated_fragment
"Sricharan Vadapalli , DevOps: Continuous Delivery, Integration, and Deployment with",Internal Assessment (IA) for 20 marks,2165113,Agile Software,SEM-V.pdf,0.053,5,1,0.0,0,truncated_fragment,truncated_fragment; admin_rubric_noise
Self- learning Topics: Explore Advance Regression,xts) Extracting time series,2166120,Visualization Lab,SEM-V.pdf,0.1332,14,1,0.0,0,truncated_fragment,truncated_fragment; lab_or_project_course
View: User interface,linking model and view,2343611,Mini-Project - Full,6.34-N-B.E.-Information-Technology-Sem-III-IV.pdf,0.4553,2,1,0.1667,1,lab_or_project_course,lab_or_project_course
Implement KMP algorithm,Implement any one application,2343115,ADSA Lab,6.34-N-B.E.-Information-Technology-Sem-III-IV.pdf,0.2699,2,1,0.1667,1,lab_or_project_course,lab_or_project_course
Self-Learning : Support Vector Regression and,Principal Component Analysis,2166111,Machine,SEM-V.pdf,0.3779,3,1,0.0,0,admin_rubric_noise,admin_rubric_noise; truncated_fragment
semi-structured,missing values and duplicates Data normalization and,2166120,Visualization Lab,SEM-V.pdf,0.0946,7,1,0.0,0,truncated_fragment,truncated_fragment; lab_or_project_course
Remaining questions will be mixed in nature (part (a) and part (b) of each question,Part (a) and Part (b) of each question must be from different,2165113,Agile Software,SEM-V.pdf,0.7533,12,1,0.4706,1,truncated_fragment,truncated_fragment
Interfacing a Temperature and Humidity Sensor (DHT11) with any,MQTT.(using paho library),2166121,Internet of Things,SEM-V.pdf,0.1647,5,1,0.0,0,tool_fragment,tool_fragment
"Imran Bashir, “Mastering Blockchain: Inner Workings of Blockchain, Cryptocurrencies &","Smart Contracts” ,Packt Publishing",2166118,Blockchain,SEM-V.pdf,0.2759,1,1,0.0,1,publisher_citation,publisher_citation
Construct Binary Search Tree for given sequence of,integers and perform Pre-order,2343115,ADSA Lab,6.34-N-B.E.-Information-Technology-Sem-III-IV.pdf,0.2795,1,1,0.0,1,truncated_fragment,truncated_fragment; person_name; lab_or_project_course
Part (a) and Part (b) of each question must be from different,(b) must be from any other Module,2165113,Agile Software,SEM-V.pdf,0.2847,2,1,0.2857,1,truncated_fragment,truncated_fragment; subject_mismatch
Q1: Explain the structure of a blockchain block and the role of the block header,"Q2: What is a Merkle Tree, and why is it used in blockchain?",2166126,Blockchain,SEM-V.pdf,0.3972,1,1,0.15,1,admin_rubric_noise,admin_rubric_noise
Extension of simple linear,Anomaly detection techniques,2166120,Visualization Lab,SEM-V.pdf,0.0818,10,1,0.0,0,subject_mismatch,subject_mismatch; lab_or_project_course
Expense Tracker App (Java or Python),Functional Programming,2344411,Mini-Project -,6.34-N-B.E.-Information-Technology-Sem-III-IV.pdf,0.1154,2,1,0.0,0,lab_or_project_course,lab_or_project_course
Q3: Explain the working of an Ethereum transaction from sender to miner validation,Q3: Give one example of a real,2166126,Blockchain,SEM-V.pdf,0.1581,12,1,0.1111,0,admin_rubric_noise,admin_rubric_noise
group to a panel of Internal and External Examiners preferably from industry or research organisations having,Optional: Add GUI using Tkinter or JavaFX,2344411,Mini-Project -,6.34-N-B.E.-Information-Technology-Sem-III-IV.pdf,0.027,8,1,0.0455,0,length_bound,length_bound; lab_or_project_course
"learning Topics: CI/CD pipelines, cloud","Roger Pressman, Software Engineering: A Practitioner's Approach, 6th edition, McGraw",2165113,Agile Software,SEM-V.pdf,0.2978,5,1,0.0,0,publisher_citation,publisher_citation
Assessment criteria of Capstone Mini,Cost effectiveness,2344411,Mini-Project -,6.34-N-B.E.-Information-Technology-Sem-III-IV.pdf,0.2271,8,1,0.0,0,lab_or_project_course,lab_or_project_course
Teaching Scheme,Credits Assigned,2165115,User Experience,SEM-V.pdf,0.0872,2,1,0.0,0,person_name,person_name; admin_rubric_noise
Self-learning Topics: Norman’s principles of,design by Don Norman,2165115,User Experience,SEM-V.pdf,0.4783,1,1,0.1,1,publisher_citation,publisher_citation; admin_rubric_noise; truncated_fragment
Outlier Detection using,Types of time series: univariate and multivariate,2166120,Visualization Lab,SEM-V.pdf,0.1163,5,1,0.0,0,lab_or_project_course,lab_or_project_course
University of Mumbai,Module weightage as per contact hours mentioned in the syllabus,2165113,Agile Software,SEM-V.pdf,0.1465,13,1,0.0,0,admin_rubric_noise,admin_rubric_noise
Demonstrate Compilation and interpretation stages,exceptions as well as using multiple catch blocks,2344411,Mini-Project -,6.34-N-B.E.-Information-Technology-Sem-III-IV.pdf,0.0754,13,1,0.0,0,person_name,person_name; subject_mismatch; lab_or_project_course
Designing basic edge and fog architectures for,Self-learning Topics: Applications of AI in Edge,2166124,Edge Computing,SEM-V.pdf,0.4263,4,1,0.0714,1,truncated_fragment,truncated_fragment; admin_rubric_noise
Effective use of skill sets,Oriented Programming (OOP),2344411,Mini-Project -,6.34-N-B.E.-Information-Technology-Sem-III-IV.pdf,0.1798,10,1,0.0,0,lab_or_project_course,lab_or_project_course
Introduction to Full Stack Java Overview of full-stack development: Definition of Full Stack,Overview: Frontend: HTML,2343611,Mini-Project - Full,6.34-N-B.E.-Information-Technology-Sem-III-IV.pdf,0.3245,4,1,0.0909,1,lab_or_project_course,lab_or_project_course
assignment completed by the,o Quality of Project report & Project Review,2344411,Mini-Project -,6.34-N-B.E.-Information-Technology-Sem-III-IV.pdf,0.2054,2,1,0.0,1,truncated_fragment,truncated_fragment; lab_or_project_course
"Fi) communication technologies based on range, power, and topology",application deployment,2166121,Internet of Things,SEM-V.pdf,0.0703,10,1,0.0,0,truncated_fragment,truncated_fragment
pi as per requirement,Term Work:  Term Work shall consist of at least 10 to 12 practicals’ based on the above list. Also,2166121,Internet of Things,SEM-V.pdf,0.2607,1,1,0.0,1,length_bound,length_bound; publisher_citation; admin_rubric_noise
a. Family Tree Generator (Prolog),b. Sudoku Solver (Prolog),2344411,Mini-Project -,6.34-N-B.E.-Information-Technology-Sem-III-IV.pdf,0.4959,3,1,0.125,1,lab_or_project_course,lab_or_project_course
CSS3 Fundamentals: Explore CSS syntax,and navigation bars.React.js basics,2343611,Mini-Project - Full,6.34-N-B.E.-Information-Technology-Sem-III-IV.pdf,0.331,5,1,0.0,1,person_name,person_name; truncated_fragment; lab_or_project_course
Time Series Analysis,xts) Extracting time series,2166120,Visualization Lab,SEM-V.pdf,0.5445,3,1,0.4,1,truncated_fragment,truncated_fragment; lab_or_project_course
Space Division Switching,Time Division,2344113,Computer Network,6.34-N-B.E.-Information-Technology-Sem-III-IV.pdf,0.4818,1,1,0.25,1,truncated_fragment,truncated_fragment
Emerging trends,"smart contracts, AI in Crypto Trading, Anti",2166118,Blockchain,SEM-V.pdf,0.2003,11,1,0.0,0,generic_lone_term,generic_lone_term
three variables) using the method of Lagrange’s,Fourier series of periodic,2013111,Mathematics for,6.20N-B.E.-AI-DS.-Sem-III-IV.pdf,0.0136,13,1,0.0909,0,publisher_citation,publisher_citation; truncated_fragment
repeated ranks) Lines of regression Fitting of first- and,two moments,2343111,Applied,6.34-N-B.E.-Information-Technology-Sem-III-IV.pdf,0.0279,6,1,0.0,0,truncated_fragment,truncated_fragment
Methods: GET,Controllers and Services- Role of Controller in MVC,2343611,Mini-Project - Full,6.34-N-B.E.-Information-Technology-Sem-III-IV.pdf,0.095,7,1,0.0,0,lab_or_project_course,lab_or_project_course
Sample Programs but not limited to,"empty list to the empty list, whereas tail gives an",2344411,Mini-Project -,6.34-N-B.E.-Information-Technology-Sem-III-IV.pdf,-0.0152,3,1,0.0769,0,truncated_fragment,truncated_fragment; lab_or_project_course
"Sricharan Vadapalli , DevOps: Continuous Delivery, Integration, and Deployment with",Remaining questions will be mixed in nature (part (a) and part (b) of each question,2165113,Agile Software,SEM-V.pdf,0.0697,12,1,0.0455,0,truncated_fragment,truncated_fragment
"library functions, list and tuples in Haskell",(b) guarded equations,2344411,Mini-Project -,6.34-N-B.E.-Information-Technology-Sem-III-IV.pdf,0.1982,9,1,0.0,0,lab_or_project_course,lab_or_project_course
linking model and view,character effects,2343611,Mini-Project - Full,6.34-N-B.E.-Information-Technology-Sem-III-IV.pdf,0.1852,3,1,0.0,0,lab_or_project_course,lab_or_project_course
"OOP features like encapsulation, polymorphism",Avoid mutable data,2344411,Mini-Project -,6.34-N-B.E.-Information-Technology-Sem-III-IV.pdf,0.1846,6,1,0.0,0,lab_or_project_course,lab_or_project_course
Object Oriented,"environment and Basic operators, types, prelude",2344411,Mini-Project -,6.34-N-B.E.-Information-Technology-Sem-III-IV.pdf,0.3211,13,1,0.0,0,person_name,person_name; lab_or_project_course
"automation tools such as Selenium, Cypress","based DevOps tools, and real",2165113,Agile Software,SEM-V.pdf,0.4132,11,1,0.1,0,tool_fragment,tool_fragment; truncated_fragment
"Blockchain, UTXO and double spending problem","AI–Blockchain Integration: Overview, need, and",2166118,Blockchain,SEM-V.pdf,0.2746,8,1,0.2,0,truncated_fragment,truncated_fragment
A total of Four questions need to be answered,All COs should be mapped on the basis of the syllabus,2165113,Agile Software,SEM-V.pdf,0.2,13,1,0.1176,0,admin_rubric_noise,admin_rubric_noise
a. Library Management System,"Use classes for Books, Users, Transactions",2344411,Mini-Project -,6.34-N-B.E.-Information-Technology-Sem-III-IV.pdf,0.4288,1,1,0.0,1,person_name,person_name; lab_or_project_course
Real-world,Data management,2343611,Mini-Project - Full,6.34-N-B.E.-Information-Technology-Sem-III-IV.pdf,0.2714,11,1,0.0,0,lab_or_project_course,lab_or_project_course
Report should be prepared as per the guidelines issued by the University of Mumbai,"OOP features like encapsulation, polymorphism",2344411,Mini-Project -,6.34-N-B.E.-Information-Technology-Sem-III-IV.pdf,0.0206,12,1,0.0,0,publisher_citation,publisher_citation; lab_or_project_course
Karl Pearson’s coefficient of correlation (r),Raw moments,2013111,Mathematics for,6.20N-B.E.-AI-DS.-Sem-III-IV.pdf,0.1078,7,1,0.0,0,publisher_citation,publisher_citation
degree and exponential curve,Moment generating function,2013111,Mathematics for,6.20N-B.E.-AI-DS.-Sem-III-IV.pdf,0.1336,1,1,0.0,0,person_name,person_name
Search and Display operations,Implementation of operations on B/B+-trees,2343115,ADSA Lab,6.34-N-B.E.-Information-Technology-Sem-III-IV.pdf,0.3309,2,1,0.1111,1,lab_or_project_course,lab_or_project_course
Implementation of operations on B/B+-trees,Implement Sum of subsets problem for a given set of,2343115,ADSA Lab,6.34-N-B.E.-Information-Technology-Sem-III-IV.pdf,0.1064,8,1,0.0714,0,truncated_fragment,truncated_fragment; lab_or_project_course
"DevOps: Dive, , Packt, 2018",Question Paper will comprise of a total of six questions each carrying 15  marks. Q.1,2165113,Agile Software,SEM-V.pdf,0.1144,9,1,0.0,0,publisher_citation,publisher_citation; admin_rubric_noise
Types of time series: univariate and multivariate,xts) Extracting time series,2166120,Visualization Lab,SEM-V.pdf,0.3784,2,1,0.2222,1,truncated_fragment,truncated_fragment; lab_or_project_course
Multi-tier architecture,and hyperlinks. Responsive Web Design: Learn to build websites,2343611,Mini-Project - Full,6.34-N-B.E.-Information-Technology-Sem-III-IV.pdf,0.2022,11,1,0.0,0,truncated_fragment,truncated_fragment; lab_or_project_course
Concepts of Data Exploration: Different techniques,EDA and feature exploration,2166120,Visualization Lab,SEM-V.pdf,0.4018,1,1,0.1111,1,person_name,person_name; lab_or_project_course
value chain,Roles in Industry,2166112,Data Analytics,SEM-V.pdf,0.2252,2,1,0.0,1,generic_lone_term,generic_lone_term
IA will consist of Two Compulsory Internal Assessment Tests. Each test will be,(b) must be from any other Module randomly selected from all the modules),2165113,Agile Software,SEM-V.pdf,0.1666,8,1,0.0435,0,admin_rubric_noise,admin_rubric_noise; truncated_fragment; subject_mismatch
Smart City (Parking or Waste Management),Students can Use Any Board such as Arduino/ Node MCU/ ESP32/ R,2166121,Internet of Things,SEM-V.pdf,0.0408,5,1,0.0,0,tool_fragment,tool_fragment; admin_rubric_noise
"Linear Algebra, Vectors, Probability and statistics, Programming Concepts",Self-Learning : Support Vector Regression and,2166111,Machine,SEM-V.pdf,0.3696,5,1,0.0769,1,publisher_citation,publisher_citation; admin_rubric_noise; truncated_fragment
Advanced Data Structures,Construct Binary Search Tree for given sequence of,2343115,ADSA Lab,6.34-N-B.E.-Information-Technology-Sem-III-IV.pdf,0.3203,1,1,0.0,1,truncated_fragment,truncated_fragment; lab_or_project_course
Advanced Data Structures,Implement solution for job sequencing with deadlines,2343115,ADSA Lab,6.34-N-B.E.-Information-Technology-Sem-III-IV.pdf,0.2261,13,1,0.0,0,lab_or_project_course,lab_or_project_course
Introduction to OOP- Basic of,Packages and Import statements,2343611,Mini-Project - Full,6.34-N-B.E.-Information-Technology-Sem-III-IV.pdf,0.2079,1,1,0.0,1,truncated_fragment,truncated_fragment; person_name; lab_or_project_course
Interfacing Soil Moisture Sensor with any board and Uploading Data to,Any application of Blynk App,2166121,Internet of Things,SEM-V.pdf,0.145,2,1,0.0667,0,truncated_fragment,truncated_fragment; tool_fragment
experience of more than five years approved by head of Institution,List of Sample Capstone Mini,2344411,Mini-Project -,6.34-N-B.E.-Information-Technology-Sem-III-IV.pdf,-0.0231,2,1,0.0714,0,publisher_citation,publisher_citation; subject_mismatch; lab_or_project_course
Q2: List the basic components of a Solidity smart contract,"enabled smart contracts, and how do they enhance automation?",2166126,Blockchain,SEM-V.pdf,0.3239,12,1,0.0556,0,admin_rubric_noise,admin_rubric_noise
Special-purpose,functions: Cloud Operating System,2014113,Operating,6.20N-B.E.-AI-DS.-Sem-III-IV.pdf,0.192,6,1,0.0,0,truncated_fragment,truncated_fragment
"Term Work: Term Work shall consist of list of all practicals’ based on the above list. Also, the Term work Journal must",Term Work Marks: 50 Marks (Total marks) = 10 Marks (Experiment) + 5 Marks (Assignments) + 30 Marks (Capstone,2344411,Mini-Project -,6.34-N-B.E.-Information-Technology-Sem-III-IV.pdf,0.4922,3,1,0.0833,1,length_bound,length_bound; publisher_citation; admin_rubric_noise; truncated_fragment; subject_mismatch; lab_or_project_course
Expense Tracker App (Java or Python),"Use map, reduce, filter extensively",2344411,Mini-Project -,6.34-N-B.E.-Information-Technology-Sem-III-IV.pdf,0.1375,6,1,0.0,0,lab_or_project_course,lab_or_project_course
"must be from different modules. For example, if Q.2 has part (a) from Module 3 then part",A total of Four questions need to be answered,2165113,Agile Software,SEM-V.pdf,0.1693,2,1,0.087,0,length_bound,length_bound; admin_rubric_noise
application. Properties,@RestController vs. @Controller,2343611,Mini-Project - Full,6.34-N-B.E.-Information-Technology-Sem-III-IV.pdf,0.0701,12,1,0.0,0,lab_or_project_course,lab_or_project_course
Implement Travelling salesman problem,Implement any one application,2343115,ADSA Lab,6.34-N-B.E.-Information-Technology-Sem-III-IV.pdf,0.1502,6,1,0.1429,0,lab_or_project_course,lab_or_project_course
Spearman’s Rank correlation coefficient (R) (with,Normal Distribution,2013111,Mathematics for,6.20N-B.E.-AI-DS.-Sem-III-IV.pdf,0.1015,8,1,0.0,0,publisher_citation,publisher_citation; truncated_fragment
Self-Learning : Support Vector Regression and,"Dimensionali ty Reduction 4.1 Curse of Dimensionality. 4.2 Feature Selection (Filter Method, Embedded Method, Wrapper Method) and Feature Extraction",2166111,Machine,SEM-V.pdf,0.3589,2,1,0.0455,1,admin_rubric_noise,admin_rubric_noise; truncated_fragment; length_bound
MVC Architecture- Model: Business logic,Controller: Request,2343611,Mini-Project - Full,6.34-N-B.E.-Information-Technology-Sem-III-IV.pdf,0.2709,3,1,0.0,1,lab_or_project_course,lab_or_project_course
modelling Creating new features from existing data,Self- learning Topics: Different feature engineering,2166120,Visualization Lab,SEM-V.pdf,0.3983,2,1,0.0,1,lab_or_project_course,lab_or_project_course
and handling user input through various,radio buttons,2343611,Mini-Project - Full,6.34-N-B.E.-Information-Technology-Sem-III-IV.pdf,0.2625,2,1,0.0,1,truncated_fragment,truncated_fragment; lab_or_project_course
Order Functions,understand declarative programming concepts,2344411,Mini-Project -,6.34-N-B.E.-Information-Technology-Sem-III-IV.pdf,0.07,13,1,0.0,0,person_name,person_name; lab_or_project_course
Self-learning Topics: Performance comparison of,Self-learning Topics: Study a real time case study for,2344112,Operating System,6.34-N-B.E.-Information-Technology-Sem-III-IV.pdf,0.8211,5,1,0.25,1,admin_rubric_noise,admin_rubric_noise; truncated_fragment
regression. Estimation of coefficients using Least Squares,Anomaly Detection: Outliers,2166120,Visualization Lab,SEM-V.pdf,0.1015,10,1,0.0,0,subject_mismatch,subject_mismatch; lab_or_project_course
Online References,Website Name,2165113,Agile Software,SEM-V.pdf,0.2756,1,1,0.0,1,person_name,person_name
the execution of the Functional Implementation,Tutorial on working of SWI Prolog Environment,2344411,Mini-Project -,6.34-N-B.E.-Information-Technology-Sem-III-IV.pdf,0.3059,2,1,0.0909,1,truncated_fragment,truncated_fragment; lab_or_project_course
conditional expression,pattern matching,2344411,Mini-Project -,6.34-N-B.E.-Information-Technology-Sem-III-IV.pdf,0.3555,2,1,0.0,1,lab_or_project_course,lab_or_project_course
error in this case. Define safetail using: (a) a,(b) guarded equations,2344411,Mini-Project -,6.34-N-B.E.-Information-Technology-Sem-III-IV.pdf,0.2072,2,1,0.0,1,lab_or_project_course,lab_or_project_course
on DevOps adoption and automation practices,"Roger Pressman, Software Engineering: A Practitioner's Approach, 6th edition, McGraw",2165113,Agile Software,SEM-V.pdf,0.2914,2,1,0.0,1,truncated_fragment,truncated_fragment; publisher_citation
First shall be for the finalisation of problem and proposed solution,"Second shall be for the implementation, testing and validation of solution",2344411,Mini-Project -,6.34-N-B.E.-Information-Technology-Sem-III-IV.pdf,0.7055,1,1,0.4667,1,lab_or_project_course,lab_or_project_course
in DevOps Implementation. Mapping App to,Source Tools in DevOps,2165113,Agile Software,SEM-V.pdf,0.4199,2,1,0.25,1,truncated_fragment,truncated_fragment
Scikit-learn R,modelling Creating new features from existing data,2166120,Visualization Lab,SEM-V.pdf,0.108,6,1,0.0,0,lab_or_project_course,lab_or_project_course
"First International Edition, Prentice Hall",1/blob/master/book/Practical%20DevOps.pdf,2165113,Agile Software,SEM-V.pdf,0.2558,12,1,0.0,0,publisher_citation,publisher_citation
Outlier detection using density-based methods for real time,Time Series Analysis,2166120,Visualization Lab,SEM-V.pdf,0.2483,2,1,0.0909,1,lab_or_project_course,lab_or_project_course
Fundamentals of Distributed Operating System,Architecture and,2014113,Operating,6.20N-B.E.-AI-DS.-Sem-III-IV.pdf,0.2843,2,1,0.0,1,truncated_fragment,truncated_fragment
"HTML 5, CSS 3 with Bootstrap HTML Basics & Structure: Learn HTML5 structure, semantic",and hyperlinks. Responsive Web Design: Learn to build websites,2343611,Mini-Project - Full,6.34-N-B.E.-Information-Technology-Sem-III-IV.pdf,0.5172,4,1,0.0526,1,truncated_fragment,truncated_fragment; lab_or_project_course
Parseval’s Identity (without proof) Fourier series of periodic,function with period2  and2l,2343111,Applied,6.34-N-B.E.-Information-Technology-Sem-III-IV.pdf,0.2634,1,1,0.0,1,publisher_citation,publisher_citation; truncated_fragment
"Implement inheritance for different types of users (students, staff)",Recursion instead of loops,2344411,Mini-Project -,6.34-N-B.E.-Information-Technology-Sem-III-IV.pdf,0.0415,14,1,0.0833,0,lab_or_project_course,lab_or_project_course
web pages,using images as links,2343611,Mini-Project - Full,6.34-N-B.E.-Information-Technology-Sem-III-IV.pdf,0.3072,1,1,0.0,1,truncated_fragment,truncated_fragment; subject_mismatch; lab_or_project_course
applications of full stack,MVC Architecture- Model: Business logic,2343611,Mini-Project - Full,6.34-N-B.E.-Information-Technology-Sem-III-IV.pdf,0.1202,9,1,0.0,0,lab_or_project_course,lab_or_project_course
Features of Spring Boot: Auto-configuration,Starter dependencies,2343611,Mini-Project - Full,6.34-N-B.E.-Information-Technology-Sem-III-IV.pdf,0.2475,1,1,0.0,1,lab_or_project_course,lab_or_project_course
Collection of Dataset,Societal impact,2344411,Mini-Project -,6.34-N-B.E.-Information-Technology-Sem-III-IV.pdf,0.0138,2,1,0.0,0,lab_or_project_course,lab_or_project_course
"handling and Garbage collection, preferably in","environment and Basic operators, types, prelude",2344411,Mini-Project -,6.34-N-B.E.-Information-Technology-Sem-III-IV.pdf,0.1412,5,1,0.0909,0,person_name,person_name; truncated_fragment; lab_or_project_course
based consensus is used,Faculty of Science & Technology,2166126,Blockchain,SEM-V.pdf,0.0567,11,1,0.0,0,truncated_fragment,truncated_fragment; admin_rubric_noise
Database: MySQL,Java SE concepts: JVM,2343611,Mini-Project - Full,6.34-N-B.E.-Information-Technology-Sem-III-IV.pdf,0.0563,4,1,0.0,0,lab_or_project_course,lab_or_project_course
Fourier Series,Parseval’s Identity (without proof) Fourier series of periodic,2343111,Applied,6.34-N-B.E.-Information-Technology-Sem-III-IV.pdf,0.6086,2,1,0.2222,1,publisher_citation,publisher_citation; truncated_fragment
traversal of constructed tree. Analyze complexities,Backtracking and Maximum flow Networks,2343115,ADSA Lab,6.34-N-B.E.-Information-Technology-Sem-III-IV.pdf,0.2787,10,1,0.0,0,lab_or_project_course,lab_or_project_course
"Include problem definition, architecture, components used, and expected outcomes",Based Interface via any board,2166121,Internet of Things,SEM-V.pdf,0.1293,13,1,0.0,0,truncated_fragment,truncated_fragment
Linear Algebra (Theory of Matrices) verification and reduction of higher degree polynomials,diagonalizable and non,2013111,Mathematics for,6.20N-B.E.-AI-DS.-Sem-III-IV.pdf,0.3128,2,1,0.0769,1,person_name,person_name; truncated_fragment; subject_mismatch
Types of time series: univariate and multivariate,Fitting ARIMA models,2166120,Visualization Lab,SEM-V.pdf,0.2488,7,1,0.0,0,lab_or_project_course,lab_or_project_course
"learning Topics: CI/CD pipelines, cloud",Hill International Publication,2165113,Agile Software,SEM-V.pdf,0.1321,6,1,0.0,0,publisher_citation,publisher_citation
Closure properties,output: Moore and Mealy machines,2014111,Computational,6.20N-B.E.-AI-DS.-Sem-III-IV.pdf,0.0456,14,1,0.0,0,person_name,person_name
Residual analysis,Data Exploration and Anamoly Detection,2166120,Visualization Lab,SEM-V.pdf,0.2155,6,1,0.0,0,lab_or_project_course,lab_or_project_course
Prolog programs to,Knowledge Base having multiple facts and rules,2344411,Mini-Project -,6.34-N-B.E.-Information-Technology-Sem-III-IV.pdf,0.2681,3,1,0.0,0,truncated_fragment,truncated_fragment; lab_or_project_course
Common security threats in Blockchain,Emerging trends,2166118,Blockchain,SEM-V.pdf,0.2184,4,1,0.0,0,generic_lone_term,generic_lone_term
Scheduled Access (Reservation,Token Passing),2344113,Computer Network,6.34-N-B.E.-Information-Technology-Sem-III-IV.pdf,0.2153,1,1,0.0,1,truncated_fragment,truncated_fragment
Analytics and,modelling Creating new features from existing data,2166120,Visualization Lab,SEM-V.pdf,0.1656,14,1,0.0,0,truncated_fragment,truncated_fragment; lab_or_project_course
Regression Model Evaluation,function and odds ratio Model fitting and interpretation,2166120,Visualization Lab,SEM-V.pdf,0.4337,8,1,0.1111,1,lab_or_project_course,lab_or_project_course
Faculty of Technology,Dr. Deven Shah,2166126,Blockchain,SEM-V.pdf,0.3497,1,1,0.0,1,admin_rubric_noise,admin_rubric_noise; publisher_citation; person_name
Implement Rabin-Karp algorithm,Implement KMP algorithm,2343115,ADSA Lab,6.34-N-B.E.-Information-Technology-Sem-III-IV.pdf,0.4577,1,1,0.4,1,lab_or_project_course,lab_or_project_course
repeated ranks) Lines of regression Fitting of first- and,"learning topics: Total probability theorem, Bayes’",2343111,Applied,6.34-N-B.E.-Information-Technology-Sem-III-IV.pdf,0.1378,7,1,0.0,0,truncated_fragment,truncated_fragment; publisher_citation
Duration: 2 Hours,(2) Solve any three questions out of five,2165113,Agile Software,SEM-V.pdf,0.1234,3,1,0.1,0,admin_rubric_noise,admin_rubric_noise
Understanding Request Mapping,Get Mapping,2343611,Mini-Project - Full,6.34-N-B.E.-Information-Technology-Sem-III-IV.pdf,0.5568,1,1,0.25,1,person_name,person_name; lab_or_project_course
Standard and Canonical of LPP,Basic and Feasible solutions,2013111,Mathematics for,6.20N-B.E.-AI-DS.-Sem-III-IV.pdf,0.224,1,1,0.125,1,person_name,person_name; subject_mismatch
Date of Exam,"Question 1 is compulsory, and it should include sub",2165113,Agile Software,SEM-V.pdf,0.1522,12,1,0.0,0,admin_rubric_noise,admin_rubric_noise
diagonalizable and non,Basic and Feasible solutions,2013111,Mathematics for,6.20N-B.E.-AI-DS.-Sem-III-IV.pdf,0.1687,6,1,0.1667,0,person_name,person_name; truncated_fragment; subject_mismatch
Importance of data cleaning and preparation Handling,modelling Creating new features from existing data,2166120,Visualization Lab,SEM-V.pdf,0.2482,4,1,0.0769,0,lab_or_project_course,lab_or_project_course
and digital tokens,"ERC721 Tokens, ICO: basics and related terms",2166118,Blockchain,SEM-V.pdf,0.3918,2,1,0.25,1,truncated_fragment,truncated_fragment
(Contact Hours),Edge Computing,2166116,Computing,SEM-V.pdf,0.1413,2,1,0.0,0,generic_lone_term,generic_lone_term; admin_rubric_noise
Assignment 2  ( Any two Questions from each Unit),Q2: What are AI,2166126,Blockchain,SEM-V.pdf,0.2633,9,1,0.0,0,admin_rubric_noise,admin_rubric_noise
Introduction to Python and,Libraries: dplyr,2166120,Visualization Lab,SEM-V.pdf,0.3564,4,1,0.0,1,truncated_fragment,truncated_fragment; lab_or_project_course
Quadratic forms,Standard and Canonical of LPP,2013111,Mathematics for,6.20N-B.E.-AI-DS.-Sem-III-IV.pdf,0.1094,3,1,0.0,0,person_name,person_name; subject_mismatch
Source Tools in DevOps,on DevOps adoption and automation practices,2165113,Agile Software,SEM-V.pdf,0.6263,4,1,0.1111,1,truncated_fragment,truncated_fragment
Implement Longest common subsequence,"Algorithm Design Jon Kleinberg, Éva Tardos Pearson 1st Edition",2343115,ADSA Lab,6.34-N-B.E.-Information-Technology-Sem-III-IV.pdf,0.2937,4,1,0.0,0,publisher_citation,publisher_citation; lab_or_project_course
Reference Books,Internal Assessment (IA) for 20 marks,2165113,Agile Software,SEM-V.pdf,0.1572,9,1,0.0,0,person_name,person_name; admin_rubric_noise
Connected Car System,+ 5 Marks (Attendance),2166121,Internet of Things,SEM-V.pdf,0.1027,9,1,0.0,0,admin_rubric_noise,admin_rubric_noise
Self- learning Topics: Different feature engineering,regression. Estimation of coefficients using Least Squares,2166120,Visualization Lab,SEM-V.pdf,0.0742,5,1,0.0,0,subject_mismatch,subject_mismatch; lab_or_project_course
"Dr. Asharaf S. & Sivadas Neelima, “Blockchain Technology: Algorithms and","Contracts and DApps”, O’Reilly Media",2166118,Blockchain,SEM-V.pdf,0.2173,3,1,0.0714,0,publisher_citation,publisher_citation; truncated_fragment; person_name
Distribution of Term work marks for both semesters shall be as below,Review/progress monitoring committee may consider following points for assessment based of the semester,2344411,Mini-Project -,6.34-N-B.E.-Information-Technology-Sem-III-IV.pdf,0.497,5,1,0.0833,1,admin_rubric_noise,admin_rubric_noise; truncated_fragment; subject_mismatch; lab_or_project_course
"platforms, STO, Different Crypto currencies, Defi","Metaverse, Cryptocurrency wallets: Hot and cold",2166118,Blockchain,SEM-V.pdf,0.4251,1,1,0.0,1,person_name,person_name; truncated_fragment
Q3: Differentiate between a blockchain and a traditional database,Q1: What is the role of Gas in Ethereum transactions?,2166126,Blockchain,SEM-V.pdf,0.2208,6,1,0.0,0,admin_rubric_noise,admin_rubric_noise
Students should understand checked and unchecked,Functional Programming Concepts,2344411,Mini-Project -,6.34-N-B.E.-Information-Technology-Sem-III-IV.pdf,0.1712,7,1,0.0,0,person_name,person_name; admin_rubric_noise; lab_or_project_course
Self-learning Topics: Study of any three different OS,Self-learning Topics: Study a real time case study for,2344112,Operating System,6.34-N-B.E.-Information-Technology-Sem-III-IV.pdf,0.7024,7,1,0.2857,1,admin_rubric_noise,admin_rubric_noise; truncated_fragment
Link Layer Addressing,MAC address and its types,2344113,Computer Network,6.34-N-B.E.-Information-Technology-Sem-III-IV.pdf,0.3609,1,1,0.0,1,person_name,person_name
Regression Model Evaluation,regression. Estimation of coefficients using Least Squares,2166120,Visualization Lab,SEM-V.pdf,0.4944,3,1,0.1111,1,subject_mismatch,subject_mismatch; lab_or_project_course
R for data analytics,Self- learning Topics: Different feature engineering,2166120,Visualization Lab,SEM-V.pdf,0.0222,10,1,0.0,0,lab_or_project_course,lab_or_project_course
and basic understanding of facts and rules,Students must be able to learn to query it and,2344411,Mini-Project -,6.34-N-B.E.-Information-Technology-Sem-III-IV.pdf,0.3579,6,1,0.0714,1,truncated_fragment,truncated_fragment; admin_rubric_noise; lab_or_project_course
Self-learning Topics: Various Network Performance,Self-learning Topics: Exploring various Cloud computing,2166124,Edge Computing,SEM-V.pdf,0.6402,1,1,0.4444,1,admin_rubric_noise,admin_rubric_noise
Implement N-Queen's problem using Back Tracking,Implement Sum of subsets problem for a given set of,2343115,ADSA Lab,6.34-N-B.E.-Information-Technology-Sem-III-IV.pdf,0.2441,1,1,0.1333,1,truncated_fragment,truncated_fragment; lab_or_project_course
Optional: Add GUI using Tkinter or JavaFX,"Use map, reduce, filter extensively",2344411,Mini-Project -,6.34-N-B.E.-Information-Technology-Sem-III-IV.pdf,0.0472,10,1,0.0,0,lab_or_project_course,lab_or_project_course
Importing and exploring time series data in Python,xts) Extracting time series,2166120,Visualization Lab,SEM-V.pdf,0.5364,1,1,0.2,1,truncated_fragment,truncated_fragment; lab_or_project_course
Anomaly detection techniques,and ARIMA concepts,2166120,Visualization Lab,SEM-V.pdf,0.2672,12,1,0.0,0,person_name,person_name; truncated_fragment; lab_or_project_course
function with period2  and2l,"only, piecewise continuous function not to be included)",2343111,Applied,6.34-N-B.E.-Information-Technology-Sem-III-IV.pdf,0.2836,2,1,0.0909,1,truncated_fragment,truncated_fragment
Associate Dean,Faculty of Science & Technology,2166126,Blockchain,SEM-V.pdf,0.3771,1,1,0.0,1,publisher_citation,publisher_citation; person_name; admin_rubric_noise
Random Access (ALOHA,HDLC Protocol,2344113,Computer Network,6.34-N-B.E.-Information-Technology-Sem-III-IV.pdf,0.1372,10,1,0.0,0,truncated_fragment,truncated_fragment
"polar coordinates, conformal mapping, linear, bilinear","learning Topics: Covariance, fitting of exponential",2343111,Applied,6.34-N-B.E.-Information-Technology-Sem-III-IV.pdf,0.1164,6,1,0.0,0,subject_mismatch,subject_mismatch
Procedural Programming,Use functions and data structures to store and compute data,2344411,Mini-Project -,6.34-N-B.E.-Information-Technology-Sem-III-IV.pdf,0.2677,2,1,0.0,1,lab_or_project_course,lab_or_project_course
natural numbers that use a predefined add function,Tutorial on working of SWI Prolog Environment,2344411,Mini-Project -,6.34-N-B.E.-Information-Technology-Sem-III-IV.pdf,0.033,7,1,0.0,0,subject_mismatch,subject_mismatch; lab_or_project_course
RESTful API development- What is REST? REST vs. SOAP,Creating REST Controllers in Spring Boot,2343611,Mini-Project - Full,6.34-N-B.E.-Information-Technology-Sem-III-IV.pdf,0.3382,3,1,0.0769,0,subject_mismatch,subject_mismatch; lab_or_project_course
and advanced features like CSS Grid,and navigation bars.React.js basics,2343611,Mini-Project - Full,6.34-N-B.E.-Information-Technology-Sem-III-IV.pdf,0.3377,3,1,0.0909,0,person_name,person_name; truncated_fragment; lab_or_project_course
Laplace transform using derivatives and its properties,Parseval’s Identity (without proof) Fourier series of periodic,2343111,Applied,6.34-N-B.E.-Information-Technology-Sem-III-IV.pdf,0.1419,3,1,0.0,0,publisher_citation,publisher_citation; truncated_fragment
document spacing,Image Handling & Forms: Understand image roles,2343611,Mini-Project - Full,6.34-N-B.E.-Information-Technology-Sem-III-IV.pdf,0.0267,6,1,0.0,0,person_name,person_name; lab_or_project_course
Greedy algorithms and Applications,Implement solution for a 0-1 knapsack problem using,2343115,ADSA Lab,6.34-N-B.E.-Information-Technology-Sem-III-IV.pdf,0.3491,1,1,0.0,1,lab_or_project_course,lab_or_project_course
Concept of features and importance in predictive,Self- learning Topics: Different feature engineering,2166120,Visualization Lab,SEM-V.pdf,0.3249,3,1,0.0,1,lab_or_project_course,lab_or_project_course
At least Two Programs to understand Exception,At least Two Program preferably in Java/C++ to,2344411,Mini-Project -,6.34-N-B.E.-Information-Technology-Sem-III-IV.pdf,0.4169,4,1,0.3333,1,truncated_fragment,truncated_fragment; lab_or_project_course
Implement Insert,Implement solution for job sequencing with deadlines,2343115,ADSA Lab,6.34-N-B.E.-Information-Technology-Sem-III-IV.pdf,0.1775,8,1,0.125,0,person_name,person_name; lab_or_project_course
In-order and Post-order,distinct numbers using backtracking,2343115,ADSA Lab,6.34-N-B.E.-Information-Technology-Sem-III-IV.pdf,0.1523,14,1,0.0,0,person_name,person_name; lab_or_project_course
"Deepak Gaikwad, Viral Thakkar. DevOps Tools from Practitioner's Viewpoint","Sricharan Vadapalli , DevOps: Continuous Delivery, Integration, and Deployment with",2165113,Agile Software,SEM-V.pdf,0.6324,6,1,0.0556,1,publisher_citation,publisher_citation; truncated_fragment
"Introduction to Agile Methods, Sondra Ashmore",Mike Cohn – Agile Estimating and Planning (Pearson),2165113,Agile Software,SEM-V.pdf,0.546,2,1,0.0833,1,publisher_citation,publisher_citation
"Craig Larman, Agile and Iterative Development: A Manager’s Guide, Addison",Internal Assessment (IA) for 20 marks,2165113,Agile Software,SEM-V.pdf,0.1249,6,1,0.0,0,publisher_citation,publisher_citation; admin_rubric_noise
Implement Floyd Warshall Algorithm,Implement Naïve string matching algorithm,2343115,ADSA Lab,6.34-N-B.E.-Information-Technology-Sem-III-IV.pdf,0.2518,3,1,0.2857,1,lab_or_project_course,lab_or_project_course
Implement Rabin-Karp algorithm,"Algorithm Design Jon Kleinberg, Éva Tardos Pearson 1st Edition",2343115,ADSA Lab,6.34-N-B.E.-Information-Technology-Sem-III-IV.pdf,0.4273,6,1,0.0833,1,publisher_citation,publisher_citation; lab_or_project_course
"Classes: Customer, MenuItem, Order, Restaurant",Read weather data and apply pure functions for analysis,2344411,Mini-Project -,6.34-N-B.E.-Information-Technology-Sem-III-IV.pdf,0.0041,6,1,0.0,0,person_name,person_name; subject_mismatch; lab_or_project_course
Self- learning Topics: Explore Advance Regression,Outlier detection using density-based methods for real time,2166120,Visualization Lab,SEM-V.pdf,0.138,9,1,0.0,0,lab_or_project_course,lab_or_project_course
and NSGA-III mechanisms,hyperparameter tuning,2166115,Nature-,SEM-V.pdf,0.0206,8,1,0.0,0,person_name,person_name; truncated_fragment
regression line and equation. Assumptions of linear,Outlier Detection using,2166120,Visualization Lab,SEM-V.pdf,0.1291,14,1,0.0,0,lab_or_project_course,lab_or_project_course
Effective use of standard engineering norms,List of Sample Capstone Mini,2344411,Mini-Project -,6.34-N-B.E.-Information-Technology-Sem-III-IV.pdf,0.0194,8,1,0.1,0,lab_or_project_course,lab_or_project_course
Module weightage as per contact hours mentioned in the syllabus,questions covering all,2165113,Agile Software,SEM-V.pdf,0.0193,2,1,0.0,0,admin_rubric_noise,admin_rubric_noise
Demonstrate Compilation and interpretation stages,Preferably in C++ to demonstrate concepts like,2344411,Mini-Project -,6.34-N-B.E.-Information-Technology-Sem-III-IV.pdf,0.4724,5,1,0.0909,1,person_name,person_name; lab_or_project_course
Q1: Explain the structure of a blockchain block and the role of the block header,Q2: List the basic components of a Solidity smart contract,2166126,Blockchain,SEM-V.pdf,0.4358,9,1,0.1667,0,admin_rubric_noise,admin_rubric_noise
through Dart,"learning implementation of concurrency, Streams",2344411,Mini-Project -,6.34-N-B.E.-Information-Technology-Sem-III-IV.pdf,0.1621,2,1,0.0,0,truncated_fragment,truncated_fragment; lab_or_project_course
Concurrency and,"Students shall form a group of 3 to 4 students, and a group shall not be allowed less than three or more than four",2344411,Mini-Project -,6.34-N-B.E.-Information-Technology-Sem-III-IV.pdf,0.1444,6,1,0.05,0,truncated_fragment,truncated_fragment; length_bound; admin_rubric_noise; subject_mismatch; lab_or_project_course
degree curves,"Advanced Engineering Mathematics, Erwin Kreyszig, Wiley Eastern Limited",2343111,Applied,6.34-N-B.E.-Information-Technology-Sem-III-IV.pdf,0.1699,14,1,0.0,0,publisher_citation,publisher_citation
Functions ofSquare Matrix,Self-learning Topics: Initial value theorem,2344111,Applied,6.34-N-B.E.-Information-Technology-Sem-III-IV.pdf,0.15,5,1,0.0,0,truncated_fragment,truncated_fragment; admin_rubric_noise
Project Practical/Oral Examination,group to a panel of Internal and External Examiners preferably from industry or research organisations having,2344411,Mini-Project -,6.34-N-B.E.-Information-Technology-Sem-III-IV.pdf,0.3263,2,1,0.0,1,admin_rubric_noise,admin_rubric_noise; length_bound; lab_or_project_course
"The progress of the mini project to be evaluated on continuous basis, minimum two reviews in each semester","In continuous assessment, focus shall also be on each individual student, assessment based on the individual’s",2344411,Mini-Project -,6.34-N-B.E.-Information-Technology-Sem-III-IV.pdf,0.4156,1,1,0.24,1,length_bound,length_bound; publisher_citation; lab_or_project_course
Self-learning Topics: Demonstration of DLL,protocols on Simulator,2165116,Computer,SEM-V.pdf,0.1356,1,1,0.0,0,admin_rubric_noise,admin_rubric_noise; tool_fragment
diagonalizable and non,Artificial variables,2013111,Mathematics for,6.20N-B.E.-AI-DS.-Sem-III-IV.pdf,0.0099,12,1,0.0,0,person_name,person_name; truncated_fragment; subject_mismatch
Implement Sum of subsets problem for a given set of,Implementation of Ford-Fulkerson algorithm,2343115,ADSA Lab,6.34-N-B.E.-Information-Technology-Sem-III-IV.pdf,0.1608,4,1,0.0769,0,truncated_fragment,truncated_fragment; lab_or_project_course
Starter dependencies,Running your first Spring Boot application,2343611,Mini-Project - Full,6.34-N-B.E.-Information-Technology-Sem-III-IV.pdf,0.3665,5,1,0.0,0,lab_or_project_course,lab_or_project_course
Equivalence between NFA with and ϵ- transitions,to DFA Conversion,2014111,Computational,6.20N-B.E.-AI-DS.-Sem-III-IV.pdf,0.4287,1,1,0.0,1,truncated_fragment,truncated_fragment
"Use classes for Books, Users, Transactions","Implement inheritance for different types of users (students, staff)",2344411,Mini-Project -,6.34-N-B.E.-Information-Technology-Sem-III-IV.pdf,0.5056,1,1,0.1538,1,person_name,person_name; lab_or_project_course
Self-learning Topics: Image reconstruction,Self-learning Topics: Thresholding techniques,2166117,Digital Imaging,SEM-V.pdf,0.6387,2,1,0.4286,1,admin_rubric_noise,admin_rubric_noise
"Imran Bashir, “Mastering Blockchain: Inner Workings of Blockchain, Cryptocurrencies &","Depth: Learn, Build and Deploy Blockchain",2166118,Blockchain,SEM-V.pdf,0.5642,3,1,0.0769,1,publisher_citation,publisher_citation
Image Handling & Forms: Understand image roles,Axios for API calls,2343611,Mini-Project - Full,6.34-N-B.E.-Information-Technology-Sem-III-IV.pdf,0.0219,14,1,0.0,0,person_name,person_name; lab_or_project_course
Write a recursive function to multiply two,and basic understanding of facts and rules,2344411,Mini-Project -,6.34-N-B.E.-Information-Technology-Sem-III-IV.pdf,-0.0037,9,1,0.0,0,truncated_fragment,truncated_fragment; subject_mismatch; lab_or_project_course
Controller: Request,and hyperlinks. Responsive Web Design: Learn to build websites,2343611,Mini-Project - Full,6.34-N-B.E.-Information-Technology-Sem-III-IV.pdf,0.0123,7,1,0.0,0,truncated_fragment,truncated_fragment; lab_or_project_course
Karl Pearson’s coefficient of correlation (r),Lines of regression,2013111,Mathematics for,6.20N-B.E.-AI-DS.-Sem-III-IV.pdf,0.1954,3,1,0.1111,0,publisher_citation,publisher_citation
Morphological watersheds,from scanned images,2166117,Digital Imaging,SEM-V.pdf,0.3404,2,1,0.0,1,truncated_fragment,truncated_fragment
Technology Stack,Overview: Frontend: HTML,2343611,Mini-Project - Full,6.34-N-B.E.-Information-Technology-Sem-III-IV.pdf,0.2464,1,1,0.0,1,lab_or_project_course,lab_or_project_course
Overview of data analytics,Introduction to Python and,2166120,Visualization Lab,SEM-V.pdf,0.2949,3,1,0.0,1,truncated_fragment,truncated_fragment; lab_or_project_course
Students must be able to learn to query it and,understand query execution using the backward,2344411,Mini-Project -,6.34-N-B.E.-Information-Technology-Sem-III-IV.pdf,0.2984,1,1,0.0714,1,admin_rubric_noise,admin_rubric_noise; truncated_fragment; lab_or_project_course
EDA and feature exploration,xts) Extracting time series,2166120,Visualization Lab,SEM-V.pdf,0.1467,11,1,0.0,0,person_name,person_name; truncated_fragment; lab_or_project_course
and mobile-first design principles,and navigation bars.React.js basics,2343611,Mini-Project - Full,6.34-N-B.E.-Information-Technology-Sem-III-IV.pdf,0.3036,13,1,0.1,0,truncated_fragment,truncated_fragment; person_name; lab_or_project_course
Back-end development with Java Spring Boot introduction- What is Spring Framework? Why Spring Boot?,RESTful API development- What is REST? REST vs. SOAP,2343611,Mini-Project - Full,6.34-N-B.E.-Information-Technology-Sem-III-IV.pdf,0.3554,8,1,0.1765,1,lab_or_project_course,lab_or_project_course
Functional Programming,a. Weather Data Analyzer (Haskell / Python with functools),2344411,Mini-Project -,6.34-N-B.E.-Information-Technology-Sem-III-IV.pdf,0.2665,1,1,0.0,1,lab_or_project_course,lab_or_project_course
Run Time,Students should understand checked and unchecked,2344411,Mini-Project -,6.34-N-B.E.-Information-Technology-Sem-III-IV.pdf,-0.0097,3,1,0.0,0,person_name,person_name; admin_rubric_noise; lab_or_project_course
Clarity in written and oral communication,Project Practical/Oral Examination,2344411,Mini-Project -,6.34-N-B.E.-Information-Technology-Sem-III-IV.pdf,0.3472,1,1,0.1111,1,person_name,person_name; admin_rubric_noise; lab_or_project_course
Interfacing LED/Buzzer/ Motion Sensor (PIR)/ ultrasonic sensor using a,MQTT.(using paho library),2166121,Internet of Things,SEM-V.pdf,0.0793,4,1,0.0833,0,tool_fragment,tool_fragment
integer values and find space and time complexity,on Binary Search Tree and analyze space and time,2343115,ADSA Lab,6.34-N-B.E.-Information-Technology-Sem-III-IV.pdf,0.4828,11,1,0.25,0,truncated_fragment,truncated_fragment; lab_or_project_course
Work (PoW) consensus algorithm,Q2: List the basic components of a Solidity smart contract,2166126,Blockchain,SEM-V.pdf,0.0263,5,1,0.0,0,admin_rubric_noise,admin_rubric_noise
"Classes: Customer, MenuItem, Order, Restaurant",Recursion instead of loops,2344411,Mini-Project -,6.34-N-B.E.-Information-Technology-Sem-III-IV.pdf,0.0214,11,1,0.0,0,person_name,person_name; lab_or_project_course
Packages and Import statements,character effects,2343611,Mini-Project - Full,6.34-N-B.E.-Information-Technology-Sem-III-IV.pdf,0.082,11,1,0.0,0,person_name,person_name; lab_or_project_course
Back-end development with Java Spring Boot introduction- What is Spring Framework? Why Spring Boot?,Project structure overview: pom.xml,2343611,Mini-Project - Full,6.34-N-B.E.-Information-Technology-Sem-III-IV.pdf,0.3155,5,1,0.0,1,lab_or_project_course,lab_or_project_course
"Contracts and DApps”, O’Reilly Media","Ashwani Kumar,”Hyperledger Fabric In",2166118,Blockchain,SEM-V.pdf,0.0441,5,1,0.0,0,publisher_citation,publisher_citation; person_name; truncated_fragment
Faculty supervisor may give inputs to students during the mini project activity,"however, focus shall be on self",2344411,Mini-Project -,6.34-N-B.E.-Information-Technology-Sem-III-IV.pdf,0.1713,1,1,0.0,0,truncated_fragment,truncated_fragment; lab_or_project_course
Q2: What is the role of MSPs in Hyperledger Fabric?,Q1: What are the differences between ERC,2166126,Blockchain,SEM-V.pdf,0.1915,2,1,0.1333,0,admin_rubric_noise,admin_rubric_noise
Read weather data and apply pure functions for analysis,"Use map, reduce, filter extensively",2344411,Mini-Project -,6.34-N-B.E.-Information-Technology-Sem-III-IV.pdf,0.2884,2,1,0.0,1,subject_mismatch,subject_mismatch; lab_or_project_course
Components of Full Stack: Frontend,applications of full stack,2343611,Mini-Project - Full,6.34-N-B.E.-Information-Technology-Sem-III-IV.pdf,0.7011,9,1,0.5,1,lab_or_project_course,lab_or_project_course
Singh Rathore,Dr. Ritu Bhargava,2344115,Network Design,6.34-N-B.E.-Information-Technology-Sem-III-IV.pdf,0.2794,1,1,0.0,1,publisher_citation,publisher_citation; person_name
Understanding Request Mapping,Defining Controllers in Spring Boot,2343611,Mini-Project - Full,6.34-N-B.E.-Information-Technology-Sem-III-IV.pdf,0.1533,3,1,0.0,0,subject_mismatch,subject_mismatch; lab_or_project_course
project as mentioned in general guidelines,o Identification of need/problem,2344411,Mini-Project -,6.34-N-B.E.-Information-Technology-Sem-III-IV.pdf,0.2463,2,1,0.0,1,lab_or_project_course,lab_or_project_course
flexible layouts,radio buttons,2343611,Mini-Project - Full,6.34-N-B.E.-Information-Technology-Sem-III-IV.pdf,0.1455,8,1,0.0,0,lab_or_project_course,lab_or_project_course
"smart contracts, AI in Crypto Trading, Anti","Contracts for Ethereum and Blockchain, Packt Publishing",2166118,Blockchain,SEM-V.pdf,0.2019,11,1,0.0769,0,publisher_citation,publisher_citation
the execution of the Functional Implementation,through Dart,2344411,Mini-Project -,6.34-N-B.E.-Information-Technology-Sem-III-IV.pdf,0.1955,12,1,0.0,0,truncated_fragment,truncated_fragment; lab_or_project_course
Self-learning Topics: Various Network Performance,and Edge computing platforms,2166124,Edge Computing,SEM-V.pdf,0.2235,2,1,0.0,1,admin_rubric_noise,admin_rubric_noise; truncated_fragment
Self- learning Topics: Anomaly detection in high-volume,Importing and exploring time series data in Python,2166120,Visualization Lab,SEM-V.pdf,0.148,3,1,0.0667,0,lab_or_project_course,lab_or_project_course
based consensus is used,Faculty of Technology,2166126,Blockchain,SEM-V.pdf,0.0746,8,1,0.0,0,truncated_fragment,truncated_fragment; admin_rubric_noise
(Contact Hours),Credits Assigned,2166113,Internet of,SEM-V.pdf,0.2705,1,1,0.0,1,generic_lone_term,generic_lone_term; admin_rubric_noise; person_name
"Mini- Project with full prototype/ product demo, testing, validation and Report) + 5 Marks (Attendance)",Oral Exam: An Oral exam will be held based on the Capstone Mini,2344411,Mini-Project -,6.34-N-B.E.-Information-Technology-Sem-III-IV.pdf,0.3295,1,1,0.0417,1,admin_rubric_noise,admin_rubric_noise; truncated_fragment; subject_mismatch; lab_or_project_course
Blockchain and,Models on Blockchain: decentralized AI,2166118,Blockchain,SEM-V.pdf,0.5179,4,1,0.1667,1,truncated_fragment,truncated_fragment
Control Statements,Exception Handling Basics,2343611,Mini-Project - Full,6.34-N-B.E.-Information-Technology-Sem-III-IV.pdf,0.325,3,1,0.0,0,subject_mismatch,subject_mismatch; lab_or_project_course
Laundering & Risk Scoring LLMs in Smart,"Contract Lifecycle (Dev, Audit, Test, Docs)",2166118,Blockchain,SEM-V.pdf,0.1614,1,1,0.0,0,person_name,person_name; truncated_fragment
Data management,View: User interface,2343611,Mini-Project - Full,6.34-N-B.E.-Information-Technology-Sem-III-IV.pdf,0.205,1,1,0.0,1,lab_or_project_course,lab_or_project_course
Self-learning Topics: Lifecycle of a Cyberattack,Real-World Case Studies,2166114,Security,SEM-V.pdf,0.3093,1,1,0.0,1,admin_rubric_noise,admin_rubric_noise
"Linear Algebra, Vectors, Probability and statistics, Programming Concepts",Learning Techniques,2166111,Machine,SEM-V.pdf,0.3309,4,1,0.0,1,publisher_citation,publisher_citation
an example illustrating their interrelation,with a suitable example for each,2166121,Internet of Things,SEM-V.pdf,0.5668,2,1,0.1,1,truncated_fragment,truncated_fragment
Concept of features and importance in predictive,Concept of dependent and independent variables. The,2166120,Visualization Lab,SEM-V.pdf,0.3324,6,1,0.2727,1,truncated_fragment,truncated_fragment; lab_or_project_course
regression with multiple predictors,Introduction to logistic regression for classification Logit,2166120,Visualization Lab,SEM-V.pdf,0.2592,1,1,0.1,1,lab_or_project_course,lab_or_project_course
o Proposed final solution,First shall be for the finalisation of problem and proposed solution,2344411,Mini-Project -,6.34-N-B.E.-Information-Technology-Sem-III-IV.pdf,0.5885,4,1,0.1538,1,lab_or_project_course,lab_or_project_course
Self-learning Topics: Explore bootstrapping,via Python tutorials. Read “Practical Statistics,2165111,Statistics for,SEM-V.pdf,0.2011,1,1,0.0,1,admin_rubric_noise,admin_rubric_noise; publisher_citation
Book Companion Resource : Dart Apprentice: Beyond the Basics (First Edition),materials/tree/editions/1.0,2344411,Mini-Project -,6.34-N-B.E.-Information-Technology-Sem-III-IV.pdf,0.334,2,1,0.0,1,publisher_citation,publisher_citation; lab_or_project_course
integer values and find space and time complexity,Implementation of randomized quicksort algorithm and,2343115,ADSA Lab,6.34-N-B.E.-Information-Technology-Sem-III-IV.pdf,0.1574,1,1,0.0833,0,truncated_fragment,truncated_fragment; lab_or_project_course
the execution of the Functional Implementation,using Haskell,2344411,Mini-Project -,6.34-N-B.E.-Information-Technology-Sem-III-IV.pdf,0.3896,1,1,0.0,1,truncated_fragment,truncated_fragment; lab_or_project_course
"the same way as tail, except that safetail maps the",Simple List Comprehension,2344411,Mini-Project -,6.34-N-B.E.-Information-Technology-Sem-III-IV.pdf,0.0866,6,1,0.0,0,truncated_fragment,truncated_fragment; lab_or_project_course
"DevOps: Dive, , Packt, 2018",A total of Four questions need to be answered,2165113,Agile Software,SEM-V.pdf,0.1413,14,1,0.0,0,publisher_citation,publisher_citation; admin_rubric_noise
learning Topics:Stablecoins and Central,Emerging trends,2166118,Blockchain,SEM-V.pdf,0.273,2,1,0.0,1,generic_lone_term,generic_lone_term
Work (PoW) consensus algorithm,Q3: List two common security threats in blockchain and their mitigation strategies,2166126,Blockchain,SEM-V.pdf,0.2233,14,1,0.0,0,admin_rubric_noise,admin_rubric_noise
Semester GPA/ Programme,A (Very Good),2166126,Blockchain,SEM-V.pdf,0.0699,3,1,0.0,0,admin_rubric_noise,admin_rubric_noise
Self-learning Topics: Recent advances in Generative,Self-learning Topics: Adaptive fuzzy systems and,2165112,Artificial,SEM-V.pdf,0.6191,6,1,0.2727,1,admin_rubric_noise,admin_rubric_noise; truncated_fragment
RESTful API development- What is REST? REST vs. SOAP,Controllers and Services- Role of Controller in MVC,2343611,Mini-Project - Full,6.34-N-B.E.-Information-Technology-Sem-III-IV.pdf,0.1989,8,1,0.0,0,lab_or_project_course,lab_or_project_course
Multi-class SVMs,"Dimensionali ty Reduction 4.1 Curse of Dimensionality. 4.2 Feature Selection (Filter Method, Embedded Method, Wrapper Method) and Feature Extraction",2166111,Machine,SEM-V.pdf,0.2796,1,1,0.0,1,length_bound,length_bound
three variables) using the method of Lagrange’s,prime numbers,2013111,Mathematics for,6.20N-B.E.-AI-DS.-Sem-III-IV.pdf,0.0451,9,1,0.0,0,publisher_citation,publisher_citation; truncated_fragment
Token Passing),(Simple Problems on throughput),2344113,Computer Network,6.34-N-B.E.-Information-Technology-Sem-III-IV.pdf,0.2706,2,1,0.0,1,truncated_fragment,truncated_fragment
and hyperlinks. Responsive Web Design: Learn to build websites,flexible layouts,2343611,Mini-Project - Full,6.34-N-B.E.-Information-Technology-Sem-III-IV.pdf,0.3331,2,1,0.0,1,truncated_fragment,truncated_fragment; lab_or_project_course
Study – Selenium/ Jira,world case studies,2165113,Agile Software,SEM-V.pdf,0.1405,14,1,0.0,0,tool_fragment,tool_fragment
Source Tools in DevOps,"David J. Anderson and Eli Schragenheim, ―Agile Management for Software",2165113,Agile Software,SEM-V.pdf,0.3054,14,1,0.0,0,publisher_citation,publisher_citation
linked lists,to solve recurrence relations in algorithms (Substitution,2343112,Advance Data,6.34-N-B.E.-Information-Technology-Sem-III-IV.pdf,0.1515,4,1,0.0,0,truncated_fragment,truncated_fragment
Logic Programming,Script to organize files into folders based on type,2344411,Mini-Project -,6.34-N-B.E.-Information-Technology-Sem-III-IV.pdf,0.1885,11,1,0.0,0,lab_or_project_course,lab_or_project_course
Students should understand checked and unchecked,"the same way as tail, except that safetail maps the",2344411,Mini-Project -,6.34-N-B.E.-Information-Technology-Sem-III-IV.pdf,0.082,10,1,0.0,0,person_name,person_name; admin_rubric_noise; truncated_fragment; lab_or_project_course
Introduction to OOP- Basic of,Exception Handling Basics,2343611,Mini-Project - Full,6.34-N-B.E.-Information-Technology-Sem-III-IV.pdf,0.3286,2,1,0.0,1,truncated_fragment,truncated_fragment; subject_mismatch; lab_or_project_course
At least Four Haskell Programs to demonstrate,Sample Programs but not limited to,2344411,Mini-Project -,6.34-N-B.E.-Information-Technology-Sem-III-IV.pdf,0.3905,2,1,0.1818,1,truncated_fragment,truncated_fragment; lab_or_project_course
Java SE concepts: JVM,Introduction to Java EE- Need for Java EE in enterprise applications,2343611,Mini-Project - Full,6.34-N-B.E.-Information-Technology-Sem-III-IV.pdf,0.5802,6,1,0.0833,1,lab_or_project_course,lab_or_project_course
"Expectation of random variable with mean, variance and",two moments,2343111,Applied,6.34-N-B.E.-Information-Technology-Sem-III-IV.pdf,0.3487,2,1,0.0,1,truncated_fragment,truncated_fragment
Self-learning Topics: Adaptive fuzzy systems and,introductory overview and comparison,2165112,Artificial,SEM-V.pdf,0.3038,2,1,0.1,1,admin_rubric_noise,admin_rubric_noise; truncated_fragment; person_name
standardization techniques,Self- learning Topics: Different feature engineering,2166120,Visualization Lab,SEM-V.pdf,0.0881,4,1,0.0,0,lab_or_project_course,lab_or_project_course
Text Books,Hill International Publication,2165113,Agile Software,SEM-V.pdf,0.3608,2,1,0.0,1,publisher_citation,publisher_citation
Real-Time,Mobile Operating System,2014113,Operating,6.20N-B.E.-AI-DS.-Sem-III-IV.pdf,0.2806,2,1,0.0,1,generic_lone_term,generic_lone_term
3 Case Studies & Applications: MOEAs in feature,Self-learning Topics: Swarm Intelligence for AI &,2166115,Nature-,SEM-V.pdf,0.2188,5,1,0.0,0,person_name,person_name; truncated_fragment; admin_rubric_noise
Introduction to data analytics,semi-structured,2166120,Visualization Lab,SEM-V.pdf,0.1386,3,1,0.0,0,lab_or_project_course,lab_or_project_course
Technology Stack,Java SE concepts: JVM,2343611,Mini-Project - Full,6.34-N-B.E.-Information-Technology-Sem-III-IV.pdf,0.2085,8,1,0.0,0,lab_or_project_course,lab_or_project_course
Introduction to logistic regression for classification Logit,Anomaly detection techniques,2166120,Visualization Lab,SEM-V.pdf,0.2923,8,1,0.0,1,lab_or_project_course,lab_or_project_course
Introduction to Analysis of Algorithms,Advanced Data Structures,2343115,ADSA Lab,6.34-N-B.E.-Information-Technology-Sem-III-IV.pdf,0.377,6,1,0.0,1,lab_or_project_course,lab_or_project_course
Q2: List the basic components of a Solidity smart contract,Q1: Differentiate between private and consortium blockchains,2166126,Blockchain,SEM-V.pdf,0.3028,3,1,0.0,1,admin_rubric_noise,admin_rubric_noise
"Define relations like parent, sibling, cousin using rules",Event listeners for button presses,2344411,Mini-Project -,6.34-N-B.E.-Information-Technology-Sem-III-IV.pdf,0.0478,13,1,0.0,0,lab_or_project_course,lab_or_project_course
b. Online Food Ordering System (Console,"Use OOP to model Users, Transactions, and Categories",2344411,Mini-Project -,6.34-N-B.E.-Information-Technology-Sem-III-IV.pdf,0.2404,4,1,0.0,0,truncated_fragment,truncated_fragment; lab_or_project_course
Special-purpose,Special-purpose Operating Systems,2014113,Operating,6.20N-B.E.-AI-DS.-Sem-III-IV.pdf,0.5603,11,1,0.5,0,truncated_fragment,truncated_fragment
Tools: Git,Data types,2343611,Mini-Project - Full,6.34-N-B.E.-Information-Technology-Sem-III-IV.pdf,0.1188,4,1,0.0,0,tool_fragment,tool_fragment; lab_or_project_course
Components of Full Stack: Frontend,Database: MySQL,2343611,Mini-Project - Full,6.34-N-B.E.-Information-Technology-Sem-III-IV.pdf,0.0895,6,1,0.0,0,lab_or_project_course,lab_or_project_course
Marks awarded by guide/supervisor based on above practical list and,o Proposed final solution,2344411,Mini-Project -,6.34-N-B.E.-Information-Technology-Sem-III-IV.pdf,0.1168,8,1,0.0,0,truncated_fragment,truncated_fragment; subject_mismatch; lab_or_project_course
traversal of constructed tree. Analyze complexities,Implement Insert,2343115,ADSA Lab,6.34-N-B.E.-Information-Technology-Sem-III-IV.pdf,0.2103,1,1,0.0,1,person_name,person_name; lab_or_project_course
Error Control: Stop-and-Wait ARQ,Reject ARQ (Simple Problems),2344113,Computer Network,6.34-N-B.E.-Information-Technology-Sem-III-IV.pdf,0.403,2,1,0.1111,1,subject_mismatch,subject_mismatch
Token Passing),Standard Ethernet,2344113,Computer Network,6.34-N-B.E.-Information-Technology-Sem-III-IV.pdf,-0.0579,6,1,0.0,0,truncated_fragment,truncated_fragment
Dynamic Algorithms,Implementation of Bellman-Ford algorithm,2343115,ADSA Lab,6.34-N-B.E.-Information-Technology-Sem-III-IV.pdf,0.4187,1,1,0.0,1,lab_or_project_course,lab_or_project_course
"Implement inheritance for different types of users (students, staff)","Classes: Customer, MenuItem, Order, Restaurant",2344411,Mini-Project -,6.34-N-B.E.-Information-Technology-Sem-III-IV.pdf,0.3935,3,1,0.0,1,person_name,person_name; lab_or_project_course
Components of Full Stack: Frontend,Overview: Frontend: HTML,2343611,Mini-Project - Full,6.34-N-B.E.-Information-Technology-Sem-III-IV.pdf,0.5269,3,1,0.1429,1,lab_or_project_course,lab_or_project_course
Based Light Intensity Monitoring System using LDR and any,Any application of Blynk App,2166121,Internet of Things,SEM-V.pdf,0.0374,8,1,0.0769,0,truncated_fragment,truncated_fragment; tool_fragment
"OOP for structuring code (User, Bot, ChatSession)",include at least 2 assignments and Mini,2344411,Mini-Project -,6.34-N-B.E.-Information-Technology-Sem-III-IV.pdf,0.197,13,1,0.0,0,person_name,person_name; lab_or_project_course
"Use classes for Books, Users, Transactions",Avoid mutable data,2344411,Mini-Project -,6.34-N-B.E.-Information-Technology-Sem-III-IV.pdf,0.1761,11,1,0.0,0,person_name,person_name; lab_or_project_course
Search Techniques,Self-learning Topics: Adaptive fuzzy systems and,2165112,Artificial,SEM-V.pdf,0.3358,2,1,0.0,1,admin_rubric_noise,admin_rubric_noise; truncated_fragment
flexible layouts,and mobile-first design principles,2343611,Mini-Project - Full,6.34-N-B.E.-Information-Technology-Sem-III-IV.pdf,0.3055,1,1,0.0,1,truncated_fragment,truncated_fragment; lab_or_project_course
(Contact Hours),Credits Assigned,2165115,User Experience,SEM-V.pdf,0.2705,1,1,0.0,1,generic_lone_term,generic_lone_term; admin_rubric_noise; person_name
Self-learning Topics: Application of Residue,Self-learning Topics: Initial value theorem,2344111,Applied,6.34-N-B.E.-Information-Technology-Sem-III-IV.pdf,0.5864,2,1,0.3333,1,admin_rubric_noise,admin_rubric_noise
NLPP with one and two equality constraint (two or,Linear congruence,2013111,Mathematics for,6.20N-B.E.-AI-DS.-Sem-III-IV.pdf,0.1152,6,1,0.0,0,truncated_fragment,truncated_fragment
Emerging trends,case studies,2166118,Blockchain,SEM-V.pdf,0.4094,2,1,0.0,1,generic_lone_term,generic_lone_term
Driven Programming,"Mini- Project with full prototype/ product demo, testing, validation and Report) + 5 Marks (Attendance)",2344411,Mini-Project -,6.34-N-B.E.-Information-Technology-Sem-III-IV.pdf,0.1668,11,1,0.0,0,admin_rubric_noise,admin_rubric_noise; truncated_fragment; subject_mismatch; lab_or_project_course
Anomaly detection techniques,Time Series Analysis,2166120,Visualization Lab,SEM-V.pdf,0.3865,5,1,0.0,0,lab_or_project_course,lab_or_project_course
Mapping HTTP methods to,controller methods,2343611,Mini-Project - Full,6.34-N-B.E.-Information-Technology-Sem-III-IV.pdf,0.4296,1,1,0.2,1,truncated_fragment,truncated_fragment; subject_mismatch; lab_or_project_course
Emerging trends,consensus mechanisms for various applications,2166118,Blockchain,SEM-V.pdf,0.1404,8,1,0.0,0,generic_lone_term,generic_lone_term
Real-Time,Special-purpose Operating Systems,2014113,Operating,6.20N-B.E.-AI-DS.-Sem-III-IV.pdf,0.3042,4,1,0.0,0,generic_lone_term,generic_lone_term
NLPP with one and two equality constraint (two or,Dirichlet’s conditions,2013111,Mathematics for,6.20N-B.E.-AI-DS.-Sem-III-IV.pdf,0.0985,13,1,0.0,0,truncated_fragment,truncated_fragment; publisher_citation
Avoid mutable data,a. Family Tree Generator (Prolog),2344411,Mini-Project -,6.34-N-B.E.-Information-Technology-Sem-III-IV.pdf,0.0428,14,1,0.0,0,lab_or_project_course,lab_or_project_course
"Introduction to Agile Methods, Sondra Ashmore",marks. Approximately 40% to 50% of syllabus content must be covered in First IA Test,2165113,Agile Software,SEM-V.pdf,0.1034,14,1,0.05,0,publisher_citation,publisher_citation
Medium Access Control,Random Access (ALOHA,2344113,Computer Network,6.34-N-B.E.-Information-Technology-Sem-III-IV.pdf,0.3759,3,1,0.2,0,truncated_fragment,truncated_fragment
find space and time complexity,traversal of constructed tree. Analyze complexities,2343115,ADSA Lab,6.34-N-B.E.-Information-Technology-Sem-III-IV.pdf,0.3094,6,1,0.0,0,lab_or_project_course,lab_or_project_course
Scikit-learn R,Self- learning Topics: Different feature engineering,2166120,Visualization Lab,SEM-V.pdf,0.1543,8,1,0.0,0,lab_or_project_course,lab_or_project_course
will be compulsory and should cover maximum contents of the syllabus,Remaining questions will be mixed in nature (part (a) and part (b) of each question,2165113,Agile Software,SEM-V.pdf,0.226,1,1,0.1905,1,admin_rubric_noise,admin_rubric_noise; truncated_fragment
techniques to improve model performance,regression. Estimation of coefficients using Least Squares,2166120,Visualization Lab,SEM-V.pdf,0.147,4,1,0.0,0,subject_mismatch,subject_mismatch; lab_or_project_course
"environment and Basic operators, types, prelude","empty list to the empty list, whereas tail gives an",2344411,Mini-Project -,6.34-N-B.E.-Information-Technology-Sem-III-IV.pdf,0.0871,7,1,0.0,0,person_name,person_name; lab_or_project_course
Designing basic edge and fog architectures for,IoT data processing,2166124,Edge Computing,SEM-V.pdf,0.3188,1,1,0.0,1,truncated_fragment,truncated_fragment
Spring Boot,Exception Handling Basics,2343611,Mini-Project - Full,6.34-N-B.E.-Information-Technology-Sem-III-IV.pdf,0.1149,10,1,0.0,0,subject_mismatch,subject_mismatch; lab_or_project_course
"Sricharan Vadapalli , DevOps: Continuous Delivery, Integration, and Deployment with","DevOps: Dive, , Packt, 2018",2165113,Agile Software,SEM-V.pdf,0.5141,1,1,0.0833,1,truncated_fragment,truncated_fragment; publisher_citation
Scikit-learn R,Regression Model Evaluation,2166120,Visualization Lab,SEM-V.pdf,0.1824,10,1,0.0,0,lab_or_project_course,lab_or_project_course
"Define relations like parent, sibling, cousin using rules",Query relationships dynamically,2344411,Mini-Project -,6.34-N-B.E.-Information-Technology-Sem-III-IV.pdf,0.4556,1,1,0.0,1,subject_mismatch,subject_mismatch; lab_or_project_course
o Building prototype and testing,Two reviews will be conducted for continuous assessment,2344411,Mini-Project -,6.34-N-B.E.-Information-Technology-Sem-III-IV.pdf,0.217,1,1,0.0,1,person_name,person_name; lab_or_project_course
document spacing,that adapt to different screen sizes and devices using media queries,2343611,Mini-Project - Full,6.34-N-B.E.-Information-Technology-Sem-III-IV.pdf,0.1376,3,1,0.0,0,truncated_fragment,truncated_fragment; lab_or_project_course
"Dirichlet’s conditions, Definition of Fourier series and",learning Topics: Complex form of Fourier Series,2343111,Applied,6.34-N-B.E.-Information-Technology-Sem-III-IV.pdf,0.5064,6,1,0.25,1,publisher_citation,publisher_citation; truncated_fragment
"In continuous assessment, focus shall also be on each individual student, assessment based on the individual’s",Two reviews will be conducted for continuous assessment,2344411,Mini-Project -,6.34-N-B.E.-Information-Technology-Sem-III-IV.pdf,0.625,14,1,0.1579,0,length_bound,length_bound; publisher_citation; lab_or_project_course
"contribution in group activity, their understanding, and response to questions",o Procurement of components/systems,2344411,Mini-Project -,6.34-N-B.E.-Information-Technology-Sem-III-IV.pdf,0.0558,11,1,0.0,0,lab_or_project_course,lab_or_project_course
Read weather data and apply pure functions for analysis,Avoid mutable data,2344411,Mini-Project -,6.34-N-B.E.-Information-Technology-Sem-III-IV.pdf,0.2948,1,1,0.0909,1,subject_mismatch,subject_mismatch; lab_or_project_course
dynamic programming,Implement solution for job sequencing with deadlines,2343115,ADSA Lab,6.34-N-B.E.-Information-Technology-Sem-III-IV.pdf,0.2752,2,1,0.0,1,lab_or_project_course,lab_or_project_course
Concepts of Data Exploration: Different techniques,xts) Extracting time series,2166120,Visualization Lab,SEM-V.pdf,0.2455,12,1,0.0,0,truncated_fragment,truncated_fragment; lab_or_project_course
controller methods,@RestController vs. @Controller,2343611,Mini-Project - Full,6.34-N-B.E.-Information-Technology-Sem-III-IV.pdf,0.5366,5,1,0.25,1,lab_or_project_course,lab_or_project_course
Term Work Marks: 25 Marks (Total marks) = 15 Marks (Experiment) + 5 Marks (Assignments),List of Experiments,2166121,Internet of Things,SEM-V.pdf,0.2903,3,1,0.0,0,admin_rubric_noise,admin_rubric_noise; subject_mismatch
to DFA Conversion,FSM with,2014111,Computational,6.20N-B.E.-AI-DS.-Sem-III-IV.pdf,0.2748,2,1,0.0,1,truncated_fragment,truncated_fragment
A (Very Good),Associate Dean,2166126,Blockchain,SEM-V.pdf,0.0867,5,1,0.0,0,admin_rubric_noise,admin_rubric_noise; publisher_citation; person_name
guide/supervisor can verify and record notes/comments,"In continuous assessment, focus shall also be on each individual student, assessment based on the individual’s",2344411,Mini-Project -,6.34-N-B.E.-Information-Technology-Sem-III-IV.pdf,0.1838,12,1,0.0,0,length_bound,length_bound; publisher_citation; subject_mismatch; lab_or_project_course
project in consultation with the faculty supervisor/head of department/internal committee of faculty,"Students' hall submits an implementation plan in the form of a Gantt/PERT/CPM chart, which will cover the weekly",2344411,Mini-Project -,6.34-N-B.E.-Information-Technology-Sem-III-IV.pdf,0.272,1,1,0.1071,1,length_bound,length_bound; subject_mismatch; lab_or_project_course
Implement KMP algorithm,"Algorithm Design Jon Kleinberg, Éva Tardos Pearson 1st Edition",2343115,ADSA Lab,6.34-N-B.E.-Information-Technology-Sem-III-IV.pdf,0.4748,5,1,0.0909,1,publisher_citation,publisher_citation; lab_or_project_course
Riemann equations in,degree curves,2343111,Applied,6.34-N-B.E.-Information-Technology-Sem-III-IV.pdf,0.3272,6,1,0.0,0,truncated_fragment,truncated_fragment
"Andreas M. Antonopoulos & Dr. Gavin Wood, “Mastering Ethereum: Building Smart","Contracts and DApps”, O’Reilly Media",2166118,Blockchain,SEM-V.pdf,0.2471,1,1,0.0,1,publisher_citation,publisher_citation; person_name
world application where AI,A (Very Good),2166126,Blockchain,SEM-V.pdf,0.1212,6,1,0.0,0,admin_rubric_noise,admin_rubric_noise
experience of more than five years approved by head of Institution,Expense Tracker App (Java or Python),2344411,Mini-Project -,6.34-N-B.E.-Information-Technology-Sem-III-IV.pdf,-0.0413,11,1,0.0,0,publisher_citation,publisher_citation; subject_mismatch; lab_or_project_course
"Introduction to Agile Methods, Sondra Ashmore",IA will consist of Two Compulsory Internal Assessment Tests. Each test will be,2165113,Agile Software,SEM-V.pdf,0.1182,13,1,0.0,0,publisher_citation,publisher_citation; admin_rubric_noise
and Edge computing platforms,Edge and Fog Computing platforms and Services,2166124,Edge Computing,SEM-V.pdf,0.7818,5,1,0.6667,1,truncated_fragment,truncated_fragment
In-order and Post-order,Implement Insert,2343115,ADSA Lab,6.34-N-B.E.-Information-Technology-Sem-III-IV.pdf,0.3402,2,1,0.0,1,person_name,person_name; lab_or_project_course
Script to organize files into folders based on type,Event listeners for button presses,2344411,Mini-Project -,6.34-N-B.E.-Information-Technology-Sem-III-IV.pdf,0.0134,4,1,0.0,0,lab_or_project_course,lab_or_project_course
"Contracts for Ethereum and Blockchain, Packt Publishing","Depth: Learn, Build and Deploy Blockchain",2166118,Blockchain,SEM-V.pdf,0.3692,4,1,0.1818,0,publisher_citation,publisher_citation
Implement Insert,Implement solution for a 0-1 knapsack problem using,2343115,ADSA Lab,6.34-N-B.E.-Information-Technology-Sem-III-IV.pdf,0.142,5,1,0.1,0,person_name,person_name; lab_or_project_course
Python program for communication between clients based on,To send email alert using ESP32/nodeMCU  via SMTP server,2166121,Internet of Things,SEM-V.pdf,0.2347,11,1,0.0,0,truncated_fragment,truncated_fragment
o Identification of need/problem,o Proposed final solution,2344411,Mini-Project -,6.34-N-B.E.-Information-Technology-Sem-III-IV.pdf,0.4708,1,1,0.125,1,lab_or_project_course,lab_or_project_course
First shall be for the finalisation of problem and proposed solution,Feasibility of proposed problem solutions and selection of best solution,2344411,Mini-Project -,6.34-N-B.E.-Information-Technology-Sem-III-IV.pdf,0.6585,8,1,0.3333,1,lab_or_project_course,lab_or_project_course
Outlier detection using density-based methods for real time,xts) Extracting time series,2166120,Visualization Lab,SEM-V.pdf,0.1961,5,1,0.0833,0,truncated_fragment,truncated_fragment; lab_or_project_course
Selection of Scheduling,Real-time,2344112,Operating System,6.34-N-B.E.-Information-Technology-Sem-III-IV.pdf,0.2926,2,1,0.0,1,truncated_fragment,truncated_fragment; generic_lone_term
Students should understand checked and unchecked,"environment and Basic operators, types, prelude",2344411,Mini-Project -,6.34-N-B.E.-Information-Technology-Sem-III-IV.pdf,0.033,4,1,0.0909,0,person_name,person_name; admin_rubric_noise; lab_or_project_course
functions: Cloud Operating System,Real-Time,2014113,Operating,6.20N-B.E.-AI-DS.-Sem-III-IV.pdf,0.2465,1,1,0.0,1,generic_lone_term,generic_lone_term
Innovativeness in solutions/ Novelty in solutions,experience of more than five years approved by head of Institution,2344411,Mini-Project -,6.34-N-B.E.-Information-Technology-Sem-III-IV.pdf,0.0637,14,1,0.0,0,publisher_citation,publisher_citation; subject_mismatch; lab_or_project_course
Project shall be assessed based on following criteria,Clarity of Problem definition based on need,2344411,Mini-Project -,6.34-N-B.E.-Information-Technology-Sem-III-IV.pdf,0.3616,2,1,0.1538,1,lab_or_project_course,lab_or_project_course
"Students shall form a group of 3 to 4 students, and a group shall not be allowed less than three or more than four","Students in a group shall understand the problem effectively, propose multiple solutions, and select the best possible",2344411,Mini-Project -,6.34-N-B.E.-Information-Technology-Sem-III-IV.pdf,0.5215,10,1,0.1667,0,length_bound,length_bound; admin_rubric_noise; subject_mismatch; lab_or_project_course
Overview of Data Structures: Revision of basic data structures (arrays,to solve recurrence relations in algorithms (Substitution,2343112,Advance Data,6.34-N-B.E.-Information-Technology-Sem-III-IV.pdf,0.2097,5,1,0.0,0,truncated_fragment,truncated_fragment
a. Student Grade Calculator (C / Python),"Define relations like parent, sibling, cousin using rules",2344411,Mini-Project -,6.34-N-B.E.-Information-Technology-Sem-III-IV.pdf,0.1179,8,1,0.0,0,lab_or_project_course,lab_or_project_course
Self-learning Topics: Image file Formats,Self-learning Topics: Image reconstruction,2166117,Digital Imaging,SEM-V.pdf,0.6867,3,1,0.5714,1,admin_rubric_noise,admin_rubric_noise
Implement simple Calculator,Students must be able to learn to query it and,2344411,Mini-Project -,6.34-N-B.E.-Information-Technology-Sem-III-IV.pdf,0.1577,11,1,0.0,0,admin_rubric_noise,admin_rubric_noise; truncated_fragment; lab_or_project_course
+ 5 Marks (Attendance),List of Experiments,2166121,Internet of Things,SEM-V.pdf,0.0532,2,1,0.0,0,admin_rubric_noise,admin_rubric_noise
"Agility, DevOps and Continuous Testing",on DevOps adoption and automation practices,2165113,Agile Software,SEM-V.pdf,0.5816,8,1,0.2222,0,truncated_fragment,truncated_fragment
Scheduled Access (Reservation,IEEE 802.11 Wireless LAN,2344113,Computer Network,6.34-N-B.E.-Information-Technology-Sem-III-IV.pdf,0.081,13,1,0.0,0,truncated_fragment,truncated_fragment
Introduction to Java EE- Need for Java EE in enterprise applications,Spring Boot: Modern development trends. MVC in Java Web,2343611,Mini-Project - Full,6.34-N-B.E.-Information-Technology-Sem-III-IV.pdf,0.5136,7,1,0.125,1,lab_or_project_course,lab_or_project_course
Overview of data analytics,Types of data: structured,2166120,Visualization Lab,SEM-V.pdf,0.3163,1,1,0.3333,1,lab_or_project_course,lab_or_project_course
repeated and non-repeated ranks),Poisson Distribution,2013111,Mathematics for,6.20N-B.E.-AI-DS.-Sem-III-IV.pdf,0.0905,6,1,0.0,0,person_name,person_name; truncated_fragment
Complex form of Fourier Series,Spearman’s Rank correlation coefficient (R) (with,2013111,Mathematics for,6.20N-B.E.-AI-DS.-Sem-III-IV.pdf,0.002,4,1,0.0,0,publisher_citation,publisher_citation; truncated_fragment
"Dr. Asharaf S. & Sivadas Neelima, “Blockchain Technology: Algorithms and","Andreas M. Antonopoulos & Dr. Gavin Wood, “Mastering Ethereum: Building Smart",2166118,Blockchain,SEM-V.pdf,0.3563,2,1,0.0556,1,publisher_citation,publisher_citation; truncated_fragment
repeated ranks) Lines of regression Fitting of first- and,encouraged to explore these topics for a better understanding of the subject,2343111,Applied,6.34-N-B.E.-Information-Technology-Sem-III-IV.pdf,0.032,12,1,0.0526,0,truncated_fragment,truncated_fragment
a. Library Management System,"Implement inheritance for different types of users (students, staff)",2344411,Mini-Project -,6.34-N-B.E.-Information-Technology-Sem-III-IV.pdf,0.2235,2,1,0.0,1,lab_or_project_course,lab_or_project_course
and hyperlinks. Responsive Web Design: Learn to build websites,that adapt to different screen sizes and devices using media queries,2343611,Mini-Project - Full,6.34-N-B.E.-Information-Technology-Sem-III-IV.pdf,0.3145,1,1,0.1111,1,truncated_fragment,truncated_fragment; lab_or_project_course
"The progress of the mini project to be evaluated on continuous basis, minimum two reviews in each semester",o Building prototype and testing,2344411,Mini-Project -,6.34-N-B.E.-Information-Technology-Sem-III-IV.pdf,0.251,14,1,0.0,0,length_bound,length_bound; person_name; lab_or_project_course
Optional: Add GUI using Tkinter or JavaFX,No side effects in logic layer,2344411,Mini-Project -,6.34-N-B.E.-Information-Technology-Sem-III-IV.pdf,0.1315,14,1,0.0,0,subject_mismatch,subject_mismatch; lab_or_project_course
Implement Naïve string matching algorithm,"Algorithm Design Jon Kleinberg, Éva Tardos Pearson 1st Edition",2343115,ADSA Lab,6.34-N-B.E.-Information-Technology-Sem-III-IV.pdf,0.2863,7,1,0.0769,1,publisher_citation,publisher_citation; lab_or_project_course
"Use OOP to model Users, Transactions, and Categories",Functional Programming,2344411,Mini-Project -,6.34-N-B.E.-Information-Technology-Sem-III-IV.pdf,0.2062,1,1,0.0,1,lab_or_project_course,lab_or_project_course
Implementation of Bellman-Ford algorithm,Implement KMP algorithm,2343115,ADSA Lab,6.34-N-B.E.-Information-Technology-Sem-III-IV.pdf,0.3923,6,1,0.1429,1,lab_or_project_course,lab_or_project_course
Flow Control: Stop-and-Wait Flow Control,MAC address and its types,2344113,Computer Network,6.34-N-B.E.-Information-Technology-Sem-III-IV.pdf,-0.0385,12,1,0.1111,0,person_name,person_name
a. Family Tree Generator (Prolog),Script to organize files into folders based on type,2344411,Mini-Project -,6.34-N-B.E.-Information-Technology-Sem-III-IV.pdf,0.2306,10,1,0.0,0,lab_or_project_course,lab_or_project_course
Introduction to data analytics,Types of data: structured,2166120,Visualization Lab,SEM-V.pdf,0.2912,2,1,0.1429,1,lab_or_project_course,lab_or_project_course
Project structure overview: pom.xml,Controllers and Services- Role of Controller in MVC,2343611,Mini-Project - Full,6.34-N-B.E.-Information-Technology-Sem-III-IV.pdf,0.1603,11,1,0.0,0,lab_or_project_course,lab_or_project_course
"inverse Laplace transform. (with s4 in denominator), Inverse","Analytic function, necessary and sufficient conditions for",2343111,Applied,6.34-N-B.E.-Information-Technology-Sem-III-IV.pdf,0.1159,11,1,0.0,0,truncated_fragment,truncated_fragment
Common security threats in Blockchain,"AI–Blockchain Integration: Overview, need, and",2166118,Blockchain,SEM-V.pdf,0.3856,7,1,0.1,0,truncated_fragment,truncated_fragment
Creating REST Controllers in Spring Boot,Mapping HTTP methods to,2343611,Mini-Project - Full,6.34-N-B.E.-Information-Technology-Sem-III-IV.pdf,0.2909,1,1,0.0,1,truncated_fragment,truncated_fragment; subject_mismatch; lab_or_project_course
Fourier Series,repeated and non-repeated ranks),2013111,Mathematics for,6.20N-B.E.-AI-DS.-Sem-III-IV.pdf,0.0214,10,1,0.0,0,person_name,person_name; truncated_fragment
Implement a safetail function that behaves in,Simple List Comprehension,2344411,Mini-Project -,6.34-N-B.E.-Information-Technology-Sem-III-IV.pdf,0.0985,7,1,0.0,0,truncated_fragment,truncated_fragment; lab_or_project_course
"Implement inheritance for different types of users (students, staff)","OOP features like encapsulation, polymorphism",2344411,Mini-Project -,6.34-N-B.E.-Information-Technology-Sem-III-IV.pdf,0.3012,4,1,0.0,1,lab_or_project_course,lab_or_project_course
Finite Automata Finite Automata (FA) & Finite State machine (FSM),Applications and,2014111,Computational,6.20N-B.E.-AI-DS.-Sem-III-IV.pdf,0.091,7,1,0.0,0,truncated_fragment,truncated_fragment
Fourier Series,Fourier series of even and odd functions (simple functions,2343111,Applied,6.34-N-B.E.-Information-Technology-Sem-III-IV.pdf,0.7097,4,1,0.25,1,truncated_fragment,truncated_fragment
Blockchain and,"synergy between AI and Blockchain, benefit, AI",2166118,Blockchain,SEM-V.pdf,0.4559,3,1,0.3333,1,truncated_fragment,truncated_fragment
Capstone Mini,Cost effectiveness,2344411,Mini-Project -,6.34-N-B.E.-Information-Technology-Sem-III-IV.pdf,0.1281,7,1,0.0,0,person_name,person_name; lab_or_project_course
natural numbers that use a predefined add function,The programs must be based on creating a,2344411,Mini-Project -,6.34-N-B.E.-Information-Technology-Sem-III-IV.pdf,0.1326,12,1,0.0667,0,subject_mismatch,subject_mismatch; lab_or_project_course
Identify and analyze common vulnerabilities in IoT systems. Suggest techniques for,pi as per requirement,2166121,Internet of Things,SEM-V.pdf,-0.0287,9,1,0.0,0,truncated_fragment,truncated_fragment
"library functions, list and tuples in Haskell","the same way as tail, except that safetail maps the",2344411,Mini-Project -,6.34-N-B.E.-Information-Technology-Sem-III-IV.pdf,0.0885,5,1,0.0,0,truncated_fragment,truncated_fragment; lab_or_project_course
ethical challenges in AI,Self-learning Topics: Ontologies and Semantic Web,2165112,Artificial,SEM-V.pdf,0.0728,3,1,0.0,0,admin_rubric_noise,admin_rubric_noise
"learning implementation of concurrency, Streams",project in consultation with the faculty supervisor/head of department/internal committee of faculty,2344411,Mini-Project -,6.34-N-B.E.-Information-Technology-Sem-III-IV.pdf,0.0502,6,1,0.0625,0,lab_or_project_course,lab_or_project_course
Types of analytics,Credits Assigned,2166112,Data Analytics,SEM-V.pdf,-0.0083,4,1,0.0,0,person_name,person_name; admin_rubric_noise
Self- learning Topics: Anomaly detection in high-volume,Fitting ARIMA models,2166120,Visualization Lab,SEM-V.pdf,0.0999,9,1,0.0,0,lab_or_project_course,lab_or_project_course
"Compare cloud service models (IaaS, PaaS, SaaS) in the context of IoT analytics and",Identify and analyze common vulnerabilities in IoT systems. Suggest techniques for,2166121,Internet of Things,SEM-V.pdf,0.2332,2,1,0.1364,1,truncated_fragment,truncated_fragment
Assessment criteria of Capstone Mini,Societal impact,2344411,Mini-Project -,6.34-N-B.E.-Information-Technology-Sem-III-IV.pdf,-0.001,9,1,0.0,0,lab_or_project_course,lab_or_project_course
"the same way as tail, except that safetail maps the","empty list to the empty list, whereas tail gives an",2344411,Mini-Project -,6.34-N-B.E.-Information-Technology-Sem-III-IV.pdf,0.3554,1,1,0.1333,1,truncated_fragment,truncated_fragment; lab_or_project_course
Flow Control (Simple Problems),Reject ARQ (Simple Problems),2344113,Computer Network,6.34-N-B.E.-Information-Technology-Sem-III-IV.pdf,0.229,3,1,0.3333,1,subject_mismatch,subject_mismatch
"wallets, Cryptocurrency usage, Transactions in",Common security threats in Blockchain,2166118,Blockchain,SEM-V.pdf,0.4007,2,1,0.1111,1,truncated_fragment,truncated_fragment
CSS3 Fundamentals: Explore CSS syntax,and advanced features like CSS Grid,2343611,Mini-Project - Full,6.34-N-B.E.-Information-Technology-Sem-III-IV.pdf,0.487,2,1,0.1,1,person_name,person_name; truncated_fragment; lab_or_project_course
"HTML 5, CSS 3 with Bootstrap HTML Basics & Structure: Learn HTML5 structure, semantic",form elements (text fields,2343611,Mini-Project - Full,6.34-N-B.E.-Information-Technology-Sem-III-IV.pdf,0.2938,13,1,0.0,0,truncated_fragment,truncated_fragment; lab_or_project_course
Parseval’s Identity (without proof) Fourier series of periodic,f(z) when real (u)or imaginary part (v) is given,2343111,Applied,6.34-N-B.E.-Information-Technology-Sem-III-IV.pdf,0.1232,11,1,0.0,0,publisher_citation,publisher_citation; truncated_fragment
Fundamentals of Distributed Operating System,Self-learning Topics: Case Study on any one,2014113,Operating,6.20N-B.E.-AI-DS.-Sem-III-IV.pdf,0.11,7,1,0.0,0,admin_rubric_noise,admin_rubric_noise
Guidelines for Assessment of Capstone Mini,project as mentioned in general guidelines,2344411,Mini-Project -,6.34-N-B.E.-Information-Technology-Sem-III-IV.pdf,0.2388,12,1,0.0909,0,lab_or_project_course,lab_or_project_course
Common security threats in Blockchain,making and automation using AI agents in,2166118,Blockchain,SEM-V.pdf,-0.0141,14,1,0.0909,0,truncated_fragment,truncated_fragment
and navigation bars.React.js basics,RESTful API development- What is REST? REST vs. SOAP,2343611,Mini-Project - Full,6.34-N-B.E.-Information-Technology-Sem-III-IV.pdf,0.0654,12,1,0.0,0,person_name,person_name; truncated_fragment; lab_or_project_course
"PIN check, balance enquiry, cash withdrawal, etc","Define relations like parent, sibling, cousin using rules",2344411,Mini-Project -,6.34-N-B.E.-Information-Technology-Sem-III-IV.pdf,-0.0869,3,1,0.0,0,truncated_fragment,truncated_fragment; subject_mismatch; lab_or_project_course
Implement Merge sort and Quicksort for the given list of,Construct Binary Search Tree for given sequence of,2343115,ADSA Lab,6.34-N-B.E.-Information-Technology-Sem-III-IV.pdf,0.2052,6,1,0.2,0,truncated_fragment,truncated_fragment; subject_mismatch; lab_or_project_course
Implement Naïve string matching algorithm,Implement Longest common subsequence,2343115,ADSA Lab,6.34-N-B.E.-Information-Technology-Sem-III-IV.pdf,0.2934,3,1,0.125,1,lab_or_project_course,lab_or_project_course
Linear and Non-Linear Programming Problems,Standard and Canonical of LPP,2013111,Mathematics for,6.20N-B.E.-AI-DS.-Sem-III-IV.pdf,0.2497,2,1,0.1111,1,person_name,person_name; subject_mismatch
Random Access (ALOHA,Gigabit Ethernet,2344113,Computer Network,6.34-N-B.E.-Information-Technology-Sem-III-IV.pdf,0.053,7,1,0.0,0,truncated_fragment,truncated_fragment
"Contracts for Ethereum and Blockchain, Packt Publishing","Imran Bashir, “Mastering Blockchain: Inner Workings of Blockchain, Cryptocurrencies &",2166118,Blockchain,SEM-V.pdf,0.2616,1,1,0.0714,1,publisher_citation,publisher_citation
Data Exploration and Anamoly Detection,Outlier Detection using,2166120,Visualization Lab,SEM-V.pdf,0.3225,6,1,0.1429,0,lab_or_project_course,lab_or_project_course
energy optimization,Self-learning Topics: Swarm Intelligence for AI &,2166115,Nature-,SEM-V.pdf,0.2339,3,1,0.0,0,admin_rubric_noise,admin_rubric_noise
Two reviews will be conducted for continuous assessment,Societal impact,2344411,Mini-Project -,6.34-N-B.E.-Information-Technology-Sem-III-IV.pdf,0.0801,12,1,0.0,0,lab_or_project_course,lab_or_project_course
Dr. Subhash K. Shinde,Prof. Shivram S. Garje,2166126,Blockchain,SEM-V.pdf,0.3479,6,1,0.0,0,publisher_citation,publisher_citation; person_name
Emerging trends,Models on Blockchain: decentralized AI,2166118,Blockchain,SEM-V.pdf,0.0851,5,1,0.0,0,generic_lone_term,generic_lone_term
Logic Programming,Driven Programming,2344411,Mini-Project -,6.34-N-B.E.-Information-Technology-Sem-III-IV.pdf,0.4547,13,1,0.3333,0,lab_or_project_course,lab_or_project_course
as edge nodes,Self-learning Topics: Applications of AI in Edge,2166124,Edge Computing,SEM-V.pdf,0.5108,5,1,0.1,1,truncated_fragment,truncated_fragment; admin_rubric_noise
Tutorial on working of SWI Prolog Environment,understand query execution using the backward,2344411,Mini-Project -,6.34-N-B.E.-Information-Technology-Sem-III-IV.pdf,0.1471,8,1,0.0,0,lab_or_project_course,lab_or_project_course
(1)Question 1 is compulsory,question carrying five marks,2165113,Agile Software,SEM-V.pdf,0.4068,12,1,0.1429,0,admin_rubric_noise,admin_rubric_noise
Explain the physical and logical design of IoT with suitable examples. Illustrate the,Raspberry Pi in IoT systems,2166121,Internet of Things,SEM-V.pdf,0.5171,2,1,0.0625,1,truncated_fragment,truncated_fragment; tool_fragment
"Students should do the survey and identify needs, which shall be converted into a problem statement for the mini",Students shall convert the best solution into a working model using various components of their domain areas and,2344411,Mini-Project -,6.34-N-B.E.-Information-Technology-Sem-III-IV.pdf,0.5416,10,1,0.2,0,length_bound,length_bound; admin_rubric_noise; truncated_fragment; subject_mismatch; lab_or_project_course
b. Sudoku Solver (Prolog),"OOP for structuring code (User, Bot, ChatSession)",2344411,Mini-Project -,6.34-N-B.E.-Information-Technology-Sem-III-IV.pdf,0.1313,4,1,0.0,0,lab_or_project_course,lab_or_project_course
Linear and Non-Linear Programming Problems,Basic and Feasible solutions,2013111,Mathematics for,6.20N-B.E.-AI-DS.-Sem-III-IV.pdf,0.575,3,1,0.125,1,person_name,person_name
consensus mechanisms for various applications,"Contracts for Ethereum and Blockchain, Packt Publishing",2166118,Blockchain,SEM-V.pdf,0.2042,14,1,0.0909,0,publisher_citation,publisher_citation
"AI–Blockchain Integration: Overview, need, and","synergy between AI and Blockchain, benefit, AI",2166118,Blockchain,SEM-V.pdf,0.6582,1,1,0.3333,1,truncated_fragment,truncated_fragment
"Functional for processing input (filters, parsers)",Use procedural logic + OOP for file operations,2344411,Mini-Project -,6.34-N-B.E.-Information-Technology-Sem-III-IV.pdf,0.3322,3,1,0.0833,0,lab_or_project_course,lab_or_project_course
"handling and Garbage collection, preferably in",Implement a safetail function that behaves in,2344411,Mini-Project -,6.34-N-B.E.-Information-Technology-Sem-III-IV.pdf,0.1484,10,1,0.0833,0,person_name,person_name; truncated_fragment; lab_or_project_course
Text Books and References,"Introduction to Algorithms Cormen, Leiserson, Rivest, Stein PHI 3rd Edition",2343115,ADSA Lab,6.34-N-B.E.-Information-Technology-Sem-III-IV.pdf,0.2641,1,1,0.0,1,publisher_citation,publisher_citation; lab_or_project_course
List of Sample Capstone Mini,Functional Programming,2344411,Mini-Project -,6.34-N-B.E.-Information-Technology-Sem-III-IV.pdf,0.0738,11,1,0.0,0,lab_or_project_course,lab_or_project_course
Demonstrate Compilation and interpretation stages,debug the code,2344411,Mini-Project -,6.34-N-B.E.-Information-Technology-Sem-III-IV.pdf,0.3138,2,1,0.0,1,person_name,person_name; lab_or_project_course
Self-learning Topics: Study of Campus wide,Self-learning Topics: Count-to-Infinity,2165116,Computer,SEM-V.pdf,0.7035,3,1,0.3,1,admin_rubric_noise,admin_rubric_noise
Singh Rathore,Dr. Abhishek Kumar,2344115,Network Design,6.34-N-B.E.-Information-Technology-Sem-III-IV.pdf,0.4596,2,1,0.0,1,publisher_citation,publisher_citation; person_name
adding images to,web pages,2343611,Mini-Project - Full,6.34-N-B.E.-Information-Technology-Sem-III-IV.pdf,0.2492,1,1,0.0,1,truncated_fragment,truncated_fragment; lab_or_project_course
Overview of data analytics,R for data analytics,2166120,Visualization Lab,SEM-V.pdf,0.5739,4,1,0.3333,1,lab_or_project_course,lab_or_project_course
Q2: Compare two blockchain platforms of your choice in terms of features and,consensus mechanisms,2166126,Blockchain,SEM-V.pdf,0.2324,1,1,0.0,1,admin_rubric_noise,admin_rubric_noise; truncated_fragment
through Dart,Implement any 3 sample programs in Dart based on,2344411,Mini-Project -,6.34-N-B.E.-Information-Technology-Sem-III-IV.pdf,0.5194,1,1,0.1,1,truncated_fragment,truncated_fragment; lab_or_project_course
Cost effectiveness,Contribution of an individual’s as member or leader,2344411,Mini-Project -,6.34-N-B.E.-Information-Technology-Sem-III-IV.pdf,0.1114,6,1,0.0,0,publisher_citation,publisher_citation; lab_or_project_course
debug the code,At least Two Programming Implementations,2344411,Mini-Project -,6.34-N-B.E.-Information-Technology-Sem-III-IV.pdf,0.2088,2,1,0.0,1,lab_or_project_course,lab_or_project_course
"Craig Larman, Agile and Iterative Development: A Manager’s Guide, Addison",1/blob/master/book/Practical%20DevOps.pdf,2165113,Agile Software,SEM-V.pdf,0.2064,5,1,0.0,0,publisher_citation,publisher_citation
making and automation using AI agents in,"Dr. Asharaf S. & Sivadas Neelima, “Blockchain Technology: Algorithms and",2166118,Blockchain,SEM-V.pdf,0.1022,7,1,0.0667,0,truncated_fragment,truncated_fragment; publisher_citation
RESTful API Design principles,Mapping HTTP methods to,2343611,Mini-Project - Full,6.34-N-B.E.-Information-Technology-Sem-III-IV.pdf,0.3967,2,1,0.0,1,truncated_fragment,truncated_fragment; subject_mismatch; lab_or_project_course
Implement simple Calculator,Prolog programs to,2344411,Mini-Project -,6.34-N-B.E.-Information-Technology-Sem-III-IV.pdf,0.2931,7,1,0.0,0,truncated_fragment,truncated_fragment; lab_or_project_course
Design an IoT solution for any one of the following case studies,Students can Use Any Board such as Arduino/ Node MCU/ ESP32/ R,2166121,Internet of Things,SEM-V.pdf,0.2519,6,1,0.0435,1,tool_fragment,tool_fragment; admin_rubric_noise
Spring Boot,MVC Architecture- Model: Business logic,2343611,Mini-Project - Full,6.34-N-B.E.-Information-Technology-Sem-III-IV.pdf,0.1399,13,1,0.0,0,lab_or_project_course,lab_or_project_course
Tutorial on Introduction to Haskell programming,error in this case. Define safetail using: (a) a,2344411,Mini-Project -,6.34-N-B.E.-Information-Technology-Sem-III-IV.pdf,0.1093,9,1,0.0,0,lab_or_project_course,lab_or_project_course
and advanced features like CSS Grid,Bootstrap Introduction & Components: Get started with Bootstrap,2343611,Mini-Project - Full,6.34-N-B.E.-Information-Technology-Sem-III-IV.pdf,0.3055,1,1,0.0,1,person_name,person_name; truncated_fragment; lab_or_project_course
Bootstrap Introduction & Components: Get started with Bootstrap,and navigation bars.React.js basics,2343611,Mini-Project - Full,6.34-N-B.E.-Information-Technology-Sem-III-IV.pdf,0.2656,2,1,0.0,1,person_name,person_name; truncated_fragment; lab_or_project_course
Tutorial on working of SWI Prolog Environment,and basic understanding of facts and rules,2344411,Mini-Project -,6.34-N-B.E.-Information-Technology-Sem-III-IV.pdf,0.229,1,1,0.0833,1,truncated_fragment,truncated_fragment; lab_or_project_course
pattern matching,using Haskell,2344411,Mini-Project -,6.34-N-B.E.-Information-Technology-Sem-III-IV.pdf,0.2624,10,1,0.0,0,truncated_fragment,truncated_fragment; lab_or_project_course
"Students shall form a group of 3 to 4 students, and a group shall not be allowed less than three or more than four","Students should do the survey and identify needs, which shall be converted into a problem statement for the mini",2344411,Mini-Project -,6.34-N-B.E.-Information-Technology-Sem-III-IV.pdf,0.3634,2,1,0.1562,1,length_bound,length_bound; admin_rubric_noise; subject_mismatch; lab_or_project_course
"DevOps: Introduction, DevOps - Importance",in DevOps Implementation. Mapping App to,2165113,Agile Software,SEM-V.pdf,0.5363,5,1,0.125,1,truncated_fragment,truncated_fragment
Data Exploration and Anamoly Detection,Outlier Detection using Distance based method,2166120,Visualization Lab,SEM-V.pdf,0.2077,7,1,0.1,0,lab_or_project_course,lab_or_project_course
Sliding Window,Scheduled Access (Reservation,2344113,Computer Network,6.34-N-B.E.-Information-Technology-Sem-III-IV.pdf,0.0836,6,1,0.0,0,truncated_fragment,truncated_fragment
"Second shall be for the implementation, testing and validation of solution",Innovativeness in solutions/ Novelty in solutions,2344411,Mini-Project -,6.34-N-B.E.-Information-Technology-Sem-III-IV.pdf,0.2638,6,1,0.0,0,lab_or_project_course,lab_or_project_course
Identify and analyze common vulnerabilities in IoT systems. Suggest techniques for,securing IoT devices and data using layered security models,2166121,Internet of Things,SEM-V.pdf,0.4786,1,1,0.1111,1,truncated_fragment,truncated_fragment
functions: Cloud Operating System,Operating System,2014113,Operating,6.20N-B.E.-AI-DS.-Sem-III-IV.pdf,0.6053,2,1,0.5,1,generic_lone_term,generic_lone_term
Source Tools in DevOps,"based DevOps tools, and real",2165113,Agile Software,SEM-V.pdf,0.7817,2,1,0.2857,1,truncated_fragment,truncated_fragment
"Use OOP to model Users, Transactions, and Categories",a. Weather Data Analyzer (Haskell / Python with functools),2344411,Mini-Project -,6.34-N-B.E.-Information-Technology-Sem-III-IV.pdf,0.1016,2,1,0.0,0,lab_or_project_course,lab_or_project_course
Read weather data and apply pure functions for analysis,"PIN check, balance enquiry, cash withdrawal, etc",2344411,Mini-Project -,6.34-N-B.E.-Information-Technology-Sem-III-IV.pdf,-0.0129,13,1,0.0,0,truncated_fragment,truncated_fragment; subject_mismatch; lab_or_project_course
Scheduled Access (Reservation,(Simple Problems on throughput),2344113,Computer Network,6.34-N-B.E.-Information-Technology-Sem-III-IV.pdf,0.0892,3,1,0.0,0,truncated_fragment,truncated_fragment
Overview: Frontend: HTML,Packages and Import statements,2343611,Mini-Project - Full,6.34-N-B.E.-Information-Technology-Sem-III-IV.pdf,0.0529,11,1,0.0,0,person_name,person_name; lab_or_project_course
Students can Use Any Board such as Arduino/ Node MCU/ ESP32/ R,Term Work:  Term Work shall consist of at least 10 to 12 practicals’ based on the above list. Also,2166121,Internet of Things,SEM-V.pdf,0.1258,2,1,0.0,0,tool_fragment,tool_fragment; admin_rubric_noise; length_bound; publisher_citation
"AI–Blockchain Integration: Overview, need, and","Case study: AI for transaction validation, fraud",2166118,Blockchain,SEM-V.pdf,0.4434,3,1,0.0833,1,truncated_fragment,truncated_fragment
understand declarative programming concepts,Knowledge Base having multiple facts and rules,2344411,Mini-Project -,6.34-N-B.E.-Information-Technology-Sem-III-IV.pdf,0.2946,2,1,0.0,1,lab_or_project_course,lab_or_project_course
Functional Programming Concepts,(b) guarded equations,2344411,Mini-Project -,6.34-N-B.E.-Information-Technology-Sem-III-IV.pdf,0.3258,7,1,0.0,1,lab_or_project_course,lab_or_project_course
Fundamentals of Distributed Operating System,Operating System,2014113,Operating,6.20N-B.E.-AI-DS.-Sem-III-IV.pdf,0.6327,5,1,0.4,1,generic_lone_term,generic_lone_term
"Dirichlet’s conditions, Definition of Fourier series and",Parseval’s Identity (without proof) Fourier series of periodic,2343111,Applied,6.34-N-B.E.-Information-Technology-Sem-III-IV.pdf,0.5353,1,1,0.3077,1,publisher_citation,publisher_citation; truncated_fragment
All COs should be mapped on the basis of the syllabus,Module weightage as per contact hours mentioned in the syllabus,2165113,Agile Software,SEM-V.pdf,0.2359,1,1,0.1111,1,admin_rubric_noise,admin_rubric_noise
Laundering & Risk Scoring LLMs in Smart,learning Topics: Case Studies on AI in,2166118,Blockchain,SEM-V.pdf,0.1305,2,1,0.0833,0,person_name,person_name; truncated_fragment
Residual analysis,Causes of Outliers,2166120,Visualization Lab,SEM-V.pdf,0.1332,10,1,0.0,0,subject_mismatch,subject_mismatch; lab_or_project_course
Block Ciphers,Public Key Infrastructure (PKI) and,2166114,Security,SEM-V.pdf,0.1554,1,1,0.0,0,truncated_fragment,truncated_fragment
Fourier series of periodic,function with period 2π and 2l,2013111,Mathematics for,6.20N-B.E.-AI-DS.-Sem-III-IV.pdf,0.5652,1,1,0.0,1,truncated_fragment,truncated_fragment
At least Two Programs to understand Exception,"handling and Garbage collection, preferably in",2344411,Mini-Project -,6.34-N-B.E.-Information-Technology-Sem-III-IV.pdf,0.2407,1,1,0.0,1,person_name,person_name; truncated_fragment; lab_or_project_course
Implement Insert,distinct numbers using backtracking,2343115,ADSA Lab,6.34-N-B.E.-Information-Technology-Sem-III-IV.pdf,0.0625,12,1,0.0,0,person_name,person_name; lab_or_project_course
Students shall convert the best solution into a working model using various components of their domain areas and,assignment completed by the,2344411,Mini-Project -,6.34-N-B.E.-Information-Technology-Sem-III-IV.pdf,0.3091,11,1,0.0476,0,length_bound,length_bound; admin_rubric_noise; truncated_fragment; subject_mismatch; lab_or_project_course
Text Books,"Introduction to Agile Methods, Sondra Ashmore",2165113,Agile Software,SEM-V.pdf,0.1811,5,1,0.0,0,publisher_citation,publisher_citation
Models on Blockchain: decentralized AI,"Applications”, Wiley India, 2023",2166118,Blockchain,SEM-V.pdf,0.0476,13,1,0.0,0,publisher_citation,publisher_citation
Paradigm Approach,a. Chatbot using Python (OOP + Functional),2344411,Mini-Project -,6.34-N-B.E.-Information-Technology-Sem-III-IV.pdf,0.0339,1,1,0.0,0,lab_or_project_course,lab_or_project_course
Q3: List two common security threats in blockchain and their mitigation strategies,Q1: How can AI be integrated with blockchain for fraud detection?,2166126,Blockchain,SEM-V.pdf,0.4525,1,1,0.0455,1,admin_rubric_noise,admin_rubric_noise
Text Books,Reference Books,2165113,Agile Software,SEM-V.pdf,0.7216,8,1,0.3333,1,person_name,person_name
Overview: Frontend: HTML,Backend: Java,2343611,Mini-Project - Full,6.34-N-B.E.-Information-Technology-Sem-III-IV.pdf,0.4707,1,1,0.0,1,lab_or_project_course,lab_or_project_course
Implementation of randomized quicksort algorithm and,traversal of constructed tree. Analyze complexities,2343115,ADSA Lab,6.34-N-B.E.-Information-Technology-Sem-III-IV.pdf,0.2117,7,1,0.0909,0,truncated_fragment,truncated_fragment; lab_or_project_course
application. Properties,Creating REST Controllers in Spring Boot,2343611,Mini-Project - Full,6.34-N-B.E.-Information-Technology-Sem-III-IV.pdf,0.0758,5,1,0.0,0,subject_mismatch,subject_mismatch; lab_or_project_course
Overview of Data Structures: Revision of basic data structures (arrays,Asymptotic notation,2343112,Advance Data,6.34-N-B.E.-Information-Technology-Sem-III-IV.pdf,-0.0053,3,1,0.0,0,truncated_fragment,truncated_fragment; subject_mismatch
Q2: List the basic components of a Solidity smart contract,Assignment 2  ( Any two Questions from each Unit),2166126,Blockchain,SEM-V.pdf,0.3992,2,1,0.0,1,admin_rubric_noise,admin_rubric_noise
Importance of data cleaning and preparation Handling,standardization techniques,2166120,Visualization Lab,SEM-V.pdf,0.3291,2,1,0.0,1,lab_or_project_course,lab_or_project_course
"AI–Blockchain Integration: Overview, need, and","Dr. Asharaf S. & Sivadas Neelima, “Blockchain Technology: Algorithms and",2166118,Blockchain,SEM-V.pdf,0.4825,14,1,0.1538,0,truncated_fragment,truncated_fragment; publisher_citation
Dynamic Binding,"the same way as tail, except that safetail maps the",2344411,Mini-Project -,6.34-N-B.E.-Information-Technology-Sem-III-IV.pdf,0.016,14,1,0.0,0,truncated_fragment,truncated_fragment; lab_or_project_course
At least Two Programming Implementations,At least Two Program preferably in Java/C++ to,2344411,Mini-Project -,6.34-N-B.E.-Information-Technology-Sem-III-IV.pdf,0.726,10,1,0.2727,1,truncated_fragment,truncated_fragment; lab_or_project_course
"Linear Algebra, Vectors, Probability and statistics, Programming Concepts",Relationship between Dimensionality and,2166111,Machine,SEM-V.pdf,0.2428,10,1,0.0909,0,publisher_citation,publisher_citation; truncated_fragment
Q3: Explain the working of an Ethereum transaction from sender to miner validation,Q1: Differentiate between private and consortium blockchains,2166126,Blockchain,SEM-V.pdf,0.2061,2,1,0.0,1,admin_rubric_noise,admin_rubric_noise
Note: No questions will be asked in the end,"Advanced Engineering Mathematics, Erwin Kreyszig, Wiley Eastern Limited",2343111,Applied,6.34-N-B.E.-Information-Technology-Sem-III-IV.pdf,0.1551,6,1,0.0,0,publisher_citation,publisher_citation
Designing basic edge and fog architectures for,Edge and Fog Computing platforms and Services,2166124,Edge Computing,SEM-V.pdf,0.6941,3,1,0.3,1,truncated_fragment,truncated_fragment
Self-learning Topics: Security Policies,Self-learning Topics: Modes of Operation for,2166114,Security,SEM-V.pdf,0.6544,2,1,0.3333,1,admin_rubric_noise,admin_rubric_noise; truncated_fragment
Self-learning Topics: Norman’s principles of,User Experience,2165115,User Experience,SEM-V.pdf,0.2783,6,1,0.0,1,publisher_citation,publisher_citation; admin_rubric_noise; truncated_fragment
(only up to s3 in denominator),Fourier Series,2343111,Applied,6.34-N-B.E.-Information-Technology-Sem-III-IV.pdf,0.0792,8,1,0.0,0,truncated_fragment,truncated_fragment
dynamic programming,Implement Hamiltonian cycles,2343115,ADSA Lab,6.34-N-B.E.-Information-Technology-Sem-III-IV.pdf,0.2351,8,1,0.0,0,lab_or_project_course,lab_or_project_course
Introduction to data analytics,Concept of features and importance in predictive,2166120,Visualization Lab,SEM-V.pdf,0.1947,12,1,0.0,0,lab_or_project_course,lab_or_project_course
Anomaly detection techniques,Self- learning Topics: Anomaly detection in high-volume,2166120,Visualization Lab,SEM-V.pdf,0.5502,4,1,0.2222,1,lab_or_project_course,lab_or_project_course
Max. Marks,"The question paper should contain six questions, each of 15 marks",2165113,Agile Software,SEM-V.pdf,0.3012,14,1,0.0833,0,admin_rubric_noise,admin_rubric_noise
Types of time series: univariate and multivariate,in Python (statsmodels) / R (forecast package),2166120,Visualization Lab,SEM-V.pdf,0.2846,8,1,0.0,1,truncated_fragment,truncated_fragment; lab_or_project_course
on Binary Search Tree and analyze space and time,Dynamic Algorithms,2343115,ADSA Lab,6.34-N-B.E.-Information-Technology-Sem-III-IV.pdf,0.4193,14,1,0.0,0,truncated_fragment,truncated_fragment; lab_or_project_course
controller methods,Get Mapping,2343611,Mini-Project - Full,6.34-N-B.E.-Information-Technology-Sem-III-IV.pdf,0.1377,2,1,0.0,0,person_name,person_name; lab_or_project_course
Concept of dependent and independent variables. The,Introduction to logistic regression for classification Logit,2166120,Visualization Lab,SEM-V.pdf,0.144,6,1,0.0,0,truncated_fragment,truncated_fragment; lab_or_project_course
Agile Quality,The Agile,2165113,Agile Software,SEM-V.pdf,0.7864,5,1,0.3333,1,truncated_fragment,truncated_fragment
integer values and find space and time complexity,Implementation of operations on B/B+-trees,2343115,ADSA Lab,6.34-N-B.E.-Information-Technology-Sem-III-IV.pdf,0.1672,12,1,0.0,0,lab_or_project_course,lab_or_project_course
Students shall be motivated to publish a paper based on the work in Conferences/students competitions,Optional: Add GUI using Tkinter or JavaFX,2344411,Mini-Project -,6.34-N-B.E.-Information-Technology-Sem-III-IV.pdf,0.0115,6,1,0.0,0,admin_rubric_noise,admin_rubric_noise; subject_mismatch; lab_or_project_course
o Proposed final solution,o Building prototype and testing,2344411,Mini-Project -,6.34-N-B.E.-Information-Technology-Sem-III-IV.pdf,0.371,2,1,0.125,1,person_name,person_name; lab_or_project_course
"First International Edition, Prentice Hall","David J. Anderson and Eli Schragenheim, ―Agile Management for Software",2165113,Agile Software,SEM-V.pdf,0.0681,5,1,0.0,0,publisher_citation,publisher_citation
"Oriented Programming, Concurrency & More","Finalization, Inheritance, Polymorphism and",2344411,Mini-Project -,6.34-N-B.E.-Information-Technology-Sem-III-IV.pdf,0.2953,12,1,0.0,0,person_name,person_name; truncated_fragment; lab_or_project_course
Introduction to Python and,Concept of features and importance in predictive,2166120,Visualization Lab,SEM-V.pdf,0.1605,8,1,0.1,0,truncated_fragment,truncated_fragment; lab_or_project_course
Implementation of Ford-Fulkerson algorithm,Implement KMP algorithm,2343115,ADSA Lab,6.34-N-B.E.-Information-Technology-Sem-III-IV.pdf,0.3965,8,1,0.1429,1,lab_or_project_course,lab_or_project_course
Credits Assigned,Data Analytics,2166112,Data Analytics,SEM-V.pdf,0.1427,1,1,0.0,0,person_name,person_name; admin_rubric_noise
activity of a mini,Faculty supervisor may give inputs to students during the mini project activity,2344411,Mini-Project -,6.34-N-B.E.-Information-Technology-Sem-III-IV.pdf,0.4547,3,1,0.1429,1,lab_or_project_course,lab_or_project_course
Dr. Ritu Bhargava,PACKT publishing,2344115,Network Design,6.34-N-B.E.-Information-Technology-Sem-III-IV.pdf,0.1013,5,1,0.0,0,publisher_citation,publisher_citation; person_name
Students should clearly understand the syntax and,through Dart,2344411,Mini-Project -,6.34-N-B.E.-Information-Technology-Sem-III-IV.pdf,0.1155,13,1,0.0,0,admin_rubric_noise,admin_rubric_noise; truncated_fragment; lab_or_project_course
"Abstraction & Encapsulation, Initialization and",Run Time,2344411,Mini-Project -,6.34-N-B.E.-Information-Technology-Sem-III-IV.pdf,0.1136,3,1,0.0,0,person_name,person_name; truncated_fragment; lab_or_project_course
Implementation of randomized quicksort algorithm and,integers and perform Pre-order,2343115,ADSA Lab,6.34-N-B.E.-Information-Technology-Sem-III-IV.pdf,0.2801,5,1,0.1,1,truncated_fragment,truncated_fragment; person_name; lab_or_project_course
Outlier Detection using Distance based method,in Python (statsmodels) / R (forecast package),2166120,Visualization Lab,SEM-V.pdf,0.0977,12,1,0.0,0,truncated_fragment,truncated_fragment; lab_or_project_course
Displaying Sensor Data on a Local Web Server using Flask and RPi,Any application of Blynk App,2166121,Internet of Things,SEM-V.pdf,0.1362,5,1,0.0,0,tool_fragment,tool_fragment
and navigation bars.React.js basics,RESTful API Design principles,2343611,Mini-Project - Full,6.34-N-B.E.-Information-Technology-Sem-III-IV.pdf,0.0848,14,1,0.0,0,person_name,person_name; truncated_fragment; lab_or_project_course
Review/progress monitoring committee may consider following points for assessment based of the semester,project as mentioned in general guidelines,2344411,Mini-Project -,6.34-N-B.E.-Information-Technology-Sem-III-IV.pdf,0.2599,1,1,0.0,1,lab_or_project_course,lab_or_project_course
Semester GPA/ Programme,Dr. Deven Shah,2166126,Blockchain,SEM-V.pdf,-0.0249,7,1,0.0,0,admin_rubric_noise,admin_rubric_noise; publisher_citation; person_name
Implementation of operations on B/B+-trees,Greedy algorithms and Applications,2343115,ADSA Lab,6.34-N-B.E.-Information-Technology-Sem-III-IV.pdf,0.2682,1,1,0.0,1,lab_or_project_course,lab_or_project_course
At least Four Haskell Programs to demonstrate,Functional Programming Concepts,2344411,Mini-Project -,6.34-N-B.E.-Information-Technology-Sem-III-IV.pdf,0.4406,1,1,0.0,1,lab_or_project_course,lab_or_project_course
"environment and Basic operators, types, prelude",At least Four Haskell Programs to demonstrate,2344411,Mini-Project -,6.34-N-B.E.-Information-Technology-Sem-III-IV.pdf,0.3672,2,1,0.0,1,person_name,person_name; lab_or_project_course
Linear Transformations,Self-learning Topics: Application of Residue,2344111,Applied,6.34-N-B.E.-Information-Technology-Sem-III-IV.pdf,0.0704,2,1,0.0,0,admin_rubric_noise,admin_rubric_noise
Driven Programming,Events for light changes,2344411,Mini-Project -,6.34-N-B.E.-Information-Technology-Sem-III-IV.pdf,0.0304,5,1,0.0,0,lab_or_project_course,lab_or_project_course
Learning and,Supervised Learning,2166111,Machine,SEM-V.pdf,0.4744,3,1,0.3333,1,truncated_fragment,truncated_fragment
Computer Network Simulation in NS2 Basic Concepts and Protocol Implementation.-Prof Neeraj Bhargava,Dr. Ritu Bhargava,2344115,Network Design,6.34-N-B.E.-Information-Technology-Sem-III-IV.pdf,0.1027,2,1,0.0667,0,publisher_citation,publisher_citation; person_name
"Chandramouli Subramanian, Asha A. Georgeet al., “Blockchain Technology”, Universities","Contracts and DApps”, O’Reilly Media",2166118,Blockchain,SEM-V.pdf,0.2232,4,1,0.0,0,publisher_citation,publisher_citation; person_name
Random Access (ALOHA,Standard Ethernet,2344113,Computer Network,6.34-N-B.E.-Information-Technology-Sem-III-IV.pdf,0.0478,5,1,0.0,0,truncated_fragment,truncated_fragment
Self-Learning : Transfer Learning and Self,Self-Learning : Support Vector Regression and,2166111,Machine,SEM-V.pdf,0.6007,4,1,0.4286,1,admin_rubric_noise,admin_rubric_noise; truncated_fragment
Real-time,one Operating System,2344112,Operating System,6.34-N-B.E.-Information-Technology-Sem-III-IV.pdf,0.2436,4,1,0.0,0,generic_lone_term,generic_lone_term
experience of more than five years approved by head of Institution,Functional Programming,2344411,Mini-Project -,6.34-N-B.E.-Information-Technology-Sem-III-IV.pdf,-0.0275,13,1,0.0,0,publisher_citation,publisher_citation; subject_mismatch; lab_or_project_course
Term Work Marks: 50 Marks (Total marks) = 10 Marks (Experiment) + 5 Marks (Assignments) + 30 Marks (Capstone,"Mini- Project with full prototype/ product demo, testing, validation and Report) + 5 Marks (Attendance)",2344411,Mini-Project -,6.34-N-B.E.-Information-Technology-Sem-III-IV.pdf,0.4499,1,1,0.087,1,length_bound,length_bound; admin_rubric_noise; truncated_fragment; subject_mismatch; lab_or_project_course
"Agility, DevOps and Continuous Testing",Choosing the right DevOps tools and challenges,2165113,Agile Software,SEM-V.pdf,0.619,1,1,0.2,1,truncated_fragment,truncated_fragment
an example illustrating their interrelation,Identify and analyze common vulnerabilities in IoT systems. Suggest techniques for,2166121,Internet of Things,SEM-V.pdf,0.0476,5,1,0.0,0,truncated_fragment,truncated_fragment
"Cryptocurrency basics, types, usage, ERC20 and",Cryptocurrency Valuation Models,2166118,Blockchain,SEM-V.pdf,0.4832,10,1,0.125,0,truncated_fragment,truncated_fragment
Q2: Explain the double spending problem in blockchain,Q1: How can AI be integrated with blockchain for fraud detection?,2166126,Blockchain,SEM-V.pdf,0.3582,2,1,0.0556,1,admin_rubric_noise,admin_rubric_noise
Analytics:  Key Roles for a Successful,Roles in Industry,2166112,Data Analytics,SEM-V.pdf,0.5535,4,1,0.125,1,generic_lone_term,generic_lone_term
Q1: Describe the Proof,Q2: Explain the double spending problem in blockchain,2166126,Blockchain,SEM-V.pdf,0.4317,14,1,0.0909,0,admin_rubric_noise,admin_rubric_noise
Implement Hamiltonian cycles,"Introduction to Algorithms Cormen, Leiserson, Rivest, Stein PHI 3rd Edition",2343115,ADSA Lab,6.34-N-B.E.-Information-Technology-Sem-III-IV.pdf,0.2746,13,1,0.0,0,publisher_citation,publisher_citation; lab_or_project_course
(2) Solve any three questions out of five,"modules, with each sub",2165113,Agile Software,SEM-V.pdf,0.1301,10,1,0.0,0,admin_rubric_noise,admin_rubric_noise
"Students shall form a group of 3 to 4 students, and a group shall not be allowed less than three or more than four","students, as it is a group activity",2344411,Mini-Project -,6.34-N-B.E.-Information-Technology-Sem-III-IV.pdf,0.5398,1,1,0.1304,1,length_bound,length_bound; admin_rubric_noise; subject_mismatch; lab_or_project_course
At least Two Program preferably in Java/C++ to,Sample Programs but not limited to,2344411,Mini-Project -,6.34-N-B.E.-Information-Technology-Sem-III-IV.pdf,0.4911,6,1,0.0714,0,truncated_fragment,truncated_fragment; lab_or_project_course
"Automation, Test Automation Pyramid. Case","based DevOps tools, and real",2165113,Agile Software,SEM-V.pdf,0.3901,14,1,0.0,0,truncated_fragment,truncated_fragment
Self-learning Topics: File System for Linux and,Features of I/O facility for different OS,2344112,Operating System,6.34-N-B.E.-Information-Technology-Sem-III-IV.pdf,0.355,1,1,0.0667,1,admin_rubric_noise,admin_rubric_noise; truncated_fragment
diagonalizable and non,Types of solutions,2013111,Mathematics for,6.20N-B.E.-AI-DS.-Sem-III-IV.pdf,0.0799,4,1,0.0,0,person_name,person_name; truncated_fragment; subject_mismatch
Raspberry Pi in IoT systems,application deployment,2166121,Internet of Things,SEM-V.pdf,0.1776,14,1,0.0,0,tool_fragment,tool_fragment
Effective use of skill sets,Contribution of an individual’s as member or leader,2344411,Mini-Project -,6.34-N-B.E.-Information-Technology-Sem-III-IV.pdf,0.1302,2,1,0.0769,0,publisher_citation,publisher_citation; lab_or_project_course
Methods: GET,Mapping HTTP methods to,2343611,Mini-Project - Full,6.34-N-B.E.-Information-Technology-Sem-III-IV.pdf,0.4208,3,1,0.2,0,truncated_fragment,truncated_fragment; subject_mismatch; lab_or_project_course
Effective use of skill sets,List of Sample Capstone Mini,2344411,Mini-Project -,6.34-N-B.E.-Information-Technology-Sem-III-IV.pdf,0.0134,9,1,0.1111,0,lab_or_project_course,lab_or_project_course
Self-learning Topics: Explore bootstrapping,for Data Scientists”,2165111,Statistics for,SEM-V.pdf,0.2478,2,1,0.0,1,admin_rubric_noise,admin_rubric_noise; publisher_citation; truncated_fragment
Project structure overview: pom.xml,Running your first Spring Boot application,2343611,Mini-Project - Full,6.34-N-B.E.-Information-Technology-Sem-III-IV.pdf,0.2192,2,1,0.0,1,lab_or_project_course,lab_or_project_course
Pumping lemma,Application of Regular,2014111,Computational,6.20N-B.E.-AI-DS.-Sem-III-IV.pdf,0.2143,2,1,0.0,1,truncated_fragment,truncated_fragment
Get Mapping,@RestController vs. @Controller,2343611,Mini-Project - Full,6.34-N-B.E.-Information-Technology-Sem-III-IV.pdf,0.0298,3,1,0.0,0,person_name,person_name; lab_or_project_course
Backtracking and Maximum flow Networks,Implementation of Ford-Fulkerson algorithm,2343115,ADSA Lab,6.34-N-B.E.-Information-Technology-Sem-III-IV.pdf,0.3406,6,1,0.0,0,lab_or_project_course,lab_or_project_course
Concept of dependent and independent variables. The,Anomaly detection techniques,2166120,Visualization Lab,SEM-V.pdf,0.1652,14,1,0.0,0,truncated_fragment,truncated_fragment; lab_or_project_course
Self-learning Topics: Recent advances in Generative,Self-learning Topics: Game Playing,2165112,Artificial,SEM-V.pdf,0.5739,3,1,0.3333,1,admin_rubric_noise,admin_rubric_noise
o Procurement of components/systems,Innovativeness in solutions/ Novelty in solutions,2344411,Mini-Project -,6.34-N-B.E.-Information-Technology-Sem-III-IV.pdf,0.236,10,1,0.0,0,lab_or_project_course,lab_or_project_course
materials/tree/editions/1.0,Guidelines for Labs Capstone Mini,2344411,Mini-Project -,6.34-N-B.E.-Information-Technology-Sem-III-IV.pdf,0.2,1,1,0.0,1,lab_or_project_course,lab_or_project_course
Testing: Principles of Agile Testers,The Agile,2165113,Agile Software,SEM-V.pdf,0.5792,1,1,0.1667,1,truncated_fragment,truncated_fragment
Students must be able to learn to query it and,"Students should do the survey and identify needs, which shall be converted into a problem statement for the mini",2344411,Mini-Project -,6.34-N-B.E.-Information-Technology-Sem-III-IV.pdf,0.5192,10,1,0.125,0,admin_rubric_noise,admin_rubric_noise; truncated_fragment; length_bound; lab_or_project_course
At least Two Programs to understand Exception,Tutorial on Introduction to Haskell programming,2344411,Mini-Project -,6.34-N-B.E.-Information-Technology-Sem-III-IV.pdf,0.1558,5,1,0.0833,0,lab_or_project_course,lab_or_project_course
based consensus is used,Dr. Deven Shah,2166126,Blockchain,SEM-V.pdf,0.0785,9,1,0.0,0,truncated_fragment,truncated_fragment; publisher_citation; person_name
Introduction to Analysis of Algorithms,find space and time complexity,2343115,ADSA Lab,6.34-N-B.E.-Information-Technology-Sem-III-IV.pdf,0.3031,4,1,0.0,1,lab_or_project_course,lab_or_project_course
Faculty supervisor may give inputs to students during the mini project activity,The solution to be validated with proper justification and a report to be compiled in a standard format of the,2344411,Mini-Project -,6.34-N-B.E.-Information-Technology-Sem-III-IV.pdf,0.0774,5,1,0.0769,0,length_bound,length_bound; truncated_fragment; lab_or_project_course
At least Two Program preferably in Java/C++ to,Implement a safetail function that behaves in,2344411,Mini-Project -,6.34-N-B.E.-Information-Technology-Sem-III-IV.pdf,0.0709,7,1,0.0667,0,truncated_fragment,truncated_fragment; lab_or_project_course
Smart City (Parking or Waste Management),Term Work:  Term Work shall consist of at least 10 to 12 practicals’ based on the above list. Also,2166121,Internet of Things,SEM-V.pdf,0.0868,7,1,0.0,0,length_bound,length_bound; publisher_citation; admin_rubric_noise
Implement N-Queen's problem using Back Tracking,Implement KMP algorithm,2343115,ADSA Lab,6.34-N-B.E.-Information-Technology-Sem-III-IV.pdf,0.2745,13,1,0.1,0,lab_or_project_course,lab_or_project_course
from scanned images,"Image Compression and Fundamentals of image compression – redundancy, fidelity criteria",2166117,Digital Imaging,SEM-V.pdf,0.3491,1,1,0.0,1,truncated_fragment,truncated_fragment
"empty list to the empty list, whereas tail gives an",Order Functions,2344411,Mini-Project -,6.34-N-B.E.-Information-Technology-Sem-III-IV.pdf,0.17,6,1,0.0,0,person_name,person_name; lab_or_project_course
Compare various IoT communication models and APIs. Discuss their significance in,"Fi) communication technologies based on range, power, and topology",2166121,Internet of Things,SEM-V.pdf,0.3917,3,1,0.1111,0,truncated_fragment,truncated_fragment
the execution of the Functional Implementation,Implement at least,2344411,Mini-Project -,6.34-N-B.E.-Information-Technology-Sem-III-IV.pdf,0.506,4,1,0.0,1,truncated_fragment,truncated_fragment; lab_or_project_course
Review/progress monitoring committee may consider following points for assessment based of the semester,Capstone Mini,2344411,Mini-Project -,6.34-N-B.E.-Information-Technology-Sem-III-IV.pdf,-0.0158,11,1,0.0,0,person_name,person_name; lab_or_project_course
"library functions, list and tuples in Haskell","empty list to the empty list, whereas tail gives an",2344411,Mini-Project -,6.34-N-B.E.-Information-Technology-Sem-III-IV.pdf,0.2573,6,1,0.0714,0,lab_or_project_course,lab_or_project_course
"Testing: Functionality Testing, UI Testing",C’s of DevOps Lifecycle for Business,2165113,Agile Software,SEM-V.pdf,0.1888,12,1,0.0,0,publisher_citation,publisher_citation
NLPP with one and two equality constraint (two or,Introduction to Congruence,2013111,Mathematics for,6.20N-B.E.-AI-DS.-Sem-III-IV.pdf,0.077,5,1,0.0,0,truncated_fragment,truncated_fragment
(2) Solve any three questions out of five,Solve any three questions out of five: (05 marks each),2165113,Agile Software,SEM-V.pdf,0.8518,1,1,0.6364,1,admin_rubric_noise,admin_rubric_noise
Self- learning Topics: Different feature engineering,Residual analysis,2166120,Visualization Lab,SEM-V.pdf,0.0291,6,1,0.0,0,lab_or_project_course,lab_or_project_course
Smart City (Parking or Waste Management),Suggested List of Experiments,2166121,Internet of Things,SEM-V.pdf,0.0454,4,1,0.0,0,admin_rubric_noise,admin_rubric_noise
Implement N-Queen's problem using Back Tracking,distinct numbers using backtracking,2343115,ADSA Lab,6.34-N-B.E.-Information-Technology-Sem-III-IV.pdf,0.3202,2,1,0.0909,1,lab_or_project_course,lab_or_project_course
three variables) using the method of Lagrange’s,Artificial variables,2013111,Mathematics for,6.20N-B.E.-AI-DS.-Sem-III-IV.pdf,0.3841,1,1,0.1111,1,publisher_citation,publisher_citation; truncated_fragment
Image Handling & Forms: Understand image roles,radio buttons,2343611,Mini-Project - Full,6.34-N-B.E.-Information-Technology-Sem-III-IV.pdf,0.1041,6,1,0.0,0,person_name,person_name; lab_or_project_course
consensus mechanisms for various applications,learning Topics: Case Studies on AI in,2166118,Blockchain,SEM-V.pdf,0.1174,6,1,0.0,0,truncated_fragment,truncated_fragment
Assessment criteria of Capstone Mini,Clarity of Problem definition based on need,2344411,Mini-Project -,6.34-N-B.E.-Information-Technology-Sem-III-IV.pdf,0.1814,4,1,0.0909,0,lab_or_project_course,lab_or_project_course
Students shall convert the best solution into a working model using various components of their domain areas and,University of Mumbai,2344411,Mini-Project -,6.34-N-B.E.-Information-Technology-Sem-III-IV.pdf,0.2751,2,1,0.05,1,length_bound,length_bound; admin_rubric_noise; truncated_fragment; subject_mismatch; lab_or_project_course
Real-world,MVC Architecture- Model: Business logic,2343611,Mini-Project - Full,6.34-N-B.E.-Information-Technology-Sem-III-IV.pdf,0.0984,10,1,0.0,0,lab_or_project_course,lab_or_project_course
"Finalization, Inheritance, Polymorphism and",At least Four Haskell Programs to demonstrate,2344411,Mini-Project -,6.34-N-B.E.-Information-Technology-Sem-III-IV.pdf,0.2272,11,1,0.0,0,person_name,person_name; truncated_fragment; lab_or_project_course
Use functions and data structures to store and compute data,"OOP for structuring code (User, Bot, ChatSession)",2344411,Mini-Project -,6.34-N-B.E.-Information-Technology-Sem-III-IV.pdf,0.2577,13,1,0.0,0,lab_or_project_course,lab_or_project_course
Introduction to logistic regression for classification Logit,Concepts of Data Exploration: Different techniques,2166120,Visualization Lab,SEM-V.pdf,0.2906,4,1,0.0,1,lab_or_project_course,lab_or_project_course
Term Work Marks: 25 Marks (Total marks) = 15 Marks (Experiment) + 5 Marks (Assignments),Based Interface via any board,2166121,Internet of Things,SEM-V.pdf,-0.0279,7,1,0.0,0,admin_rubric_noise,admin_rubric_noise; truncated_fragment; subject_mismatch
find space and time complexity,dynamic programming,2343115,ADSA Lab,6.34-N-B.E.-Information-Technology-Sem-III-IV.pdf,0.2729,13,1,0.0,0,lab_or_project_course,lab_or_project_course
Self-Learning : Semi-Supervised and Active,Multi-class SVMs,2166111,Machine,SEM-V.pdf,0.3919,3,1,0.0,0,admin_rubric_noise,admin_rubric_noise
Artificial variables,Dirichlet’s conditions,2013111,Mathematics for,6.20N-B.E.-AI-DS.-Sem-III-IV.pdf,0.0852,11,1,0.0,0,publisher_citation,publisher_citation
"Metaverse, Cryptocurrency wallets: Hot and cold","Mitigating attacks: 51% attack, Sybil attack, replay",2166118,Blockchain,SEM-V.pdf,0.218,4,1,0.0,0,person_name,person_name; truncated_fragment
(2) Solve any three questions out of five,"Question 1 is compulsory, and it should include sub",2165113,Agile Software,SEM-V.pdf,0.4181,8,1,0.0,0,admin_rubric_noise,admin_rubric_noise
"Fi) communication technologies based on range, power, and topology","Discuss the role of edge, fog, and cloud computing in IoT data management. Provide",2166121,Internet of Things,SEM-V.pdf,0.2374,5,1,0.0455,0,truncated_fragment,truncated_fragment
Background and Overview of Data,Types of analytics,2166112,Data Analytics,SEM-V.pdf,0.4262,4,1,0.1429,1,truncated_fragment,truncated_fragment
Object Oriented,Run Time,2344411,Mini-Project -,6.34-N-B.E.-Information-Technology-Sem-III-IV.pdf,0.1774,6,1,0.0,0,lab_or_project_course,lab_or_project_course
"Differentiate between wired (UART, SPI, I²C) and wireless (NFC, RFID, Bluetooth",Develop a short report on MQTT or CoAP protocol implementation for IoT data,2166121,Internet of Things,SEM-V.pdf,0.2667,2,1,0.0,1,truncated_fragment,truncated_fragment
Based Light Intensity Monitoring System using LDR and any,To send email alert using ESP32/nodeMCU  via SMTP server,2166121,Internet of Things,SEM-V.pdf,0.0536,12,1,0.0556,0,truncated_fragment,truncated_fragment
Implementation of operations on B/B+-trees,dynamic programming,2343115,ADSA Lab,6.34-N-B.E.-Information-Technology-Sem-III-IV.pdf,0.2236,3,1,0.0,0,lab_or_project_course,lab_or_project_course
Question Paper will comprise of a total of six questions each carrying 15  marks. Q.1,will be compulsory and should cover maximum contents of the syllabus,2165113,Agile Software,SEM-V.pdf,0.3204,1,1,0.0833,1,admin_rubric_noise,admin_rubric_noise
"Contracts and DApps”, O’Reilly Media","Depth: Learn, Build and Deploy Blockchain",2166118,Blockchain,SEM-V.pdf,0.2419,6,1,0.0909,0,publisher_citation,publisher_citation; person_name
Logic Programming,b. Sudoku Solver (Prolog),2344411,Mini-Project -,6.34-N-B.E.-Information-Technology-Sem-III-IV.pdf,0.5311,4,1,0.0,1,lab_or_project_course,lab_or_project_course
First shall be for the finalisation of problem and proposed solution,Innovativeness in solutions/ Novelty in solutions,2344411,Mini-Project -,6.34-N-B.E.-Information-Technology-Sem-III-IV.pdf,0.2915,7,1,0.0,0,lab_or_project_course,lab_or_project_course
Greedy algorithms and Applications,Implement N-Queen's problem using Back Tracking,2343115,ADSA Lab,6.34-N-B.E.-Information-Technology-Sem-III-IV.pdf,0.2765,6,1,0.0,0,lab_or_project_course,lab_or_project_course
"Performance Testing, Security Testing, Agile","and Benefits, DevOps Principles and Practices",2165113,Agile Software,SEM-V.pdf,0.3533,10,1,0.0,0,truncated_fragment,truncated_fragment
Types of data: structured,R for data analytics,2166120,Visualization Lab,SEM-V.pdf,0.2967,3,1,0.1429,1,lab_or_project_course,lab_or_project_course
(b) guarded equations,the execution of the Functional Implementation,2344411,Mini-Project -,6.34-N-B.E.-Information-Technology-Sem-III-IV.pdf,0.3157,10,1,0.0,0,truncated_fragment,truncated_fragment; lab_or_project_course
Spring Boot: Modern development trends. MVC in Java Web,and working with tables,2343611,Mini-Project - Full,6.34-N-B.E.-Information-Technology-Sem-III-IV.pdf,0.1298,4,1,0.0,0,person_name,person_name; truncated_fragment; lab_or_project_course
a. Library Management System,b. Online Food Ordering System (Console,2344411,Mini-Project -,6.34-N-B.E.-Information-Technology-Sem-III-IV.pdf,0.2816,4,1,0.1111,0,truncated_fragment,truncated_fragment; lab_or_project_course
Dr. Subhash K. Shinde,Faculty of Science & Technology,2166126,Blockchain,SEM-V.pdf,0.1649,5,1,0.0,0,publisher_citation,publisher_citation; person_name; admin_rubric_noise
"Craig Larman, Agile and Iterative Development: A Manager’s Guide, Addison",Remaining questions will be mixed in nature (part (a) and part (b) of each question,2165113,Agile Software,SEM-V.pdf,0.0655,13,1,0.087,0,publisher_citation,publisher_citation; truncated_fragment
Learning and,Learning Techniques,2166111,Machine,SEM-V.pdf,0.5952,5,1,0.3333,1,truncated_fragment,truncated_fragment
"and Benefits, DevOps Principles and Practices",world case studies,2165113,Agile Software,SEM-V.pdf,0.1756,9,1,0.0,0,truncated_fragment,truncated_fragment
o Identification of need/problem,Assessment criteria of Capstone Mini,2344411,Mini-Project -,6.34-N-B.E.-Information-Technology-Sem-III-IV.pdf,0.1306,7,1,0.1111,0,lab_or_project_course,lab_or_project_course
Implement N-Queen's problem using Back Tracking,Implement Floyd Warshall Algorithm,2343115,ADSA Lab,6.34-N-B.E.-Information-Technology-Sem-III-IV.pdf,0.3203,8,1,0.0909,0,lab_or_project_course,lab_or_project_course
missing values and duplicates Data normalization and,Regression Model Evaluation,2166120,Visualization Lab,SEM-V.pdf,0.0976,7,1,0.0,0,truncated_fragment,truncated_fragment; lab_or_project_course
Languages in Compiler Design,to DFA Conversion,2014111,Computational,6.20N-B.E.-AI-DS.-Sem-III-IV.pdf,0.1584,6,1,0.0,0,truncated_fragment,truncated_fragment
Tools: Git,MVC Architecture- Model: Business logic,2343611,Mini-Project - Full,6.34-N-B.E.-Information-Technology-Sem-III-IV.pdf,-0.0149,11,1,0.0,0,tool_fragment,tool_fragment; lab_or_project_course
Back-end development with Java Spring Boot introduction- What is Spring Framework? Why Spring Boot?,Features of Spring Boot: Auto-configuration,2343611,Mini-Project - Full,6.34-N-B.E.-Information-Technology-Sem-III-IV.pdf,0.5873,1,1,0.125,1,lab_or_project_course,lab_or_project_course
Multi-tier architecture,flexible layouts,2343611,Mini-Project - Full,6.34-N-B.E.-Information-Technology-Sem-III-IV.pdf,0.3491,13,1,0.0,0,lab_or_project_course,lab_or_project_course
Bootstrap Introduction & Components: Get started with Bootstrap,RESTful API development- What is REST? REST vs. SOAP,2343611,Mini-Project - Full,6.34-N-B.E.-Information-Technology-Sem-III-IV.pdf,0.0408,14,1,0.0,0,lab_or_project_course,lab_or_project_course
Assessment. Study of various Open,"Robert C. Martin, “Agile Software Development, Principles, Patterns and Practices”",2165113,Agile Software,SEM-V.pdf,0.1354,9,1,0.0,0,publisher_citation,publisher_citation
Introduction to logistic regression for classification Logit,function and odds ratio Model fitting and interpretation,2166120,Visualization Lab,SEM-V.pdf,0.2875,1,1,0.0,1,lab_or_project_course,lab_or_project_course
Python program for communication between clients based on,To study and implement IoT Data processing using Pandas,2166121,Internet of Things,SEM-V.pdf,0.3562,8,1,0.0,0,truncated_fragment,truncated_fragment
from projections,through case study on handwritten digits (0 - 9),2166117,Digital Imaging,SEM-V.pdf,0.1086,3,1,0.0,0,truncated_fragment,truncated_fragment
probability distribution and probability density function,"standard deviation, moment generating function up to",2343111,Applied,6.34-N-B.E.-Information-Technology-Sem-III-IV.pdf,0.3578,2,1,0.0909,1,truncated_fragment,truncated_fragment
Implement a safetail function that behaves in,fibonacci series,2344411,Mini-Project -,6.34-N-B.E.-Information-Technology-Sem-III-IV.pdf,0.0506,12,1,0.0,0,truncated_fragment,truncated_fragment; lab_or_project_course
activity of a mini,Guidelines for Assessment of Capstone Mini,2344411,Mini-Project -,6.34-N-B.E.-Information-Technology-Sem-III-IV.pdf,0.3562,10,1,0.25,0,lab_or_project_course,lab_or_project_course
"inverse Laplace transform. (with s4 in denominator), Inverse",Fourier series of even and odd functions (simple functions,2343111,Applied,6.34-N-B.E.-Information-Technology-Sem-III-IV.pdf,0.047,6,1,0.0,0,truncated_fragment,truncated_fragment
"Functional for processing input (filters, parsers)",a. GUI Calculator (Python Tkinter / Java Swing),2344411,Mini-Project -,6.34-N-B.E.-Information-Technology-Sem-III-IV.pdf,0.1468,5,1,0.0,0,lab_or_project_course,lab_or_project_course
Enhancement techniques,Self-learning Topics: Image reconstruction,2166117,Digital Imaging,SEM-V.pdf,0.262,1,1,0.0,1,admin_rubric_noise,admin_rubric_noise
Quality (Error Rate,energy optimization,2166115,Nature-,SEM-V.pdf,0.0811,6,1,0.0,0,truncated_fragment,truncated_fragment; subject_mismatch
Book Companion Resource : Dart Apprentice: Beyond the Basics (First Edition),Object Oriented,2344411,Mini-Project -,6.34-N-B.E.-Information-Technology-Sem-III-IV.pdf,0.1379,9,1,0.0,0,publisher_citation,publisher_citation; lab_or_project_course
project in consultation with the faculty supervisor/head of department/internal committee of faculty,Faculty supervisor may give inputs to students during the mini project activity,2344411,Mini-Project -,6.34-N-B.E.-Information-Technology-Sem-III-IV.pdf,0.5292,5,1,0.2,1,lab_or_project_course,lab_or_project_course
Concept of dependent and independent variables. The,regression with multiple predictors,2166120,Visualization Lab,SEM-V.pdf,0.2694,5,1,0.0,1,truncated_fragment,truncated_fragment; lab_or_project_course
Hal Frange Sine and Cosine Series,"(without proof, Polar form not included)",2343111,Applied,6.34-N-B.E.-Information-Technology-Sem-III-IV.pdf,0.2911,5,1,0.0,0,truncated_fragment,truncated_fragment
(b) guarded equations,and basic understanding of facts and rules,2344411,Mini-Project -,6.34-N-B.E.-Information-Technology-Sem-III-IV.pdf,0.2209,13,1,0.0,0,truncated_fragment,truncated_fragment; lab_or_project_course
will be compulsory and should cover maximum contents of the syllabus,(b) must be from any other Module randomly selected from all the modules),2165113,Agile Software,SEM-V.pdf,0.1992,3,1,0.0952,0,admin_rubric_noise,admin_rubric_noise; truncated_fragment; subject_mismatch
Regular Language,FSM with,2014111,Computational,6.20N-B.E.-AI-DS.-Sem-III-IV.pdf,0.2749,14,1,0.0,0,truncated_fragment,truncated_fragment
Students should clearly understand the syntax and,using Haskell,2344411,Mini-Project -,6.34-N-B.E.-Information-Technology-Sem-III-IV.pdf,0.228,2,1,0.0,1,admin_rubric_noise,admin_rubric_noise; truncated_fragment; lab_or_project_course
"Dimensionali ty Reduction 4.1 Curse of Dimensionality. 4.2 Feature Selection (Filter Method, Embedded Method, Wrapper Method) and Feature Extraction",Feature Importance and Selection,2166111,Machine,SEM-V.pdf,0.5945,2,1,0.1667,1,length_bound,length_bound; person_name
Concept of dependent and independent variables. The,regression line and equation. Assumptions of linear,2166120,Visualization Lab,SEM-V.pdf,0.3081,1,1,0.1667,1,truncated_fragment,truncated_fragment; lab_or_project_course
Term work Journal must include at least 2 assignments,+ 5 Marks (Attendance),2166121,Internet of Things,SEM-V.pdf,0.2035,2,1,0.0,1,admin_rubric_noise,admin_rubric_noise; subject_mismatch
Spring Boot,Java SE concepts: JVM,2343611,Mini-Project - Full,6.34-N-B.E.-Information-Technology-Sem-III-IV.pdf,0.2191,5,1,0.0,0,lab_or_project_course,lab_or_project_course
Backtracking and Maximum flow Networks,Implement Sum of subsets problem for a given set of,2343115,ADSA Lab,6.34-N-B.E.-Information-Technology-Sem-III-IV.pdf,0.1333,2,1,0.0,0,truncated_fragment,truncated_fragment; lab_or_project_course
form elements (text fields,Axios for API calls,2343611,Mini-Project - Full,6.34-N-B.E.-Information-Technology-Sem-III-IV.pdf,-0.0088,9,1,0.0,0,truncated_fragment,truncated_fragment; lab_or_project_course
Follow MVC pattern optionally,"Mini- Project with full prototype/ product demo, testing, validation and Report) + 5 Marks (Attendance)",2344411,Mini-Project -,6.34-N-B.E.-Information-Technology-Sem-III-IV.pdf,0.1,8,1,0.0,0,admin_rubric_noise,admin_rubric_noise; truncated_fragment; subject_mismatch; lab_or_project_course
degree curves,"Expectation of random variable with mean, variance and",2343111,Applied,6.34-N-B.E.-Information-Technology-Sem-III-IV.pdf,-0.0488,3,1,0.0,0,truncated_fragment,truncated_fragment
"Smart Contracts” ,Packt Publishing","Ashwani Kumar,”Hyperledger Fabric In",2166118,Blockchain,SEM-V.pdf,0.1182,1,1,0.0,0,publisher_citation,publisher_citation; truncated_fragment
R for data analytics,Scikit-learn R,2166120,Visualization Lab,SEM-V.pdf,0.5448,2,1,0.1667,1,lab_or_project_course,lab_or_project_course
reminder theorem,Spearman’s Rank correlation coefficient (R) (with,2013111,Mathematics for,6.20N-B.E.-AI-DS.-Sem-III-IV.pdf,-0.0416,14,1,0.0,0,publisher_citation,publisher_citation; truncated_fragment
Use state variables to track behavior,Project Report,2344411,Mini-Project -,6.34-N-B.E.-Information-Technology-Sem-III-IV.pdf,0.113,3,1,0.0,0,person_name,person_name; lab_or_project_course
Types of time series: univariate and multivariate,Visualizing decomposed components,2166120,Visualization Lab,SEM-V.pdf,0.1186,3,1,0.0,0,lab_or_project_course,lab_or_project_course
Python Libraries: NumPy,Scikit-learn R,2166120,Visualization Lab,SEM-V.pdf,0.3281,1,1,0.0,1,lab_or_project_course,lab_or_project_course
Dirichlet’s conditions,Karl Pearson’s coefficient of correlation (r),2013111,Mathematics for,6.20N-B.E.-AI-DS.-Sem-III-IV.pdf,-0.0624,7,1,0.1111,0,publisher_citation,publisher_citation
on Binary Search Tree and analyze space and time,Backtracking and Maximum flow Networks,2343115,ADSA Lab,6.34-N-B.E.-Information-Technology-Sem-III-IV.pdf,0.1977,7,1,0.0833,0,truncated_fragment,truncated_fragment; lab_or_project_course
Backend: Java,Database: MySQL,2343611,Mini-Project - Full,6.34-N-B.E.-Information-Technology-Sem-III-IV.pdf,0.2368,2,1,0.0,1,lab_or_project_course,lab_or_project_course
Concurrency and,"learning implementation of concurrency, Streams",2344411,Mini-Project -,6.34-N-B.E.-Information-Technology-Sem-III-IV.pdf,0.6042,3,1,0.1667,1,truncated_fragment,truncated_fragment; lab_or_project_course
"Compare cloud service models (IaaS, PaaS, SaaS) in the context of IoT analytics and",Students can Use Any Board such as Arduino/ Node MCU/ ESP32/ R,2166121,Internet of Things,SEM-V.pdf,0.0446,10,1,0.0,0,truncated_fragment,truncated_fragment; tool_fragment; admin_rubric_noise
Axios for API calls,Version Control with Git,2343611,Mini-Project - Full,6.34-N-B.E.-Information-Technology-Sem-III-IV.pdf,-0.0675,1,1,0.0,0,lab_or_project_course,lab_or_project_course
Based Interface via any board,To control home devices (LED) using self,2166121,Internet of Things,SEM-V.pdf,0.3252,11,1,0.0,0,truncated_fragment,truncated_fragment
Internal Assessment (IA) for 20 marks,Question Paper will comprise of a total of six questions each carrying 15  marks. Q.1,2165113,Agile Software,SEM-V.pdf,0.3986,5,1,0.05,0,admin_rubric_noise,admin_rubric_noise
Raspberry Pi in IoT systems,highlighting key layers and their responsibilities,2166121,Internet of Things,SEM-V.pdf,0.0342,8,1,0.0,0,tool_fragment,tool_fragment; person_name
Enhancement techniques,from projections,2166117,Digital Imaging,SEM-V.pdf,0.2207,2,1,0.0,1,truncated_fragment,truncated_fragment
Term Work:  Term Work shall consist of at least 10 to 12 practicals’ based on the above list. Also,Based Light Intensity Monitoring System using LDR and any,2166121,Internet of Things,SEM-V.pdf,0.0528,10,1,0.04,0,length_bound,length_bound; publisher_citation; admin_rubric_noise; truncated_fragment
Testing: Principles of Agile Testers,"Postman, and JMeter",2165113,Agile Software,SEM-V.pdf,0.1462,7,1,0.0,0,person_name,person_name
Reject ARQ (Simple Problems),Random Access (ALOHA,2344113,Computer Network,6.34-N-B.E.-Information-Technology-Sem-III-IV.pdf,0.2079,4,1,0.0,0,truncated_fragment,truncated_fragment; subject_mismatch
Dynamic Algorithms,Implement Travelling salesman problem,2343115,ADSA Lab,6.34-N-B.E.-Information-Technology-Sem-III-IV.pdf,0.4564,3,1,0.0,1,lab_or_project_course,lab_or_project_course
navigating directories,and Edge computing platforms,2166124,Edge Computing,SEM-V.pdf,0.0307,6,1,0.0,0,truncated_fragment,truncated_fragment; subject_mismatch
regression. Estimation of coefficients using Least Squares,Causes of Outliers,2166120,Visualization Lab,SEM-V.pdf,0.04,11,1,0.1111,0,subject_mismatch,subject_mismatch; lab_or_project_course
and ARIMA concepts,in Python (statsmodels) / R (forecast package),2166120,Visualization Lab,SEM-V.pdf,0.2576,2,1,0.0,1,person_name,person_name; truncated_fragment; lab_or_project_course
three variables) using the method of Lagrange’s,Kuhn-Tucker conditions,2013111,Mathematics for,6.20N-B.E.-AI-DS.-Sem-III-IV.pdf,0.2574,2,1,0.0,1,publisher_citation,publisher_citation; truncated_fragment
missing values and duplicates Data normalization and,standardization techniques,2166120,Visualization Lab,SEM-V.pdf,0.2714,1,1,0.0,1,truncated_fragment,truncated_fragment; lab_or_project_course
o Marks awarded by guide/supervisor for Capstone Project Completion,Review/progress monitoring committee may consider following points for assessment based of the semester,2344411,Mini-Project -,6.34-N-B.E.-Information-Technology-Sem-III-IV.pdf,0.2857,2,1,0.0435,1,subject_mismatch,subject_mismatch; lab_or_project_course
"Robert C. Martin, “Agile Software Development, Principles, Patterns and Practices”","Deepak Gaikwad, Viral Thakkar. DevOps Tools from Practitioner's Viewpoint",2165113,Agile Software,SEM-V.pdf,0.4075,3,1,0.0,1,publisher_citation,publisher_citation
"Term Work: Term Work shall consist of list of all practicals’ based on the above list. Also, the Term work Journal must",Project Report,2344411,Mini-Project -,6.34-N-B.E.-Information-Technology-Sem-III-IV.pdf,0.2888,2,1,0.0,1,length_bound,length_bound; publisher_citation; admin_rubric_noise; person_name; lab_or_project_course
Feature importance and dimensionality reduction overview,regression with multiple predictors,2166120,Visualization Lab,SEM-V.pdf,0.236,9,1,0.0,0,person_name,person_name; lab_or_project_course
Cost effectiveness,Societal impact,2344411,Mini-Project -,6.34-N-B.E.-Information-Technology-Sem-III-IV.pdf,0.302,1,1,0.0,1,lab_or_project_course,lab_or_project_course
Distribution of Term work marks for both semesters shall be as below,o Building prototype and testing,2344411,Mini-Project -,6.34-N-B.E.-Information-Technology-Sem-III-IV.pdf,0.0324,11,1,0.0,0,admin_rubric_noise,admin_rubric_noise; truncated_fragment; person_name; subject_mismatch; lab_or_project_course
Inverse Laplace transform using Convolution theorem,differential equation),2343111,Applied,6.34-N-B.E.-Information-Technology-Sem-III-IV.pdf,0.1823,3,1,0.0,0,truncated_fragment,truncated_fragment
Introduction to data analytics,Libraries: dplyr,2166120,Visualization Lab,SEM-V.pdf,0.2727,8,1,0.0,1,lab_or_project_course,lab_or_project_course
involving ordinary differential equations (up to 2nd order,Fourier series of even and odd functions (simple functions,2343111,Applied,6.34-N-B.E.-Information-Technology-Sem-III-IV.pdf,0.1684,9,1,0.0,0,truncated_fragment,truncated_fragment; subject_mismatch
Fourier Series,f(z) to be analytic (without proof),2343111,Applied,6.34-N-B.E.-Information-Technology-Sem-III-IV.pdf,0.1445,10,1,0.0,0,truncated_fragment,truncated_fragment
function and odds ratio Model fitting and interpretation,Data Exploration and Anamoly Detection,2166120,Visualization Lab,SEM-V.pdf,0.0306,2,1,0.0909,0,lab_or_project_course,lab_or_project_course
techniques to improve model performance,Anomaly Detection: Outliers,2166120,Visualization Lab,SEM-V.pdf,0.2052,14,1,0.0,0,lab_or_project_course,lab_or_project_course
Special-purpose,Architecture and,2014113,Operating,6.20N-B.E.-AI-DS.-Sem-III-IV.pdf,0.338,5,1,0.0,0,truncated_fragment,truncated_fragment
"Algorithm Design Jon Kleinberg, Éva Tardos Pearson 1st Edition",Data Structures and Algorithm Analysis in C++ Mark Allen Weiss Pearson 4th Edition,2343115,ADSA Lab,6.34-N-B.E.-Information-Technology-Sem-III-IV.pdf,0.6286,1,1,0.1579,1,publisher_citation,publisher_citation; lab_or_project_course
o Quality of Project report & Project Review,Two reviews will be conducted for continuous assessment,2344411,Mini-Project -,6.34-N-B.E.-Information-Technology-Sem-III-IV.pdf,0.394,8,1,0.0,0,lab_or_project_course,lab_or_project_course
"based DevOps tools, and real","Robert C. Martin, “Agile Software Development, Principles, Patterns and Practices”",2165113,Agile Software,SEM-V.pdf,0.3799,6,1,0.0714,0,truncated_fragment,truncated_fragment; publisher_citation
Quadratic forms,three variables) using the method of Lagrange’s,2013111,Mathematics for,6.20N-B.E.-AI-DS.-Sem-III-IV.pdf,0.2009,9,1,0.0,0,publisher_citation,publisher_citation; truncated_fragment
b. File Organizer Script,Use procedural logic + OOP for file operations,2344411,Mini-Project -,6.34-N-B.E.-Information-Technology-Sem-III-IV.pdf,0.3631,2,1,0.1,1,lab_or_project_course,lab_or_project_course
"Students should do the survey and identify needs, which shall be converted into a problem statement for the mini","Students in a group shall understand the problem effectively, propose multiple solutions, and select the best possible",2344411,Mini-Project -,6.34-N-B.E.-Information-Technology-Sem-III-IV.pdf,0.6121,8,1,0.2143,1,length_bound,length_bound; admin_rubric_noise; lab_or_project_course
Explain the physical and logical design of IoT with suitable examples. Illustrate the,with a suitable example for each,2166121,Internet of Things,SEM-V.pdf,0.2815,14,1,0.125,0,truncated_fragment,truncated_fragment
Question Paper will comprise of a total of six questions each carrying 15  marks. Q.1,(2) Solve any three questions out of five,2165113,Agile Software,SEM-V.pdf,0.5421,12,1,0.0952,0,admin_rubric_noise,admin_rubric_noise
Clarity of Problem definition based on need,Report should be prepared as per the guidelines issued by the University of Mumbai,2344411,Mini-Project -,6.34-N-B.E.-Information-Technology-Sem-III-IV.pdf,0.1596,13,1,0.0526,0,publisher_citation,publisher_citation; lab_or_project_course
highlighting key layers and their responsibilities,"Discuss the role of edge, fog, and cloud computing in IoT data management. Provide",2166121,Internet of Things,SEM-V.pdf,0.1667,1,1,0.0526,0,person_name,person_name
Analytics and,Importance of data cleaning and preparation Handling,2166120,Visualization Lab,SEM-V.pdf,0.3003,10,1,0.125,0,truncated_fragment,truncated_fragment; lab_or_project_course
Data Exploration and Anamoly Detection,Self- learning Topics: Anomaly detection in high-volume,2166120,Visualization Lab,SEM-V.pdf,0.3181,9,1,0.0833,0,lab_or_project_course,lab_or_project_course
Preferably in C++ to demonstrate concepts like,At least Two Programs to understand Exception,2344411,Mini-Project -,6.34-N-B.E.-Information-Technology-Sem-III-IV.pdf,0.2095,5,1,0.0769,0,lab_or_project_course,lab_or_project_course
Outlier Detection using Distance based method,Autocorrelation Function (PACF),2166120,Visualization Lab,SEM-V.pdf,0.0993,8,1,0.0,0,subject_mismatch,subject_mismatch; lab_or_project_course
on DevOps adoption and automation practices,"Deepak Gaikwad, Viral Thakkar. DevOps Tools from Practitioner's Viewpoint",2165113,Agile Software,SEM-V.pdf,0.569,7,1,0.0667,0,truncated_fragment,truncated_fragment; publisher_citation
"Introduction to Agile Methods, Sondra Ashmore","Engineering: Applying the Theory of Constraints for Business Results‖, Prentice Hall, 2003",2165113,Agile Software,SEM-V.pdf,0.2843,5,1,0.0,1,publisher_citation,publisher_citation
on DevOps adoption and automation practices,Text Books,2165113,Agile Software,SEM-V.pdf,0.0296,1,1,0.0,0,truncated_fragment,truncated_fragment
Introduction to logistic regression for classification Logit,Anomaly Detection: Outliers,2166120,Visualization Lab,SEM-V.pdf,0.2517,6,1,0.0,1,lab_or_project_course,lab_or_project_course
"Include problem definition, architecture, components used, and expected outcomes",Term work Journal must include at least 2 assignments,2166121,Internet of Things,SEM-V.pdf,0.3153,5,1,0.0588,1,admin_rubric_noise,admin_rubric_noise; subject_mismatch
Implement simple Calculator,Knowledge Base having multiple facts and rules,2344411,Mini-Project -,6.34-N-B.E.-Information-Technology-Sem-III-IV.pdf,0.1576,10,1,0.0,0,lab_or_project_course,lab_or_project_course
"Discuss the role of edge, fog, and cloud computing in IoT data management. Provide","Compare cloud service models (IaaS, PaaS, SaaS) in the context of IoT analytics and",2166121,Internet of Things,SEM-V.pdf,0.3753,4,1,0.2727,0,truncated_fragment,truncated_fragment
and properties (without proof),Cayley-Hamilton,2013111,Mathematics for,6.20N-B.E.-AI-DS.-Sem-III-IV.pdf,0.1786,1,1,0.0,0,person_name,person_name; truncated_fragment
Detailed Content,Run Time,2344411,Mini-Project -,6.34-N-B.E.-Information-Technology-Sem-III-IV.pdf,0.1354,10,1,0.0,0,person_name,person_name; lab_or_project_course
NLPP with one and two equality constraint (two or,Application of congruence-RSA algorithm,2013111,Mathematics for,6.20N-B.E.-AI-DS.-Sem-III-IV.pdf,0.1077,9,1,0.0,0,truncated_fragment,truncated_fragment
Cayley-Hamilton,Standard and Canonical of LPP,2013111,Mathematics for,6.20N-B.E.-AI-DS.-Sem-III-IV.pdf,0.1027,8,1,0.0,0,person_name,person_name; subject_mismatch
Real-time,Self-learning Topics: Study a real time case study for,2344112,Operating System,6.34-N-B.E.-Information-Technology-Sem-III-IV.pdf,0.4139,1,1,0.2222,1,generic_lone_term,generic_lone_term; admin_rubric_noise; truncated_fragment
Marks awarded by guide/supervisor based on above practical list and,o Marks awarded by guide/supervisor for Capstone Project Completion,2344411,Mini-Project -,6.34-N-B.E.-Information-Technology-Sem-III-IV.pdf,0.6866,2,1,0.3125,1,truncated_fragment,truncated_fragment; subject_mismatch; lab_or_project_course
"(without proof, Polar form not included)",repeated ranks) Lines of regression Fitting of first- and,2343111,Applied,6.34-N-B.E.-Information-Technology-Sem-III-IV.pdf,0.0153,10,1,0.0,0,truncated_fragment,truncated_fragment
The Agile,"and Benefits, DevOps Principles and Practices",2165113,Agile Software,SEM-V.pdf,0.2898,8,1,0.0,0,truncated_fragment,truncated_fragment
Architecture and,Operating System,2014113,Operating,6.20N-B.E.-AI-DS.-Sem-III-IV.pdf,0.3361,3,1,0.0,1,truncated_fragment,truncated_fragment; generic_lone_term
Note for QP Setters,"Question 1 is compulsory, and it should include sub",2165113,Agile Software,SEM-V.pdf,0.1178,3,1,0.0,0,admin_rubric_noise,admin_rubric_noise; subject_mismatch
Recursion instead of loops,b. Sudoku Solver (Prolog),2344411,Mini-Project -,6.34-N-B.E.-Information-Technology-Sem-III-IV.pdf,0.1987,13,1,0.0,0,lab_or_project_course,lab_or_project_course
Draw and explain the IoT World Forum (IoTWF) Reference Architecture,highlighting key layers and their responsibilities,2166121,Internet of Things,SEM-V.pdf,0.158,1,1,0.0667,0,person_name,person_name
Explain the physical and logical design of IoT with suitable examples. Illustrate the,"role of sensors, actuators, and IoT boards such as Arduino, NodeMCU, and",2166121,Internet of Things,SEM-V.pdf,0.4458,1,1,0.15,1,truncated_fragment,truncated_fragment; tool_fragment
"David J. Anderson and Eli Schragenheim, ―Agile Management for Software","Engineering: Applying the Theory of Constraints for Business Results‖, Prentice Hall, 2003",2165113,Agile Software,SEM-V.pdf,0.2341,1,1,0.0476,1,publisher_citation,publisher_citation
o Building prototype and testing,Capstone Mini,2344411,Mini-Project -,6.34-N-B.E.-Information-Technology-Sem-III-IV.pdf,0.0526,5,1,0.0,0,person_name,person_name; lab_or_project_course
Operating Systems,Network Operating System,2014113,Operating,6.20N-B.E.-AI-DS.-Sem-III-IV.pdf,0.7358,3,1,0.25,1,generic_lone_term,generic_lone_term
Clarity of Problem definition based on need,Full functioning of working model as per stated requirements,2344411,Mini-Project -,6.34-N-B.E.-Information-Technology-Sem-III-IV.pdf,0.3542,7,1,0.0667,1,lab_or_project_course,lab_or_project_course
Dirichlet’s conditions,degree and exponential curve,2013111,Mathematics for,6.20N-B.E.-AI-DS.-Sem-III-IV.pdf,0.0549,12,1,0.0,0,publisher_citation,publisher_citation; person_name
b. File Organizer Script,"Mini- Project with full prototype/ product demo, testing, validation and Report) + 5 Marks (Attendance)",2344411,Mini-Project -,6.34-N-B.E.-Information-Technology-Sem-III-IV.pdf,0.0576,14,1,0.0,0,admin_rubric_noise,admin_rubric_noise; truncated_fragment; subject_mismatch; lab_or_project_course
Introduction to logistic regression for classification Logit,Time Series Analysis,2166120,Visualization Lab,SEM-V.pdf,0.1645,13,1,0.0,0,lab_or_project_course,lab_or_project_course
Self-Learning : Transfer Learning and Self,Learning Techniques,2166111,Machine,SEM-V.pdf,0.4286,3,1,0.2,0,admin_rubric_noise,admin_rubric_noise; truncated_fragment
Implement Travelling salesman problem,Implement Longest common subsequence,2343115,ADSA Lab,6.34-N-B.E.-Information-Technology-Sem-III-IV.pdf,0.2322,5,1,0.1429,0,lab_or_project_course,lab_or_project_course
Blockchain and,case studies,2166118,Blockchain,SEM-V.pdf,0.2131,1,1,0.0,1,truncated_fragment,truncated_fragment; generic_lone_term
Implement Floyd Warshall Algorithm,"Algorithm Design Jon Kleinberg, Éva Tardos Pearson 1st Edition",2343115,ADSA Lab,6.34-N-B.E.-Information-Technology-Sem-III-IV.pdf,0.4891,10,1,0.0833,0,publisher_citation,publisher_citation; lab_or_project_course
Implement any 3 sample programs in Dart based on,activity of a mini,2344411,Mini-Project -,6.34-N-B.E.-Information-Technology-Sem-III-IV.pdf,0.0529,9,1,0.0,0,truncated_fragment,truncated_fragment; lab_or_project_course
"Students' hall submits an implementation plan in the form of a Gantt/PERT/CPM chart, which will cover the weekly",Faculty supervisor may give inputs to students during the mini project activity,2344411,Mini-Project -,6.34-N-B.E.-Information-Technology-Sem-III-IV.pdf,0.3184,4,1,0.069,0,length_bound,length_bound; subject_mismatch; lab_or_project_course
Self-learning Topics: Demonstration of DLL,Self-learning Topics: Count-to-Infinity,2165116,Computer,SEM-V.pdf,0.6917,2,1,0.3333,1,admin_rubric_noise,admin_rubric_noise
At least Two Program preferably in Java/C++ to,At least Four Haskell Programs to demonstrate,2344411,Mini-Project -,6.34-N-B.E.-Information-Technology-Sem-III-IV.pdf,0.3959,4,1,0.2308,0,truncated_fragment,truncated_fragment; lab_or_project_course
Write a recursive function to multiply two,using Haskell,2344411,Mini-Project -,6.34-N-B.E.-Information-Technology-Sem-III-IV.pdf,0.3316,7,1,0.0,0,truncated_fragment,truncated_fragment; subject_mismatch; lab_or_project_course
Cost effectiveness,Students shall be motivated to publish a paper based on the work in Conferences/students competitions,2344411,Mini-Project -,6.34-N-B.E.-Information-Technology-Sem-III-IV.pdf,0.1351,12,1,0.0,0,admin_rubric_noise,admin_rubric_noise; subject_mismatch; lab_or_project_course
regression line and equation. Assumptions of linear,regression. Estimation of coefficients using Least Squares,2166120,Visualization Lab,SEM-V.pdf,0.5259,1,1,0.1667,1,subject_mismatch,subject_mismatch; lab_or_project_course
Full Stack Developer Roles & Skills,Spring Boot,2343611,Mini-Project - Full,6.34-N-B.E.-Information-Technology-Sem-III-IV.pdf,-0.0037,4,1,0.0,0,lab_or_project_course,lab_or_project_course
At least Two Programming Implementations,At least Two Programs to understand Exception,2344411,Mini-Project -,6.34-N-B.E.-Information-Technology-Sem-III-IV.pdf,0.419,6,1,0.3333,1,lab_or_project_course,lab_or_project_course
Immutable data structures,based system using functions only (no classes),2344411,Mini-Project -,6.34-N-B.E.-Information-Technology-Sem-III-IV.pdf,0.2411,8,1,0.0,0,truncated_fragment,truncated_fragment; lab_or_project_course
"OOP features like encapsulation, polymorphism",Do List Manager (Scala or Elixir),2344411,Mini-Project -,6.34-N-B.E.-Information-Technology-Sem-III-IV.pdf,0.2178,8,1,0.0,0,lab_or_project_course,lab_or_project_course
"Craig Larman, Agile and Iterative Development: A Manager’s Guide, Addison",Question Paper will comprise of a total of six questions each carrying 15  marks. Q.1,2165113,Agile Software,SEM-V.pdf,0.1195,11,1,0.04,0,publisher_citation,publisher_citation; admin_rubric_noise
Time Series Analysis,in Python (statsmodels) / R (forecast package),2166120,Visualization Lab,SEM-V.pdf,0.3057,9,1,0.0,0,truncated_fragment,truncated_fragment; lab_or_project_course
Use state variables to track behavior,Term Work Marks: 50 Marks (Total marks) = 10 Marks (Experiment) + 5 Marks (Assignments) + 30 Marks (Capstone,2344411,Mini-Project -,6.34-N-B.E.-Information-Technology-Sem-III-IV.pdf,0.1303,4,1,0.0,0,length_bound,length_bound; admin_rubric_noise; truncated_fragment; subject_mismatch; lab_or_project_course
Self- learning Topics: Explore Advance Regression,Data Exploration and Anamoly Detection,2166120,Visualization Lab,SEM-V.pdf,0.2165,1,1,0.0,1,lab_or_project_course,lab_or_project_course
Q1: Explain the structure of a blockchain block and the role of the block header,Q3: Differentiate between a blockchain and a traditional database,2166126,Blockchain,SEM-V.pdf,0.419,2,1,0.1875,1,admin_rubric_noise,admin_rubric_noise
Object Oriented,"library functions, list and tuples in Haskell",2344411,Mini-Project -,6.34-N-B.E.-Information-Technology-Sem-III-IV.pdf,0.0843,14,1,0.0,0,lab_or_project_course,lab_or_project_course
Introduction to data analytics,Introduction to Python and,2166120,Visualization Lab,SEM-V.pdf,0.4023,4,1,0.3333,1,truncated_fragment,truncated_fragment; lab_or_project_course
Website Name,A total of Four questions need to be answered,2165113,Agile Software,SEM-V.pdf,0.0164,12,1,0.0,0,person_name,person_name; admin_rubric_noise
guide/supervisor can verify and record notes/comments,"Students in a group shall understand the problem effectively, propose multiple solutions, and select the best possible",2344411,Mini-Project -,6.34-N-B.E.-Information-Technology-Sem-III-IV.pdf,0.1142,3,1,0.0435,0,length_bound,length_bound; admin_rubric_noise; subject_mismatch; lab_or_project_course
Laplace transform using derivatives and its properties,"Dirichlet’s conditions, Definition of Fourier series and",2343111,Applied,6.34-N-B.E.-Information-Technology-Sem-III-IV.pdf,0.2274,2,1,0.0714,1,publisher_citation,publisher_citation; truncated_fragment
Dynamic Binding,Functional Programming Concepts,2344411,Mini-Project -,6.34-N-B.E.-Information-Technology-Sem-III-IV.pdf,0.234,11,1,0.0,0,lab_or_project_course,lab_or_project_course
+ 5 Marks (Attendance),Interfacing LED/Buzzer/ Motion Sensor (PIR)/ ultrasonic sensor using a,2166121,Internet of Things,SEM-V.pdf,0.0251,5,1,0.0,0,admin_rubric_noise,admin_rubric_noise
Data Exploration and Anamoly Detection,Concepts of Data Exploration: Different techniques,2166120,Visualization Lab,SEM-V.pdf,0.5175,1,1,0.2222,1,lab_or_project_course,lab_or_project_course
Introduction to Java EE- Need for Java EE in enterprise applications,Multi-tier architecture,2343611,Mini-Project - Full,6.34-N-B.E.-Information-Technology-Sem-III-IV.pdf,0.2112,1,1,0.0,1,lab_or_project_course,lab_or_project_course
Real-world,Controller: Request,2343611,Mini-Project - Full,6.34-N-B.E.-Information-Technology-Sem-III-IV.pdf,0.0448,13,1,0.0,0,lab_or_project_course,lab_or_project_course
Object Oriented,At least Two Programming Implementations,2344411,Mini-Project -,6.34-N-B.E.-Information-Technology-Sem-III-IV.pdf,0.3884,1,1,0.0,1,lab_or_project_course,lab_or_project_course
Students can Use Any Board such as Arduino/ Node MCU/ ESP32/ R,Prerequisite To study and explore Tinkercad Simulator,2166121,Internet of Things,SEM-V.pdf,0.2666,8,1,0.0,0,tool_fragment,tool_fragment; admin_rubric_noise
Knowledge Base having multiple facts and rules,Students must be able to learn to query it and,2344411,Mini-Project -,6.34-N-B.E.-Information-Technology-Sem-III-IV.pdf,0.2879,1,1,0.0667,1,admin_rubric_noise,admin_rubric_noise; truncated_fragment; lab_or_project_course
"Cryptocurrency basics, types, usage, ERC20 and","Metaverse, Cryptocurrency wallets: Hot and cold",2166118,Blockchain,SEM-V.pdf,0.4129,4,1,0.2,1,truncated_fragment,truncated_fragment; person_name
Implementation of Bellman-Ford algorithm,"Introduction to Algorithms Cormen, Leiserson, Rivest, Stein PHI 3rd Edition",2343115,ADSA Lab,6.34-N-B.E.-Information-Technology-Sem-III-IV.pdf,0.4568,10,1,0.0,0,publisher_citation,publisher_citation; lab_or_project_course
"to students for C, C++, JAVA along with how to",Preferably in C++ to demonstrate concepts like,2344411,Mini-Project -,6.34-N-B.E.-Information-Technology-Sem-III-IV.pdf,0.5689,4,1,0.1538,1,truncated_fragment,truncated_fragment; lab_or_project_course
Innovativeness in solutions/ Novelty in solutions,Feasibility of proposed problem solutions and selection of best solution,2344411,Mini-Project -,6.34-N-B.E.-Information-Technology-Sem-III-IV.pdf,0.41,1,1,0.0833,1,lab_or_project_course,lab_or_project_course
Basic and Feasible solutions,Artificial variables,2013111,Mathematics for,6.20N-B.E.-AI-DS.-Sem-III-IV.pdf,0.4269,6,1,0.0,1,person_name,person_name
Functional Programming Concepts,Implement a safetail function that behaves in,2344411,Mini-Project -,6.34-N-B.E.-Information-Technology-Sem-III-IV.pdf,0.2793,2,1,0.0,1,truncated_fragment,truncated_fragment; lab_or_project_course
Overview: Frontend: HTML,Exception Handling Basics,2343611,Mini-Project - Full,6.34-N-B.E.-Information-Technology-Sem-III-IV.pdf,0.1192,12,1,0.0,0,subject_mismatch,subject_mismatch; lab_or_project_course
regression. Estimation of coefficients using Least Squares,Concepts of Data Exploration: Different techniques,2166120,Visualization Lab,SEM-V.pdf,0.0339,8,1,0.0833,0,subject_mismatch,subject_mismatch; lab_or_project_course
Overview of data analytics,Importance of data cleaning and preparation Handling,2166120,Visualization Lab,SEM-V.pdf,0.3059,8,1,0.2222,1,lab_or_project_course,lab_or_project_course
Self-learning Topics: Recent advances in Generative,Self-learning Topics: Ontologies and Semantic Web,2165112,Artificial,SEM-V.pdf,0.5925,5,1,0.2727,1,admin_rubric_noise,admin_rubric_noise
Distribution of Term work marks for both semesters shall be as below,Marks awarded by guide/supervisor based on above practical list and,2344411,Mini-Project -,6.34-N-B.E.-Information-Technology-Sem-III-IV.pdf,0.3361,1,1,0.0455,1,admin_rubric_noise,admin_rubric_noise; truncated_fragment; subject_mismatch; lab_or_project_course
Implement solution for a 0-1 knapsack problem using,Dynamic Algorithms,2343115,ADSA Lab,6.34-N-B.E.-Information-Technology-Sem-III-IV.pdf,0.2351,11,1,0.0,0,lab_or_project_course,lab_or_project_course
Introduction to Full Stack Java Overview of full-stack development: Definition of Full Stack,Spring Boot,2343611,Mini-Project - Full,6.34-N-B.E.-Information-Technology-Sem-III-IV.pdf,0.1911,6,1,0.0,0,lab_or_project_course,lab_or_project_course
Python program for communication between clients based on,Displaying Sensor Data on a Local Web Server using Flask and RPi,2166121,Internet of Things,SEM-V.pdf,0.3132,2,1,0.0526,1,truncated_fragment,truncated_fragment
(Contact Hours),Design with VR,2165115,User Experience,SEM-V.pdf,0.0575,3,1,0.0,0,generic_lone_term,generic_lone_term; admin_rubric_noise
Operating Systems,Mobile Operating System,2014113,Operating,6.20N-B.E.-AI-DS.-Sem-III-IV.pdf,0.7037,8,1,0.25,1,generic_lone_term,generic_lone_term
Functional Programming Concepts,Sample Programs but not limited to,2344411,Mini-Project -,6.34-N-B.E.-Information-Technology-Sem-III-IV.pdf,0.2404,1,1,0.0,1,truncated_fragment,truncated_fragment; lab_or_project_course
Types of solutions,three variables) using the method of Lagrange’s,2013111,Mathematics for,6.20N-B.E.-AI-DS.-Sem-III-IV.pdf,0.2495,7,1,0.1,0,publisher_citation,publisher_citation; truncated_fragment
"learning topics: Total probability theorem, Bayes’","Advanced Engineering Mathematics, R.K. Jainand S.R.K. Iyengar, Narosapublication",2343111,Applied,6.34-N-B.E.-Information-Technology-Sem-III-IV.pdf,0.2445,9,1,0.0,0,publisher_citation,publisher_citation
Concepts of Data Exploration: Different techniques,Autocorrelation Function (PACF),2166120,Visualization Lab,SEM-V.pdf,-0.0316,14,1,0.0,0,subject_mismatch,subject_mismatch; lab_or_project_course
CGPA Semester/ Programme,Letter Grade Result,2166126,Blockchain,SEM-V.pdf,0.3314,1,1,0.0,1,admin_rubric_noise,admin_rubric_noise
a. Family Tree Generator (Prolog),Driven Programming,2344411,Mini-Project -,6.34-N-B.E.-Information-Technology-Sem-III-IV.pdf,0.2008,12,1,0.0,0,lab_or_project_course,lab_or_project_course
project as mentioned in general guidelines, In this case in students’ group shall complete project in all aspects including,2344411,Mini-Project -,6.34-N-B.E.-Information-Technology-Sem-III-IV.pdf,0.4907,1,1,0.1333,1,publisher_citation,publisher_citation; lab_or_project_course
CRC code,Reject ARQ (Simple Problems),2344113,Computer Network,6.34-N-B.E.-Information-Technology-Sem-III-IV.pdf,0.1002,7,1,0.0,0,subject_mismatch,subject_mismatch
"environment and Basic operators, types, prelude","library functions, list and tuples in Haskell",2344411,Mini-Project -,6.34-N-B.E.-Information-Technology-Sem-III-IV.pdf,0.3349,1,1,0.0833,1,person_name,person_name; lab_or_project_course
Extension of simple linear,Concepts of Data Exploration: Different techniques,2166120,Visualization Lab,SEM-V.pdf,0.0034,6,1,0.1111,0,subject_mismatch,subject_mismatch; lab_or_project_course
using Haskell,Concurrency and,2344411,Mini-Project -,6.34-N-B.E.-Information-Technology-Sem-III-IV.pdf,0.152,10,1,0.0,0,truncated_fragment,truncated_fragment; lab_or_project_course
Importance of data cleaning and preparation Handling,Concept of features and importance in predictive,2166120,Visualization Lab,SEM-V.pdf,0.1043,3,1,0.2727,0,lab_or_project_course,lab_or_project_course
Collection of Dataset,Report should be prepared as per the guidelines issued by the University of Mumbai,2344411,Mini-Project -,6.34-N-B.E.-Information-Technology-Sem-III-IV.pdf,0.0516,10,1,0.0667,0,publisher_citation,publisher_citation; lab_or_project_course
and hyperlinks. Responsive Web Design: Learn to build websites,radio buttons,2343611,Mini-Project - Full,6.34-N-B.E.-Information-Technology-Sem-III-IV.pdf,0.1075,10,1,0.0,0,truncated_fragment,truncated_fragment; lab_or_project_course
Cryptocurrency Valuation Models,"AI–Blockchain Integration: Overview, need, and",2166118,Blockchain,SEM-V.pdf,0.2803,4,1,0.0,0,truncated_fragment,truncated_fragment
Linear Transformations,Self-learning Topics: Initial value theorem,2344111,Applied,6.34-N-B.E.-Information-Technology-Sem-III-IV.pdf,0.1007,4,1,0.0,0,admin_rubric_noise,admin_rubric_noise
Architecture and,functions: Cloud Operating System,2014113,Operating,6.20N-B.E.-AI-DS.-Sem-III-IV.pdf,0.2777,1,1,0.0,1,truncated_fragment,truncated_fragment
Solve any three questions out of five: (05 marks each),Module weightage as per contact hours mentioned in the syllabus,2165113,Agile Software,SEM-V.pdf,0.0747,6,1,0.0,0,admin_rubric_noise,admin_rubric_noise
"Automation, Test Automation Pyramid. Case",Study – Selenium/ Jira,2165113,Agile Software,SEM-V.pdf,0.2309,1,1,0.0,1,tool_fragment,tool_fragment
Implement any one application,"Introduction to Algorithms Cormen, Leiserson, Rivest, Stein PHI 3rd Edition",2343115,ADSA Lab,6.34-N-B.E.-Information-Technology-Sem-III-IV.pdf,0.1209,2,1,0.0,0,publisher_citation,publisher_citation; lab_or_project_course
20 and ERC,Q1: How can AI be integrated with blockchain for fraud detection?,2166126,Blockchain,SEM-V.pdf,0.0459,3,1,0.0,0,person_name,person_name; admin_rubric_noise
Implement N-Queen's problem using Back Tracking,Implementation of Bellman-Ford algorithm,2343115,ADSA Lab,6.34-N-B.E.-Information-Technology-Sem-III-IV.pdf,0.3353,7,1,0.0,0,lab_or_project_course,lab_or_project_course
"synergy between AI and Blockchain, benefit, AI","Applications”, Wiley India, 2023",2166118,Blockchain,SEM-V.pdf,0.0802,14,1,0.0,0,publisher_citation,publisher_citation
Regression Model Evaluation,regression with multiple predictors,2166120,Visualization Lab,SEM-V.pdf,0.4483,6,1,0.1667,1,lab_or_project_course,lab_or_project_course
Back-end development with Java Spring Boot introduction- What is Spring Framework? Why Spring Boot?,RESTful API Design principles,2343611,Mini-Project - Full,6.34-N-B.E.-Information-Technology-Sem-III-IV.pdf,0.2208,10,1,0.0,0,lab_or_project_course,lab_or_project_course
debug the code,"Abstraction & Encapsulation, Initialization and",2344411,Mini-Project -,6.34-N-B.E.-Information-Technology-Sem-III-IV.pdf,0.2004,4,1,0.0,0,person_name,person_name; truncated_fragment; lab_or_project_course
Quality (Error Rate,and Robustness,2166115,Nature-,SEM-V.pdf,0.3182,2,1,0.0,1,truncated_fragment,truncated_fragment; person_name; subject_mismatch
Self-learning Topics: Derogatory and non,Linear Transformations,2344111,Applied,6.34-N-B.E.-Information-Technology-Sem-III-IV.pdf,0.011,3,1,0.0,0,admin_rubric_noise,admin_rubric_noise; truncated_fragment
"Differentiate between wired (UART, SPI, I²C) and wireless (NFC, RFID, Bluetooth",transfer. Include message structure and use cases,2166121,Internet of Things,SEM-V.pdf,0.1487,3,1,0.0588,0,truncated_fragment,truncated_fragment
Guidelines for Assessment of Capstone Mini,"The progress of the mini project to be evaluated on continuous basis, minimum two reviews in each semester",2344411,Mini-Project -,6.34-N-B.E.-Information-Technology-Sem-III-IV.pdf,0.3349,3,1,0.0952,0,length_bound,length_bound; lab_or_project_course
"Dr. Asharaf S. & Sivadas Neelima, “Blockchain Technology: Algorithms and","Dr. Vaibhav Agrawal, Practical Artificial Intelligence and Blockchain, BPB Publications",2166118,Blockchain,SEM-V.pdf,0.6526,11,1,0.1875,1,publisher_citation,publisher_citation; truncated_fragment
o Marks awarded by guide/supervisor for Capstone Project Completion,Assessment criteria of Capstone Mini,2344411,Mini-Project -,6.34-N-B.E.-Information-Technology-Sem-III-IV.pdf,0.4146,12,1,0.0714,0,subject_mismatch,subject_mismatch; lab_or_project_course
"Expectation of random variable with mean, variance and","study topics. However, students are",2343111,Applied,6.34-N-B.E.-Information-Technology-Sem-III-IV.pdf,0.0098,7,1,0.0,0,truncated_fragment,truncated_fragment; admin_rubric_noise
Connected Car System,Suggested List of Experiments,2166121,Internet of Things,SEM-V.pdf,0.0258,3,1,0.0,0,admin_rubric_noise,admin_rubric_noise
"Second shall be for the implementation, testing and validation of solution",Assessment criteria of Capstone Mini,2344411,Mini-Project -,6.34-N-B.E.-Information-Technology-Sem-III-IV.pdf,0.2461,1,1,0.0667,1,lab_or_project_course,lab_or_project_course
Run Time,"library functions, list and tuples in Haskell",2344411,Mini-Project -,6.34-N-B.E.-Information-Technology-Sem-III-IV.pdf,0.0503,8,1,0.0,0,lab_or_project_course,lab_or_project_course
Multi-tier architecture,Spring Boot: Modern development trends. MVC in Java Web,2343611,Mini-Project - Full,6.34-N-B.E.-Information-Technology-Sem-III-IV.pdf,0.25,6,1,0.0,1,lab_or_project_course,lab_or_project_course
Axios for API calls,Methods: GET,2343611,Mini-Project - Full,6.34-N-B.E.-Information-Technology-Sem-III-IV.pdf,0.1327,11,1,0.0,0,lab_or_project_course,lab_or_project_course
Logic Programming,Query relationships dynamically,2344411,Mini-Project -,6.34-N-B.E.-Information-Technology-Sem-III-IV.pdf,0.1785,3,1,0.0,0,subject_mismatch,subject_mismatch; lab_or_project_course
Self- learning Topics: Explore Advance Regression,EDA and feature exploration,2166120,Visualization Lab,SEM-V.pdf,0.3432,3,1,0.0,0,person_name,person_name; lab_or_project_course
and remaining 40% to 50% of syllabus content must be covered in Second IA Test,Question Paper will comprise of a total of six questions each carrying 15  marks. Q.1,2165113,Agile Software,SEM-V.pdf,0.3757,2,1,0.0345,1,truncated_fragment,truncated_fragment; admin_rubric_noise
Backtracking and Maximum flow Networks,Dynamic Algorithms,2343115,ADSA Lab,6.34-N-B.E.-Information-Technology-Sem-III-IV.pdf,0.4347,7,1,0.0,0,lab_or_project_course,lab_or_project_course
Self-learning Topics: Image file Formats,Self-learning Topics: Thresholding techniques,2166117,Digital Imaging,SEM-V.pdf,0.5453,5,1,0.375,1,admin_rubric_noise,admin_rubric_noise
(1)Question 1 is compulsory,All COs should be mapped on the basis of the syllabus,2165113,Agile Software,SEM-V.pdf,0.225,7,1,0.0,0,admin_rubric_noise,admin_rubric_noise
Tutorial on working of SWI Prolog Environment,The programs must be based on creating a,2344411,Mini-Project -,6.34-N-B.E.-Information-Technology-Sem-III-IV.pdf,0.3184,5,1,0.0714,0,lab_or_project_course,lab_or_project_course
"smart contracts, AI in Crypto Trading, Anti","Chandramouli Subramanian, Asha A. Georgeet al., “Blockchain Technology”, Universities",2166118,Blockchain,SEM-V.pdf,0.2742,5,1,0.0,0,publisher_citation,publisher_citation
Self-learning Topics: Norman’s principles of,Human perception and,2165115,User Experience,SEM-V.pdf,0.2705,2,1,0.0,1,publisher_citation,publisher_citation; admin_rubric_noise; truncated_fragment
Self-learning Topics: Study of any three different OS,Self-learning Topics: Performance comparison of,2344112,Operating System,6.34-N-B.E.-Information-Technology-Sem-III-IV.pdf,0.7226,2,1,0.3636,1,admin_rubric_noise,admin_rubric_noise; truncated_fragment
Use procedural logic + OOP for file operations,Use state variables to track behavior,2344411,Mini-Project -,6.34-N-B.E.-Information-Technology-Sem-III-IV.pdf,0.1756,7,1,0.0833,0,lab_or_project_course,lab_or_project_course
EDA and feature exploration,Anomaly Detection: Outliers,2166120,Visualization Lab,SEM-V.pdf,0.2212,1,1,0.0,1,person_name,person_name; lab_or_project_course
a. Chatbot using Python (OOP + Functional),Events for light changes,2344411,Mini-Project -,6.34-N-B.E.-Information-Technology-Sem-III-IV.pdf,0.0032,11,1,0.0,0,lab_or_project_course,lab_or_project_course
"Chandramouli Subramanian, Asha A. Georgeet al., “Blockchain Technology”, Universities","Applications”, Wiley India, 2023",2166118,Blockchain,SEM-V.pdf,0.2923,2,1,0.0,1,publisher_citation,publisher_citation
"First International Edition, Prentice Hall",Website Name,2165113,Agile Software,SEM-V.pdf,0.1525,11,1,0.0,0,publisher_citation,publisher_citation; person_name
"environment and Basic operators, types, prelude",Functional Programming Concepts,2344411,Mini-Project -,6.34-N-B.E.-Information-Technology-Sem-III-IV.pdf,0.3827,3,1,0.0,1,person_name,person_name; lab_or_project_course
Causes of Outliers,Outlier detection using density-based methods for real time,2166120,Visualization Lab,SEM-V.pdf,0.5383,4,1,0.0,1,subject_mismatch,subject_mismatch; lab_or_project_course
Get Mapping,Creating Service classes and injecting them,2343611,Mini-Project - Full,6.34-N-B.E.-Information-Technology-Sem-III-IV.pdf,0.1406,5,1,0.0,0,person_name,person_name; lab_or_project_course
"and Benefits, DevOps Principles and Practices",C’s of DevOps Lifecycle for Business,2165113,Agile Software,SEM-V.pdf,0.7013,1,1,0.0909,1,truncated_fragment,truncated_fragment; publisher_citation
Implementation of Ford-Fulkerson algorithm,Implement Rabin-Karp algorithm,2343115,ADSA Lab,6.34-N-B.E.-Information-Technology-Sem-III-IV.pdf,0.3966,7,1,0.125,1,lab_or_project_course,lab_or_project_course
Q1: What are the differences between ERC,"enabled smart contracts, and how do they enhance automation?",2166126,Blockchain,SEM-V.pdf,0.2057,6,1,0.0,0,admin_rubric_noise,admin_rubric_noise
"Dirichlet’s conditions, Definition of Fourier series and",f(z) when real (u)or imaginary part (v) is given,2343111,Applied,6.34-N-B.E.-Information-Technology-Sem-III-IV.pdf,0.1585,12,1,0.0,0,publisher_citation,publisher_citation; truncated_fragment
case studies,"Chandramouli Subramanian, Asha A. Georgeet al., “Blockchain Technology”, Universities",2166118,Blockchain,SEM-V.pdf,0.2833,14,1,0.0,0,generic_lone_term,generic_lone_term; publisher_citation
"Analytic function, necessary and sufficient conditions for","mapping,  cross  ratio,  fixed  points,  and  standard",2343111,Applied,6.34-N-B.E.-Information-Technology-Sem-III-IV.pdf,0.113,9,1,0.0769,0,truncated_fragment,truncated_fragment
Displaying Sensor Data on a Local Web Server using Flask and RPi,ThingSpeak Cloud. OR on AWS cloud,2166121,Internet of Things,SEM-V.pdf,0.2229,4,1,0.0625,0,tool_fragment,tool_fragment
Closure properties,Application of Regular,2014111,Computational,6.20N-B.E.-AI-DS.-Sem-III-IV.pdf,0.1968,4,1,0.0,0,truncated_fragment,truncated_fragment
ethical challenges in AI,Self-learning Topics: Game Playing,2165112,Artificial,SEM-V.pdf,0.2211,1,1,0.0,1,admin_rubric_noise,admin_rubric_noise
Max. Marks,Module weightage as per contact hours mentioned in the syllabus,2165113,Agile Software,SEM-V.pdf,0.1228,9,1,0.0,0,admin_rubric_noise,admin_rubric_noise
Q1: Differentiate between private and consortium blockchains,Q1: What are the differences between ERC,2166126,Blockchain,SEM-V.pdf,0.3211,3,1,0.1667,0,admin_rubric_noise,admin_rubric_noise
learning Topics:Stablecoins and Central,Blockchain and,2166118,Blockchain,SEM-V.pdf,0.3726,3,1,0.1667,0,truncated_fragment,truncated_fragment
case studies,Laundering & Risk Scoring LLMs in Smart,2166118,Blockchain,SEM-V.pdf,0.2052,10,1,0.0,0,generic_lone_term,generic_lone_term; person_name; truncated_fragment
on DevOps adoption and automation practices,"DevOps: Dive, , Packt, 2018",2165113,Agile Software,SEM-V.pdf,0.5048,14,1,0.1111,0,truncated_fragment,truncated_fragment; publisher_citation
Q2: What is the role of MSPs in Hyperledger Fabric?,Q3: Briefly explain Paxos and Raft consensus mechanisms,2166126,Blockchain,SEM-V.pdf,0.2473,1,1,0.0,1,admin_rubric_noise,admin_rubric_noise
Functional Programming Concepts,pattern matching,2344411,Mini-Project -,6.34-N-B.E.-Information-Technology-Sem-III-IV.pdf,0.3267,8,1,0.0,1,lab_or_project_course,lab_or_project_course
Self-learning Topics: Norman’s principles of,Credits Assigned,2165115,User Experience,SEM-V.pdf,0.1104,5,1,0.0,0,publisher_citation,publisher_citation; admin_rubric_noise; truncated_fragment; person_name
Expense Tracker App (Java or Python),Recursion instead of loops,2344411,Mini-Project -,6.34-N-B.E.-Information-Technology-Sem-III-IV.pdf,0.0678,9,1,0.0,0,lab_or_project_course,lab_or_project_course
Implementation of Bellman-Ford algorithm,Implement Naïve string matching algorithm,2343115,ADSA Lab,6.34-N-B.E.-Information-Technology-Sem-III-IV.pdf,0.2479,4,1,0.1111,0,lab_or_project_course,lab_or_project_course
assignment completed by the,o Marks awarded by guide/supervisor for Capstone Project Completion,2344411,Mini-Project -,6.34-N-B.E.-Information-Technology-Sem-III-IV.pdf,0.3453,1,1,0.0769,1,truncated_fragment,truncated_fragment; subject_mismatch; lab_or_project_course
Components of Full Stack: Frontend,Technology Stack,2343611,Mini-Project - Full,6.34-N-B.E.-Information-Technology-Sem-III-IV.pdf,0.454,2,1,0.1667,1,lab_or_project_course,lab_or_project_course
Defining Controllers in Spring Boot,@RestController vs. @Controller,2343611,Mini-Project - Full,6.34-N-B.E.-Information-Technology-Sem-III-IV.pdf,0.5818,1,1,0.0,1,subject_mismatch,subject_mismatch; lab_or_project_course
CSS3 Fundamentals: Explore CSS syntax,text formatting,2343611,Mini-Project - Full,6.34-N-B.E.-Information-Technology-Sem-III-IV.pdf,0.3013,1,1,0.0,1,lab_or_project_course,lab_or_project_course
Q1: Describe the Proof,Assignment 2  ( Any two Questions from each Unit),2166126,Blockchain,SEM-V.pdf,0.4447,8,1,0.0,0,admin_rubric_noise,admin_rubric_noise
group to a panel of Internal and External Examiners preferably from industry or research organisations having,Students shall be motivated to publish a paper based on the work in Conferences/students competitions,2344411,Mini-Project -,6.34-N-B.E.-Information-Technology-Sem-III-IV.pdf,0.1419,2,1,0.069,0,length_bound,length_bound; admin_rubric_noise; subject_mismatch; lab_or_project_course
