concept_a,concept_b,source_syllabus,Course_Code,course_name,order_delta,domain_match,label
Cayley-Hamilton,Linear Algebra (Theory of Matrices) verification and reduction of higher degree polynomials,6.20N-B.E.-AI-DS.-Sem-III-IV.pdf,2013111,Mathematics for Computer Engineering,1,1,
Cayley-Hamilton,Similarity of matrices,6.20N-B.E.-AI-DS.-Sem-III-IV.pdf,2013111,Mathematics for Computer Engineering,2,1,
Cayley-Hamilton,Quadratic forms,6.20N-B.E.-AI-DS.-Sem-III-IV.pdf,2013111,Mathematics for Computer Engineering,3,1,
Cayley-Hamilton,Linear and Non-Linear Programming Problems,6.20N-B.E.-AI-DS.-Sem-III-IV.pdf,2013111,Mathematics for Computer Engineering,4,1,
Cayley-Hamilton,Types of solutions,6.20N-B.E.-AI-DS.-Sem-III-IV.pdf,2013111,Mathematics for Computer Engineering,5,1,
Cayley-Hamilton,Standard and Canonical of LPP,6.20N-B.E.-AI-DS.-Sem-III-IV.pdf,2013111,Mathematics for Computer Engineering,6,1,
Cayley-Hamilton,Basic and Feasible solutions,6.20N-B.E.-AI-DS.-Sem-III-IV.pdf,2013111,Mathematics for Computer Engineering,7,1,
Cayley-Hamilton,Simplex method,6.20N-B.E.-AI-DS.-Sem-III-IV.pdf,2013111,Mathematics for Computer Engineering,8,1,
Cayley-Hamilton,Artificial variables,6.20N-B.E.-AI-DS.-Sem-III-IV.pdf,2013111,Mathematics for Computer Engineering,9,1,
Cayley-Hamilton,Kuhn-Tucker conditions,6.20N-B.E.-AI-DS.-Sem-III-IV.pdf,2013111,Mathematics for Computer Engineering,10,1,
Cayley-Hamilton,Introduction to Congruence,6.20N-B.E.-AI-DS.-Sem-III-IV.pdf,2013111,Mathematics for Computer Engineering,11,1,
Cayley-Hamilton,Linear congruence,6.20N-B.E.-AI-DS.-Sem-III-IV.pdf,2013111,Mathematics for Computer Engineering,12,1,
Cayley-Hamilton,Application of congruence-RSA algorithm,6.20N-B.E.-AI-DS.-Sem-III-IV.pdf,2013111,Mathematics for Computer Engineering,13,1,
Cayley-Hamilton,Dirichlet’s conditions,6.20N-B.E.-AI-DS.-Sem-III-IV.pdf,2013111,Mathematics for Computer Engineering,14,1,
Linear Algebra (Theory of Matrices) verification and reduction of higher degree polynomials,Similarity of matrices,6.20N-B.E.-AI-DS.-Sem-III-IV.pdf,2013111,Mathematics for Computer Engineering,1,1,
Linear Algebra (Theory of Matrices) verification and reduction of higher degree polynomials,Quadratic forms,6.20N-B.E.-AI-DS.-Sem-III-IV.pdf,2013111,Mathematics for Computer Engineering,2,1,
Linear Algebra (Theory of Matrices) verification and reduction of higher degree polynomials,Linear and Non-Linear Programming Problems,6.20N-B.E.-AI-DS.-Sem-III-IV.pdf,2013111,Mathematics for Computer Engineering,3,1,
Linear Algebra (Theory of Matrices) verification and reduction of higher degree polynomials,Types of solutions,6.20N-B.E.-AI-DS.-Sem-III-IV.pdf,2013111,Mathematics for Computer Engineering,4,1,
Linear Algebra (Theory of Matrices) verification and reduction of higher degree polynomials,Standard and Canonical of LPP,6.20N-B.E.-AI-DS.-Sem-III-IV.pdf,2013111,Mathematics for Computer Engineering,5,1,
Linear Algebra (Theory of Matrices) verification and reduction of higher degree polynomials,Basic and Feasible solutions,6.20N-B.E.-AI-DS.-Sem-III-IV.pdf,2013111,Mathematics for Computer Engineering,6,1,
Linear Algebra (Theory of Matrices) verification and reduction of higher degree polynomials,Simplex method,6.20N-B.E.-AI-DS.-Sem-III-IV.pdf,2013111,Mathematics for Computer Engineering,7,1,
Linear Algebra (Theory of Matrices) verification and reduction of higher degree polynomials,Artificial variables,6.20N-B.E.-AI-DS.-Sem-III-IV.pdf,2013111,Mathematics for Computer Engineering,8,1,
Linear Algebra (Theory of Matrices) verification and reduction of higher degree polynomials,Kuhn-Tucker conditions,6.20N-B.E.-AI-DS.-Sem-III-IV.pdf,2013111,Mathematics for Computer Engineering,9,1,
Linear Algebra (Theory of Matrices) verification and reduction of higher degree polynomials,Introduction to Congruence,6.20N-B.E.-AI-DS.-Sem-III-IV.pdf,2013111,Mathematics for Computer Engineering,10,1,
Linear Algebra (Theory of Matrices) verification and reduction of higher degree polynomials,Linear congruence,6.20N-B.E.-AI-DS.-Sem-III-IV.pdf,2013111,Mathematics for Computer Engineering,11,1,
Linear Algebra (Theory of Matrices) verification and reduction of higher degree polynomials,Application of congruence-RSA algorithm,6.20N-B.E.-AI-DS.-Sem-III-IV.pdf,2013111,Mathematics for Computer Engineering,12,1,
Linear Algebra (Theory of Matrices) verification and reduction of higher degree polynomials,Dirichlet’s conditions,6.20N-B.E.-AI-DS.-Sem-III-IV.pdf,2013111,Mathematics for Computer Engineering,13,1,
Linear Algebra (Theory of Matrices) verification and reduction of higher degree polynomials,Fourier series of periodic,6.20N-B.E.-AI-DS.-Sem-III-IV.pdf,2013111,Mathematics for Computer Engineering,14,1,
Similarity of matrices,Quadratic forms,6.20N-B.E.-AI-DS.-Sem-III-IV.pdf,2013111,Mathematics for Computer Engineering,1,1,
Similarity of matrices,Linear and Non-Linear Programming Problems,6.20N-B.E.-AI-DS.-Sem-III-IV.pdf,2013111,Mathematics for Computer Engineering,2,1,
Similarity of matrices,Types of solutions,6.20N-B.E.-AI-DS.-Sem-III-IV.pdf,2013111,Mathematics for Computer Engineering,3,1,
Similarity of matrices,Standard and Canonical of LPP,6.20N-B.E.-AI-DS.-Sem-III-IV.pdf,2013111,Mathematics for Computer Engineering,4,1,
Similarity of matrices,Basic and Feasible solutions,6.20N-B.E.-AI-DS.-Sem-III-IV.pdf,2013111,Mathematics for Computer Engineering,5,1,
Similarity of matrices,Simplex method,6.20N-B.E.-AI-DS.-Sem-III-IV.pdf,2013111,Mathematics for Computer Engineering,6,1,
Similarity of matrices,Artificial variables,6.20N-B.E.-AI-DS.-Sem-III-IV.pdf,2013111,Mathematics for Computer Engineering,7,1,
Similarity of matrices,Kuhn-Tucker conditions,6.20N-B.E.-AI-DS.-Sem-III-IV.pdf,2013111,Mathematics for Computer Engineering,8,1,
Similarity of matrices,Introduction to Congruence,6.20N-B.E.-AI-DS.-Sem-III-IV.pdf,2013111,Mathematics for Computer Engineering,9,1,
Similarity of matrices,Linear congruence,6.20N-B.E.-AI-DS.-Sem-III-IV.pdf,2013111,Mathematics for Computer Engineering,10,1,
Similarity of matrices,Application of congruence-RSA algorithm,6.20N-B.E.-AI-DS.-Sem-III-IV.pdf,2013111,Mathematics for Computer Engineering,11,1,
Similarity of matrices,Dirichlet’s conditions,6.20N-B.E.-AI-DS.-Sem-III-IV.pdf,2013111,Mathematics for Computer Engineering,12,1,
Similarity of matrices,Fourier series of periodic,6.20N-B.E.-AI-DS.-Sem-III-IV.pdf,2013111,Mathematics for Computer Engineering,13,1,
Similarity of matrices,Fourier series of even and odd functions,6.20N-B.E.-AI-DS.-Sem-III-IV.pdf,2013111,Mathematics for Computer Engineering,14,1,
Quadratic forms,Linear and Non-Linear Programming Problems,6.20N-B.E.-AI-DS.-Sem-III-IV.pdf,2013111,Mathematics for Computer Engineering,1,1,
Quadratic forms,Types of solutions,6.20N-B.E.-AI-DS.-Sem-III-IV.pdf,2013111,Mathematics for Computer Engineering,2,1,
Quadratic forms,Standard and Canonical of LPP,6.20N-B.E.-AI-DS.-Sem-III-IV.pdf,2013111,Mathematics for Computer Engineering,3,1,
Quadratic forms,Basic and Feasible solutions,6.20N-B.E.-AI-DS.-Sem-III-IV.pdf,2013111,Mathematics for Computer Engineering,4,1,
Quadratic forms,Simplex method,6.20N-B.E.-AI-DS.-Sem-III-IV.pdf,2013111,Mathematics for Computer Engineering,5,1,
Quadratic forms,Artificial variables,6.20N-B.E.-AI-DS.-Sem-III-IV.pdf,2013111,Mathematics for Computer Engineering,6,1,
Quadratic forms,Kuhn-Tucker conditions,6.20N-B.E.-AI-DS.-Sem-III-IV.pdf,2013111,Mathematics for Computer Engineering,7,1,
Quadratic forms,Introduction to Congruence,6.20N-B.E.-AI-DS.-Sem-III-IV.pdf,2013111,Mathematics for Computer Engineering,8,1,
Quadratic forms,Linear congruence,6.20N-B.E.-AI-DS.-Sem-III-IV.pdf,2013111,Mathematics for Computer Engineering,9,1,
Quadratic forms,Application of congruence-RSA algorithm,6.20N-B.E.-AI-DS.-Sem-III-IV.pdf,2013111,Mathematics for Computer Engineering,10,1,
Quadratic forms,Dirichlet’s conditions,6.20N-B.E.-AI-DS.-Sem-III-IV.pdf,2013111,Mathematics for Computer Engineering,11,1,
Quadratic forms,Fourier series of periodic,6.20N-B.E.-AI-DS.-Sem-III-IV.pdf,2013111,Mathematics for Computer Engineering,12,1,
Quadratic forms,Fourier series of even and odd functions,6.20N-B.E.-AI-DS.-Sem-III-IV.pdf,2013111,Mathematics for Computer Engineering,13,1,
Quadratic forms,Complex form of Fourier Series,6.20N-B.E.-AI-DS.-Sem-III-IV.pdf,2013111,Mathematics for Computer Engineering,14,1,
Linear and Non-Linear Programming Problems,Types of solutions,6.20N-B.E.-AI-DS.-Sem-III-IV.pdf,2013111,Mathematics for Computer Engineering,1,1,
Linear and Non-Linear Programming Problems,Standard and Canonical of LPP,6.20N-B.E.-AI-DS.-Sem-III-IV.pdf,2013111,Mathematics for Computer Engineering,2,1,
Linear and Non-Linear Programming Problems,Basic and Feasible solutions,6.20N-B.E.-AI-DS.-Sem-III-IV.pdf,2013111,Mathematics for Computer Engineering,3,1,
Linear and Non-Linear Programming Problems,Simplex method,6.20N-B.E.-AI-DS.-Sem-III-IV.pdf,2013111,Mathematics for Computer Engineering,4,1,
Linear and Non-Linear Programming Problems,Artificial variables,6.20N-B.E.-AI-DS.-Sem-III-IV.pdf,2013111,Mathematics for Computer Engineering,5,1,
Linear and Non-Linear Programming Problems,Kuhn-Tucker conditions,6.20N-B.E.-AI-DS.-Sem-III-IV.pdf,2013111,Mathematics for Computer Engineering,6,1,
Linear and Non-Linear Programming Problems,Introduction to Congruence,6.20N-B.E.-AI-DS.-Sem-III-IV.pdf,2013111,Mathematics for Computer Engineering,7,1,
Linear and Non-Linear Programming Problems,Linear congruence,6.20N-B.E.-AI-DS.-Sem-III-IV.pdf,2013111,Mathematics for Computer Engineering,8,1,
Linear and Non-Linear Programming Problems,Application of congruence-RSA algorithm,6.20N-B.E.-AI-DS.-Sem-III-IV.pdf,2013111,Mathematics for Computer Engineering,9,1,
Linear and Non-Linear Programming Problems,Dirichlet’s conditions,6.20N-B.E.-AI-DS.-Sem-III-IV.pdf,2013111,Mathematics for Computer Engineering,10,1,
Linear and Non-Linear Programming Problems,Fourier series of periodic,6.20N-B.E.-AI-DS.-Sem-III-IV.pdf,2013111,Mathematics for Computer Engineering,11,1,
Linear and Non-Linear Programming Problems,Fourier series of even and odd functions,6.20N-B.E.-AI-DS.-Sem-III-IV.pdf,2013111,Mathematics for Computer Engineering,12,1,
Linear and Non-Linear Programming Problems,Complex form of Fourier Series,6.20N-B.E.-AI-DS.-Sem-III-IV.pdf,2013111,Mathematics for Computer Engineering,13,1,
Linear and Non-Linear Programming Problems,Lines of regression,6.20N-B.E.-AI-DS.-Sem-III-IV.pdf,2013111,Mathematics for Computer Engineering,14,1,
Types of solutions,Standard and Canonical of LPP,6.20N-B.E.-AI-DS.-Sem-III-IV.pdf,2013111,Mathematics for Computer Engineering,1,1,
Types of solutions,Basic and Feasible solutions,6.20N-B.E.-AI-DS.-Sem-III-IV.pdf,2013111,Mathematics for Computer Engineering,2,1,
Types of solutions,Simplex method,6.20N-B.E.-AI-DS.-Sem-III-IV.pdf,2013111,Mathematics for Computer Engineering,3,1,
Types of solutions,Artificial variables,6.20N-B.E.-AI-DS.-Sem-III-IV.pdf,2013111,Mathematics for Computer Engineering,4,1,
Types of solutions,Kuhn-Tucker conditions,6.20N-B.E.-AI-DS.-Sem-III-IV.pdf,2013111,Mathematics for Computer Engineering,5,1,
Types of solutions,Introduction to Congruence,6.20N-B.E.-AI-DS.-Sem-III-IV.pdf,2013111,Mathematics for Computer Engineering,6,1,
Types of solutions,Linear congruence,6.20N-B.E.-AI-DS.-Sem-III-IV.pdf,2013111,Mathematics for Computer Engineering,7,1,
Types of solutions,Application of congruence-RSA algorithm,6.20N-B.E.-AI-DS.-Sem-III-IV.pdf,2013111,Mathematics for Computer Engineering,8,1,
Types of solutions,Dirichlet’s conditions,6.20N-B.E.-AI-DS.-Sem-III-IV.pdf,2013111,Mathematics for Computer Engineering,9,1,
Types of solutions,Fourier series of periodic,6.20N-B.E.-AI-DS.-Sem-III-IV.pdf,2013111,Mathematics for Computer Engineering,10,1,
Types of solutions,Fourier series of even and odd functions,6.20N-B.E.-AI-DS.-Sem-III-IV.pdf,2013111,Mathematics for Computer Engineering,11,1,
Types of solutions,Complex form of Fourier Series,6.20N-B.E.-AI-DS.-Sem-III-IV.pdf,2013111,Mathematics for Computer Engineering,12,1,
Types of solutions,Lines of regression,6.20N-B.E.-AI-DS.-Sem-III-IV.pdf,2013111,Mathematics for Computer Engineering,13,1,
Types of solutions,Moment generating function,6.20N-B.E.-AI-DS.-Sem-III-IV.pdf,2013111,Mathematics for Computer Engineering,14,1,
Standard and Canonical of LPP,Basic and Feasible solutions,6.20N-B.E.-AI-DS.-Sem-III-IV.pdf,2013111,Mathematics for Computer Engineering,1,1,
Standard and Canonical of LPP,Simplex method,6.20N-B.E.-AI-DS.-Sem-III-IV.pdf,2013111,Mathematics for Computer Engineering,2,1,
Standard and Canonical of LPP,Artificial variables,6.20N-B.E.-AI-DS.-Sem-III-IV.pdf,2013111,Mathematics for Computer Engineering,3,1,
Standard and Canonical of LPP,Kuhn-Tucker conditions,6.20N-B.E.-AI-DS.-Sem-III-IV.pdf,2013111,Mathematics for Computer Engineering,4,1,
Standard and Canonical of LPP,Introduction to Congruence,6.20N-B.E.-AI-DS.-Sem-III-IV.pdf,2013111,Mathematics for Computer Engineering,5,1,
Standard and Canonical of LPP,Linear congruence,6.20N-B.E.-AI-DS.-Sem-III-IV.pdf,2013111,Mathematics for Computer Engineering,6,1,
Standard and Canonical of LPP,Application of congruence-RSA algorithm,6.20N-B.E.-AI-DS.-Sem-III-IV.pdf,2013111,Mathematics for Computer Engineering,7,1,
Standard and Canonical of LPP,Dirichlet’s conditions,6.20N-B.E.-AI-DS.-Sem-III-IV.pdf,2013111,Mathematics for Computer Engineering,8,1,
Standard and Canonical of LPP,Fourier series of periodic,6.20N-B.E.-AI-DS.-Sem-III-IV.pdf,2013111,Mathematics for Computer Engineering,9,1,
Standard and Canonical of LPP,Fourier series of even and odd functions,6.20N-B.E.-AI-DS.-Sem-III-IV.pdf,2013111,Mathematics for Computer Engineering,10,1,
Standard and Canonical of LPP,Complex form of Fourier Series,6.20N-B.E.-AI-DS.-Sem-III-IV.pdf,2013111,Mathematics for Computer Engineering,11,1,
Standard and Canonical of LPP,Lines of regression,6.20N-B.E.-AI-DS.-Sem-III-IV.pdf,2013111,Mathematics for Computer Engineering,12,1,
Standard and Canonical of LPP,Moment generating function,6.20N-B.E.-AI-DS.-Sem-III-IV.pdf,2013111,Mathematics for Computer Engineering,13,1,
Standard and Canonical of LPP,Raw moments,6.20N-B.E.-AI-DS.-Sem-III-IV.pdf,2013111,Mathematics for Computer Engineering,14,1,
Basic and Feasible solutions,Simplex method,6.20N-B.E.-AI-DS.-Sem-III-IV.pdf,2013111,Mathematics for Computer Engineering,1,1,
Basic and Feasible solutions,Artificial variables,6.20N-B.E.-AI-DS.-Sem-III-IV.pdf,2013111,Mathematics for Computer Engineering,2,1,
Basic and Feasible solutions,Kuhn-Tucker conditions,6.20N-B.E.-AI-DS.-Sem-III-IV.pdf,2013111,Mathematics for Computer Engineering,3,1,
Basic and Feasible solutions,Introduction to Congruence,6.20N-B.E.-AI-DS.-Sem-III-IV.pdf,2013111,Mathematics for Computer Engineering,4,1,
Basic and Feasible solutions,Linear congruence,6.20N-B.E.-AI-DS.-Sem-III-IV.pdf,2013111,Mathematics for Computer Engineering,5,1,
Basic and Feasible solutions,Application of congruence-RSA algorithm,6.20N-B.E.-AI-DS.-Sem-III-IV.pdf,2013111,Mathematics for Computer Engineering,6,1,
Basic and Feasible solutions,Dirichlet’s conditions,6.20N-B.E.-AI-DS.-Sem-III-IV.pdf,2013111,Mathematics for Computer Engineering,7,1,
Basic and Feasible solutions,Fourier series of periodic,6.20N-B.E.-AI-DS.-Sem-III-IV.pdf,2013111,Mathematics for Computer Engineering,8,1,
Basic and Feasible solutions,Fourier series of even and odd functions,6.20N-B.E.-AI-DS.-Sem-III-IV.pdf,2013111,Mathematics for Computer Engineering,9,1,
Basic and Feasible solutions,Complex form of Fourier Series,6.20N-B.E.-AI-DS.-Sem-III-IV.pdf,2013111,Mathematics for Computer Engineering,10,1,
Basic and Feasible solutions,Lines of regression,6.20N-B.E.-AI-DS.-Sem-III-IV.pdf,2013111,Mathematics for Computer Engineering,11,1,
Basic and Feasible solutions,Moment generating function,6.20N-B.E.-AI-DS.-Sem-III-IV.pdf,2013111,Mathematics for Computer Engineering,12,1,
Basic and Feasible solutions,Raw moments,6.20N-B.E.-AI-DS.-Sem-III-IV.pdf,2013111,Mathematics for Computer Engineering,13,1,
Simplex method,Artificial variables,6.20N-B.E.-AI-DS.-Sem-III-IV.pdf,2013111,Mathematics for Computer Engineering,1,1,
Simplex method,Kuhn-Tucker conditions,6.20N-B.E.-AI-DS.-Sem-III-IV.pdf,2013111,Mathematics for Computer Engineering,2,1,
Simplex method,Introduction to Congruence,6.20N-B.E.-AI-DS.-Sem-III-IV.pdf,2013111,Mathematics for Computer Engineering,3,1,
Simplex method,Linear congruence,6.20N-B.E.-AI-DS.-Sem-III-IV.pdf,2013111,Mathematics for Computer Engineering,4,1,
Simplex method,Application of congruence-RSA algorithm,6.20N-B.E.-AI-DS.-Sem-III-IV.pdf,2013111,Mathematics for Computer Engineering,5,1,
Simplex method,Dirichlet’s conditions,6.20N-B.E.-AI-DS.-Sem-III-IV.pdf,2013111,Mathematics for Computer Engineering,6,1,
Simplex method,Fourier series of periodic,6.20N-B.E.-AI-DS.-Sem-III-IV.pdf,2013111,Mathematics for Computer Engineering,7,1,
Simplex method,Fourier series of even and odd functions,6.20N-B.E.-AI-DS.-Sem-III-IV.pdf,2013111,Mathematics for Computer Engineering,8,1,
Simplex method,Complex form of Fourier Series,6.20N-B.E.-AI-DS.-Sem-III-IV.pdf,2013111,Mathematics for Computer Engineering,9,1,
Simplex method,Lines of regression,6.20N-B.E.-AI-DS.-Sem-III-IV.pdf,2013111,Mathematics for Computer Engineering,10,1,
Simplex method,Moment generating function,6.20N-B.E.-AI-DS.-Sem-III-IV.pdf,2013111,Mathematics for Computer Engineering,11,1,
Simplex method,Raw moments,6.20N-B.E.-AI-DS.-Sem-III-IV.pdf,2013111,Mathematics for Computer Engineering,12,1,
Artificial variables,Kuhn-Tucker conditions,6.20N-B.E.-AI-DS.-Sem-III-IV.pdf,2013111,Mathematics for Computer Engineering,1,1,
Artificial variables,Introduction to Congruence,6.20N-B.E.-AI-DS.-Sem-III-IV.pdf,2013111,Mathematics for Computer Engineering,2,1,
Artificial variables,Linear congruence,6.20N-B.E.-AI-DS.-Sem-III-IV.pdf,2013111,Mathematics for Computer Engineering,3,1,
Artificial variables,Application of congruence-RSA algorithm,6.20N-B.E.-AI-DS.-Sem-III-IV.pdf,2013111,Mathematics for Computer Engineering,4,1,
Artificial variables,Dirichlet’s conditions,6.20N-B.E.-AI-DS.-Sem-III-IV.pdf,2013111,Mathematics for Computer Engineering,5,1,
Artificial variables,Fourier series of periodic,6.20N-B.E.-AI-DS.-Sem-III-IV.pdf,2013111,Mathematics for Computer Engineering,6,1,
Artificial variables,Fourier series of even and odd functions,6.20N-B.E.-AI-DS.-Sem-III-IV.pdf,2013111,Mathematics for Computer Engineering,7,1,
Artificial variables,Complex form of Fourier Series,6.20N-B.E.-AI-DS.-Sem-III-IV.pdf,2013111,Mathematics for Computer Engineering,8,1,
Artificial variables,Lines of regression,6.20N-B.E.-AI-DS.-Sem-III-IV.pdf,2013111,Mathematics for Computer Engineering,9,1,
Artificial variables,Moment generating function,6.20N-B.E.-AI-DS.-Sem-III-IV.pdf,2013111,Mathematics for Computer Engineering,10,1,
Artificial variables,Raw moments,6.20N-B.E.-AI-DS.-Sem-III-IV.pdf,2013111,Mathematics for Computer Engineering,11,1,
Kuhn-Tucker conditions,Introduction to Congruence,6.20N-B.E.-AI-DS.-Sem-III-IV.pdf,2013111,Mathematics for Computer Engineering,1,1,
Kuhn-Tucker conditions,Linear congruence,6.20N-B.E.-AI-DS.-Sem-III-IV.pdf,2013111,Mathematics for Computer Engineering,2,1,
Kuhn-Tucker conditions,Application of congruence-RSA algorithm,6.20N-B.E.-AI-DS.-Sem-III-IV.pdf,2013111,Mathematics for Computer Engineering,3,1,
Kuhn-Tucker conditions,Dirichlet’s conditions,6.20N-B.E.-AI-DS.-Sem-III-IV.pdf,2013111,Mathematics for Computer Engineering,4,1,
Kuhn-Tucker conditions,Fourier series of periodic,6.20N-B.E.-AI-DS.-Sem-III-IV.pdf,2013111,Mathematics for Computer Engineering,5,1,
Kuhn-Tucker conditions,Fourier series of even and odd functions,6.20N-B.E.-AI-DS.-Sem-III-IV.pdf,2013111,Mathematics for Computer Engineering,6,1,
Kuhn-Tucker conditions,Complex form of Fourier Series,6.20N-B.E.-AI-DS.-Sem-III-IV.pdf,2013111,Mathematics for Computer Engineering,7,1,
Kuhn-Tucker conditions,Lines of regression,6.20N-B.E.-AI-DS.-Sem-III-IV.pdf,2013111,Mathematics for Computer Engineering,8,1,
Kuhn-Tucker conditions,Moment generating function,6.20N-B.E.-AI-DS.-Sem-III-IV.pdf,2013111,Mathematics for Computer Engineering,9,1,
Kuhn-Tucker conditions,Raw moments,6.20N-B.E.-AI-DS.-Sem-III-IV.pdf,2013111,Mathematics for Computer Engineering,10,1,
Introduction to Congruence,Linear congruence,6.20N-B.E.-AI-DS.-Sem-III-IV.pdf,2013111,Mathematics for Computer Engineering,1,1,
Introduction to Congruence,Application of congruence-RSA algorithm,6.20N-B.E.-AI-DS.-Sem-III-IV.pdf,2013111,Mathematics for Computer Engineering,2,1,
Introduction to Congruence,Dirichlet’s conditions,6.20N-B.E.-AI-DS.-Sem-III-IV.pdf,2013111,Mathematics for Computer Engineering,3,1,
Introduction to Congruence,Fourier series of periodic,6.20N-B.E.-AI-DS.-Sem-III-IV.pdf,2013111,Mathematics for Computer Engineering,4,1,
Introduction to Congruence,Fourier series of even and odd functions,6.20N-B.E.-AI-DS.-Sem-III-IV.pdf,2013111,Mathematics for Computer Engineering,5,1,
Introduction to Congruence,Complex form of Fourier Series,6.20N-B.E.-AI-DS.-Sem-III-IV.pdf,2013111,Mathematics for Computer Engineering,6,1,
Introduction to Congruence,Lines of regression,6.20N-B.E.-AI-DS.-Sem-III-IV.pdf,2013111,Mathematics for Computer Engineering,7,1,
Introduction to Congruence,Moment generating function,6.20N-B.E.-AI-DS.-Sem-III-IV.pdf,2013111,Mathematics for Computer Engineering,8,1,
Introduction to Congruence,Raw moments,6.20N-B.E.-AI-DS.-Sem-III-IV.pdf,2013111,Mathematics for Computer Engineering,9,1,
Linear congruence,Application of congruence-RSA algorithm,6.20N-B.E.-AI-DS.-Sem-III-IV.pdf,2013111,Mathematics for Computer Engineering,1,1,
Linear congruence,Dirichlet’s conditions,6.20N-B.E.-AI-DS.-Sem-III-IV.pdf,2013111,Mathematics for Computer Engineering,2,1,
Linear congruence,Fourier series of periodic,6.20N-B.E.-AI-DS.-Sem-III-IV.pdf,2013111,Mathematics for Computer Engineering,3,1,
Linear congruence,Fourier series of even and odd functions,6.20N-B.E.-AI-DS.-Sem-III-IV.pdf,2013111,Mathematics for Computer Engineering,4,1,
Linear congruence,Complex form of Fourier Series,6.20N-B.E.-AI-DS.-Sem-III-IV.pdf,2013111,Mathematics for Computer Engineering,5,1,
Linear congruence,Lines of regression,6.20N-B.E.-AI-DS.-Sem-III-IV.pdf,2013111,Mathematics for Computer Engineering,6,1,
Linear congruence,Moment generating function,6.20N-B.E.-AI-DS.-Sem-III-IV.pdf,2013111,Mathematics for Computer Engineering,7,1,
Linear congruence,Raw moments,6.20N-B.E.-AI-DS.-Sem-III-IV.pdf,2013111,Mathematics for Computer Engineering,8,1,
Application of congruence-RSA algorithm,Dirichlet’s conditions,6.20N-B.E.-AI-DS.-Sem-III-IV.pdf,2013111,Mathematics for Computer Engineering,1,1,
Application of congruence-RSA algorithm,Fourier series of periodic,6.20N-B.E.-AI-DS.-Sem-III-IV.pdf,2013111,Mathematics for Computer Engineering,2,1,
Application of congruence-RSA algorithm,Fourier series of even and odd functions,6.20N-B.E.-AI-DS.-Sem-III-IV.pdf,2013111,Mathematics for Computer Engineering,3,1,
Application of congruence-RSA algorithm,Complex form of Fourier Series,6.20N-B.E.-AI-DS.-Sem-III-IV.pdf,2013111,Mathematics for Computer Engineering,4,1,
Application of congruence-RSA algorithm,Lines of regression,6.20N-B.E.-AI-DS.-Sem-III-IV.pdf,2013111,Mathematics for Computer Engineering,5,1,
Application of congruence-RSA algorithm,Moment generating function,6.20N-B.E.-AI-DS.-Sem-III-IV.pdf,2013111,Mathematics for Computer Engineering,6,1,
Application of congruence-RSA algorithm,Raw moments,6.20N-B.E.-AI-DS.-Sem-III-IV.pdf,2013111,Mathematics for Computer Engineering,7,1,
Dirichlet’s conditions,Fourier series of periodic,6.20N-B.E.-AI-DS.-Sem-III-IV.pdf,2013111,Mathematics for Computer Engineering,1,1,
Dirichlet’s conditions,Fourier series of even and odd functions,6.20N-B.E.-AI-DS.-Sem-III-IV.pdf,2013111,Mathematics for Computer Engineering,2,1,
Dirichlet’s conditions,Complex form of Fourier Series,6.20N-B.E.-AI-DS.-Sem-III-IV.pdf,2013111,Mathematics for Computer Engineering,3,1,
Dirichlet’s conditions,Lines of regression,6.20N-B.E.-AI-DS.-Sem-III-IV.pdf,2013111,Mathematics for Computer Engineering,4,1,
Dirichlet’s conditions,Moment generating function,6.20N-B.E.-AI-DS.-Sem-III-IV.pdf,2013111,Mathematics for Computer Engineering,5,1,
Dirichlet’s conditions,Raw moments,6.20N-B.E.-AI-DS.-Sem-III-IV.pdf,2013111,Mathematics for Computer Engineering,6,1,
Fourier series of periodic,Fourier series of even and odd functions,6.20N-B.E.-AI-DS.-Sem-III-IV.pdf,2013111,Mathematics for Computer Engineering,1,1,
Fourier series of periodic,Complex form of Fourier Series,6.20N-B.E.-AI-DS.-Sem-III-IV.pdf,2013111,Mathematics for Computer Engineering,2,1,
Fourier series of periodic,Lines of regression,6.20N-B.E.-AI-DS.-Sem-III-IV.pdf,2013111,Mathematics for Computer Engineering,3,1,
Fourier series of periodic,Moment generating function,6.20N-B.E.-AI-DS.-Sem-III-IV.pdf,2013111,Mathematics for Computer Engineering,4,1,
Fourier series of periodic,Raw moments,6.20N-B.E.-AI-DS.-Sem-III-IV.pdf,2013111,Mathematics for Computer Engineering,5,1,
Fourier series of even and odd functions,Complex form of Fourier Series,6.20N-B.E.-AI-DS.-Sem-III-IV.pdf,2013111,Mathematics for Computer Engineering,1,1,
Fourier series of even and odd functions,Lines of regression,6.20N-B.E.-AI-DS.-Sem-III-IV.pdf,2013111,Mathematics for Computer Engineering,2,1,
Fourier series of even and odd functions,Moment generating function,6.20N-B.E.-AI-DS.-Sem-III-IV.pdf,2013111,Mathematics for Computer Engineering,3,1,
Fourier series of even and odd functions,Raw moments,6.20N-B.E.-AI-DS.-Sem-III-IV.pdf,2013111,Mathematics for Computer Engineering,4,1,
Complex form of Fourier Series,Lines of regression,6.20N-B.E.-AI-DS.-Sem-III-IV.pdf,2013111,Mathematics for Computer Engineering,1,1,
Complex form of Fourier Series,Moment generating function,6.20N-B.E.-AI-DS.-Sem-III-IV.pdf,2013111,Mathematics for Computer Engineering,2,1,
Complex form of Fourier Series,Raw moments,6.20N-B.E.-AI-DS.-Sem-III-IV.pdf,2013111,Mathematics for Computer Engineering,3,1,
Lines of regression,Moment generating function,6.20N-B.E.-AI-DS.-Sem-III-IV.pdf,2013111,Mathematics for Computer Engineering,1,1,
Lines of regression,Raw moments,6.20N-B.E.-AI-DS.-Sem-III-IV.pdf,2013111,Mathematics for Computer Engineering,2,1,
Moment generating function,Raw moments,6.20N-B.E.-AI-DS.-Sem-III-IV.pdf,2013111,Mathematics for Computer Engineering,1,1,
Regular operations,Arden's theorem,6.20N-B.E.-AI-DS.-Sem-III-IV.pdf,2014111,Computational,1,1,
Regular operations,Decision properties of RLs,6.20N-B.E.-AI-DS.-Sem-III-IV.pdf,2014111,Computational,2,1,
Regular operations,Pumping lemma,6.20N-B.E.-AI-DS.-Sem-III-IV.pdf,2014111,Computational,3,1,
Regular operations,RE in text search and replace,6.20N-B.E.-AI-DS.-Sem-III-IV.pdf,2014111,Computational,4,1,
Regular operations,Application of Regular,6.20N-B.E.-AI-DS.-Sem-III-IV.pdf,2014111,Computational,5,1,
Regular operations,Languages in Compiler Design,6.20N-B.E.-AI-DS.-Sem-III-IV.pdf,2014111,Computational,6,1,
Regular operations,Nondeterministic Finite Automata (NFA): Definitions,6.20N-B.E.-AI-DS.-Sem-III-IV.pdf,2014111,Computational,7,1,
Regular operations,Equivalence between NFA with and ϵ- transitions,6.20N-B.E.-AI-DS.-Sem-III-IV.pdf,2014111,Computational,8,1,
Regular operations,Minimization of DFA,6.20N-B.E.-AI-DS.-Sem-III-IV.pdf,2014111,Computational,9,1,
Arden's theorem,Decision properties of RLs,6.20N-B.E.-AI-DS.-Sem-III-IV.pdf,2014111,Computational,1,1,
Arden's theorem,Pumping lemma,6.20N-B.E.-AI-DS.-Sem-III-IV.pdf,2014111,Computational,2,1,
Arden's theorem,RE in text search and replace,6.20N-B.E.-AI-DS.-Sem-III-IV.pdf,2014111,Computational,3,1,
Arden's theorem,Application of Regular,6.20N-B.E.-AI-DS.-Sem-III-IV.pdf,2014111,Computational,4,1,
Arden's theorem,Languages in Compiler Design,6.20N-B.E.-AI-DS.-Sem-III-IV.pdf,2014111,Computational,5,1,
Arden's theorem,Nondeterministic Finite Automata (NFA): Definitions,6.20N-B.E.-AI-DS.-Sem-III-IV.pdf,2014111,Computational,6,1,
Arden's theorem,Equivalence between NFA with and ϵ- transitions,6.20N-B.E.-AI-DS.-Sem-III-IV.pdf,2014111,Computational,7,1,
Arden's theorem,Minimization of DFA,6.20N-B.E.-AI-DS.-Sem-III-IV.pdf,2014111,Computational,8,1,
Decision properties of RLs,Pumping lemma,6.20N-B.E.-AI-DS.-Sem-III-IV.pdf,2014111,Computational,1,1,
Decision properties of RLs,RE in text search and replace,6.20N-B.E.-AI-DS.-Sem-III-IV.pdf,2014111,Computational,2,1,
Decision properties of RLs,Application of Regular,6.20N-B.E.-AI-DS.-Sem-III-IV.pdf,2014111,Computational,3,1,
Decision properties of RLs,Languages in Compiler Design,6.20N-B.E.-AI-DS.-Sem-III-IV.pdf,2014111,Computational,4,1,
Decision properties of RLs,Nondeterministic Finite Automata (NFA): Definitions,6.20N-B.E.-AI-DS.-Sem-III-IV.pdf,2014111,Computational,5,1,
Decision properties of RLs,Equivalence between NFA with and ϵ- transitions,6.20N-B.E.-AI-DS.-Sem-III-IV.pdf,2014111,Computational,6,1,
Decision properties of RLs,Minimization of DFA,6.20N-B.E.-AI-DS.-Sem-III-IV.pdf,2014111,Computational,7,1,
Pumping lemma,RE in text search and replace,6.20N-B.E.-AI-DS.-Sem-III-IV.pdf,2014111,Computational,1,1,
Pumping lemma,Application of Regular,6.20N-B.E.-AI-DS.-Sem-III-IV.pdf,2014111,Computational,2,1,
Pumping lemma,Languages in Compiler Design,6.20N-B.E.-AI-DS.-Sem-III-IV.pdf,2014111,Computational,3,1,
Pumping lemma,Nondeterministic Finite Automata (NFA): Definitions,6.20N-B.E.-AI-DS.-Sem-III-IV.pdf,2014111,Computational,4,1,
Pumping lemma,Equivalence between NFA with and ϵ- transitions,6.20N-B.E.-AI-DS.-Sem-III-IV.pdf,2014111,Computational,5,1,
Pumping lemma,Minimization of DFA,6.20N-B.E.-AI-DS.-Sem-III-IV.pdf,2014111,Computational,6,1,
RE in text search and replace,Application of Regular,6.20N-B.E.-AI-DS.-Sem-III-IV.pdf,2014111,Computational,1,1,
RE in text search and replace,Languages in Compiler Design,6.20N-B.E.-AI-DS.-Sem-III-IV.pdf,2014111,Computational,2,1,
RE in text search and replace,Nondeterministic Finite Automata (NFA): Definitions,6.20N-B.E.-AI-DS.-Sem-III-IV.pdf,2014111,Computational,3,1,
RE in text search and replace,Equivalence between NFA with and ϵ- transitions,6.20N-B.E.-AI-DS.-Sem-III-IV.pdf,2014111,Computational,4,1,
RE in text search and replace,Minimization of DFA,6.20N-B.E.-AI-DS.-Sem-III-IV.pdf,2014111,Computational,5,1,
Application of Regular,Languages in Compiler Design,6.20N-B.E.-AI-DS.-Sem-III-IV.pdf,2014111,Computational,1,1,
Application of Regular,Nondeterministic Finite Automata (NFA): Definitions,6.20N-B.E.-AI-DS.-Sem-III-IV.pdf,2014111,Computational,2,1,
Application of Regular,Equivalence between NFA with and ϵ- transitions,6.20N-B.E.-AI-DS.-Sem-III-IV.pdf,2014111,Computational,3,1,
Application of Regular,Minimization of DFA,6.20N-B.E.-AI-DS.-Sem-III-IV.pdf,2014111,Computational,4,1,
Languages in Compiler Design,Nondeterministic Finite Automata (NFA): Definitions,6.20N-B.E.-AI-DS.-Sem-III-IV.pdf,2014111,Computational,1,1,
Languages in Compiler Design,Equivalence between NFA with and ϵ- transitions,6.20N-B.E.-AI-DS.-Sem-III-IV.pdf,2014111,Computational,2,1,
Languages in Compiler Design,Minimization of DFA,6.20N-B.E.-AI-DS.-Sem-III-IV.pdf,2014111,Computational,3,1,
Nondeterministic Finite Automata (NFA): Definitions,Equivalence between NFA with and ϵ- transitions,6.20N-B.E.-AI-DS.-Sem-III-IV.pdf,2014111,Computational,1,1,
Nondeterministic Finite Automata (NFA): Definitions,Minimization of DFA,6.20N-B.E.-AI-DS.-Sem-III-IV.pdf,2014111,Computational,2,1,
Equivalence between NFA with and ϵ- transitions,Minimization of DFA,6.20N-B.E.-AI-DS.-Sem-III-IV.pdf,2014111,Computational,1,1,
Special-purpose,Open-source and Proprietary Operating System,6.20N-B.E.-AI-DS.-Sem-III-IV.pdf,2014113,Operating System,1,1,
Special-purpose,Fundamentals of Distributed Operating System,6.20N-B.E.-AI-DS.-Sem-III-IV.pdf,2014113,Operating System,2,1,
Special-purpose,Network Operating System,6.20N-B.E.-AI-DS.-Sem-III-IV.pdf,2014113,Operating System,3,1,
Special-purpose,Real-Time,6.20N-B.E.-AI-DS.-Sem-III-IV.pdf,2014113,Operating System,4,1,
Special-purpose,Mobile Operating System,6.20N-B.E.-AI-DS.-Sem-III-IV.pdf,2014113,Operating System,5,1,
Special-purpose,Special-purpose Operating Systems,6.20N-B.E.-AI-DS.-Sem-III-IV.pdf,2014113,Operating System,6,1,
Open-source and Proprietary Operating System,Fundamentals of Distributed Operating System,6.20N-B.E.-AI-DS.-Sem-III-IV.pdf,2014113,Operating System,1,1,
Open-source and Proprietary Operating System,Network Operating System,6.20N-B.E.-AI-DS.-Sem-III-IV.pdf,2014113,Operating System,2,1,
Open-source and Proprietary Operating System,Real-Time,6.20N-B.E.-AI-DS.-Sem-III-IV.pdf,2014113,Operating System,3,1,
Open-source and Proprietary Operating System,Mobile Operating System,6.20N-B.E.-AI-DS.-Sem-III-IV.pdf,2014113,Operating System,4,1,
Open-source and Proprietary Operating System,Special-purpose Operating Systems,6.20N-B.E.-AI-DS.-Sem-III-IV.pdf,2014113,Operating System,5,1,
Fundamentals of Distributed Operating System,Network Operating System,6.20N-B.E.-AI-DS.-Sem-III-IV.pdf,2014113,Operating System,1,1,
Fundamentals of Distributed Operating System,Real-Time,6.20N-B.E.-AI-DS.-Sem-III-IV.pdf,2014113,Operating System,2,1,
Fundamentals of Distributed Operating System,Mobile Operating System,6.20N-B.E.-AI-DS.-Sem-III-IV.pdf,2014113,Operating System,3,1,
Fundamentals of Distributed Operating System,Special-purpose Operating Systems,6.20N-B.E.-AI-DS.-Sem-III-IV.pdf,2014113,Operating System,4,1,
Network Operating System,Real-Time,6.20N-B.E.-AI-DS.-Sem-III-IV.pdf,2014113,Operating System,1,1,
Network Operating System,Mobile Operating System,6.20N-B.E.-AI-DS.-Sem-III-IV.pdf,2014113,Operating System,2,1,
Network Operating System,Special-purpose Operating Systems,6.20N-B.E.-AI-DS.-Sem-III-IV.pdf,2014113,Operating System,3,1,
Real-Time,Mobile Operating System,6.20N-B.E.-AI-DS.-Sem-III-IV.pdf,2014113,Operating System,1,1,
Real-Time,Special-purpose Operating Systems,6.20N-B.E.-AI-DS.-Sem-III-IV.pdf,2014113,Operating System,2,1,
Mobile Operating System,Special-purpose Operating Systems,6.20N-B.E.-AI-DS.-Sem-III-IV.pdf,2014113,Operating System,1,1,
Cayley-Hamilton,Linear Algebra (Theory of Matrices) verification and reduction of higher degree polynomials,6.21-N-B.E.-AI-ML-sem-III-IV.pdf,2023111,Mathematics for Computer Engineering,1,1,
Cayley-Hamilton,Similarity of matrices,6.21-N-B.E.-AI-ML-sem-III-IV.pdf,2023111,Mathematics for Computer Engineering,2,1,
Cayley-Hamilton,Quadratic forms,6.21-N-B.E.-AI-ML-sem-III-IV.pdf,2023111,Mathematics for Computer Engineering,3,1,
Cayley-Hamilton,Linear and Non-Linear Programming Problems,6.21-N-B.E.-AI-ML-sem-III-IV.pdf,2023111,Mathematics for Computer Engineering,4,1,
Cayley-Hamilton,Types of solutions,6.21-N-B.E.-AI-ML-sem-III-IV.pdf,2023111,Mathematics for Computer Engineering,5,1,
Cayley-Hamilton,Standard and Canonical of LPP,6.21-N-B.E.-AI-ML-sem-III-IV.pdf,2023111,Mathematics for Computer Engineering,6,1,
Cayley-Hamilton,Basic and Feasible solutions,6.21-N-B.E.-AI-ML-sem-III-IV.pdf,2023111,Mathematics for Computer Engineering,7,1,
Cayley-Hamilton,Simplex method,6.21-N-B.E.-AI-ML-sem-III-IV.pdf,2023111,Mathematics for Computer Engineering,8,1,
Cayley-Hamilton,Artificial variables,6.21-N-B.E.-AI-ML-sem-III-IV.pdf,2023111,Mathematics for Computer Engineering,9,1,
Cayley-Hamilton,Kuhn-Tucker conditions,6.21-N-B.E.-AI-ML-sem-III-IV.pdf,2023111,Mathematics for Computer Engineering,10,1,
Cayley-Hamilton,Introduction to Congruence,6.21-N-B.E.-AI-ML-sem-III-IV.pdf,2023111,Mathematics for Computer Engineering,11,1,
Cayley-Hamilton,Linear congruence,6.21-N-B.E.-AI-ML-sem-III-IV.pdf,2023111,Mathematics for Computer Engineering,12,1,
Cayley-Hamilton,Application of congruence-RSA algorithm,6.21-N-B.E.-AI-ML-sem-III-IV.pdf,2023111,Mathematics for Computer Engineering,13,1,
Cayley-Hamilton,Dirichlet’s conditions,6.21-N-B.E.-AI-ML-sem-III-IV.pdf,2023111,Mathematics for Computer Engineering,14,1,
Linear Algebra (Theory of Matrices) verification and reduction of higher degree polynomials,Similarity of matrices,6.21-N-B.E.-AI-ML-sem-III-IV.pdf,2023111,Mathematics for Computer Engineering,1,1,
Linear Algebra (Theory of Matrices) verification and reduction of higher degree polynomials,Quadratic forms,6.21-N-B.E.-AI-ML-sem-III-IV.pdf,2023111,Mathematics for Computer Engineering,2,1,
Linear Algebra (Theory of Matrices) verification and reduction of higher degree polynomials,Linear and Non-Linear Programming Problems,6.21-N-B.E.-AI-ML-sem-III-IV.pdf,2023111,Mathematics for Computer Engineering,3,1,
Linear Algebra (Theory of Matrices) verification and reduction of higher degree polynomials,Types of solutions,6.21-N-B.E.-AI-ML-sem-III-IV.pdf,2023111,Mathematics for Computer Engineering,4,1,
Linear Algebra (Theory of Matrices) verification and reduction of higher degree polynomials,Standard and Canonical of LPP,6.21-N-B.E.-AI-ML-sem-III-IV.pdf,2023111,Mathematics for Computer Engineering,5,1,
Linear Algebra (Theory of Matrices) verification and reduction of higher degree polynomials,Basic and Feasible solutions,6.21-N-B.E.-AI-ML-sem-III-IV.pdf,2023111,Mathematics for Computer Engineering,6,1,
Linear Algebra (Theory of Matrices) verification and reduction of higher degree polynomials,Simplex method,6.21-N-B.E.-AI-ML-sem-III-IV.pdf,2023111,Mathematics for Computer Engineering,7,1,
Linear Algebra (Theory of Matrices) verification and reduction of higher degree polynomials,Artificial variables,6.21-N-B.E.-AI-ML-sem-III-IV.pdf,2023111,Mathematics for Computer Engineering,8,1,
Linear Algebra (Theory of Matrices) verification and reduction of higher degree polynomials,Kuhn-Tucker conditions,6.21-N-B.E.-AI-ML-sem-III-IV.pdf,2023111,Mathematics for Computer Engineering,9,1,
Linear Algebra (Theory of Matrices) verification and reduction of higher degree polynomials,Introduction to Congruence,6.21-N-B.E.-AI-ML-sem-III-IV.pdf,2023111,Mathematics for Computer Engineering,10,1,
Linear Algebra (Theory of Matrices) verification and reduction of higher degree polynomials,Linear congruence,6.21-N-B.E.-AI-ML-sem-III-IV.pdf,2023111,Mathematics for Computer Engineering,11,1,
Linear Algebra (Theory of Matrices) verification and reduction of higher degree polynomials,Application of congruence-RSA algorithm,6.21-N-B.E.-AI-ML-sem-III-IV.pdf,2023111,Mathematics for Computer Engineering,12,1,
Linear Algebra (Theory of Matrices) verification and reduction of higher degree polynomials,Dirichlet’s conditions,6.21-N-B.E.-AI-ML-sem-III-IV.pdf,2023111,Mathematics for Computer Engineering,13,1,
Linear Algebra (Theory of Matrices) verification and reduction of higher degree polynomials,Fourier series of periodic,6.21-N-B.E.-AI-ML-sem-III-IV.pdf,2023111,Mathematics for Computer Engineering,14,1,
Similarity of matrices,Quadratic forms,6.21-N-B.E.-AI-ML-sem-III-IV.pdf,2023111,Mathematics for Computer Engineering,1,1,
Similarity of matrices,Linear and Non-Linear Programming Problems,6.21-N-B.E.-AI-ML-sem-III-IV.pdf,2023111,Mathematics for Computer Engineering,2,1,
Similarity of matrices,Types of solutions,6.21-N-B.E.-AI-ML-sem-III-IV.pdf,2023111,Mathematics for Computer Engineering,3,1,
Similarity of matrices,Standard and Canonical of LPP,6.21-N-B.E.-AI-ML-sem-III-IV.pdf,2023111,Mathematics for Computer Engineering,4,1,
Similarity of matrices,Basic and Feasible solutions,6.21-N-B.E.-AI-ML-sem-III-IV.pdf,2023111,Mathematics for Computer Engineering,5,1,
Similarity of matrices,Simplex method,6.21-N-B.E.-AI-ML-sem-III-IV.pdf,2023111,Mathematics for Computer Engineering,6,1,
Similarity of matrices,Artificial variables,6.21-N-B.E.-AI-ML-sem-III-IV.pdf,2023111,Mathematics for Computer Engineering,7,1,
Similarity of matrices,Kuhn-Tucker conditions,6.21-N-B.E.-AI-ML-sem-III-IV.pdf,2023111,Mathematics for Computer Engineering,8,1,
Similarity of matrices,Introduction to Congruence,6.21-N-B.E.-AI-ML-sem-III-IV.pdf,2023111,Mathematics for Computer Engineering,9,1,
Similarity of matrices,Linear congruence,6.21-N-B.E.-AI-ML-sem-III-IV.pdf,2023111,Mathematics for Computer Engineering,10,1,
Similarity of matrices,Application of congruence-RSA algorithm,6.21-N-B.E.-AI-ML-sem-III-IV.pdf,2023111,Mathematics for Computer Engineering,11,1,
Similarity of matrices,Dirichlet’s conditions,6.21-N-B.E.-AI-ML-sem-III-IV.pdf,2023111,Mathematics for Computer Engineering,12,1,
Similarity of matrices,Fourier series of periodic,6.21-N-B.E.-AI-ML-sem-III-IV.pdf,2023111,Mathematics for Computer Engineering,13,1,
Similarity of matrices,Fourier series of even and odd functions,6.21-N-B.E.-AI-ML-sem-III-IV.pdf,2023111,Mathematics for Computer Engineering,14,1,
Quadratic forms,Linear and Non-Linear Programming Problems,6.21-N-B.E.-AI-ML-sem-III-IV.pdf,2023111,Mathematics for Computer Engineering,1,1,
Quadratic forms,Types of solutions,6.21-N-B.E.-AI-ML-sem-III-IV.pdf,2023111,Mathematics for Computer Engineering,2,1,
Quadratic forms,Standard and Canonical of LPP,6.21-N-B.E.-AI-ML-sem-III-IV.pdf,2023111,Mathematics for Computer Engineering,3,1,
Quadratic forms,Basic and Feasible solutions,6.21-N-B.E.-AI-ML-sem-III-IV.pdf,2023111,Mathematics for Computer Engineering,4,1,
Quadratic forms,Simplex method,6.21-N-B.E.-AI-ML-sem-III-IV.pdf,2023111,Mathematics for Computer Engineering,5,1,
Quadratic forms,Artificial variables,6.21-N-B.E.-AI-ML-sem-III-IV.pdf,2023111,Mathematics for Computer Engineering,6,1,
Quadratic forms,Kuhn-Tucker conditions,6.21-N-B.E.-AI-ML-sem-III-IV.pdf,2023111,Mathematics for Computer Engineering,7,1,
Quadratic forms,Introduction to Congruence,6.21-N-B.E.-AI-ML-sem-III-IV.pdf,2023111,Mathematics for Computer Engineering,8,1,
Quadratic forms,Linear congruence,6.21-N-B.E.-AI-ML-sem-III-IV.pdf,2023111,Mathematics for Computer Engineering,9,1,
Quadratic forms,Application of congruence-RSA algorithm,6.21-N-B.E.-AI-ML-sem-III-IV.pdf,2023111,Mathematics for Computer Engineering,10,1,
Quadratic forms,Dirichlet’s conditions,6.21-N-B.E.-AI-ML-sem-III-IV.pdf,2023111,Mathematics for Computer Engineering,11,1,
Quadratic forms,Fourier series of periodic,6.21-N-B.E.-AI-ML-sem-III-IV.pdf,2023111,Mathematics for Computer Engineering,12,1,
Quadratic forms,Fourier series of even and odd functions,6.21-N-B.E.-AI-ML-sem-III-IV.pdf,2023111,Mathematics for Computer Engineering,13,1,
Quadratic forms,Complex form of Fourier Series,6.21-N-B.E.-AI-ML-sem-III-IV.pdf,2023111,Mathematics for Computer Engineering,14,1,
Linear and Non-Linear Programming Problems,Types of solutions,6.21-N-B.E.-AI-ML-sem-III-IV.pdf,2023111,Mathematics for Computer Engineering,1,1,
Linear and Non-Linear Programming Problems,Standard and Canonical of LPP,6.21-N-B.E.-AI-ML-sem-III-IV.pdf,2023111,Mathematics for Computer Engineering,2,1,
Linear and Non-Linear Programming Problems,Basic and Feasible solutions,6.21-N-B.E.-AI-ML-sem-III-IV.pdf,2023111,Mathematics for Computer Engineering,3,1,
Linear and Non-Linear Programming Problems,Simplex method,6.21-N-B.E.-AI-ML-sem-III-IV.pdf,2023111,Mathematics for Computer Engineering,4,1,
Linear and Non-Linear Programming Problems,Artificial variables,6.21-N-B.E.-AI-ML-sem-III-IV.pdf,2023111,Mathematics for Computer Engineering,5,1,
Linear and Non-Linear Programming Problems,Kuhn-Tucker conditions,6.21-N-B.E.-AI-ML-sem-III-IV.pdf,2023111,Mathematics for Computer Engineering,6,1,
Linear and Non-Linear Programming Problems,Introduction to Congruence,6.21-N-B.E.-AI-ML-sem-III-IV.pdf,2023111,Mathematics for Computer Engineering,7,1,
Linear and Non-Linear Programming Problems,Linear congruence,6.21-N-B.E.-AI-ML-sem-III-IV.pdf,2023111,Mathematics for Computer Engineering,8,1,
Linear and Non-Linear Programming Problems,Application of congruence-RSA algorithm,6.21-N-B.E.-AI-ML-sem-III-IV.pdf,2023111,Mathematics for Computer Engineering,9,1,
Linear and Non-Linear Programming Problems,Dirichlet’s conditions,6.21-N-B.E.-AI-ML-sem-III-IV.pdf,2023111,Mathematics for Computer Engineering,10,1,
Linear and Non-Linear Programming Problems,Fourier series of periodic,6.21-N-B.E.-AI-ML-sem-III-IV.pdf,2023111,Mathematics for Computer Engineering,11,1,
Linear and Non-Linear Programming Problems,Fourier series of even and odd functions,6.21-N-B.E.-AI-ML-sem-III-IV.pdf,2023111,Mathematics for Computer Engineering,12,1,
Linear and Non-Linear Programming Problems,Complex form of Fourier Series,6.21-N-B.E.-AI-ML-sem-III-IV.pdf,2023111,Mathematics for Computer Engineering,13,1,
Linear and Non-Linear Programming Problems,Lines of regression,6.21-N-B.E.-AI-ML-sem-III-IV.pdf,2023111,Mathematics for Computer Engineering,14,1,
Types of solutions,Standard and Canonical of LPP,6.21-N-B.E.-AI-ML-sem-III-IV.pdf,2023111,Mathematics for Computer Engineering,1,1,
Types of solutions,Basic and Feasible solutions,6.21-N-B.E.-AI-ML-sem-III-IV.pdf,2023111,Mathematics for Computer Engineering,2,1,
Types of solutions,Simplex method,6.21-N-B.E.-AI-ML-sem-III-IV.pdf,2023111,Mathematics for Computer Engineering,3,1,
Types of solutions,Artificial variables,6.21-N-B.E.-AI-ML-sem-III-IV.pdf,2023111,Mathematics for Computer Engineering,4,1,
Types of solutions,Kuhn-Tucker conditions,6.21-N-B.E.-AI-ML-sem-III-IV.pdf,2023111,Mathematics for Computer Engineering,5,1,
Types of solutions,Introduction to Congruence,6.21-N-B.E.-AI-ML-sem-III-IV.pdf,2023111,Mathematics for Computer Engineering,6,1,
Types of solutions,Linear congruence,6.21-N-B.E.-AI-ML-sem-III-IV.pdf,2023111,Mathematics for Computer Engineering,7,1,
Types of solutions,Application of congruence-RSA algorithm,6.21-N-B.E.-AI-ML-sem-III-IV.pdf,2023111,Mathematics for Computer Engineering,8,1,
Types of solutions,Dirichlet’s conditions,6.21-N-B.E.-AI-ML-sem-III-IV.pdf,2023111,Mathematics for Computer Engineering,9,1,
Types of solutions,Fourier series of periodic,6.21-N-B.E.-AI-ML-sem-III-IV.pdf,2023111,Mathematics for Computer Engineering,10,1,
Types of solutions,Fourier series of even and odd functions,6.21-N-B.E.-AI-ML-sem-III-IV.pdf,2023111,Mathematics for Computer Engineering,11,1,
Types of solutions,Complex form of Fourier Series,6.21-N-B.E.-AI-ML-sem-III-IV.pdf,2023111,Mathematics for Computer Engineering,12,1,
Types of solutions,Lines of regression,6.21-N-B.E.-AI-ML-sem-III-IV.pdf,2023111,Mathematics for Computer Engineering,13,1,
Types of solutions,Moment generating function,6.21-N-B.E.-AI-ML-sem-III-IV.pdf,2023111,Mathematics for Computer Engineering,14,1,
Standard and Canonical of LPP,Basic and Feasible solutions,6.21-N-B.E.-AI-ML-sem-III-IV.pdf,2023111,Mathematics for Computer Engineering,1,1,
Standard and Canonical of LPP,Simplex method,6.21-N-B.E.-AI-ML-sem-III-IV.pdf,2023111,Mathematics for Computer Engineering,2,1,
Standard and Canonical of LPP,Artificial variables,6.21-N-B.E.-AI-ML-sem-III-IV.pdf,2023111,Mathematics for Computer Engineering,3,1,
Standard and Canonical of LPP,Kuhn-Tucker conditions,6.21-N-B.E.-AI-ML-sem-III-IV.pdf,2023111,Mathematics for Computer Engineering,4,1,
Standard and Canonical of LPP,Introduction to Congruence,6.21-N-B.E.-AI-ML-sem-III-IV.pdf,2023111,Mathematics for Computer Engineering,5,1,
Standard and Canonical of LPP,Linear congruence,6.21-N-B.E.-AI-ML-sem-III-IV.pdf,2023111,Mathematics for Computer Engineering,6,1,
Standard and Canonical of LPP,Application of congruence-RSA algorithm,6.21-N-B.E.-AI-ML-sem-III-IV.pdf,2023111,Mathematics for Computer Engineering,7,1,
Standard and Canonical of LPP,Dirichlet’s conditions,6.21-N-B.E.-AI-ML-sem-III-IV.pdf,2023111,Mathematics for Computer Engineering,8,1,
Standard and Canonical of LPP,Fourier series of periodic,6.21-N-B.E.-AI-ML-sem-III-IV.pdf,2023111,Mathematics for Computer Engineering,9,1,
Standard and Canonical of LPP,Fourier series of even and odd functions,6.21-N-B.E.-AI-ML-sem-III-IV.pdf,2023111,Mathematics for Computer Engineering,10,1,
Standard and Canonical of LPP,Complex form of Fourier Series,6.21-N-B.E.-AI-ML-sem-III-IV.pdf,2023111,Mathematics for Computer Engineering,11,1,
Standard and Canonical of LPP,Lines of regression,6.21-N-B.E.-AI-ML-sem-III-IV.pdf,2023111,Mathematics for Computer Engineering,12,1,
Standard and Canonical of LPP,Moment generating function,6.21-N-B.E.-AI-ML-sem-III-IV.pdf,2023111,Mathematics for Computer Engineering,13,1,
Standard and Canonical of LPP,Raw moments,6.21-N-B.E.-AI-ML-sem-III-IV.pdf,2023111,Mathematics for Computer Engineering,14,1,
Basic and Feasible solutions,Simplex method,6.21-N-B.E.-AI-ML-sem-III-IV.pdf,2023111,Mathematics for Computer Engineering,1,1,
Basic and Feasible solutions,Artificial variables,6.21-N-B.E.-AI-ML-sem-III-IV.pdf,2023111,Mathematics for Computer Engineering,2,1,
Basic and Feasible solutions,Kuhn-Tucker conditions,6.21-N-B.E.-AI-ML-sem-III-IV.pdf,2023111,Mathematics for Computer Engineering,3,1,
Basic and Feasible solutions,Introduction to Congruence,6.21-N-B.E.-AI-ML-sem-III-IV.pdf,2023111,Mathematics for Computer Engineering,4,1,
Basic and Feasible solutions,Linear congruence,6.21-N-B.E.-AI-ML-sem-III-IV.pdf,2023111,Mathematics for Computer Engineering,5,1,
Basic and Feasible solutions,Application of congruence-RSA algorithm,6.21-N-B.E.-AI-ML-sem-III-IV.pdf,2023111,Mathematics for Computer Engineering,6,1,
Basic and Feasible solutions,Dirichlet’s conditions,6.21-N-B.E.-AI-ML-sem-III-IV.pdf,2023111,Mathematics for Computer Engineering,7,1,
Basic and Feasible solutions,Fourier series of periodic,6.21-N-B.E.-AI-ML-sem-III-IV.pdf,2023111,Mathematics for Computer Engineering,8,1,
Basic and Feasible solutions,Fourier series of even and odd functions,6.21-N-B.E.-AI-ML-sem-III-IV.pdf,2023111,Mathematics for Computer Engineering,9,1,
Basic and Feasible solutions,Complex form of Fourier Series,6.21-N-B.E.-AI-ML-sem-III-IV.pdf,2023111,Mathematics for Computer Engineering,10,1,
Basic and Feasible solutions,Lines of regression,6.21-N-B.E.-AI-ML-sem-III-IV.pdf,2023111,Mathematics for Computer Engineering,11,1,
Basic and Feasible solutions,Moment generating function,6.21-N-B.E.-AI-ML-sem-III-IV.pdf,2023111,Mathematics for Computer Engineering,12,1,
Basic and Feasible solutions,Raw moments,6.21-N-B.E.-AI-ML-sem-III-IV.pdf,2023111,Mathematics for Computer Engineering,13,1,
Simplex method,Artificial variables,6.21-N-B.E.-AI-ML-sem-III-IV.pdf,2023111,Mathematics for Computer Engineering,1,1,
Simplex method,Kuhn-Tucker conditions,6.21-N-B.E.-AI-ML-sem-III-IV.pdf,2023111,Mathematics for Computer Engineering,2,1,
Simplex method,Introduction to Congruence,6.21-N-B.E.-AI-ML-sem-III-IV.pdf,2023111,Mathematics for Computer Engineering,3,1,
Simplex method,Linear congruence,6.21-N-B.E.-AI-ML-sem-III-IV.pdf,2023111,Mathematics for Computer Engineering,4,1,
Simplex method,Application of congruence-RSA algorithm,6.21-N-B.E.-AI-ML-sem-III-IV.pdf,2023111,Mathematics for Computer Engineering,5,1,
Simplex method,Dirichlet’s conditions,6.21-N-B.E.-AI-ML-sem-III-IV.pdf,2023111,Mathematics for Computer Engineering,6,1,
Simplex method,Fourier series of periodic,6.21-N-B.E.-AI-ML-sem-III-IV.pdf,2023111,Mathematics for Computer Engineering,7,1,
Simplex method,Fourier series of even and odd functions,6.21-N-B.E.-AI-ML-sem-III-IV.pdf,2023111,Mathematics for Computer Engineering,8,1,
Simplex method,Complex form of Fourier Series,6.21-N-B.E.-AI-ML-sem-III-IV.pdf,2023111,Mathematics for Computer Engineering,9,1,
Simplex method,Lines of regression,6.21-N-B.E.-AI-ML-sem-III-IV.pdf,2023111,Mathematics for Computer Engineering,10,1,
Simplex method,Moment generating function,6.21-N-B.E.-AI-ML-sem-III-IV.pdf,2023111,Mathematics for Computer Engineering,11,1,
Simplex method,Raw moments,6.21-N-B.E.-AI-ML-sem-III-IV.pdf,2023111,Mathematics for Computer Engineering,12,1,
Artificial variables,Kuhn-Tucker conditions,6.21-N-B.E.-AI-ML-sem-III-IV.pdf,2023111,Mathematics for Computer Engineering,1,1,
Artificial variables,Introduction to Congruence,6.21-N-B.E.-AI-ML-sem-III-IV.pdf,2023111,Mathematics for Computer Engineering,2,1,
Artificial variables,Linear congruence,6.21-N-B.E.-AI-ML-sem-III-IV.pdf,2023111,Mathematics for Computer Engineering,3,1,
Artificial variables,Application of congruence-RSA algorithm,6.21-N-B.E.-AI-ML-sem-III-IV.pdf,2023111,Mathematics for Computer Engineering,4,1,
Artificial variables,Dirichlet’s conditions,6.21-N-B.E.-AI-ML-sem-III-IV.pdf,2023111,Mathematics for Computer Engineering,5,1,
Artificial variables,Fourier series of periodic,6.21-N-B.E.-AI-ML-sem-III-IV.pdf,2023111,Mathematics for Computer Engineering,6,1,
Artificial variables,Fourier series of even and odd functions,6.21-N-B.E.-AI-ML-sem-III-IV.pdf,2023111,Mathematics for Computer Engineering,7,1,
Artificial variables,Complex form of Fourier Series,6.21-N-B.E.-AI-ML-sem-III-IV.pdf,2023111,Mathematics for Computer Engineering,8,1,
Artificial variables,Lines of regression,6.21-N-B.E.-AI-ML-sem-III-IV.pdf,2023111,Mathematics for Computer Engineering,9,1,
Artificial variables,Moment generating function,6.21-N-B.E.-AI-ML-sem-III-IV.pdf,2023111,Mathematics for Computer Engineering,10,1,
Artificial variables,Raw moments,6.21-N-B.E.-AI-ML-sem-III-IV.pdf,2023111,Mathematics for Computer Engineering,11,1,
Kuhn-Tucker conditions,Introduction to Congruence,6.21-N-B.E.-AI-ML-sem-III-IV.pdf,2023111,Mathematics for Computer Engineering,1,1,
Kuhn-Tucker conditions,Linear congruence,6.21-N-B.E.-AI-ML-sem-III-IV.pdf,2023111,Mathematics for Computer Engineering,2,1,
Kuhn-Tucker conditions,Application of congruence-RSA algorithm,6.21-N-B.E.-AI-ML-sem-III-IV.pdf,2023111,Mathematics for Computer Engineering,3,1,
Kuhn-Tucker conditions,Dirichlet’s conditions,6.21-N-B.E.-AI-ML-sem-III-IV.pdf,2023111,Mathematics for Computer Engineering,4,1,
Kuhn-Tucker conditions,Fourier series of periodic,6.21-N-B.E.-AI-ML-sem-III-IV.pdf,2023111,Mathematics for Computer Engineering,5,1,
Kuhn-Tucker conditions,Fourier series of even and odd functions,6.21-N-B.E.-AI-ML-sem-III-IV.pdf,2023111,Mathematics for Computer Engineering,6,1,
Kuhn-Tucker conditions,Complex form of Fourier Series,6.21-N-B.E.-AI-ML-sem-III-IV.pdf,2023111,Mathematics for Computer Engineering,7,1,
Kuhn-Tucker conditions,Lines of regression,6.21-N-B.E.-AI-ML-sem-III-IV.pdf,2023111,Mathematics for Computer Engineering,8,1,
Kuhn-Tucker conditions,Moment generating function,6.21-N-B.E.-AI-ML-sem-III-IV.pdf,2023111,Mathematics for Computer Engineering,9,1,
Kuhn-Tucker conditions,Raw moments,6.21-N-B.E.-AI-ML-sem-III-IV.pdf,2023111,Mathematics for Computer Engineering,10,1,
Introduction to Congruence,Linear congruence,6.21-N-B.E.-AI-ML-sem-III-IV.pdf,2023111,Mathematics for Computer Engineering,1,1,
Introduction to Congruence,Application of congruence-RSA algorithm,6.21-N-B.E.-AI-ML-sem-III-IV.pdf,2023111,Mathematics for Computer Engineering,2,1,
Introduction to Congruence,Dirichlet’s conditions,6.21-N-B.E.-AI-ML-sem-III-IV.pdf,2023111,Mathematics for Computer Engineering,3,1,
Introduction to Congruence,Fourier series of periodic,6.21-N-B.E.-AI-ML-sem-III-IV.pdf,2023111,Mathematics for Computer Engineering,4,1,
Introduction to Congruence,Fourier series of even and odd functions,6.21-N-B.E.-AI-ML-sem-III-IV.pdf,2023111,Mathematics for Computer Engineering,5,1,
Introduction to Congruence,Complex form of Fourier Series,6.21-N-B.E.-AI-ML-sem-III-IV.pdf,2023111,Mathematics for Computer Engineering,6,1,
Introduction to Congruence,Lines of regression,6.21-N-B.E.-AI-ML-sem-III-IV.pdf,2023111,Mathematics for Computer Engineering,7,1,
Introduction to Congruence,Moment generating function,6.21-N-B.E.-AI-ML-sem-III-IV.pdf,2023111,Mathematics for Computer Engineering,8,1,
Introduction to Congruence,Raw moments,6.21-N-B.E.-AI-ML-sem-III-IV.pdf,2023111,Mathematics for Computer Engineering,9,1,
Linear congruence,Application of congruence-RSA algorithm,6.21-N-B.E.-AI-ML-sem-III-IV.pdf,2023111,Mathematics for Computer Engineering,1,1,
Linear congruence,Dirichlet’s conditions,6.21-N-B.E.-AI-ML-sem-III-IV.pdf,2023111,Mathematics for Computer Engineering,2,1,
Linear congruence,Fourier series of periodic,6.21-N-B.E.-AI-ML-sem-III-IV.pdf,2023111,Mathematics for Computer Engineering,3,1,
Linear congruence,Fourier series of even and odd functions,6.21-N-B.E.-AI-ML-sem-III-IV.pdf,2023111,Mathematics for Computer Engineering,4,1,
Linear congruence,Complex form of Fourier Series,6.21-N-B.E.-AI-ML-sem-III-IV.pdf,2023111,Mathematics for Computer Engineering,5,1,
Linear congruence,Lines of regression,6.21-N-B.E.-AI-ML-sem-III-IV.pdf,2023111,Mathematics for Computer Engineering,6,1,
Linear congruence,Moment generating function,6.21-N-B.E.-AI-ML-sem-III-IV.pdf,2023111,Mathematics for Computer Engineering,7,1,
Linear congruence,Raw moments,6.21-N-B.E.-AI-ML-sem-III-IV.pdf,2023111,Mathematics for Computer Engineering,8,1,
Application of congruence-RSA algorithm,Dirichlet’s conditions,6.21-N-B.E.-AI-ML-sem-III-IV.pdf,2023111,Mathematics for Computer Engineering,1,1,
Application of congruence-RSA algorithm,Fourier series of periodic,6.21-N-B.E.-AI-ML-sem-III-IV.pdf,2023111,Mathematics for Computer Engineering,2,1,
Application of congruence-RSA algorithm,Fourier series of even and odd functions,6.21-N-B.E.-AI-ML-sem-III-IV.pdf,2023111,Mathematics for Computer Engineering,3,1,
Application of congruence-RSA algorithm,Complex form of Fourier Series,6.21-N-B.E.-AI-ML-sem-III-IV.pdf,2023111,Mathematics for Computer Engineering,4,1,
Application of congruence-RSA algorithm,Lines of regression,6.21-N-B.E.-AI-ML-sem-III-IV.pdf,2023111,Mathematics for Computer Engineering,5,1,
Application of congruence-RSA algorithm,Moment generating function,6.21-N-B.E.-AI-ML-sem-III-IV.pdf,2023111,Mathematics for Computer Engineering,6,1,
Application of congruence-RSA algorithm,Raw moments,6.21-N-B.E.-AI-ML-sem-III-IV.pdf,2023111,Mathematics for Computer Engineering,7,1,
Dirichlet’s conditions,Fourier series of periodic,6.21-N-B.E.-AI-ML-sem-III-IV.pdf,2023111,Mathematics for Computer Engineering,1,1,
Dirichlet’s conditions,Fourier series of even and odd functions,6.21-N-B.E.-AI-ML-sem-III-IV.pdf,2023111,Mathematics for Computer Engineering,2,1,
Dirichlet’s conditions,Complex form of Fourier Series,6.21-N-B.E.-AI-ML-sem-III-IV.pdf,2023111,Mathematics for Computer Engineering,3,1,
Dirichlet’s conditions,Lines of regression,6.21-N-B.E.-AI-ML-sem-III-IV.pdf,2023111,Mathematics for Computer Engineering,4,1,
Dirichlet’s conditions,Moment generating function,6.21-N-B.E.-AI-ML-sem-III-IV.pdf,2023111,Mathematics for Computer Engineering,5,1,
Dirichlet’s conditions,Raw moments,6.21-N-B.E.-AI-ML-sem-III-IV.pdf,2023111,Mathematics for Computer Engineering,6,1,
Fourier series of periodic,Fourier series of even and odd functions,6.21-N-B.E.-AI-ML-sem-III-IV.pdf,2023111,Mathematics for Computer Engineering,1,1,
Fourier series of periodic,Complex form of Fourier Series,6.21-N-B.E.-AI-ML-sem-III-IV.pdf,2023111,Mathematics for Computer Engineering,2,1,
Fourier series of periodic,Lines of regression,6.21-N-B.E.-AI-ML-sem-III-IV.pdf,2023111,Mathematics for Computer Engineering,3,1,
Fourier series of periodic,Moment generating function,6.21-N-B.E.-AI-ML-sem-III-IV.pdf,2023111,Mathematics for Computer Engineering,4,1,
Fourier series of periodic,Raw moments,6.21-N-B.E.-AI-ML-sem-III-IV.pdf,2023111,Mathematics for Computer Engineering,5,1,
Fourier series of even and odd functions,Complex form of Fourier Series,6.21-N-B.E.-AI-ML-sem-III-IV.pdf,2023111,Mathematics for Computer Engineering,1,1,
Fourier series of even and odd functions,Lines of regression,6.21-N-B.E.-AI-ML-sem-III-IV.pdf,2023111,Mathematics for Computer Engineering,2,1,
Fourier series of even and odd functions,Moment generating function,6.21-N-B.E.-AI-ML-sem-III-IV.pdf,2023111,Mathematics for Computer Engineering,3,1,
Fourier series of even and odd functions,Raw moments,6.21-N-B.E.-AI-ML-sem-III-IV.pdf,2023111,Mathematics for Computer Engineering,4,1,
Complex form of Fourier Series,Lines of regression,6.21-N-B.E.-AI-ML-sem-III-IV.pdf,2023111,Mathematics for Computer Engineering,1,1,
Complex form of Fourier Series,Moment generating function,6.21-N-B.E.-AI-ML-sem-III-IV.pdf,2023111,Mathematics for Computer Engineering,2,1,
Complex form of Fourier Series,Raw moments,6.21-N-B.E.-AI-ML-sem-III-IV.pdf,2023111,Mathematics for Computer Engineering,3,1,
Lines of regression,Moment generating function,6.21-N-B.E.-AI-ML-sem-III-IV.pdf,2023111,Mathematics for Computer Engineering,1,1,
Lines of regression,Raw moments,6.21-N-B.E.-AI-ML-sem-III-IV.pdf,2023111,Mathematics for Computer Engineering,2,1,
Moment generating function,Raw moments,6.21-N-B.E.-AI-ML-sem-III-IV.pdf,2023111,Mathematics for Computer Engineering,1,1,
Propositional and Predicate Logic,Determining risk,6.21-N-B.E.-AI-ML-sem-III-IV.pdf,2023112,Discrete Structures and Graph,1,1,
Propositional and Predicate Logic,Taxes and tax brackets,6.21-N-B.E.-AI-ML-sem-III-IV.pdf,2023112,Discrete Structures and Graph,2,1,
Propositional and Predicate Logic,Vending machines,6.21-N-B.E.-AI-ML-sem-III-IV.pdf,2023112,Discrete Structures and Graph,3,1,
Propositional and Predicate Logic,"Counting Pigeonhole Principle, Inclusion-Exclusion Principle. Recurrence relations, Solving recurrence relations",6.21-N-B.E.-AI-ML-sem-III-IV.pdf,2023112,Discrete Structures and Graph,4,1,
Determining risk,Taxes and tax brackets,6.21-N-B.E.-AI-ML-sem-III-IV.pdf,2023112,Discrete Structures and Graph,1,1,
Determining risk,Vending machines,6.21-N-B.E.-AI-ML-sem-III-IV.pdf,2023112,Discrete Structures and Graph,2,1,
Determining risk,"Counting Pigeonhole Principle, Inclusion-Exclusion Principle. Recurrence relations, Solving recurrence relations",6.21-N-B.E.-AI-ML-sem-III-IV.pdf,2023112,Discrete Structures and Graph,3,1,
Taxes and tax brackets,Vending machines,6.21-N-B.E.-AI-ML-sem-III-IV.pdf,2023112,Discrete Structures and Graph,1,1,
Taxes and tax brackets,"Counting Pigeonhole Principle, Inclusion-Exclusion Principle. Recurrence relations, Solving recurrence relations",6.21-N-B.E.-AI-ML-sem-III-IV.pdf,2023112,Discrete Structures and Graph,2,1,
Vending machines,"Counting Pigeonhole Principle, Inclusion-Exclusion Principle. Recurrence relations, Solving recurrence relations",6.21-N-B.E.-AI-ML-sem-III-IV.pdf,2023112,Discrete Structures and Graph,1,1,
RE in text search and replace,Application of Regular,6.21-N-B.E.-AI-ML-sem-III-IV.pdf,2024111,Computational,1,1,
RE in text search and replace,Languages in Compiler Design,6.21-N-B.E.-AI-ML-sem-III-IV.pdf,2024111,Computational,2,1,
RE in text search and replace,Nondeterministic Finite Automata (NFA): Definitions,6.21-N-B.E.-AI-ML-sem-III-IV.pdf,2024111,Computational,3,1,
RE in text search and replace,Equivalence between NFA with and ϵ- transitions,6.21-N-B.E.-AI-ML-sem-III-IV.pdf,2024111,Computational,4,1,
RE in text search and replace,Minimization of DFA,6.21-N-B.E.-AI-ML-sem-III-IV.pdf,2024111,Computational,5,1,
Application of Regular,Languages in Compiler Design,6.21-N-B.E.-AI-ML-sem-III-IV.pdf,2024111,Computational,1,1,
Application of Regular,Nondeterministic Finite Automata (NFA): Definitions,6.21-N-B.E.-AI-ML-sem-III-IV.pdf,2024111,Computational,2,1,
Application of Regular,Equivalence between NFA with and ϵ- transitions,6.21-N-B.E.-AI-ML-sem-III-IV.pdf,2024111,Computational,3,1,
Application of Regular,Minimization of DFA,6.21-N-B.E.-AI-ML-sem-III-IV.pdf,2024111,Computational,4,1,
Languages in Compiler Design,Nondeterministic Finite Automata (NFA): Definitions,6.21-N-B.E.-AI-ML-sem-III-IV.pdf,2024111,Computational,1,1,
Languages in Compiler Design,Equivalence between NFA with and ϵ- transitions,6.21-N-B.E.-AI-ML-sem-III-IV.pdf,2024111,Computational,2,1,
Languages in Compiler Design,Minimization of DFA,6.21-N-B.E.-AI-ML-sem-III-IV.pdf,2024111,Computational,3,1,
Nondeterministic Finite Automata (NFA): Definitions,Equivalence between NFA with and ϵ- transitions,6.21-N-B.E.-AI-ML-sem-III-IV.pdf,2024111,Computational,1,1,
Nondeterministic Finite Automata (NFA): Definitions,Minimization of DFA,6.21-N-B.E.-AI-ML-sem-III-IV.pdf,2024111,Computational,2,1,
Equivalence between NFA with and ϵ- transitions,Minimization of DFA,6.21-N-B.E.-AI-ML-sem-III-IV.pdf,2024111,Computational,1,1,
Definition of Laplace transform,Condition of Existence,6.23-N-B.E.-Civil-Engineeing-Sem-III-IV.pdf,2093111,Applied Mathematics for Civil,1,1,
Definition of Laplace transform,Laplace Transform (L) of Standard,6.23-N-B.E.-Civil-Engineeing-Sem-III-IV.pdf,2093111,Applied Mathematics for Civil,2,1,
Definition of Laplace transform,Functions like 𝑒𝑎𝑡,6.23-N-B.E.-Civil-Engineeing-Sem-III-IV.pdf,2093111,Applied Mathematics for Civil,3,1,
Definition of Laplace transform,Properties of Laplace Transform: Linearity,6.23-N-B.E.-Civil-Engineeing-Sem-III-IV.pdf,2093111,Applied Mathematics for Civil,4,1,
Definition of Laplace transform,Transform of Periodic functions,6.23-N-B.E.-Civil-Engineeing-Sem-III-IV.pdf,2093111,Applied Mathematics for Civil,5,1,
Definition of Laplace transform,Dirac Delta Function,6.23-N-B.E.-Civil-Engineeing-Sem-III-IV.pdf,2093111,Applied Mathematics for Civil,6,1,
Definition of Laplace transform,Inverse Laplace Transform,6.23-N-B.E.-Civil-Engineeing-Sem-III-IV.pdf,2093111,Applied Mathematics for Civil,7,1,
Definition of Laplace transform,Linearity property,6.23-N-B.E.-Civil-Engineeing-Sem-III-IV.pdf,2093111,Applied Mathematics for Civil,8,1,
Definition of Laplace transform,Partial fractions method & first shift property to find,6.23-N-B.E.-Civil-Engineeing-Sem-III-IV.pdf,2093111,Applied Mathematics for Civil,9,1,
Definition of Laplace transform,Inverse Laplace transform using Convolution theorem,6.23-N-B.E.-Civil-Engineeing-Sem-III-IV.pdf,2093111,Applied Mathematics for Civil,10,1,
Definition of Laplace transform,Dirichlet’s conditions,6.23-N-B.E.-Civil-Engineeing-Sem-III-IV.pdf,2093111,Applied Mathematics for Civil,11,1,
Definition of Laplace transform,Definition of Fourier series. Fourier,6.23-N-B.E.-Civil-Engineeing-Sem-III-IV.pdf,2093111,Applied Mathematics for Civil,12,1,
Definition of Laplace transform,Fourier series of even and odd functions. (No question,6.23-N-B.E.-Civil-Engineeing-Sem-III-IV.pdf,2093111,Applied Mathematics for Civil,13,1,
Definition of Laplace transform,Half range Sine and Cosine Series,6.23-N-B.E.-Civil-Engineeing-Sem-III-IV.pdf,2093111,Applied Mathematics for Civil,14,1,
Condition of Existence,Laplace Transform (L) of Standard,6.23-N-B.E.-Civil-Engineeing-Sem-III-IV.pdf,2093111,Applied Mathematics for Civil,1,1,
Condition of Existence,Functions like 𝑒𝑎𝑡,6.23-N-B.E.-Civil-Engineeing-Sem-III-IV.pdf,2093111,Applied Mathematics for Civil,2,1,
Condition of Existence,Properties of Laplace Transform: Linearity,6.23-N-B.E.-Civil-Engineeing-Sem-III-IV.pdf,2093111,Applied Mathematics for Civil,3,1,
Condition of Existence,Transform of Periodic functions,6.23-N-B.E.-Civil-Engineeing-Sem-III-IV.pdf,2093111,Applied Mathematics for Civil,4,1,
Condition of Existence,Dirac Delta Function,6.23-N-B.E.-Civil-Engineeing-Sem-III-IV.pdf,2093111,Applied Mathematics for Civil,5,1,
Condition of Existence,Inverse Laplace Transform,6.23-N-B.E.-Civil-Engineeing-Sem-III-IV.pdf,2093111,Applied Mathematics for Civil,6,1,
Condition of Existence,Linearity property,6.23-N-B.E.-Civil-Engineeing-Sem-III-IV.pdf,2093111,Applied Mathematics for Civil,7,1,
Condition of Existence,Partial fractions method & first shift property to find,6.23-N-B.E.-Civil-Engineeing-Sem-III-IV.pdf,2093111,Applied Mathematics for Civil,8,1,
Condition of Existence,Inverse Laplace transform using Convolution theorem,6.23-N-B.E.-Civil-Engineeing-Sem-III-IV.pdf,2093111,Applied Mathematics for Civil,9,1,
Condition of Existence,Dirichlet’s conditions,6.23-N-B.E.-Civil-Engineeing-Sem-III-IV.pdf,2093111,Applied Mathematics for Civil,10,1,
Condition of Existence,Definition of Fourier series. Fourier,6.23-N-B.E.-Civil-Engineeing-Sem-III-IV.pdf,2093111,Applied Mathematics for Civil,11,1,
Condition of Existence,Fourier series of even and odd functions. (No question,6.23-N-B.E.-Civil-Engineeing-Sem-III-IV.pdf,2093111,Applied Mathematics for Civil,12,1,
Condition of Existence,Half range Sine and Cosine Series,6.23-N-B.E.-Civil-Engineeing-Sem-III-IV.pdf,2093111,Applied Mathematics for Civil,13,1,
Condition of Existence,Parseval’s Identity,6.23-N-B.E.-Civil-Engineeing-Sem-III-IV.pdf,2093111,Applied Mathematics for Civil,14,1,
Laplace Transform (L) of Standard,Functions like 𝑒𝑎𝑡,6.23-N-B.E.-Civil-Engineeing-Sem-III-IV.pdf,2093111,Applied Mathematics for Civil,1,1,
Laplace Transform (L) of Standard,Properties of Laplace Transform: Linearity,6.23-N-B.E.-Civil-Engineeing-Sem-III-IV.pdf,2093111,Applied Mathematics for Civil,2,1,
Laplace Transform (L) of Standard,Transform of Periodic functions,6.23-N-B.E.-Civil-Engineeing-Sem-III-IV.pdf,2093111,Applied Mathematics for Civil,3,1,
Laplace Transform (L) of Standard,Dirac Delta Function,6.23-N-B.E.-Civil-Engineeing-Sem-III-IV.pdf,2093111,Applied Mathematics for Civil,4,1,
Laplace Transform (L) of Standard,Inverse Laplace Transform,6.23-N-B.E.-Civil-Engineeing-Sem-III-IV.pdf,2093111,Applied Mathematics for Civil,5,1,
Laplace Transform (L) of Standard,Linearity property,6.23-N-B.E.-Civil-Engineeing-Sem-III-IV.pdf,2093111,Applied Mathematics for Civil,6,1,
Laplace Transform (L) of Standard,Partial fractions method & first shift property to find,6.23-N-B.E.-Civil-Engineeing-Sem-III-IV.pdf,2093111,Applied Mathematics for Civil,7,1,
Laplace Transform (L) of Standard,Inverse Laplace transform using Convolution theorem,6.23-N-B.E.-Civil-Engineeing-Sem-III-IV.pdf,2093111,Applied Mathematics for Civil,8,1,
Laplace Transform (L) of Standard,Dirichlet’s conditions,6.23-N-B.E.-Civil-Engineeing-Sem-III-IV.pdf,2093111,Applied Mathematics for Civil,9,1,
Laplace Transform (L) of Standard,Definition of Fourier series. Fourier,6.23-N-B.E.-Civil-Engineeing-Sem-III-IV.pdf,2093111,Applied Mathematics for Civil,10,1,
Laplace Transform (L) of Standard,Fourier series of even and odd functions. (No question,6.23-N-B.E.-Civil-Engineeing-Sem-III-IV.pdf,2093111,Applied Mathematics for Civil,11,1,
Laplace Transform (L) of Standard,Half range Sine and Cosine Series,6.23-N-B.E.-Civil-Engineeing-Sem-III-IV.pdf,2093111,Applied Mathematics for Civil,12,1,
Laplace Transform (L) of Standard,Parseval’s Identity,6.23-N-B.E.-Civil-Engineeing-Sem-III-IV.pdf,2093111,Applied Mathematics for Civil,13,1,
Laplace Transform (L) of Standard,Function f(z) of complex variable,6.23-N-B.E.-Civil-Engineeing-Sem-III-IV.pdf,2093111,Applied Mathematics for Civil,14,1,
Functions like 𝑒𝑎𝑡,Properties of Laplace Transform: Linearity,6.23-N-B.E.-Civil-Engineeing-Sem-III-IV.pdf,2093111,Applied Mathematics for Civil,1,1,
Functions like 𝑒𝑎𝑡,Transform of Periodic functions,6.23-N-B.E.-Civil-Engineeing-Sem-III-IV.pdf,2093111,Applied Mathematics for Civil,2,1,
Functions like 𝑒𝑎𝑡,Dirac Delta Function,6.23-N-B.E.-Civil-Engineeing-Sem-III-IV.pdf,2093111,Applied Mathematics for Civil,3,1,
Functions like 𝑒𝑎𝑡,Inverse Laplace Transform,6.23-N-B.E.-Civil-Engineeing-Sem-III-IV.pdf,2093111,Applied Mathematics for Civil,4,1,
Functions like 𝑒𝑎𝑡,Linearity property,6.23-N-B.E.-Civil-Engineeing-Sem-III-IV.pdf,2093111,Applied Mathematics for Civil,5,1,
Functions like 𝑒𝑎𝑡,Partial fractions method & first shift property to find,6.23-N-B.E.-Civil-Engineeing-Sem-III-IV.pdf,2093111,Applied Mathematics for Civil,6,1,
Functions like 𝑒𝑎𝑡,Inverse Laplace transform using Convolution theorem,6.23-N-B.E.-Civil-Engineeing-Sem-III-IV.pdf,2093111,Applied Mathematics for Civil,7,1,
Functions like 𝑒𝑎𝑡,Dirichlet’s conditions,6.23-N-B.E.-Civil-Engineeing-Sem-III-IV.pdf,2093111,Applied Mathematics for Civil,8,1,
Functions like 𝑒𝑎𝑡,Definition of Fourier series. Fourier,6.23-N-B.E.-Civil-Engineeing-Sem-III-IV.pdf,2093111,Applied Mathematics for Civil,9,1,
Functions like 𝑒𝑎𝑡,Fourier series of even and odd functions. (No question,6.23-N-B.E.-Civil-Engineeing-Sem-III-IV.pdf,2093111,Applied Mathematics for Civil,10,1,
Functions like 𝑒𝑎𝑡,Half range Sine and Cosine Series,6.23-N-B.E.-Civil-Engineeing-Sem-III-IV.pdf,2093111,Applied Mathematics for Civil,11,1,
Functions like 𝑒𝑎𝑡,Parseval’s Identity,6.23-N-B.E.-Civil-Engineeing-Sem-III-IV.pdf,2093111,Applied Mathematics for Civil,12,1,
Functions like 𝑒𝑎𝑡,Function f(z) of complex variable,6.23-N-B.E.-Civil-Engineeing-Sem-III-IV.pdf,2093111,Applied Mathematics for Civil,13,1,
Functions like 𝑒𝑎𝑡,Analytic function,6.23-N-B.E.-Civil-Engineeing-Sem-III-IV.pdf,2093111,Applied Mathematics for Civil,14,1,
Properties of Laplace Transform: Linearity,Transform of Periodic functions,6.23-N-B.E.-Civil-Engineeing-Sem-III-IV.pdf,2093111,Applied Mathematics for Civil,1,1,
Properties of Laplace Transform: Linearity,Dirac Delta Function,6.23-N-B.E.-Civil-Engineeing-Sem-III-IV.pdf,2093111,Applied Mathematics for Civil,2,1,
Properties of Laplace Transform: Linearity,Inverse Laplace Transform,6.23-N-B.E.-Civil-Engineeing-Sem-III-IV.pdf,2093111,Applied Mathematics for Civil,3,1,
Properties of Laplace Transform: Linearity,Linearity property,6.23-N-B.E.-Civil-Engineeing-Sem-III-IV.pdf,2093111,Applied Mathematics for Civil,4,1,
Properties of Laplace Transform: Linearity,Partial fractions method & first shift property to find,6.23-N-B.E.-Civil-Engineeing-Sem-III-IV.pdf,2093111,Applied Mathematics for Civil,5,1,
Properties of Laplace Transform: Linearity,Inverse Laplace transform using Convolution theorem,6.23-N-B.E.-Civil-Engineeing-Sem-III-IV.pdf,2093111,Applied Mathematics for Civil,6,1,
Properties of Laplace Transform: Linearity,Dirichlet’s conditions,6.23-N-B.E.-Civil-Engineeing-Sem-III-IV.pdf,2093111,Applied Mathematics for Civil,7,1,
Properties of Laplace Transform: Linearity,Definition of Fourier series. Fourier,6.23-N-B.E.-Civil-Engineeing-Sem-III-IV.pdf,2093111,Applied Mathematics for Civil,8,1,
Properties of Laplace Transform: Linearity,Fourier series of even and odd functions. (No question,6.23-N-B.E.-Civil-Engineeing-Sem-III-IV.pdf,2093111,Applied Mathematics for Civil,9,1,
Properties of Laplace Transform: Linearity,Half range Sine and Cosine Series,6.23-N-B.E.-Civil-Engineeing-Sem-III-IV.pdf,2093111,Applied Mathematics for Civil,10,1,
Properties of Laplace Transform: Linearity,Parseval’s Identity,6.23-N-B.E.-Civil-Engineeing-Sem-III-IV.pdf,2093111,Applied Mathematics for Civil,11,1,
Properties of Laplace Transform: Linearity,Function f(z) of complex variable,6.23-N-B.E.-Civil-Engineeing-Sem-III-IV.pdf,2093111,Applied Mathematics for Civil,12,1,
Properties of Laplace Transform: Linearity,Analytic function,6.23-N-B.E.-Civil-Engineeing-Sem-III-IV.pdf,2093111,Applied Mathematics for Civil,13,1,
Properties of Laplace Transform: Linearity,Cauchy-Riemann  equations  in  cartesian  coordinates,6.23-N-B.E.-Civil-Engineeing-Sem-III-IV.pdf,2093111,Applied Mathematics for Civil,14,1,
Transform of Periodic functions,Dirac Delta Function,6.23-N-B.E.-Civil-Engineeing-Sem-III-IV.pdf,2093111,Applied Mathematics for Civil,1,1,
Transform of Periodic functions,Inverse Laplace Transform,6.23-N-B.E.-Civil-Engineeing-Sem-III-IV.pdf,2093111,Applied Mathematics for Civil,2,1,
Transform of Periodic functions,Linearity property,6.23-N-B.E.-Civil-Engineeing-Sem-III-IV.pdf,2093111,Applied Mathematics for Civil,3,1,
Transform of Periodic functions,Partial fractions method & first shift property to find,6.23-N-B.E.-Civil-Engineeing-Sem-III-IV.pdf,2093111,Applied Mathematics for Civil,4,1,
Transform of Periodic functions,Inverse Laplace transform using Convolution theorem,6.23-N-B.E.-Civil-Engineeing-Sem-III-IV.pdf,2093111,Applied Mathematics for Civil,5,1,
Transform of Periodic functions,Dirichlet’s conditions,6.23-N-B.E.-Civil-Engineeing-Sem-III-IV.pdf,2093111,Applied Mathematics for Civil,6,1,
Transform of Periodic functions,Definition of Fourier series. Fourier,6.23-N-B.E.-Civil-Engineeing-Sem-III-IV.pdf,2093111,Applied Mathematics for Civil,7,1,
Transform of Periodic functions,Fourier series of even and odd functions. (No question,6.23-N-B.E.-Civil-Engineeing-Sem-III-IV.pdf,2093111,Applied Mathematics for Civil,8,1,
Transform of Periodic functions,Half range Sine and Cosine Series,6.23-N-B.E.-Civil-Engineeing-Sem-III-IV.pdf,2093111,Applied Mathematics for Civil,9,1,
Transform of Periodic functions,Parseval’s Identity,6.23-N-B.E.-Civil-Engineeing-Sem-III-IV.pdf,2093111,Applied Mathematics for Civil,10,1,
Transform of Periodic functions,Function f(z) of complex variable,6.23-N-B.E.-Civil-Engineeing-Sem-III-IV.pdf,2093111,Applied Mathematics for Civil,11,1,
Transform of Periodic functions,Analytic function,6.23-N-B.E.-Civil-Engineeing-Sem-III-IV.pdf,2093111,Applied Mathematics for Civil,12,1,
Transform of Periodic functions,Cauchy-Riemann  equations  in  cartesian  coordinates,6.23-N-B.E.-Civil-Engineeing-Sem-III-IV.pdf,2093111,Applied Mathematics for Civil,13,1,
Transform of Periodic functions,Harmonic function,6.23-N-B.E.-Civil-Engineeing-Sem-III-IV.pdf,2093111,Applied Mathematics for Civil,14,1,
Dirac Delta Function,Inverse Laplace Transform,6.23-N-B.E.-Civil-Engineeing-Sem-III-IV.pdf,2093111,Applied Mathematics for Civil,1,1,
Dirac Delta Function,Linearity property,6.23-N-B.E.-Civil-Engineeing-Sem-III-IV.pdf,2093111,Applied Mathematics for Civil,2,1,
Dirac Delta Function,Partial fractions method & first shift property to find,6.23-N-B.E.-Civil-Engineeing-Sem-III-IV.pdf,2093111,Applied Mathematics for Civil,3,1,
Dirac Delta Function,Inverse Laplace transform using Convolution theorem,6.23-N-B.E.-Civil-Engineeing-Sem-III-IV.pdf,2093111,Applied Mathematics for Civil,4,1,
Dirac Delta Function,Dirichlet’s conditions,6.23-N-B.E.-Civil-Engineeing-Sem-III-IV.pdf,2093111,Applied Mathematics for Civil,5,1,
Dirac Delta Function,Definition of Fourier series. Fourier,6.23-N-B.E.-Civil-Engineeing-Sem-III-IV.pdf,2093111,Applied Mathematics for Civil,6,1,
Dirac Delta Function,Fourier series of even and odd functions. (No question,6.23-N-B.E.-Civil-Engineeing-Sem-III-IV.pdf,2093111,Applied Mathematics for Civil,7,1,
Dirac Delta Function,Half range Sine and Cosine Series,6.23-N-B.E.-Civil-Engineeing-Sem-III-IV.pdf,2093111,Applied Mathematics for Civil,8,1,
Dirac Delta Function,Parseval’s Identity,6.23-N-B.E.-Civil-Engineeing-Sem-III-IV.pdf,2093111,Applied Mathematics for Civil,9,1,
Dirac Delta Function,Function f(z) of complex variable,6.23-N-B.E.-Civil-Engineeing-Sem-III-IV.pdf,2093111,Applied Mathematics for Civil,10,1,
Dirac Delta Function,Analytic function,6.23-N-B.E.-Civil-Engineeing-Sem-III-IV.pdf,2093111,Applied Mathematics for Civil,11,1,
Dirac Delta Function,Cauchy-Riemann  equations  in  cartesian  coordinates,6.23-N-B.E.-Civil-Engineeing-Sem-III-IV.pdf,2093111,Applied Mathematics for Civil,12,1,
Dirac Delta Function,Harmonic function,6.23-N-B.E.-Civil-Engineeing-Sem-III-IV.pdf,2093111,Applied Mathematics for Civil,13,1,
Dirac Delta Function,Harmonic conjugate,6.23-N-B.E.-Civil-Engineeing-Sem-III-IV.pdf,2093111,Applied Mathematics for Civil,14,1,
Inverse Laplace Transform,Linearity property,6.23-N-B.E.-Civil-Engineeing-Sem-III-IV.pdf,2093111,Applied Mathematics for Civil,1,1,
Inverse Laplace Transform,Partial fractions method & first shift property to find,6.23-N-B.E.-Civil-Engineeing-Sem-III-IV.pdf,2093111,Applied Mathematics for Civil,2,1,
Inverse Laplace Transform,Inverse Laplace transform using Convolution theorem,6.23-N-B.E.-Civil-Engineeing-Sem-III-IV.pdf,2093111,Applied Mathematics for Civil,3,1,
Inverse Laplace Transform,Dirichlet’s conditions,6.23-N-B.E.-Civil-Engineeing-Sem-III-IV.pdf,2093111,Applied Mathematics for Civil,4,1,
Inverse Laplace Transform,Definition of Fourier series. Fourier,6.23-N-B.E.-Civil-Engineeing-Sem-III-IV.pdf,2093111,Applied Mathematics for Civil,5,1,
Inverse Laplace Transform,Fourier series of even and odd functions. (No question,6.23-N-B.E.-Civil-Engineeing-Sem-III-IV.pdf,2093111,Applied Mathematics for Civil,6,1,
Inverse Laplace Transform,Half range Sine and Cosine Series,6.23-N-B.E.-Civil-Engineeing-Sem-III-IV.pdf,2093111,Applied Mathematics for Civil,7,1,
Inverse Laplace Transform,Parseval’s Identity,6.23-N-B.E.-Civil-Engineeing-Sem-III-IV.pdf,2093111,Applied Mathematics for Civil,8,1,
Inverse Laplace Transform,Function f(z) of complex variable,6.23-N-B.E.-Civil-Engineeing-Sem-III-IV.pdf,2093111,Applied Mathematics for Civil,9,1,
Inverse Laplace Transform,Analytic function,6.23-N-B.E.-Civil-Engineeing-Sem-III-IV.pdf,2093111,Applied Mathematics for Civil,10,1,
Inverse Laplace Transform,Cauchy-Riemann  equations  in  cartesian  coordinates,6.23-N-B.E.-Civil-Engineeing-Sem-III-IV.pdf,2093111,Applied Mathematics for Civil,11,1,
Inverse Laplace Transform,Harmonic function,6.23-N-B.E.-Civil-Engineeing-Sem-III-IV.pdf,2093111,Applied Mathematics for Civil,12,1,
Inverse Laplace Transform,Harmonic conjugate,6.23-N-B.E.-Civil-Engineeing-Sem-III-IV.pdf,2093111,Applied Mathematics for Civil,13,1,
Inverse Laplace Transform,Conformal mapping,6.23-N-B.E.-Civil-Engineeing-Sem-III-IV.pdf,2093111,Applied Mathematics for Civil,14,1,
Linearity property,Partial fractions method & first shift property to find,6.23-N-B.E.-Civil-Engineeing-Sem-III-IV.pdf,2093111,Applied Mathematics for Civil,1,1,
Linearity property,Inverse Laplace transform using Convolution theorem,6.23-N-B.E.-Civil-Engineeing-Sem-III-IV.pdf,2093111,Applied Mathematics for Civil,2,1,
Linearity property,Dirichlet’s conditions,6.23-N-B.E.-Civil-Engineeing-Sem-III-IV.pdf,2093111,Applied Mathematics for Civil,3,1,
Linearity property,Definition of Fourier series. Fourier,6.23-N-B.E.-Civil-Engineeing-Sem-III-IV.pdf,2093111,Applied Mathematics for Civil,4,1,
Linearity property,Fourier series of even and odd functions. (No question,6.23-N-B.E.-Civil-Engineeing-Sem-III-IV.pdf,2093111,Applied Mathematics for Civil,5,1,
Linearity property,Half range Sine and Cosine Series,6.23-N-B.E.-Civil-Engineeing-Sem-III-IV.pdf,2093111,Applied Mathematics for Civil,6,1,
Linearity property,Parseval’s Identity,6.23-N-B.E.-Civil-Engineeing-Sem-III-IV.pdf,2093111,Applied Mathematics for Civil,7,1,
Linearity property,Function f(z) of complex variable,6.23-N-B.E.-Civil-Engineeing-Sem-III-IV.pdf,2093111,Applied Mathematics for Civil,8,1,
Linearity property,Analytic function,6.23-N-B.E.-Civil-Engineeing-Sem-III-IV.pdf,2093111,Applied Mathematics for Civil,9,1,
Linearity property,Cauchy-Riemann  equations  in  cartesian  coordinates,6.23-N-B.E.-Civil-Engineeing-Sem-III-IV.pdf,2093111,Applied Mathematics for Civil,10,1,
Linearity property,Harmonic function,6.23-N-B.E.-Civil-Engineeing-Sem-III-IV.pdf,2093111,Applied Mathematics for Civil,11,1,
Linearity property,Harmonic conjugate,6.23-N-B.E.-Civil-Engineeing-Sem-III-IV.pdf,2093111,Applied Mathematics for Civil,12,1,
Linearity property,Conformal mapping,6.23-N-B.E.-Civil-Engineeing-Sem-III-IV.pdf,2093111,Applied Mathematics for Civil,13,1,
Partial fractions method & first shift property to find,Inverse Laplace transform using Convolution theorem,6.23-N-B.E.-Civil-Engineeing-Sem-III-IV.pdf,2093111,Applied Mathematics for Civil,1,1,
Partial fractions method & first shift property to find,Dirichlet’s conditions,6.23-N-B.E.-Civil-Engineeing-Sem-III-IV.pdf,2093111,Applied Mathematics for Civil,2,1,
Partial fractions method & first shift property to find,Definition of Fourier series. Fourier,6.23-N-B.E.-Civil-Engineeing-Sem-III-IV.pdf,2093111,Applied Mathematics for Civil,3,1,
Partial fractions method & first shift property to find,Fourier series of even and odd functions. (No question,6.23-N-B.E.-Civil-Engineeing-Sem-III-IV.pdf,2093111,Applied Mathematics for Civil,4,1,
Partial fractions method & first shift property to find,Half range Sine and Cosine Series,6.23-N-B.E.-Civil-Engineeing-Sem-III-IV.pdf,2093111,Applied Mathematics for Civil,5,1,
Partial fractions method & first shift property to find,Parseval’s Identity,6.23-N-B.E.-Civil-Engineeing-Sem-III-IV.pdf,2093111,Applied Mathematics for Civil,6,1,
Partial fractions method & first shift property to find,Function f(z) of complex variable,6.23-N-B.E.-Civil-Engineeing-Sem-III-IV.pdf,2093111,Applied Mathematics for Civil,7,1,
Partial fractions method & first shift property to find,Analytic function,6.23-N-B.E.-Civil-Engineeing-Sem-III-IV.pdf,2093111,Applied Mathematics for Civil,8,1,
Partial fractions method & first shift property to find,Cauchy-Riemann  equations  in  cartesian  coordinates,6.23-N-B.E.-Civil-Engineeing-Sem-III-IV.pdf,2093111,Applied Mathematics for Civil,9,1,
Partial fractions method & first shift property to find,Harmonic function,6.23-N-B.E.-Civil-Engineeing-Sem-III-IV.pdf,2093111,Applied Mathematics for Civil,10,1,
Partial fractions method & first shift property to find,Harmonic conjugate,6.23-N-B.E.-Civil-Engineeing-Sem-III-IV.pdf,2093111,Applied Mathematics for Civil,11,1,
Partial fractions method & first shift property to find,Conformal mapping,6.23-N-B.E.-Civil-Engineeing-Sem-III-IV.pdf,2093111,Applied Mathematics for Civil,12,1,
Inverse Laplace transform using Convolution theorem,Dirichlet’s conditions,6.23-N-B.E.-Civil-Engineeing-Sem-III-IV.pdf,2093111,Applied Mathematics for Civil,1,1,
Inverse Laplace transform using Convolution theorem,Definition of Fourier series. Fourier,6.23-N-B.E.-Civil-Engineeing-Sem-III-IV.pdf,2093111,Applied Mathematics for Civil,2,1,
Inverse Laplace transform using Convolution theorem,Fourier series of even and odd functions. (No question,6.23-N-B.E.-Civil-Engineeing-Sem-III-IV.pdf,2093111,Applied Mathematics for Civil,3,1,
Inverse Laplace transform using Convolution theorem,Half range Sine and Cosine Series,6.23-N-B.E.-Civil-Engineeing-Sem-III-IV.pdf,2093111,Applied Mathematics for Civil,4,1,
Inverse Laplace transform using Convolution theorem,Parseval’s Identity,6.23-N-B.E.-Civil-Engineeing-Sem-III-IV.pdf,2093111,Applied Mathematics for Civil,5,1,
Inverse Laplace transform using Convolution theorem,Function f(z) of complex variable,6.23-N-B.E.-Civil-Engineeing-Sem-III-IV.pdf,2093111,Applied Mathematics for Civil,6,1,
Inverse Laplace transform using Convolution theorem,Analytic function,6.23-N-B.E.-Civil-Engineeing-Sem-III-IV.pdf,2093111,Applied Mathematics for Civil,7,1,
Inverse Laplace transform using Convolution theorem,Cauchy-Riemann  equations  in  cartesian  coordinates,6.23-N-B.E.-Civil-Engineeing-Sem-III-IV.pdf,2093111,Applied Mathematics for Civil,8,1,
Inverse Laplace transform using Convolution theorem,Harmonic function,6.23-N-B.E.-Civil-Engineeing-Sem-III-IV.pdf,2093111,Applied Mathematics for Civil,9,1,
Inverse Laplace transform using Convolution theorem,Harmonic conjugate,6.23-N-B.E.-Civil-Engineeing-Sem-III-IV.pdf,2093111,Applied Mathematics for Civil,10,1,
Inverse Laplace transform using Convolution theorem,Conformal mapping,6.23-N-B.E.-Civil-Engineeing-Sem-III-IV.pdf,2093111,Applied Mathematics for Civil,11,1,
Dirichlet’s conditions,Definition of Fourier series. Fourier,6.23-N-B.E.-Civil-Engineeing-Sem-III-IV.pdf,2093111,Applied Mathematics for Civil,1,1,
Dirichlet’s conditions,Fourier series of even and odd functions. (No question,6.23-N-B.E.-Civil-Engineeing-Sem-III-IV.pdf,2093111,Applied Mathematics for Civil,2,1,
Dirichlet’s conditions,Half range Sine and Cosine Series,6.23-N-B.E.-Civil-Engineeing-Sem-III-IV.pdf,2093111,Applied Mathematics for Civil,3,1,
Dirichlet’s conditions,Parseval’s Identity,6.23-N-B.E.-Civil-Engineeing-Sem-III-IV.pdf,2093111,Applied Mathematics for Civil,4,1,
Dirichlet’s conditions,Function f(z) of complex variable,6.23-N-B.E.-Civil-Engineeing-Sem-III-IV.pdf,2093111,Applied Mathematics for Civil,5,1,
Dirichlet’s conditions,Analytic function,6.23-N-B.E.-Civil-Engineeing-Sem-III-IV.pdf,2093111,Applied Mathematics for Civil,6,1,
Dirichlet’s conditions,Cauchy-Riemann  equations  in  cartesian  coordinates,6.23-N-B.E.-Civil-Engineeing-Sem-III-IV.pdf,2093111,Applied Mathematics for Civil,7,1,
Dirichlet’s conditions,Harmonic function,6.23-N-B.E.-Civil-Engineeing-Sem-III-IV.pdf,2093111,Applied Mathematics for Civil,8,1,
Dirichlet’s conditions,Harmonic conjugate,6.23-N-B.E.-Civil-Engineeing-Sem-III-IV.pdf,2093111,Applied Mathematics for Civil,9,1,
Dirichlet’s conditions,Conformal mapping,6.23-N-B.E.-Civil-Engineeing-Sem-III-IV.pdf,2093111,Applied Mathematics for Civil,10,1,
Definition of Fourier series. Fourier,Fourier series of even and odd functions. (No question,6.23-N-B.E.-Civil-Engineeing-Sem-III-IV.pdf,2093111,Applied Mathematics for Civil,1,1,
Definition of Fourier series. Fourier,Half range Sine and Cosine Series,6.23-N-B.E.-Civil-Engineeing-Sem-III-IV.pdf,2093111,Applied Mathematics for Civil,2,1,
Definition of Fourier series. Fourier,Parseval’s Identity,6.23-N-B.E.-Civil-Engineeing-Sem-III-IV.pdf,2093111,Applied Mathematics for Civil,3,1,
Definition of Fourier series. Fourier,Function f(z) of complex variable,6.23-N-B.E.-Civil-Engineeing-Sem-III-IV.pdf,2093111,Applied Mathematics for Civil,4,1,
Definition of Fourier series. Fourier,Analytic function,6.23-N-B.E.-Civil-Engineeing-Sem-III-IV.pdf,2093111,Applied Mathematics for Civil,5,1,
Definition of Fourier series. Fourier,Cauchy-Riemann  equations  in  cartesian  coordinates,6.23-N-B.E.-Civil-Engineeing-Sem-III-IV.pdf,2093111,Applied Mathematics for Civil,6,1,
Definition of Fourier series. Fourier,Harmonic function,6.23-N-B.E.-Civil-Engineeing-Sem-III-IV.pdf,2093111,Applied Mathematics for Civil,7,1,
Definition of Fourier series. Fourier,Harmonic conjugate,6.23-N-B.E.-Civil-Engineeing-Sem-III-IV.pdf,2093111,Applied Mathematics for Civil,8,1,
Definition of Fourier series. Fourier,Conformal mapping,6.23-N-B.E.-Civil-Engineeing-Sem-III-IV.pdf,2093111,Applied Mathematics for Civil,9,1,
Fourier series of even and odd functions. (No question,Half range Sine and Cosine Series,6.23-N-B.E.-Civil-Engineeing-Sem-III-IV.pdf,2093111,Applied Mathematics for Civil,1,1,
Fourier series of even and odd functions. (No question,Parseval’s Identity,6.23-N-B.E.-Civil-Engineeing-Sem-III-IV.pdf,2093111,Applied Mathematics for Civil,2,1,
Fourier series of even and odd functions. (No question,Function f(z) of complex variable,6.23-N-B.E.-Civil-Engineeing-Sem-III-IV.pdf,2093111,Applied Mathematics for Civil,3,1,
Fourier series of even and odd functions. (No question,Analytic function,6.23-N-B.E.-Civil-Engineeing-Sem-III-IV.pdf,2093111,Applied Mathematics for Civil,4,1,
Fourier series of even and odd functions. (No question,Cauchy-Riemann  equations  in  cartesian  coordinates,6.23-N-B.E.-Civil-Engineeing-Sem-III-IV.pdf,2093111,Applied Mathematics for Civil,5,1,
Fourier series of even and odd functions. (No question,Harmonic function,6.23-N-B.E.-Civil-Engineeing-Sem-III-IV.pdf,2093111,Applied Mathematics for Civil,6,1,
Fourier series of even and odd functions. (No question,Harmonic conjugate,6.23-N-B.E.-Civil-Engineeing-Sem-III-IV.pdf,2093111,Applied Mathematics for Civil,7,1,
Fourier series of even and odd functions. (No question,Conformal mapping,6.23-N-B.E.-Civil-Engineeing-Sem-III-IV.pdf,2093111,Applied Mathematics for Civil,8,1,
Half range Sine and Cosine Series,Parseval’s Identity,6.23-N-B.E.-Civil-Engineeing-Sem-III-IV.pdf,2093111,Applied Mathematics for Civil,1,1,
Half range Sine and Cosine Series,Function f(z) of complex variable,6.23-N-B.E.-Civil-Engineeing-Sem-III-IV.pdf,2093111,Applied Mathematics for Civil,2,1,
Half range Sine and Cosine Series,Analytic function,6.23-N-B.E.-Civil-Engineeing-Sem-III-IV.pdf,2093111,Applied Mathematics for Civil,3,1,
Half range Sine and Cosine Series,Cauchy-Riemann  equations  in  cartesian  coordinates,6.23-N-B.E.-Civil-Engineeing-Sem-III-IV.pdf,2093111,Applied Mathematics for Civil,4,1,
Half range Sine and Cosine Series,Harmonic function,6.23-N-B.E.-Civil-Engineeing-Sem-III-IV.pdf,2093111,Applied Mathematics for Civil,5,1,
Half range Sine and Cosine Series,Harmonic conjugate,6.23-N-B.E.-Civil-Engineeing-Sem-III-IV.pdf,2093111,Applied Mathematics for Civil,6,1,
Half range Sine and Cosine Series,Conformal mapping,6.23-N-B.E.-Civil-Engineeing-Sem-III-IV.pdf,2093111,Applied Mathematics for Civil,7,1,
Parseval’s Identity,Function f(z) of complex variable,6.23-N-B.E.-Civil-Engineeing-Sem-III-IV.pdf,2093111,Applied Mathematics for Civil,1,1,
Parseval’s Identity,Analytic function,6.23-N-B.E.-Civil-Engineeing-Sem-III-IV.pdf,2093111,Applied Mathematics for Civil,2,1,
Parseval’s Identity,Cauchy-Riemann  equations  in  cartesian  coordinates,6.23-N-B.E.-Civil-Engineeing-Sem-III-IV.pdf,2093111,Applied Mathematics for Civil,3,1,
Parseval’s Identity,Harmonic function,6.23-N-B.E.-Civil-Engineeing-Sem-III-IV.pdf,2093111,Applied Mathematics for Civil,4,1,
Parseval’s Identity,Harmonic conjugate,6.23-N-B.E.-Civil-Engineeing-Sem-III-IV.pdf,2093111,Applied Mathematics for Civil,5,1,
Parseval’s Identity,Conformal mapping,6.23-N-B.E.-Civil-Engineeing-Sem-III-IV.pdf,2093111,Applied Mathematics for Civil,6,1,
Function f(z) of complex variable,Analytic function,6.23-N-B.E.-Civil-Engineeing-Sem-III-IV.pdf,2093111,Applied Mathematics for Civil,1,1,
Function f(z) of complex variable,Cauchy-Riemann  equations  in  cartesian  coordinates,6.23-N-B.E.-Civil-Engineeing-Sem-III-IV.pdf,2093111,Applied Mathematics for Civil,2,1,
Function f(z) of complex variable,Harmonic function,6.23-N-B.E.-Civil-Engineeing-Sem-III-IV.pdf,2093111,Applied Mathematics for Civil,3,1,
Function f(z) of complex variable,Harmonic conjugate,6.23-N-B.E.-Civil-Engineeing-Sem-III-IV.pdf,2093111,Applied Mathematics for Civil,4,1,
Function f(z) of complex variable,Conformal mapping,6.23-N-B.E.-Civil-Engineeing-Sem-III-IV.pdf,2093111,Applied Mathematics for Civil,5,1,
Analytic function,Cauchy-Riemann  equations  in  cartesian  coordinates,6.23-N-B.E.-Civil-Engineeing-Sem-III-IV.pdf,2093111,Applied Mathematics for Civil,1,1,
Analytic function,Harmonic function,6.23-N-B.E.-Civil-Engineeing-Sem-III-IV.pdf,2093111,Applied Mathematics for Civil,2,1,
Analytic function,Harmonic conjugate,6.23-N-B.E.-Civil-Engineeing-Sem-III-IV.pdf,2093111,Applied Mathematics for Civil,3,1,
Analytic function,Conformal mapping,6.23-N-B.E.-Civil-Engineeing-Sem-III-IV.pdf,2093111,Applied Mathematics for Civil,4,1,
Cauchy-Riemann  equations  in  cartesian  coordinates,Harmonic function,6.23-N-B.E.-Civil-Engineeing-Sem-III-IV.pdf,2093111,Applied Mathematics for Civil,1,1,
Cauchy-Riemann  equations  in  cartesian  coordinates,Harmonic conjugate,6.23-N-B.E.-Civil-Engineeing-Sem-III-IV.pdf,2093111,Applied Mathematics for Civil,2,1,
Cauchy-Riemann  equations  in  cartesian  coordinates,Conformal mapping,6.23-N-B.E.-Civil-Engineeing-Sem-III-IV.pdf,2093111,Applied Mathematics for Civil,3,1,
Harmonic function,Harmonic conjugate,6.23-N-B.E.-Civil-Engineeing-Sem-III-IV.pdf,2093111,Applied Mathematics for Civil,1,1,
Harmonic function,Conformal mapping,6.23-N-B.E.-Civil-Engineeing-Sem-III-IV.pdf,2093111,Applied Mathematics for Civil,2,1,
Harmonic conjugate,Conformal mapping,6.23-N-B.E.-Civil-Engineeing-Sem-III-IV.pdf,2093111,Applied Mathematics for Civil,1,1,
Properties of Fluids,Mass density,6.23-N-B.E.-Civil-Engineeing-Sem-III-IV.pdf,2093112,Fluid Mechanics,1,1,
Properties of Fluids,Surface tension,6.23-N-B.E.-Civil-Engineeing-Sem-III-IV.pdf,2093112,Fluid Mechanics,2,1,
Properties of Fluids,Types of fluids,6.23-N-B.E.-Civil-Engineeing-Sem-III-IV.pdf,2093112,Fluid Mechanics,3,1,
Properties of Fluids,Pascal’s law,6.23-N-B.E.-Civil-Engineeing-Sem-III-IV.pdf,2093112,Fluid Mechanics,4,1,
Properties of Fluids,Measurement of pressure using U tube differential,6.23-N-B.E.-Civil-Engineeing-Sem-III-IV.pdf,2093112,Fluid Mechanics,5,1,
Properties of Fluids,Hydrostatic force on surfaces,6.23-N-B.E.-Civil-Engineeing-Sem-III-IV.pdf,2093112,Fluid Mechanics,6,1,
Properties of Fluids,Buoyancy and floatation,6.23-N-B.E.-Civil-Engineeing-Sem-III-IV.pdf,2093112,Fluid Mechanics,7,1,
Properties of Fluids,Meta-Centre,6.23-N-B.E.-Civil-Engineeing-Sem-III-IV.pdf,2093112,Fluid Mechanics,8,1,
Properties of Fluids,Experimental method to find metacentric height,6.23-N-B.E.-Civil-Engineeing-Sem-III-IV.pdf,2093112,Fluid Mechanics,9,1,
Properties of Fluids,Types of fluid flow,6.23-N-B.E.-Civil-Engineeing-Sem-III-IV.pdf,2093112,Fluid Mechanics,10,1,
Properties of Fluids,Eulerian method,6.23-N-B.E.-Civil-Engineeing-Sem-III-IV.pdf,2093112,Fluid Mechanics,11,1,
Properties of Fluids,Forces acting on fluid,6.23-N-B.E.-Civil-Engineeing-Sem-III-IV.pdf,2093112,Fluid Mechanics,12,1,
Properties of Fluids,Navier Stokes Equation,6.23-N-B.E.-Civil-Engineeing-Sem-III-IV.pdf,2093112,Fluid Mechanics,13,1,
Properties of Fluids,Integration of Euler’s equations of motion,6.23-N-B.E.-Civil-Engineeing-Sem-III-IV.pdf,2093112,Fluid Mechanics,14,1,
Mass density,Surface tension,6.23-N-B.E.-Civil-Engineeing-Sem-III-IV.pdf,2093112,Fluid Mechanics,1,1,
Mass density,Types of fluids,6.23-N-B.E.-Civil-Engineeing-Sem-III-IV.pdf,2093112,Fluid Mechanics,2,1,
Mass density,Pascal’s law,6.23-N-B.E.-Civil-Engineeing-Sem-III-IV.pdf,2093112,Fluid Mechanics,3,1,
Mass density,Measurement of pressure using U tube differential,6.23-N-B.E.-Civil-Engineeing-Sem-III-IV.pdf,2093112,Fluid Mechanics,4,1,
Mass density,Hydrostatic force on surfaces,6.23-N-B.E.-Civil-Engineeing-Sem-III-IV.pdf,2093112,Fluid Mechanics,5,1,
Mass density,Buoyancy and floatation,6.23-N-B.E.-Civil-Engineeing-Sem-III-IV.pdf,2093112,Fluid Mechanics,6,1,
Mass density,Meta-Centre,6.23-N-B.E.-Civil-Engineeing-Sem-III-IV.pdf,2093112,Fluid Mechanics,7,1,
Mass density,Experimental method to find metacentric height,6.23-N-B.E.-Civil-Engineeing-Sem-III-IV.pdf,2093112,Fluid Mechanics,8,1,
Mass density,Types of fluid flow,6.23-N-B.E.-Civil-Engineeing-Sem-III-IV.pdf,2093112,Fluid Mechanics,9,1,
Mass density,Eulerian method,6.23-N-B.E.-Civil-Engineeing-Sem-III-IV.pdf,2093112,Fluid Mechanics,10,1,
Mass density,Forces acting on fluid,6.23-N-B.E.-Civil-Engineeing-Sem-III-IV.pdf,2093112,Fluid Mechanics,11,1,
Mass density,Navier Stokes Equation,6.23-N-B.E.-Civil-Engineeing-Sem-III-IV.pdf,2093112,Fluid Mechanics,12,1,
Mass density,Integration of Euler’s equations of motion,6.23-N-B.E.-Civil-Engineeing-Sem-III-IV.pdf,2093112,Fluid Mechanics,13,1,
Mass density,Bernoulli’s Theorem and its derivation,6.23-N-B.E.-Civil-Engineeing-Sem-III-IV.pdf,2093112,Fluid Mechanics,14,1,
Surface tension,Types of fluids,6.23-N-B.E.-Civil-Engineeing-Sem-III-IV.pdf,2093112,Fluid Mechanics,1,1,
Surface tension,Pascal’s law,6.23-N-B.E.-Civil-Engineeing-Sem-III-IV.pdf,2093112,Fluid Mechanics,2,1,
Surface tension,Measurement of pressure using U tube differential,6.23-N-B.E.-Civil-Engineeing-Sem-III-IV.pdf,2093112,Fluid Mechanics,3,1,
Surface tension,Hydrostatic force on surfaces,6.23-N-B.E.-Civil-Engineeing-Sem-III-IV.pdf,2093112,Fluid Mechanics,4,1,
Surface tension,Buoyancy and floatation,6.23-N-B.E.-Civil-Engineeing-Sem-III-IV.pdf,2093112,Fluid Mechanics,5,1,
Surface tension,Meta-Centre,6.23-N-B.E.-Civil-Engineeing-Sem-III-IV.pdf,2093112,Fluid Mechanics,6,1,
Surface tension,Experimental method to find metacentric height,6.23-N-B.E.-Civil-Engineeing-Sem-III-IV.pdf,2093112,Fluid Mechanics,7,1,
Surface tension,Types of fluid flow,6.23-N-B.E.-Civil-Engineeing-Sem-III-IV.pdf,2093112,Fluid Mechanics,8,1,
Surface tension,Eulerian method,6.23-N-B.E.-Civil-Engineeing-Sem-III-IV.pdf,2093112,Fluid Mechanics,9,1,
Surface tension,Forces acting on fluid,6.23-N-B.E.-Civil-Engineeing-Sem-III-IV.pdf,2093112,Fluid Mechanics,10,1,
Surface tension,Navier Stokes Equation,6.23-N-B.E.-Civil-Engineeing-Sem-III-IV.pdf,2093112,Fluid Mechanics,11,1,
Surface tension,Integration of Euler’s equations of motion,6.23-N-B.E.-Civil-Engineeing-Sem-III-IV.pdf,2093112,Fluid Mechanics,12,1,
Surface tension,Bernoulli’s Theorem and its derivation,6.23-N-B.E.-Civil-Engineeing-Sem-III-IV.pdf,2093112,Fluid Mechanics,13,1,
Surface tension,Venturimeter and Orificemeter,6.23-N-B.E.-Civil-Engineeing-Sem-III-IV.pdf,2093112,Fluid Mechanics,14,1,
Types of fluids,Pascal’s law,6.23-N-B.E.-Civil-Engineeing-Sem-III-IV.pdf,2093112,Fluid Mechanics,1,1,
Types of fluids,Measurement of pressure using U tube differential,6.23-N-B.E.-Civil-Engineeing-Sem-III-IV.pdf,2093112,Fluid Mechanics,2,1,
Types of fluids,Hydrostatic force on surfaces,6.23-N-B.E.-Civil-Engineeing-Sem-III-IV.pdf,2093112,Fluid Mechanics,3,1,
Types of fluids,Buoyancy and floatation,6.23-N-B.E.-Civil-Engineeing-Sem-III-IV.pdf,2093112,Fluid Mechanics,4,1,
Types of fluids,Meta-Centre,6.23-N-B.E.-Civil-Engineeing-Sem-III-IV.pdf,2093112,Fluid Mechanics,5,1,
Types of fluids,Experimental method to find metacentric height,6.23-N-B.E.-Civil-Engineeing-Sem-III-IV.pdf,2093112,Fluid Mechanics,6,1,
Types of fluids,Types of fluid flow,6.23-N-B.E.-Civil-Engineeing-Sem-III-IV.pdf,2093112,Fluid Mechanics,7,1,
Types of fluids,Eulerian method,6.23-N-B.E.-Civil-Engineeing-Sem-III-IV.pdf,2093112,Fluid Mechanics,8,1,
Types of fluids,Forces acting on fluid,6.23-N-B.E.-Civil-Engineeing-Sem-III-IV.pdf,2093112,Fluid Mechanics,9,1,
Types of fluids,Navier Stokes Equation,6.23-N-B.E.-Civil-Engineeing-Sem-III-IV.pdf,2093112,Fluid Mechanics,10,1,
Types of fluids,Integration of Euler’s equations of motion,6.23-N-B.E.-Civil-Engineeing-Sem-III-IV.pdf,2093112,Fluid Mechanics,11,1,
Types of fluids,Bernoulli’s Theorem and its derivation,6.23-N-B.E.-Civil-Engineeing-Sem-III-IV.pdf,2093112,Fluid Mechanics,12,1,
Types of fluids,Venturimeter and Orificemeter,6.23-N-B.E.-Civil-Engineeing-Sem-III-IV.pdf,2093112,Fluid Mechanics,13,1,
Pascal’s law,Measurement of pressure using U tube differential,6.23-N-B.E.-Civil-Engineeing-Sem-III-IV.pdf,2093112,Fluid Mechanics,1,1,
Pascal’s law,Hydrostatic force on surfaces,6.23-N-B.E.-Civil-Engineeing-Sem-III-IV.pdf,2093112,Fluid Mechanics,2,1,
Pascal’s law,Buoyancy and floatation,6.23-N-B.E.-Civil-Engineeing-Sem-III-IV.pdf,2093112,Fluid Mechanics,3,1,
Pascal’s law,Meta-Centre,6.23-N-B.E.-Civil-Engineeing-Sem-III-IV.pdf,2093112,Fluid Mechanics,4,1,
Pascal’s law,Experimental method to find metacentric height,6.23-N-B.E.-Civil-Engineeing-Sem-III-IV.pdf,2093112,Fluid Mechanics,5,1,
Pascal’s law,Types of fluid flow,6.23-N-B.E.-Civil-Engineeing-Sem-III-IV.pdf,2093112,Fluid Mechanics,6,1,
Pascal’s law,Eulerian method,6.23-N-B.E.-Civil-Engineeing-Sem-III-IV.pdf,2093112,Fluid Mechanics,7,1,
Pascal’s law,Forces acting on fluid,6.23-N-B.E.-Civil-Engineeing-Sem-III-IV.pdf,2093112,Fluid Mechanics,8,1,
Pascal’s law,Navier Stokes Equation,6.23-N-B.E.-Civil-Engineeing-Sem-III-IV.pdf,2093112,Fluid Mechanics,9,1,
Pascal’s law,Integration of Euler’s equations of motion,6.23-N-B.E.-Civil-Engineeing-Sem-III-IV.pdf,2093112,Fluid Mechanics,10,1,
Pascal’s law,Bernoulli’s Theorem and its derivation,6.23-N-B.E.-Civil-Engineeing-Sem-III-IV.pdf,2093112,Fluid Mechanics,11,1,
Pascal’s law,Venturimeter and Orificemeter,6.23-N-B.E.-Civil-Engineeing-Sem-III-IV.pdf,2093112,Fluid Mechanics,12,1,
Measurement of pressure using U tube differential,Hydrostatic force on surfaces,6.23-N-B.E.-Civil-Engineeing-Sem-III-IV.pdf,2093112,Fluid Mechanics,1,1,
Measurement of pressure using U tube differential,Buoyancy and floatation,6.23-N-B.E.-Civil-Engineeing-Sem-III-IV.pdf,2093112,Fluid Mechanics,2,1,
Measurement of pressure using U tube differential,Meta-Centre,6.23-N-B.E.-Civil-Engineeing-Sem-III-IV.pdf,2093112,Fluid Mechanics,3,1,
Measurement of pressure using U tube differential,Experimental method to find metacentric height,6.23-N-B.E.-Civil-Engineeing-Sem-III-IV.pdf,2093112,Fluid Mechanics,4,1,
Measurement of pressure using U tube differential,Types of fluid flow,6.23-N-B.E.-Civil-Engineeing-Sem-III-IV.pdf,2093112,Fluid Mechanics,5,1,
Measurement of pressure using U tube differential,Eulerian method,6.23-N-B.E.-Civil-Engineeing-Sem-III-IV.pdf,2093112,Fluid Mechanics,6,1,
Measurement of pressure using U tube differential,Forces acting on fluid,6.23-N-B.E.-Civil-Engineeing-Sem-III-IV.pdf,2093112,Fluid Mechanics,7,1,
Measurement of pressure using U tube differential,Navier Stokes Equation,6.23-N-B.E.-Civil-Engineeing-Sem-III-IV.pdf,2093112,Fluid Mechanics,8,1,
Measurement of pressure using U tube differential,Integration of Euler’s equations of motion,6.23-N-B.E.-Civil-Engineeing-Sem-III-IV.pdf,2093112,Fluid Mechanics,9,1,
Measurement of pressure using U tube differential,Bernoulli’s Theorem and its derivation,6.23-N-B.E.-Civil-Engineeing-Sem-III-IV.pdf,2093112,Fluid Mechanics,10,1,
Measurement of pressure using U tube differential,Venturimeter and Orificemeter,6.23-N-B.E.-Civil-Engineeing-Sem-III-IV.pdf,2093112,Fluid Mechanics,11,1,
Hydrostatic force on surfaces,Buoyancy and floatation,6.23-N-B.E.-Civil-Engineeing-Sem-III-IV.pdf,2093112,Fluid Mechanics,1,1,
Hydrostatic force on surfaces,Meta-Centre,6.23-N-B.E.-Civil-Engineeing-Sem-III-IV.pdf,2093112,Fluid Mechanics,2,1,
Hydrostatic force on surfaces,Experimental method to find metacentric height,6.23-N-B.E.-Civil-Engineeing-Sem-III-IV.pdf,2093112,Fluid Mechanics,3,1,
Hydrostatic force on surfaces,Types of fluid flow,6.23-N-B.E.-Civil-Engineeing-Sem-III-IV.pdf,2093112,Fluid Mechanics,4,1,
Hydrostatic force on surfaces,Eulerian method,6.23-N-B.E.-Civil-Engineeing-Sem-III-IV.pdf,2093112,Fluid Mechanics,5,1,
Hydrostatic force on surfaces,Forces acting on fluid,6.23-N-B.E.-Civil-Engineeing-Sem-III-IV.pdf,2093112,Fluid Mechanics,6,1,
Hydrostatic force on surfaces,Navier Stokes Equation,6.23-N-B.E.-Civil-Engineeing-Sem-III-IV.pdf,2093112,Fluid Mechanics,7,1,
Hydrostatic force on surfaces,Integration of Euler’s equations of motion,6.23-N-B.E.-Civil-Engineeing-Sem-III-IV.pdf,2093112,Fluid Mechanics,8,1,
Hydrostatic force on surfaces,Bernoulli’s Theorem and its derivation,6.23-N-B.E.-Civil-Engineeing-Sem-III-IV.pdf,2093112,Fluid Mechanics,9,1,
Hydrostatic force on surfaces,Venturimeter and Orificemeter,6.23-N-B.E.-Civil-Engineeing-Sem-III-IV.pdf,2093112,Fluid Mechanics,10,1,
Buoyancy and floatation,Meta-Centre,6.23-N-B.E.-Civil-Engineeing-Sem-III-IV.pdf,2093112,Fluid Mechanics,1,1,
Buoyancy and floatation,Experimental method to find metacentric height,6.23-N-B.E.-Civil-Engineeing-Sem-III-IV.pdf,2093112,Fluid Mechanics,2,1,
Buoyancy and floatation,Types of fluid flow,6.23-N-B.E.-Civil-Engineeing-Sem-III-IV.pdf,2093112,Fluid Mechanics,3,1,
Buoyancy and floatation,Eulerian method,6.23-N-B.E.-Civil-Engineeing-Sem-III-IV.pdf,2093112,Fluid Mechanics,4,1,
Buoyancy and floatation,Forces acting on fluid,6.23-N-B.E.-Civil-Engineeing-Sem-III-IV.pdf,2093112,Fluid Mechanics,5,1,
Buoyancy and floatation,Navier Stokes Equation,6.23-N-B.E.-Civil-Engineeing-Sem-III-IV.pdf,2093112,Fluid Mechanics,6,1,
Buoyancy and floatation,Integration of Euler’s equations of motion,6.23-N-B.E.-Civil-Engineeing-Sem-III-IV.pdf,2093112,Fluid Mechanics,7,1,
Buoyancy and floatation,Bernoulli’s Theorem and its derivation,6.23-N-B.E.-Civil-Engineeing-Sem-III-IV.pdf,2093112,Fluid Mechanics,8,1,
Buoyancy and floatation,Venturimeter and Orificemeter,6.23-N-B.E.-Civil-Engineeing-Sem-III-IV.pdf,2093112,Fluid Mechanics,9,1,
Meta-Centre,Experimental method to find metacentric height,6.23-N-B.E.-Civil-Engineeing-Sem-III-IV.pdf,2093112,Fluid Mechanics,1,1,
Meta-Centre,Types of fluid flow,6.23-N-B.E.-Civil-Engineeing-Sem-III-IV.pdf,2093112,Fluid Mechanics,2,1,
Meta-Centre,Eulerian method,6.23-N-B.E.-Civil-Engineeing-Sem-III-IV.pdf,2093112,Fluid Mechanics,3,1,
Meta-Centre,Forces acting on fluid,6.23-N-B.E.-Civil-Engineeing-Sem-III-IV.pdf,2093112,Fluid Mechanics,4,1,
Meta-Centre,Navier Stokes Equation,6.23-N-B.E.-Civil-Engineeing-Sem-III-IV.pdf,2093112,Fluid Mechanics,5,1,
Meta-Centre,Integration of Euler’s equations of motion,6.23-N-B.E.-Civil-Engineeing-Sem-III-IV.pdf,2093112,Fluid Mechanics,6,1,
Meta-Centre,Bernoulli’s Theorem and its derivation,6.23-N-B.E.-Civil-Engineeing-Sem-III-IV.pdf,2093112,Fluid Mechanics,7,1,
Meta-Centre,Venturimeter and Orificemeter,6.23-N-B.E.-Civil-Engineeing-Sem-III-IV.pdf,2093112,Fluid Mechanics,8,1,
Experimental method to find metacentric height,Types of fluid flow,6.23-N-B.E.-Civil-Engineeing-Sem-III-IV.pdf,2093112,Fluid Mechanics,1,1,
Experimental method to find metacentric height,Eulerian method,6.23-N-B.E.-Civil-Engineeing-Sem-III-IV.pdf,2093112,Fluid Mechanics,2,1,
Experimental method to find metacentric height,Forces acting on fluid,6.23-N-B.E.-Civil-Engineeing-Sem-III-IV.pdf,2093112,Fluid Mechanics,3,1,
Experimental method to find metacentric height,Navier Stokes Equation,6.23-N-B.E.-Civil-Engineeing-Sem-III-IV.pdf,2093112,Fluid Mechanics,4,1,
Experimental method to find metacentric height,Integration of Euler’s equations of motion,6.23-N-B.E.-Civil-Engineeing-Sem-III-IV.pdf,2093112,Fluid Mechanics,5,1,
Experimental method to find metacentric height,Bernoulli’s Theorem and its derivation,6.23-N-B.E.-Civil-Engineeing-Sem-III-IV.pdf,2093112,Fluid Mechanics,6,1,
Experimental method to find metacentric height,Venturimeter and Orificemeter,6.23-N-B.E.-Civil-Engineeing-Sem-III-IV.pdf,2093112,Fluid Mechanics,7,1,
Types of fluid flow,Eulerian method,6.23-N-B.E.-Civil-Engineeing-Sem-III-IV.pdf,2093112,Fluid Mechanics,1,1,
Types of fluid flow,Forces acting on fluid,6.23-N-B.E.-Civil-Engineeing-Sem-III-IV.pdf,2093112,Fluid Mechanics,2,1,
Types of fluid flow,Navier Stokes Equation,6.23-N-B.E.-Civil-Engineeing-Sem-III-IV.pdf,2093112,Fluid Mechanics,3,1,
Types of fluid flow,Integration of Euler’s equations of motion,6.23-N-B.E.-Civil-Engineeing-Sem-III-IV.pdf,2093112,Fluid Mechanics,4,1,
Types of fluid flow,Bernoulli’s Theorem and its derivation,6.23-N-B.E.-Civil-Engineeing-Sem-III-IV.pdf,2093112,Fluid Mechanics,5,1,
Types of fluid flow,Venturimeter and Orificemeter,6.23-N-B.E.-Civil-Engineeing-Sem-III-IV.pdf,2093112,Fluid Mechanics,6,1,
Eulerian method,Forces acting on fluid,6.23-N-B.E.-Civil-Engineeing-Sem-III-IV.pdf,2093112,Fluid Mechanics,1,1,
Eulerian method,Navier Stokes Equation,6.23-N-B.E.-Civil-Engineeing-Sem-III-IV.pdf,2093112,Fluid Mechanics,2,1,
Eulerian method,Integration of Euler’s equations of motion,6.23-N-B.E.-Civil-Engineeing-Sem-III-IV.pdf,2093112,Fluid Mechanics,3,1,
Eulerian method,Bernoulli’s Theorem and its derivation,6.23-N-B.E.-Civil-Engineeing-Sem-III-IV.pdf,2093112,Fluid Mechanics,4,1,
Eulerian method,Venturimeter and Orificemeter,6.23-N-B.E.-Civil-Engineeing-Sem-III-IV.pdf,2093112,Fluid Mechanics,5,1,
Forces acting on fluid,Navier Stokes Equation,6.23-N-B.E.-Civil-Engineeing-Sem-III-IV.pdf,2093112,Fluid Mechanics,1,1,
Forces acting on fluid,Integration of Euler’s equations of motion,6.23-N-B.E.-Civil-Engineeing-Sem-III-IV.pdf,2093112,Fluid Mechanics,2,1,
Forces acting on fluid,Bernoulli’s Theorem and its derivation,6.23-N-B.E.-Civil-Engineeing-Sem-III-IV.pdf,2093112,Fluid Mechanics,3,1,
Forces acting on fluid,Venturimeter and Orificemeter,6.23-N-B.E.-Civil-Engineeing-Sem-III-IV.pdf,2093112,Fluid Mechanics,4,1,
Navier Stokes Equation,Integration of Euler’s equations of motion,6.23-N-B.E.-Civil-Engineeing-Sem-III-IV.pdf,2093112,Fluid Mechanics,1,1,
Navier Stokes Equation,Bernoulli’s Theorem and its derivation,6.23-N-B.E.-Civil-Engineeing-Sem-III-IV.pdf,2093112,Fluid Mechanics,2,1,
Navier Stokes Equation,Venturimeter and Orificemeter,6.23-N-B.E.-Civil-Engineeing-Sem-III-IV.pdf,2093112,Fluid Mechanics,3,1,
Integration of Euler’s equations of motion,Bernoulli’s Theorem and its derivation,6.23-N-B.E.-Civil-Engineeing-Sem-III-IV.pdf,2093112,Fluid Mechanics,1,1,
Integration of Euler’s equations of motion,Venturimeter and Orificemeter,6.23-N-B.E.-Civil-Engineeing-Sem-III-IV.pdf,2093112,Fluid Mechanics,2,1,
Bernoulli’s Theorem and its derivation,Venturimeter and Orificemeter,6.23-N-B.E.-Civil-Engineeing-Sem-III-IV.pdf,2093112,Fluid Mechanics,1,1,
Building Materials-1,Stones: Classification and properties of building stones,6.23-N-B.E.-Civil-Engineeing-Sem-III-IV.pdf,2093113,Building Materials and Concrete,1,1,
Building Materials-1,Bricks and Blocks: Burnt clay bricks: raw materials,6.23-N-B.E.-Civil-Engineeing-Sem-III-IV.pdf,2093113,Building Materials and Concrete,2,1,
Building Materials-1,Autoclaved Aerated Concrete (AAC) blocks,6.23-N-B.E.-Civil-Engineeing-Sem-III-IV.pdf,2093113,Building Materials and Concrete,3,1,
Building Materials-1,Light Weight Concrete (CLC) blocks and ceramic tiles,6.23-N-B.E.-Civil-Engineeing-Sem-III-IV.pdf,2093113,Building Materials and Concrete,4,1,
Building Materials-1,Timber: Types of natural wood and artificial wood,6.23-N-B.E.-Civil-Engineeing-Sem-III-IV.pdf,2093113,Building Materials and Concrete,5,1,
Building Materials-1,Building Materials-2,6.23-N-B.E.-Civil-Engineeing-Sem-III-IV.pdf,2093113,Building Materials and Concrete,6,1,
Building Materials-1,Classification and bonding of stone. Masonry finishes,6.23-N-B.E.-Civil-Engineeing-Sem-III-IV.pdf,2093113,Building Materials and Concrete,7,1,
Building Materials-1,Classification and bonding of Bricks,6.23-N-B.E.-Civil-Engineeing-Sem-III-IV.pdf,2093113,Building Materials and Concrete,8,1,
Building Materials-1,Damp proofing,6.23-N-B.E.-Civil-Engineeing-Sem-III-IV.pdf,2093113,Building Materials and Concrete,9,1,
Building Materials-1,Constituents of Concrete,6.23-N-B.E.-Civil-Engineeing-Sem-III-IV.pdf,2093113,Building Materials and Concrete,10,1,
Building Materials-1,Fine and Coarse Aggregates: Classification,6.23-N-B.E.-Civil-Engineeing-Sem-III-IV.pdf,2093113,Building Materials and Concrete,11,1,
Building Materials-1,Alkali  aggregate  reaction,6.23-N-B.E.-Civil-Engineeing-Sem-III-IV.pdf,2093113,Building Materials and Concrete,12,1,
Stones: Classification and properties of building stones,Bricks and Blocks: Burnt clay bricks: raw materials,6.23-N-B.E.-Civil-Engineeing-Sem-III-IV.pdf,2093113,Building Materials and Concrete,1,1,
Stones: Classification and properties of building stones,Autoclaved Aerated Concrete (AAC) blocks,6.23-N-B.E.-Civil-Engineeing-Sem-III-IV.pdf,2093113,Building Materials and Concrete,2,1,
Stones: Classification and properties of building stones,Light Weight Concrete (CLC) blocks and ceramic tiles,6.23-N-B.E.-Civil-Engineeing-Sem-III-IV.pdf,2093113,Building Materials and Concrete,3,1,
Stones: Classification and properties of building stones,Timber: Types of natural wood and artificial wood,6.23-N-B.E.-Civil-Engineeing-Sem-III-IV.pdf,2093113,Building Materials and Concrete,4,1,
Stones: Classification and properties of building stones,Building Materials-2,6.23-N-B.E.-Civil-Engineeing-Sem-III-IV.pdf,2093113,Building Materials and Concrete,5,1,
Stones: Classification and properties of building stones,Classification and bonding of stone. Masonry finishes,6.23-N-B.E.-Civil-Engineeing-Sem-III-IV.pdf,2093113,Building Materials and Concrete,6,1,
Stones: Classification and properties of building stones,Classification and bonding of Bricks,6.23-N-B.E.-Civil-Engineeing-Sem-III-IV.pdf,2093113,Building Materials and Concrete,7,1,
Stones: Classification and properties of building stones,Damp proofing,6.23-N-B.E.-Civil-Engineeing-Sem-III-IV.pdf,2093113,Building Materials and Concrete,8,1,
Stones: Classification and properties of building stones,Constituents of Concrete,6.23-N-B.E.-Civil-Engineeing-Sem-III-IV.pdf,2093113,Building Materials and Concrete,9,1,
Stones: Classification and properties of building stones,Fine and Coarse Aggregates: Classification,6.23-N-B.E.-Civil-Engineeing-Sem-III-IV.pdf,2093113,Building Materials and Concrete,10,1,
Stones: Classification and properties of building stones,Alkali  aggregate  reaction,6.23-N-B.E.-Civil-Engineeing-Sem-III-IV.pdf,2093113,Building Materials and Concrete,11,1,
Bricks and Blocks: Burnt clay bricks: raw materials,Autoclaved Aerated Concrete (AAC) blocks,6.23-N-B.E.-Civil-Engineeing-Sem-III-IV.pdf,2093113,Building Materials and Concrete,1,1,
Bricks and Blocks: Burnt clay bricks: raw materials,Light Weight Concrete (CLC) blocks and ceramic tiles,6.23-N-B.E.-Civil-Engineeing-Sem-III-IV.pdf,2093113,Building Materials and Concrete,2,1,
Bricks and Blocks: Burnt clay bricks: raw materials,Timber: Types of natural wood and artificial wood,6.23-N-B.E.-Civil-Engineeing-Sem-III-IV.pdf,2093113,Building Materials and Concrete,3,1,
Bricks and Blocks: Burnt clay bricks: raw materials,Building Materials-2,6.23-N-B.E.-Civil-Engineeing-Sem-III-IV.pdf,2093113,Building Materials and Concrete,4,1,
Bricks and Blocks: Burnt clay bricks: raw materials,Classification and bonding of stone. Masonry finishes,6.23-N-B.E.-Civil-Engineeing-Sem-III-IV.pdf,2093113,Building Materials and Concrete,5,1,
Bricks and Blocks: Burnt clay bricks: raw materials,Classification and bonding of Bricks,6.23-N-B.E.-Civil-Engineeing-Sem-III-IV.pdf,2093113,Building Materials and Concrete,6,1,
Bricks and Blocks: Burnt clay bricks: raw materials,Damp proofing,6.23-N-B.E.-Civil-Engineeing-Sem-III-IV.pdf,2093113,Building Materials and Concrete,7,1,
Bricks and Blocks: Burnt clay bricks: raw materials,Constituents of Concrete,6.23-N-B.E.-Civil-Engineeing-Sem-III-IV.pdf,2093113,Building Materials and Concrete,8,1,
Bricks and Blocks: Burnt clay bricks: raw materials,Fine and Coarse Aggregates: Classification,6.23-N-B.E.-Civil-Engineeing-Sem-III-IV.pdf,2093113,Building Materials and Concrete,9,1,
Bricks and Blocks: Burnt clay bricks: raw materials,Alkali  aggregate  reaction,6.23-N-B.E.-Civil-Engineeing-Sem-III-IV.pdf,2093113,Building Materials and Concrete,10,1,
Autoclaved Aerated Concrete (AAC) blocks,Light Weight Concrete (CLC) blocks and ceramic tiles,6.23-N-B.E.-Civil-Engineeing-Sem-III-IV.pdf,2093113,Building Materials and Concrete,1,1,
Autoclaved Aerated Concrete (AAC) blocks,Timber: Types of natural wood and artificial wood,6.23-N-B.E.-Civil-Engineeing-Sem-III-IV.pdf,2093113,Building Materials and Concrete,2,1,
Autoclaved Aerated Concrete (AAC) blocks,Building Materials-2,6.23-N-B.E.-Civil-Engineeing-Sem-III-IV.pdf,2093113,Building Materials and Concrete,3,1,
Autoclaved Aerated Concrete (AAC) blocks,Classification and bonding of stone. Masonry finishes,6.23-N-B.E.-Civil-Engineeing-Sem-III-IV.pdf,2093113,Building Materials and Concrete,4,1,
Autoclaved Aerated Concrete (AAC) blocks,Classification and bonding of Bricks,6.23-N-B.E.-Civil-Engineeing-Sem-III-IV.pdf,2093113,Building Materials and Concrete,5,1,
Autoclaved Aerated Concrete (AAC) blocks,Damp proofing,6.23-N-B.E.-Civil-Engineeing-Sem-III-IV.pdf,2093113,Building Materials and Concrete,6,1,
Autoclaved Aerated Concrete (AAC) blocks,Constituents of Concrete,6.23-N-B.E.-Civil-Engineeing-Sem-III-IV.pdf,2093113,Building Materials and Concrete,7,1,
Autoclaved Aerated Concrete (AAC) blocks,Fine and Coarse Aggregates: Classification,6.23-N-B.E.-Civil-Engineeing-Sem-III-IV.pdf,2093113,Building Materials and Concrete,8,1,
Autoclaved Aerated Concrete (AAC) blocks,Alkali  aggregate  reaction,6.23-N-B.E.-Civil-Engineeing-Sem-III-IV.pdf,2093113,Building Materials and Concrete,9,1,
Light Weight Concrete (CLC) blocks and ceramic tiles,Timber: Types of natural wood and artificial wood,6.23-N-B.E.-Civil-Engineeing-Sem-III-IV.pdf,2093113,Building Materials and Concrete,1,1,
Light Weight Concrete (CLC) blocks and ceramic tiles,Building Materials-2,6.23-N-B.E.-Civil-Engineeing-Sem-III-IV.pdf,2093113,Building Materials and Concrete,2,1,
Light Weight Concrete (CLC) blocks and ceramic tiles,Classification and bonding of stone. Masonry finishes,6.23-N-B.E.-Civil-Engineeing-Sem-III-IV.pdf,2093113,Building Materials and Concrete,3,1,
Light Weight Concrete (CLC) blocks and ceramic tiles,Classification and bonding of Bricks,6.23-N-B.E.-Civil-Engineeing-Sem-III-IV.pdf,2093113,Building Materials and Concrete,4,1,
Light Weight Concrete (CLC) blocks and ceramic tiles,Damp proofing,6.23-N-B.E.-Civil-Engineeing-Sem-III-IV.pdf,2093113,Building Materials and Concrete,5,1,
Light Weight Concrete (CLC) blocks and ceramic tiles,Constituents of Concrete,6.23-N-B.E.-Civil-Engineeing-Sem-III-IV.pdf,2093113,Building Materials and Concrete,6,1,
Light Weight Concrete (CLC) blocks and ceramic tiles,Fine and Coarse Aggregates: Classification,6.23-N-B.E.-Civil-Engineeing-Sem-III-IV.pdf,2093113,Building Materials and Concrete,7,1,
Light Weight Concrete (CLC) blocks and ceramic tiles,Alkali  aggregate  reaction,6.23-N-B.E.-Civil-Engineeing-Sem-III-IV.pdf,2093113,Building Materials and Concrete,8,1,
Timber: Types of natural wood and artificial wood,Building Materials-2,6.23-N-B.E.-Civil-Engineeing-Sem-III-IV.pdf,2093113,Building Materials and Concrete,1,1,
Timber: Types of natural wood and artificial wood,Classification and bonding of stone. Masonry finishes,6.23-N-B.E.-Civil-Engineeing-Sem-III-IV.pdf,2093113,Building Materials and Concrete,2,1,
Timber: Types of natural wood and artificial wood,Classification and bonding of Bricks,6.23-N-B.E.-Civil-Engineeing-Sem-III-IV.pdf,2093113,Building Materials and Concrete,3,1,
Timber: Types of natural wood and artificial wood,Damp proofing,6.23-N-B.E.-Civil-Engineeing-Sem-III-IV.pdf,2093113,Building Materials and Concrete,4,1,
Timber: Types of natural wood and artificial wood,Constituents of Concrete,6.23-N-B.E.-Civil-Engineeing-Sem-III-IV.pdf,2093113,Building Materials and Concrete,5,1,
Timber: Types of natural wood and artificial wood,Fine and Coarse Aggregates: Classification,6.23-N-B.E.-Civil-Engineeing-Sem-III-IV.pdf,2093113,Building Materials and Concrete,6,1,
Timber: Types of natural wood and artificial wood,Alkali  aggregate  reaction,6.23-N-B.E.-Civil-Engineeing-Sem-III-IV.pdf,2093113,Building Materials and Concrete,7,1,
Building Materials-2,Classification and bonding of stone. Masonry finishes,6.23-N-B.E.-Civil-Engineeing-Sem-III-IV.pdf,2093113,Building Materials and Concrete,1,1,
Building Materials-2,Classification and bonding of Bricks,6.23-N-B.E.-Civil-Engineeing-Sem-III-IV.pdf,2093113,Building Materials and Concrete,2,1,
Building Materials-2,Damp proofing,6.23-N-B.E.-Civil-Engineeing-Sem-III-IV.pdf,2093113,Building Materials and Concrete,3,1,
Building Materials-2,Constituents of Concrete,6.23-N-B.E.-Civil-Engineeing-Sem-III-IV.pdf,2093113,Building Materials and Concrete,4,1,
Building Materials-2,Fine and Coarse Aggregates: Classification,6.23-N-B.E.-Civil-Engineeing-Sem-III-IV.pdf,2093113,Building Materials and Concrete,5,1,
Building Materials-2,Alkali  aggregate  reaction,6.23-N-B.E.-Civil-Engineeing-Sem-III-IV.pdf,2093113,Building Materials and Concrete,6,1,
Classification and bonding of stone. Masonry finishes,Classification and bonding of Bricks,6.23-N-B.E.-Civil-Engineeing-Sem-III-IV.pdf,2093113,Building Materials and Concrete,1,1,
Classification and bonding of stone. Masonry finishes,Damp proofing,6.23-N-B.E.-Civil-Engineeing-Sem-III-IV.pdf,2093113,Building Materials and Concrete,2,1,
Classification and bonding of stone. Masonry finishes,Constituents of Concrete,6.23-N-B.E.-Civil-Engineeing-Sem-III-IV.pdf,2093113,Building Materials and Concrete,3,1,
Classification and bonding of stone. Masonry finishes,Fine and Coarse Aggregates: Classification,6.23-N-B.E.-Civil-Engineeing-Sem-III-IV.pdf,2093113,Building Materials and Concrete,4,1,
Classification and bonding of stone. Masonry finishes,Alkali  aggregate  reaction,6.23-N-B.E.-Civil-Engineeing-Sem-III-IV.pdf,2093113,Building Materials and Concrete,5,1,
Classification and bonding of Bricks,Damp proofing,6.23-N-B.E.-Civil-Engineeing-Sem-III-IV.pdf,2093113,Building Materials and Concrete,1,1,
Classification and bonding of Bricks,Constituents of Concrete,6.23-N-B.E.-Civil-Engineeing-Sem-III-IV.pdf,2093113,Building Materials and Concrete,2,1,
Classification and bonding of Bricks,Fine and Coarse Aggregates: Classification,6.23-N-B.E.-Civil-Engineeing-Sem-III-IV.pdf,2093113,Building Materials and Concrete,3,1,
Classification and bonding of Bricks,Alkali  aggregate  reaction,6.23-N-B.E.-Civil-Engineeing-Sem-III-IV.pdf,2093113,Building Materials and Concrete,4,1,
Damp proofing,Constituents of Concrete,6.23-N-B.E.-Civil-Engineeing-Sem-III-IV.pdf,2093113,Building Materials and Concrete,1,1,
Damp proofing,Fine and Coarse Aggregates: Classification,6.23-N-B.E.-Civil-Engineeing-Sem-III-IV.pdf,2093113,Building Materials and Concrete,2,1,
Damp proofing,Alkali  aggregate  reaction,6.23-N-B.E.-Civil-Engineeing-Sem-III-IV.pdf,2093113,Building Materials and Concrete,3,1,
Constituents of Concrete,Fine and Coarse Aggregates: Classification,6.23-N-B.E.-Civil-Engineeing-Sem-III-IV.pdf,2093113,Building Materials and Concrete,1,1,
Constituents of Concrete,Alkali  aggregate  reaction,6.23-N-B.E.-Civil-Engineeing-Sem-III-IV.pdf,2093113,Building Materials and Concrete,2,1,
Fine and Coarse Aggregates: Classification,Alkali  aggregate  reaction,6.23-N-B.E.-Civil-Engineeing-Sem-III-IV.pdf,2093113,Building Materials and Concrete,1,1,
Stresses and Strains in Elastic members,Types of Stresses and Strains,6.23-N-B.E.-Civil-Engineeing-Sem-III-IV.pdf,2093114,Mechanics of Structures,1,1,
Stresses and Strains in Elastic members,Three-dimensional stress and strain,6.23-N-B.E.-Civil-Engineeing-Sem-III-IV.pdf,2093114,Mechanics of Structures,2,1,
Stresses and Strains in Elastic members,Poisson’s ratio,6.23-N-B.E.-Civil-Engineeing-Sem-III-IV.pdf,2093114,Mechanics of Structures,3,1,
Stresses and Strains in Elastic members,Bars of varying sections,6.23-N-B.E.-Civil-Engineeing-Sem-III-IV.pdf,2093114,Mechanics of Structures,4,1,
Stresses and Strains in Elastic members,Analysis of beams and portal frames,6.23-N-B.E.-Civil-Engineeing-Sem-III-IV.pdf,2093114,Mechanics of Structures,5,1,
Stresses and Strains in Elastic members,Concept of Axial Force,6.23-N-B.E.-Civil-Engineeing-Sem-III-IV.pdf,2093114,Mechanics of Structures,6,1,
Stresses and Strains in Elastic members,SF and BM Diagrams for statically determinate beams,6.23-N-B.E.-Civil-Engineeing-Sem-III-IV.pdf,2093114,Mechanics of Structures,7,1,
Stresses and Strains in Elastic members,SF and BM Diagrams for statically determinate three,6.23-N-B.E.-Civil-Engineeing-Sem-III-IV.pdf,2093114,Mechanics of Structures,8,1,
Stresses and Strains in Elastic members,"Area moment of inertia, Bending and Shear stresses in beams",6.23-N-B.E.-Civil-Engineeing-Sem-III-IV.pdf,2093114,Mechanics of Structures,9,1,
Stresses and Strains in Elastic members,Area moment of inertia,6.23-N-B.E.-Civil-Engineeing-Sem-III-IV.pdf,2093114,Mechanics of Structures,10,1,
Stresses and Strains in Elastic members,Torsion in Shafts and Stresses in Columns,6.23-N-B.E.-Civil-Engineeing-Sem-III-IV.pdf,2093114,Mechanics of Structures,11,1,
Stresses and Strains in Elastic members,Torsion in solid and hollow circular shafts,6.23-N-B.E.-Civil-Engineeing-Sem-III-IV.pdf,2093114,Mechanics of Structures,12,1,
Stresses and Strains in Elastic members,Direct and bending stresses in columns,6.23-N-B.E.-Civil-Engineeing-Sem-III-IV.pdf,2093114,Mechanics of Structures,13,1,
Stresses and Strains in Elastic members,Core of section,6.23-N-B.E.-Civil-Engineeing-Sem-III-IV.pdf,2093114,Mechanics of Structures,14,1,
Types of Stresses and Strains,Three-dimensional stress and strain,6.23-N-B.E.-Civil-Engineeing-Sem-III-IV.pdf,2093114,Mechanics of Structures,1,1,
Types of Stresses and Strains,Poisson’s ratio,6.23-N-B.E.-Civil-Engineeing-Sem-III-IV.pdf,2093114,Mechanics of Structures,2,1,
Types of Stresses and Strains,Bars of varying sections,6.23-N-B.E.-Civil-Engineeing-Sem-III-IV.pdf,2093114,Mechanics of Structures,3,1,
Types of Stresses and Strains,Analysis of beams and portal frames,6.23-N-B.E.-Civil-Engineeing-Sem-III-IV.pdf,2093114,Mechanics of Structures,4,1,
Types of Stresses and Strains,Concept of Axial Force,6.23-N-B.E.-Civil-Engineeing-Sem-III-IV.pdf,2093114,Mechanics of Structures,5,1,
Types of Stresses and Strains,SF and BM Diagrams for statically determinate beams,6.23-N-B.E.-Civil-Engineeing-Sem-III-IV.pdf,2093114,Mechanics of Structures,6,1,
Types of Stresses and Strains,SF and BM Diagrams for statically determinate three,6.23-N-B.E.-Civil-Engineeing-Sem-III-IV.pdf,2093114,Mechanics of Structures,7,1,
Types of Stresses and Strains,"Area moment of inertia, Bending and Shear stresses in beams",6.23-N-B.E.-Civil-Engineeing-Sem-III-IV.pdf,2093114,Mechanics of Structures,8,1,
Types of Stresses and Strains,Area moment of inertia,6.23-N-B.E.-Civil-Engineeing-Sem-III-IV.pdf,2093114,Mechanics of Structures,9,1,
Types of Stresses and Strains,Torsion in Shafts and Stresses in Columns,6.23-N-B.E.-Civil-Engineeing-Sem-III-IV.pdf,2093114,Mechanics of Structures,10,1,
Types of Stresses and Strains,Torsion in solid and hollow circular shafts,6.23-N-B.E.-Civil-Engineeing-Sem-III-IV.pdf,2093114,Mechanics of Structures,11,1,
Types of Stresses and Strains,Direct and bending stresses in columns,6.23-N-B.E.-Civil-Engineeing-Sem-III-IV.pdf,2093114,Mechanics of Structures,12,1,
Types of Stresses and Strains,Core of section,6.23-N-B.E.-Civil-Engineeing-Sem-III-IV.pdf,2093114,Mechanics of Structures,13,1,
Types of Stresses and Strains,Buckling of Columns,6.23-N-B.E.-Civil-Engineeing-Sem-III-IV.pdf,2093114,Mechanics of Structures,14,1,
Three-dimensional stress and strain,Poisson’s ratio,6.23-N-B.E.-Civil-Engineeing-Sem-III-IV.pdf,2093114,Mechanics of Structures,1,1,
Three-dimensional stress and strain,Bars of varying sections,6.23-N-B.E.-Civil-Engineeing-Sem-III-IV.pdf,2093114,Mechanics of Structures,2,1,
Three-dimensional stress and strain,Analysis of beams and portal frames,6.23-N-B.E.-Civil-Engineeing-Sem-III-IV.pdf,2093114,Mechanics of Structures,3,1,
Three-dimensional stress and strain,Concept of Axial Force,6.23-N-B.E.-Civil-Engineeing-Sem-III-IV.pdf,2093114,Mechanics of Structures,4,1,
Three-dimensional stress and strain,SF and BM Diagrams for statically determinate beams,6.23-N-B.E.-Civil-Engineeing-Sem-III-IV.pdf,2093114,Mechanics of Structures,5,1,
Three-dimensional stress and strain,SF and BM Diagrams for statically determinate three,6.23-N-B.E.-Civil-Engineeing-Sem-III-IV.pdf,2093114,Mechanics of Structures,6,1,
Three-dimensional stress and strain,"Area moment of inertia, Bending and Shear stresses in beams",6.23-N-B.E.-Civil-Engineeing-Sem-III-IV.pdf,2093114,Mechanics of Structures,7,1,
Three-dimensional stress and strain,Area moment of inertia,6.23-N-B.E.-Civil-Engineeing-Sem-III-IV.pdf,2093114,Mechanics of Structures,8,1,
Three-dimensional stress and strain,Torsion in Shafts and Stresses in Columns,6.23-N-B.E.-Civil-Engineeing-Sem-III-IV.pdf,2093114,Mechanics of Structures,9,1,
Three-dimensional stress and strain,Torsion in solid and hollow circular shafts,6.23-N-B.E.-Civil-Engineeing-Sem-III-IV.pdf,2093114,Mechanics of Structures,10,1,
Three-dimensional stress and strain,Direct and bending stresses in columns,6.23-N-B.E.-Civil-Engineeing-Sem-III-IV.pdf,2093114,Mechanics of Structures,11,1,
Three-dimensional stress and strain,Core of section,6.23-N-B.E.-Civil-Engineeing-Sem-III-IV.pdf,2093114,Mechanics of Structures,12,1,
Three-dimensional stress and strain,Buckling of Columns,6.23-N-B.E.-Civil-Engineeing-Sem-III-IV.pdf,2093114,Mechanics of Structures,13,1,
Three-dimensional stress and strain,Members subjected to axial loading,6.23-N-B.E.-Civil-Engineeing-Sem-III-IV.pdf,2093114,Mechanics of Structures,14,1,
Poisson’s ratio,Bars of varying sections,6.23-N-B.E.-Civil-Engineeing-Sem-III-IV.pdf,2093114,Mechanics of Structures,1,1,
Poisson’s ratio,Analysis of beams and portal frames,6.23-N-B.E.-Civil-Engineeing-Sem-III-IV.pdf,2093114,Mechanics of Structures,2,1,
Poisson’s ratio,Concept of Axial Force,6.23-N-B.E.-Civil-Engineeing-Sem-III-IV.pdf,2093114,Mechanics of Structures,3,1,
Poisson’s ratio,SF and BM Diagrams for statically determinate beams,6.23-N-B.E.-Civil-Engineeing-Sem-III-IV.pdf,2093114,Mechanics of Structures,4,1,
Poisson’s ratio,SF and BM Diagrams for statically determinate three,6.23-N-B.E.-Civil-Engineeing-Sem-III-IV.pdf,2093114,Mechanics of Structures,5,1,
Poisson’s ratio,"Area moment of inertia, Bending and Shear stresses in beams",6.23-N-B.E.-Civil-Engineeing-Sem-III-IV.pdf,2093114,Mechanics of Structures,6,1,
Poisson’s ratio,Area moment of inertia,6.23-N-B.E.-Civil-Engineeing-Sem-III-IV.pdf,2093114,Mechanics of Structures,7,1,
Poisson’s ratio,Torsion in Shafts and Stresses in Columns,6.23-N-B.E.-Civil-Engineeing-Sem-III-IV.pdf,2093114,Mechanics of Structures,8,1,
Poisson’s ratio,Torsion in solid and hollow circular shafts,6.23-N-B.E.-Civil-Engineeing-Sem-III-IV.pdf,2093114,Mechanics of Structures,9,1,
Poisson’s ratio,Direct and bending stresses in columns,6.23-N-B.E.-Civil-Engineeing-Sem-III-IV.pdf,2093114,Mechanics of Structures,10,1,
Poisson’s ratio,Core of section,6.23-N-B.E.-Civil-Engineeing-Sem-III-IV.pdf,2093114,Mechanics of Structures,11,1,
Poisson’s ratio,Buckling of Columns,6.23-N-B.E.-Civil-Engineeing-Sem-III-IV.pdf,2093114,Mechanics of Structures,12,1,
Poisson’s ratio,Members subjected to axial loading,6.23-N-B.E.-Civil-Engineeing-Sem-III-IV.pdf,2093114,Mechanics of Structures,13,1,
Poisson’s ratio,Euler’s and Rankine’s formula,6.23-N-B.E.-Civil-Engineeing-Sem-III-IV.pdf,2093114,Mechanics of Structures,14,1,
Bars of varying sections,Analysis of beams and portal frames,6.23-N-B.E.-Civil-Engineeing-Sem-III-IV.pdf,2093114,Mechanics of Structures,1,1,
Bars of varying sections,Concept of Axial Force,6.23-N-B.E.-Civil-Engineeing-Sem-III-IV.pdf,2093114,Mechanics of Structures,2,1,
Bars of varying sections,SF and BM Diagrams for statically determinate beams,6.23-N-B.E.-Civil-Engineeing-Sem-III-IV.pdf,2093114,Mechanics of Structures,3,1,
Bars of varying sections,SF and BM Diagrams for statically determinate three,6.23-N-B.E.-Civil-Engineeing-Sem-III-IV.pdf,2093114,Mechanics of Structures,4,1,
Bars of varying sections,"Area moment of inertia, Bending and Shear stresses in beams",6.23-N-B.E.-Civil-Engineeing-Sem-III-IV.pdf,2093114,Mechanics of Structures,5,1,
Bars of varying sections,Area moment of inertia,6.23-N-B.E.-Civil-Engineeing-Sem-III-IV.pdf,2093114,Mechanics of Structures,6,1,
Bars of varying sections,Torsion in Shafts and Stresses in Columns,6.23-N-B.E.-Civil-Engineeing-Sem-III-IV.pdf,2093114,Mechanics of Structures,7,1,
Bars of varying sections,Torsion in solid and hollow circular shafts,6.23-N-B.E.-Civil-Engineeing-Sem-III-IV.pdf,2093114,Mechanics of Structures,8,1,
Bars of varying sections,Direct and bending stresses in columns,6.23-N-B.E.-Civil-Engineeing-Sem-III-IV.pdf,2093114,Mechanics of Structures,9,1,
Bars of varying sections,Core of section,6.23-N-B.E.-Civil-Engineeing-Sem-III-IV.pdf,2093114,Mechanics of Structures,10,1,
Bars of varying sections,Buckling of Columns,6.23-N-B.E.-Civil-Engineeing-Sem-III-IV.pdf,2093114,Mechanics of Structures,11,1,
Bars of varying sections,Members subjected to axial loading,6.23-N-B.E.-Civil-Engineeing-Sem-III-IV.pdf,2093114,Mechanics of Structures,12,1,
Bars of varying sections,Euler’s and Rankine’s formula,6.23-N-B.E.-Civil-Engineeing-Sem-III-IV.pdf,2093114,Mechanics of Structures,13,1,
Bars of varying sections,General equation for transformation of stress,6.23-N-B.E.-Civil-Engineeing-Sem-III-IV.pdf,2093114,Mechanics of Structures,14,1,
Analysis of beams and portal frames,Concept of Axial Force,6.23-N-B.E.-Civil-Engineeing-Sem-III-IV.pdf,2093114,Mechanics of Structures,1,1,
Analysis of beams and portal frames,SF and BM Diagrams for statically determinate beams,6.23-N-B.E.-Civil-Engineeing-Sem-III-IV.pdf,2093114,Mechanics of Structures,2,1,
Analysis of beams and portal frames,SF and BM Diagrams for statically determinate three,6.23-N-B.E.-Civil-Engineeing-Sem-III-IV.pdf,2093114,Mechanics of Structures,3,1,
Analysis of beams and portal frames,"Area moment of inertia, Bending and Shear stresses in beams",6.23-N-B.E.-Civil-Engineeing-Sem-III-IV.pdf,2093114,Mechanics of Structures,4,1,
Analysis of beams and portal frames,Area moment of inertia,6.23-N-B.E.-Civil-Engineeing-Sem-III-IV.pdf,2093114,Mechanics of Structures,5,1,
Analysis of beams and portal frames,Torsion in Shafts and Stresses in Columns,6.23-N-B.E.-Civil-Engineeing-Sem-III-IV.pdf,2093114,Mechanics of Structures,6,1,
Analysis of beams and portal frames,Torsion in solid and hollow circular shafts,6.23-N-B.E.-Civil-Engineeing-Sem-III-IV.pdf,2093114,Mechanics of Structures,7,1,
Analysis of beams and portal frames,Direct and bending stresses in columns,6.23-N-B.E.-Civil-Engineeing-Sem-III-IV.pdf,2093114,Mechanics of Structures,8,1,
Analysis of beams and portal frames,Core of section,6.23-N-B.E.-Civil-Engineeing-Sem-III-IV.pdf,2093114,Mechanics of Structures,9,1,
Analysis of beams and portal frames,Buckling of Columns,6.23-N-B.E.-Civil-Engineeing-Sem-III-IV.pdf,2093114,Mechanics of Structures,10,1,
Analysis of beams and portal frames,Members subjected to axial loading,6.23-N-B.E.-Civil-Engineeing-Sem-III-IV.pdf,2093114,Mechanics of Structures,11,1,
Analysis of beams and portal frames,Euler’s and Rankine’s formula,6.23-N-B.E.-Civil-Engineeing-Sem-III-IV.pdf,2093114,Mechanics of Structures,12,1,
Analysis of beams and portal frames,General equation for transformation of stress,6.23-N-B.E.-Civil-Engineeing-Sem-III-IV.pdf,2093114,Mechanics of Structures,13,1,
Analysis of beams and portal frames,Trusses and three hinged parabolic arches,6.23-N-B.E.-Civil-Engineeing-Sem-III-IV.pdf,2093114,Mechanics of Structures,14,1,
Concept of Axial Force,SF and BM Diagrams for statically determinate beams,6.23-N-B.E.-Civil-Engineeing-Sem-III-IV.pdf,2093114,Mechanics of Structures,1,1,
Concept of Axial Force,SF and BM Diagrams for statically determinate three,6.23-N-B.E.-Civil-Engineeing-Sem-III-IV.pdf,2093114,Mechanics of Structures,2,1,
Concept of Axial Force,"Area moment of inertia, Bending and Shear stresses in beams",6.23-N-B.E.-Civil-Engineeing-Sem-III-IV.pdf,2093114,Mechanics of Structures,3,1,
Concept of Axial Force,Area moment of inertia,6.23-N-B.E.-Civil-Engineeing-Sem-III-IV.pdf,2093114,Mechanics of Structures,4,1,
Concept of Axial Force,Torsion in Shafts and Stresses in Columns,6.23-N-B.E.-Civil-Engineeing-Sem-III-IV.pdf,2093114,Mechanics of Structures,5,1,
Concept of Axial Force,Torsion in solid and hollow circular shafts,6.23-N-B.E.-Civil-Engineeing-Sem-III-IV.pdf,2093114,Mechanics of Structures,6,1,
Concept of Axial Force,Direct and bending stresses in columns,6.23-N-B.E.-Civil-Engineeing-Sem-III-IV.pdf,2093114,Mechanics of Structures,7,1,
Concept of Axial Force,Core of section,6.23-N-B.E.-Civil-Engineeing-Sem-III-IV.pdf,2093114,Mechanics of Structures,8,1,
Concept of Axial Force,Buckling of Columns,6.23-N-B.E.-Civil-Engineeing-Sem-III-IV.pdf,2093114,Mechanics of Structures,9,1,
Concept of Axial Force,Members subjected to axial loading,6.23-N-B.E.-Civil-Engineeing-Sem-III-IV.pdf,2093114,Mechanics of Structures,10,1,
Concept of Axial Force,Euler’s and Rankine’s formula,6.23-N-B.E.-Civil-Engineeing-Sem-III-IV.pdf,2093114,Mechanics of Structures,11,1,
Concept of Axial Force,General equation for transformation of stress,6.23-N-B.E.-Civil-Engineeing-Sem-III-IV.pdf,2093114,Mechanics of Structures,12,1,
Concept of Axial Force,Trusses and three hinged parabolic arches,6.23-N-B.E.-Civil-Engineeing-Sem-III-IV.pdf,2093114,Mechanics of Structures,13,1,
Concept of Axial Force,Three hinged arches: Determination of normal thrust,6.23-N-B.E.-Civil-Engineeing-Sem-III-IV.pdf,2093114,Mechanics of Structures,14,1,
SF and BM Diagrams for statically determinate beams,SF and BM Diagrams for statically determinate three,6.23-N-B.E.-Civil-Engineeing-Sem-III-IV.pdf,2093114,Mechanics of Structures,1,1,
SF and BM Diagrams for statically determinate beams,"Area moment of inertia, Bending and Shear stresses in beams",6.23-N-B.E.-Civil-Engineeing-Sem-III-IV.pdf,2093114,Mechanics of Structures,2,1,
SF and BM Diagrams for statically determinate beams,Area moment of inertia,6.23-N-B.E.-Civil-Engineeing-Sem-III-IV.pdf,2093114,Mechanics of Structures,3,1,
SF and BM Diagrams for statically determinate beams,Torsion in Shafts and Stresses in Columns,6.23-N-B.E.-Civil-Engineeing-Sem-III-IV.pdf,2093114,Mechanics of Structures,4,1,
SF and BM Diagrams for statically determinate beams,Torsion in solid and hollow circular shafts,6.23-N-B.E.-Civil-Engineeing-Sem-III-IV.pdf,2093114,Mechanics of Structures,5,1,
SF and BM Diagrams for statically determinate beams,Direct and bending stresses in columns,6.23-N-B.E.-Civil-Engineeing-Sem-III-IV.pdf,2093114,Mechanics of Structures,6,1,
SF and BM Diagrams for statically determinate beams,Core of section,6.23-N-B.E.-Civil-Engineeing-Sem-III-IV.pdf,2093114,Mechanics of Structures,7,1,
SF and BM Diagrams for statically determinate beams,Buckling of Columns,6.23-N-B.E.-Civil-Engineeing-Sem-III-IV.pdf,2093114,Mechanics of Structures,8,1,
SF and BM Diagrams for statically determinate beams,Members subjected to axial loading,6.23-N-B.E.-Civil-Engineeing-Sem-III-IV.pdf,2093114,Mechanics of Structures,9,1,
SF and BM Diagrams for statically determinate beams,Euler’s and Rankine’s formula,6.23-N-B.E.-Civil-Engineeing-Sem-III-IV.pdf,2093114,Mechanics of Structures,10,1,
SF and BM Diagrams for statically determinate beams,General equation for transformation of stress,6.23-N-B.E.-Civil-Engineeing-Sem-III-IV.pdf,2093114,Mechanics of Structures,11,1,
SF and BM Diagrams for statically determinate beams,Trusses and three hinged parabolic arches,6.23-N-B.E.-Civil-Engineeing-Sem-III-IV.pdf,2093114,Mechanics of Structures,12,1,
SF and BM Diagrams for statically determinate beams,Three hinged arches: Determination of normal thrust,6.23-N-B.E.-Civil-Engineeing-Sem-III-IV.pdf,2093114,Mechanics of Structures,13,1,
SF and BM Diagrams for statically determinate three,"Area moment of inertia, Bending and Shear stresses in beams",6.23-N-B.E.-Civil-Engineeing-Sem-III-IV.pdf,2093114,Mechanics of Structures,1,1,
SF and BM Diagrams for statically determinate three,Area moment of inertia,6.23-N-B.E.-Civil-Engineeing-Sem-III-IV.pdf,2093114,Mechanics of Structures,2,1,
SF and BM Diagrams for statically determinate three,Torsion in Shafts and Stresses in Columns,6.23-N-B.E.-Civil-Engineeing-Sem-III-IV.pdf,2093114,Mechanics of Structures,3,1,
SF and BM Diagrams for statically determinate three,Torsion in solid and hollow circular shafts,6.23-N-B.E.-Civil-Engineeing-Sem-III-IV.pdf,2093114,Mechanics of Structures,4,1,
SF and BM Diagrams for statically determinate three,Direct and bending stresses in columns,6.23-N-B.E.-Civil-Engineeing-Sem-III-IV.pdf,2093114,Mechanics of Structures,5,1,
SF and BM Diagrams for statically determinate three,Core of section,6.23-N-B.E.-Civil-Engineeing-Sem-III-IV.pdf,2093114,Mechanics of Structures,6,1,
SF and BM Diagrams for statically determinate three,Buckling of Columns,6.23-N-B.E.-Civil-Engineeing-Sem-III-IV.pdf,2093114,Mechanics of Structures,7,1,
SF and BM Diagrams for statically determinate three,Members subjected to axial loading,6.23-N-B.E.-Civil-Engineeing-Sem-III-IV.pdf,2093114,Mechanics of Structures,8,1,
SF and BM Diagrams for statically determinate three,Euler’s and Rankine’s formula,6.23-N-B.E.-Civil-Engineeing-Sem-III-IV.pdf,2093114,Mechanics of Structures,9,1,
SF and BM Diagrams for statically determinate three,General equation for transformation of stress,6.23-N-B.E.-Civil-Engineeing-Sem-III-IV.pdf,2093114,Mechanics of Structures,10,1,
SF and BM Diagrams for statically determinate three,Trusses and three hinged parabolic arches,6.23-N-B.E.-Civil-Engineeing-Sem-III-IV.pdf,2093114,Mechanics of Structures,11,1,
SF and BM Diagrams for statically determinate three,Three hinged arches: Determination of normal thrust,6.23-N-B.E.-Civil-Engineeing-Sem-III-IV.pdf,2093114,Mechanics of Structures,12,1,
"Area moment of inertia, Bending and Shear stresses in beams",Area moment of inertia,6.23-N-B.E.-Civil-Engineeing-Sem-III-IV.pdf,2093114,Mechanics of Structures,1,1,
"Area moment of inertia, Bending and Shear stresses in beams",Torsion in Shafts and Stresses in Columns,6.23-N-B.E.-Civil-Engineeing-Sem-III-IV.pdf,2093114,Mechanics of Structures,2,1,
"Area moment of inertia, Bending and Shear stresses in beams",Torsion in solid and hollow circular shafts,6.23-N-B.E.-Civil-Engineeing-Sem-III-IV.pdf,2093114,Mechanics of Structures,3,1,
"Area moment of inertia, Bending and Shear stresses in beams",Direct and bending stresses in columns,6.23-N-B.E.-Civil-Engineeing-Sem-III-IV.pdf,2093114,Mechanics of Structures,4,1,
"Area moment of inertia, Bending and Shear stresses in beams",Core of section,6.23-N-B.E.-Civil-Engineeing-Sem-III-IV.pdf,2093114,Mechanics of Structures,5,1,
"Area moment of inertia, Bending and Shear stresses in beams",Buckling of Columns,6.23-N-B.E.-Civil-Engineeing-Sem-III-IV.pdf,2093114,Mechanics of Structures,6,1,
"Area moment of inertia, Bending and Shear stresses in beams",Members subjected to axial loading,6.23-N-B.E.-Civil-Engineeing-Sem-III-IV.pdf,2093114,Mechanics of Structures,7,1,
"Area moment of inertia, Bending and Shear stresses in beams",Euler’s and Rankine’s formula,6.23-N-B.E.-Civil-Engineeing-Sem-III-IV.pdf,2093114,Mechanics of Structures,8,1,
"Area moment of inertia, Bending and Shear stresses in beams",General equation for transformation of stress,6.23-N-B.E.-Civil-Engineeing-Sem-III-IV.pdf,2093114,Mechanics of Structures,9,1,
"Area moment of inertia, Bending and Shear stresses in beams",Trusses and three hinged parabolic arches,6.23-N-B.E.-Civil-Engineeing-Sem-III-IV.pdf,2093114,Mechanics of Structures,10,1,
"Area moment of inertia, Bending and Shear stresses in beams",Three hinged arches: Determination of normal thrust,6.23-N-B.E.-Civil-Engineeing-Sem-III-IV.pdf,2093114,Mechanics of Structures,11,1,
Area moment of inertia,Torsion in Shafts and Stresses in Columns,6.23-N-B.E.-Civil-Engineeing-Sem-III-IV.pdf,2093114,Mechanics of Structures,1,1,
Area moment of inertia,Torsion in solid and hollow circular shafts,6.23-N-B.E.-Civil-Engineeing-Sem-III-IV.pdf,2093114,Mechanics of Structures,2,1,
Area moment of inertia,Direct and bending stresses in columns,6.23-N-B.E.-Civil-Engineeing-Sem-III-IV.pdf,2093114,Mechanics of Structures,3,1,
Area moment of inertia,Core of section,6.23-N-B.E.-Civil-Engineeing-Sem-III-IV.pdf,2093114,Mechanics of Structures,4,1,
Area moment of inertia,Buckling of Columns,6.23-N-B.E.-Civil-Engineeing-Sem-III-IV.pdf,2093114,Mechanics of Structures,5,1,
Area moment of inertia,Members subjected to axial loading,6.23-N-B.E.-Civil-Engineeing-Sem-III-IV.pdf,2093114,Mechanics of Structures,6,1,
Area moment of inertia,Euler’s and Rankine’s formula,6.23-N-B.E.-Civil-Engineeing-Sem-III-IV.pdf,2093114,Mechanics of Structures,7,1,
Area moment of inertia,General equation for transformation of stress,6.23-N-B.E.-Civil-Engineeing-Sem-III-IV.pdf,2093114,Mechanics of Structures,8,1,
Area moment of inertia,Trusses and three hinged parabolic arches,6.23-N-B.E.-Civil-Engineeing-Sem-III-IV.pdf,2093114,Mechanics of Structures,9,1,
Area moment of inertia,Three hinged arches: Determination of normal thrust,6.23-N-B.E.-Civil-Engineeing-Sem-III-IV.pdf,2093114,Mechanics of Structures,10,1,
Torsion in Shafts and Stresses in Columns,Torsion in solid and hollow circular shafts,6.23-N-B.E.-Civil-Engineeing-Sem-III-IV.pdf,2093114,Mechanics of Structures,1,1,
Torsion in Shafts and Stresses in Columns,Direct and bending stresses in columns,6.23-N-B.E.-Civil-Engineeing-Sem-III-IV.pdf,2093114,Mechanics of Structures,2,1,
Torsion in Shafts and Stresses in Columns,Core of section,6.23-N-B.E.-Civil-Engineeing-Sem-III-IV.pdf,2093114,Mechanics of Structures,3,1,
Torsion in Shafts and Stresses in Columns,Buckling of Columns,6.23-N-B.E.-Civil-Engineeing-Sem-III-IV.pdf,2093114,Mechanics of Structures,4,1,
Torsion in Shafts and Stresses in Columns,Members subjected to axial loading,6.23-N-B.E.-Civil-Engineeing-Sem-III-IV.pdf,2093114,Mechanics of Structures,5,1,
Torsion in Shafts and Stresses in Columns,Euler’s and Rankine’s formula,6.23-N-B.E.-Civil-Engineeing-Sem-III-IV.pdf,2093114,Mechanics of Structures,6,1,
Torsion in Shafts and Stresses in Columns,General equation for transformation of stress,6.23-N-B.E.-Civil-Engineeing-Sem-III-IV.pdf,2093114,Mechanics of Structures,7,1,
Torsion in Shafts and Stresses in Columns,Trusses and three hinged parabolic arches,6.23-N-B.E.-Civil-Engineeing-Sem-III-IV.pdf,2093114,Mechanics of Structures,8,1,
Torsion in Shafts and Stresses in Columns,Three hinged arches: Determination of normal thrust,6.23-N-B.E.-Civil-Engineeing-Sem-III-IV.pdf,2093114,Mechanics of Structures,9,1,
Torsion in solid and hollow circular shafts,Direct and bending stresses in columns,6.23-N-B.E.-Civil-Engineeing-Sem-III-IV.pdf,2093114,Mechanics of Structures,1,1,
Torsion in solid and hollow circular shafts,Core of section,6.23-N-B.E.-Civil-Engineeing-Sem-III-IV.pdf,2093114,Mechanics of Structures,2,1,
Torsion in solid and hollow circular shafts,Buckling of Columns,6.23-N-B.E.-Civil-Engineeing-Sem-III-IV.pdf,2093114,Mechanics of Structures,3,1,
Torsion in solid and hollow circular shafts,Members subjected to axial loading,6.23-N-B.E.-Civil-Engineeing-Sem-III-IV.pdf,2093114,Mechanics of Structures,4,1,
Torsion in solid and hollow circular shafts,Euler’s and Rankine’s formula,6.23-N-B.E.-Civil-Engineeing-Sem-III-IV.pdf,2093114,Mechanics of Structures,5,1,
Torsion in solid and hollow circular shafts,General equation for transformation of stress,6.23-N-B.E.-Civil-Engineeing-Sem-III-IV.pdf,2093114,Mechanics of Structures,6,1,
Torsion in solid and hollow circular shafts,Trusses and three hinged parabolic arches,6.23-N-B.E.-Civil-Engineeing-Sem-III-IV.pdf,2093114,Mechanics of Structures,7,1,
Torsion in solid and hollow circular shafts,Three hinged arches: Determination of normal thrust,6.23-N-B.E.-Civil-Engineeing-Sem-III-IV.pdf,2093114,Mechanics of Structures,8,1,
Direct and bending stresses in columns,Core of section,6.23-N-B.E.-Civil-Engineeing-Sem-III-IV.pdf,2093114,Mechanics of Structures,1,1,
Direct and bending stresses in columns,Buckling of Columns,6.23-N-B.E.-Civil-Engineeing-Sem-III-IV.pdf,2093114,Mechanics of Structures,2,1,
Direct and bending stresses in columns,Members subjected to axial loading,6.23-N-B.E.-Civil-Engineeing-Sem-III-IV.pdf,2093114,Mechanics of Structures,3,1,
Direct and bending stresses in columns,Euler’s and Rankine’s formula,6.23-N-B.E.-Civil-Engineeing-Sem-III-IV.pdf,2093114,Mechanics of Structures,4,1,
Direct and bending stresses in columns,General equation for transformation of stress,6.23-N-B.E.-Civil-Engineeing-Sem-III-IV.pdf,2093114,Mechanics of Structures,5,1,
Direct and bending stresses in columns,Trusses and three hinged parabolic arches,6.23-N-B.E.-Civil-Engineeing-Sem-III-IV.pdf,2093114,Mechanics of Structures,6,1,
Direct and bending stresses in columns,Three hinged arches: Determination of normal thrust,6.23-N-B.E.-Civil-Engineeing-Sem-III-IV.pdf,2093114,Mechanics of Structures,7,1,
Core of section,Buckling of Columns,6.23-N-B.E.-Civil-Engineeing-Sem-III-IV.pdf,2093114,Mechanics of Structures,1,1,
Core of section,Members subjected to axial loading,6.23-N-B.E.-Civil-Engineeing-Sem-III-IV.pdf,2093114,Mechanics of Structures,2,1,
Core of section,Euler’s and Rankine’s formula,6.23-N-B.E.-Civil-Engineeing-Sem-III-IV.pdf,2093114,Mechanics of Structures,3,1,
Core of section,General equation for transformation of stress,6.23-N-B.E.-Civil-Engineeing-Sem-III-IV.pdf,2093114,Mechanics of Structures,4,1,
Core of section,Trusses and three hinged parabolic arches,6.23-N-B.E.-Civil-Engineeing-Sem-III-IV.pdf,2093114,Mechanics of Structures,5,1,
Core of section,Three hinged arches: Determination of normal thrust,6.23-N-B.E.-Civil-Engineeing-Sem-III-IV.pdf,2093114,Mechanics of Structures,6,1,
Buckling of Columns,Members subjected to axial loading,6.23-N-B.E.-Civil-Engineeing-Sem-III-IV.pdf,2093114,Mechanics of Structures,1,1,
Buckling of Columns,Euler’s and Rankine’s formula,6.23-N-B.E.-Civil-Engineeing-Sem-III-IV.pdf,2093114,Mechanics of Structures,2,1,
Buckling of Columns,General equation for transformation of stress,6.23-N-B.E.-Civil-Engineeing-Sem-III-IV.pdf,2093114,Mechanics of Structures,3,1,
Buckling of Columns,Trusses and three hinged parabolic arches,6.23-N-B.E.-Civil-Engineeing-Sem-III-IV.pdf,2093114,Mechanics of Structures,4,1,
Buckling of Columns,Three hinged arches: Determination of normal thrust,6.23-N-B.E.-Civil-Engineeing-Sem-III-IV.pdf,2093114,Mechanics of Structures,5,1,
Members subjected to axial loading,Euler’s and Rankine’s formula,6.23-N-B.E.-Civil-Engineeing-Sem-III-IV.pdf,2093114,Mechanics of Structures,1,1,
Members subjected to axial loading,General equation for transformation of stress,6.23-N-B.E.-Civil-Engineeing-Sem-III-IV.pdf,2093114,Mechanics of Structures,2,1,
Members subjected to axial loading,Trusses and three hinged parabolic arches,6.23-N-B.E.-Civil-Engineeing-Sem-III-IV.pdf,2093114,Mechanics of Structures,3,1,
Members subjected to axial loading,Three hinged arches: Determination of normal thrust,6.23-N-B.E.-Civil-Engineeing-Sem-III-IV.pdf,2093114,Mechanics of Structures,4,1,
Euler’s and Rankine’s formula,General equation for transformation of stress,6.23-N-B.E.-Civil-Engineeing-Sem-III-IV.pdf,2093114,Mechanics of Structures,1,1,
Euler’s and Rankine’s formula,Trusses and three hinged parabolic arches,6.23-N-B.E.-Civil-Engineeing-Sem-III-IV.pdf,2093114,Mechanics of Structures,2,1,
Euler’s and Rankine’s formula,Three hinged arches: Determination of normal thrust,6.23-N-B.E.-Civil-Engineeing-Sem-III-IV.pdf,2093114,Mechanics of Structures,3,1,
General equation for transformation of stress,Trusses and three hinged parabolic arches,6.23-N-B.E.-Civil-Engineeing-Sem-III-IV.pdf,2093114,Mechanics of Structures,1,1,
General equation for transformation of stress,Three hinged arches: Determination of normal thrust,6.23-N-B.E.-Civil-Engineeing-Sem-III-IV.pdf,2093114,Mechanics of Structures,2,1,
Trusses and three hinged parabolic arches,Three hinged arches: Determination of normal thrust,6.23-N-B.E.-Civil-Engineeing-Sem-III-IV.pdf,2093114,Mechanics of Structures,1,1,
Solenoidal and irrotational (conservative) vector fields,Line integrals – definition and problems,6.23-N-B.E.-Civil-Engineeing-Sem-III-IV.pdf,2094111,Applied Mathematics for Civil,1,1,
Solenoidal and irrotational (conservative) vector fields,Green’s theorem (without proof) in a plane,6.23-N-B.E.-Civil-Engineeing-Sem-III-IV.pdf,2094111,Applied Mathematics for Civil,2,1,
Solenoidal and irrotational (conservative) vector fields,Divergence theorem (without proof) and problems (only,6.23-N-B.E.-Civil-Engineeing-Sem-III-IV.pdf,2094111,Applied Mathematics for Civil,3,1,
Solenoidal and irrotational (conservative) vector fields,Self- Learning Topics,6.23-N-B.E.-Civil-Engineeing-Sem-III-IV.pdf,2094111,Applied Mathematics for Civil,4,1,
Solenoidal and irrotational (conservative) vector fields,Identities connecting Gradient,6.23-N-B.E.-Civil-Engineeing-Sem-III-IV.pdf,2094111,Applied Mathematics for Civil,5,1,
Solenoidal and irrotational (conservative) vector fields,Divergence and Curl,6.23-N-B.E.-Civil-Engineeing-Sem-III-IV.pdf,2094111,Applied Mathematics for Civil,6,1,
Solenoidal and irrotational (conservative) vector fields,Green’s theorem,6.23-N-B.E.-Civil-Engineeing-Sem-III-IV.pdf,2094111,Applied Mathematics for Civil,7,1,
Solenoidal and irrotational (conservative) vector fields,Cauchy’s Integral theorem for simple,6.23-N-B.E.-Civil-Engineeing-Sem-III-IV.pdf,2094111,Applied Mathematics for Civil,8,1,
Solenoidal and irrotational (conservative) vector fields,Definition of Singularity,6.23-N-B.E.-Civil-Engineeing-Sem-III-IV.pdf,2094111,Applied Mathematics for Civil,9,1,
Solenoidal and irrotational (conservative) vector fields,Spearman’s Rank correlation coefficient (R) (Repeated,6.23-N-B.E.-Civil-Engineeing-Sem-III-IV.pdf,2094111,Applied Mathematics for Civil,10,1,
Solenoidal and irrotational (conservative) vector fields,Lines of regression,6.23-N-B.E.-Civil-Engineeing-Sem-III-IV.pdf,2094111,Applied Mathematics for Civil,11,1,
Solenoidal and irrotational (conservative) vector fields,Fitting of first and second degree curves,6.23-N-B.E.-Civil-Engineeing-Sem-III-IV.pdf,2094111,Applied Mathematics for Civil,12,1,
Solenoidal and irrotational (conservative) vector fields,Discrete and Continuous random variables,6.23-N-B.E.-Civil-Engineeing-Sem-III-IV.pdf,2094111,Applied Mathematics for Civil,13,1,
Solenoidal and irrotational (conservative) vector fields,Moment generating functions,6.23-N-B.E.-Civil-Engineeing-Sem-III-IV.pdf,2094111,Applied Mathematics for Civil,14,1,
Line integrals – definition and problems,Green’s theorem (without proof) in a plane,6.23-N-B.E.-Civil-Engineeing-Sem-III-IV.pdf,2094111,Applied Mathematics for Civil,1,1,
Line integrals – definition and problems,Divergence theorem (without proof) and problems (only,6.23-N-B.E.-Civil-Engineeing-Sem-III-IV.pdf,2094111,Applied Mathematics for Civil,2,1,
Line integrals – definition and problems,Self- Learning Topics,6.23-N-B.E.-Civil-Engineeing-Sem-III-IV.pdf,2094111,Applied Mathematics for Civil,3,1,
Line integrals – definition and problems,Identities connecting Gradient,6.23-N-B.E.-Civil-Engineeing-Sem-III-IV.pdf,2094111,Applied Mathematics for Civil,4,1,
Line integrals – definition and problems,Divergence and Curl,6.23-N-B.E.-Civil-Engineeing-Sem-III-IV.pdf,2094111,Applied Mathematics for Civil,5,1,
Line integrals – definition and problems,Green’s theorem,6.23-N-B.E.-Civil-Engineeing-Sem-III-IV.pdf,2094111,Applied Mathematics for Civil,6,1,
Line integrals – definition and problems,Cauchy’s Integral theorem for simple,6.23-N-B.E.-Civil-Engineeing-Sem-III-IV.pdf,2094111,Applied Mathematics for Civil,7,1,
Line integrals – definition and problems,Definition of Singularity,6.23-N-B.E.-Civil-Engineeing-Sem-III-IV.pdf,2094111,Applied Mathematics for Civil,8,1,
Line integrals – definition and problems,Spearman’s Rank correlation coefficient (R) (Repeated,6.23-N-B.E.-Civil-Engineeing-Sem-III-IV.pdf,2094111,Applied Mathematics for Civil,9,1,
Line integrals – definition and problems,Lines of regression,6.23-N-B.E.-Civil-Engineeing-Sem-III-IV.pdf,2094111,Applied Mathematics for Civil,10,1,
Line integrals – definition and problems,Fitting of first and second degree curves,6.23-N-B.E.-Civil-Engineeing-Sem-III-IV.pdf,2094111,Applied Mathematics for Civil,11,1,
Line integrals – definition and problems,Discrete and Continuous random variables,6.23-N-B.E.-Civil-Engineeing-Sem-III-IV.pdf,2094111,Applied Mathematics for Civil,12,1,
Line integrals – definition and problems,Moment generating functions,6.23-N-B.E.-Civil-Engineeing-Sem-III-IV.pdf,2094111,Applied Mathematics for Civil,13,1,
Line integrals – definition and problems,Self- learning Topics: Conditional probability,6.23-N-B.E.-Civil-Engineeing-Sem-III-IV.pdf,2094111,Applied Mathematics for Civil,14,1,
Green’s theorem (without proof) in a plane,Divergence theorem (without proof) and problems (only,6.23-N-B.E.-Civil-Engineeing-Sem-III-IV.pdf,2094111,Applied Mathematics for Civil,1,1,
Green’s theorem (without proof) in a plane,Self- Learning Topics,6.23-N-B.E.-Civil-Engineeing-Sem-III-IV.pdf,2094111,Applied Mathematics for Civil,2,1,
Green’s theorem (without proof) in a plane,Identities connecting Gradient,6.23-N-B.E.-Civil-Engineeing-Sem-III-IV.pdf,2094111,Applied Mathematics for Civil,3,1,
Green’s theorem (without proof) in a plane,Divergence and Curl,6.23-N-B.E.-Civil-Engineeing-Sem-III-IV.pdf,2094111,Applied Mathematics for Civil,4,1,
Green’s theorem (without proof) in a plane,Green’s theorem,6.23-N-B.E.-Civil-Engineeing-Sem-III-IV.pdf,2094111,Applied Mathematics for Civil,5,1,
Green’s theorem (without proof) in a plane,Cauchy’s Integral theorem for simple,6.23-N-B.E.-Civil-Engineeing-Sem-III-IV.pdf,2094111,Applied Mathematics for Civil,6,1,
Green’s theorem (without proof) in a plane,Definition of Singularity,6.23-N-B.E.-Civil-Engineeing-Sem-III-IV.pdf,2094111,Applied Mathematics for Civil,7,1,
Green’s theorem (without proof) in a plane,Spearman’s Rank correlation coefficient (R) (Repeated,6.23-N-B.E.-Civil-Engineeing-Sem-III-IV.pdf,2094111,Applied Mathematics for Civil,8,1,
Green’s theorem (without proof) in a plane,Lines of regression,6.23-N-B.E.-Civil-Engineeing-Sem-III-IV.pdf,2094111,Applied Mathematics for Civil,9,1,
Green’s theorem (without proof) in a plane,Fitting of first and second degree curves,6.23-N-B.E.-Civil-Engineeing-Sem-III-IV.pdf,2094111,Applied Mathematics for Civil,10,1,
Green’s theorem (without proof) in a plane,Discrete and Continuous random variables,6.23-N-B.E.-Civil-Engineeing-Sem-III-IV.pdf,2094111,Applied Mathematics for Civil,11,1,
Green’s theorem (without proof) in a plane,Moment generating functions,6.23-N-B.E.-Civil-Engineeing-Sem-III-IV.pdf,2094111,Applied Mathematics for Civil,12,1,
Green’s theorem (without proof) in a plane,Self- learning Topics: Conditional probability,6.23-N-B.E.-Civil-Engineeing-Sem-III-IV.pdf,2094111,Applied Mathematics for Civil,13,1,
Green’s theorem (without proof) in a plane,Probability Distribution: Poisson and Normal distribution,6.23-N-B.E.-Civil-Engineeing-Sem-III-IV.pdf,2094111,Applied Mathematics for Civil,14,1,
Divergence theorem (without proof) and problems (only,Self- Learning Topics,6.23-N-B.E.-Civil-Engineeing-Sem-III-IV.pdf,2094111,Applied Mathematics for Civil,1,1,
Divergence theorem (without proof) and problems (only,Identities connecting Gradient,6.23-N-B.E.-Civil-Engineeing-Sem-III-IV.pdf,2094111,Applied Mathematics for Civil,2,1,
Divergence theorem (without proof) and problems (only,Divergence and Curl,6.23-N-B.E.-Civil-Engineeing-Sem-III-IV.pdf,2094111,Applied Mathematics for Civil,3,1,
Divergence theorem (without proof) and problems (only,Green’s theorem,6.23-N-B.E.-Civil-Engineeing-Sem-III-IV.pdf,2094111,Applied Mathematics for Civil,4,1,
Divergence theorem (without proof) and problems (only,Cauchy’s Integral theorem for simple,6.23-N-B.E.-Civil-Engineeing-Sem-III-IV.pdf,2094111,Applied Mathematics for Civil,5,1,
Divergence theorem (without proof) and problems (only,Definition of Singularity,6.23-N-B.E.-Civil-Engineeing-Sem-III-IV.pdf,2094111,Applied Mathematics for Civil,6,1,
Divergence theorem (without proof) and problems (only,Spearman’s Rank correlation coefficient (R) (Repeated,6.23-N-B.E.-Civil-Engineeing-Sem-III-IV.pdf,2094111,Applied Mathematics for Civil,7,1,
Divergence theorem (without proof) and problems (only,Lines of regression,6.23-N-B.E.-Civil-Engineeing-Sem-III-IV.pdf,2094111,Applied Mathematics for Civil,8,1,
Divergence theorem (without proof) and problems (only,Fitting of first and second degree curves,6.23-N-B.E.-Civil-Engineeing-Sem-III-IV.pdf,2094111,Applied Mathematics for Civil,9,1,
Divergence theorem (without proof) and problems (only,Discrete and Continuous random variables,6.23-N-B.E.-Civil-Engineeing-Sem-III-IV.pdf,2094111,Applied Mathematics for Civil,10,1,
Divergence theorem (without proof) and problems (only,Moment generating functions,6.23-N-B.E.-Civil-Engineeing-Sem-III-IV.pdf,2094111,Applied Mathematics for Civil,11,1,
Divergence theorem (without proof) and problems (only,Self- learning Topics: Conditional probability,6.23-N-B.E.-Civil-Engineeing-Sem-III-IV.pdf,2094111,Applied Mathematics for Civil,12,1,
Divergence theorem (without proof) and problems (only,Probability Distribution: Poisson and Normal distribution,6.23-N-B.E.-Civil-Engineeing-Sem-III-IV.pdf,2094111,Applied Mathematics for Civil,13,1,
Divergence theorem (without proof) and problems (only,Sampling distribution,6.23-N-B.E.-Civil-Engineeing-Sem-III-IV.pdf,2094111,Applied Mathematics for Civil,14,1,
Self- Learning Topics,Identities connecting Gradient,6.23-N-B.E.-Civil-Engineeing-Sem-III-IV.pdf,2094111,Applied Mathematics for Civil,1,1,
Self- Learning Topics,Divergence and Curl,6.23-N-B.E.-Civil-Engineeing-Sem-III-IV.pdf,2094111,Applied Mathematics for Civil,2,1,
Self- Learning Topics,Green’s theorem,6.23-N-B.E.-Civil-Engineeing-Sem-III-IV.pdf,2094111,Applied Mathematics for Civil,3,1,
Self- Learning Topics,Cauchy’s Integral theorem for simple,6.23-N-B.E.-Civil-Engineeing-Sem-III-IV.pdf,2094111,Applied Mathematics for Civil,4,1,
Self- Learning Topics,Definition of Singularity,6.23-N-B.E.-Civil-Engineeing-Sem-III-IV.pdf,2094111,Applied Mathematics for Civil,5,1,
Self- Learning Topics,Spearman’s Rank correlation coefficient (R) (Repeated,6.23-N-B.E.-Civil-Engineeing-Sem-III-IV.pdf,2094111,Applied Mathematics for Civil,6,1,
Self- Learning Topics,Lines of regression,6.23-N-B.E.-Civil-Engineeing-Sem-III-IV.pdf,2094111,Applied Mathematics for Civil,7,1,
Self- Learning Topics,Fitting of first and second degree curves,6.23-N-B.E.-Civil-Engineeing-Sem-III-IV.pdf,2094111,Applied Mathematics for Civil,8,1,
Self- Learning Topics,Discrete and Continuous random variables,6.23-N-B.E.-Civil-Engineeing-Sem-III-IV.pdf,2094111,Applied Mathematics for Civil,9,1,
Self- Learning Topics,Moment generating functions,6.23-N-B.E.-Civil-Engineeing-Sem-III-IV.pdf,2094111,Applied Mathematics for Civil,10,1,
Self- Learning Topics,Self- learning Topics: Conditional probability,6.23-N-B.E.-Civil-Engineeing-Sem-III-IV.pdf,2094111,Applied Mathematics for Civil,11,1,
Self- Learning Topics,Probability Distribution: Poisson and Normal distribution,6.23-N-B.E.-Civil-Engineeing-Sem-III-IV.pdf,2094111,Applied Mathematics for Civil,12,1,
Self- Learning Topics,Sampling distribution,6.23-N-B.E.-Civil-Engineeing-Sem-III-IV.pdf,2094111,Applied Mathematics for Civil,13,1,
Self- Learning Topics,Test of Hypothesis,6.23-N-B.E.-Civil-Engineeing-Sem-III-IV.pdf,2094111,Applied Mathematics for Civil,14,1,
Identities connecting Gradient,Divergence and Curl,6.23-N-B.E.-Civil-Engineeing-Sem-III-IV.pdf,2094111,Applied Mathematics for Civil,1,1,
Identities connecting Gradient,Green’s theorem,6.23-N-B.E.-Civil-Engineeing-Sem-III-IV.pdf,2094111,Applied Mathematics for Civil,2,1,
Identities connecting Gradient,Cauchy’s Integral theorem for simple,6.23-N-B.E.-Civil-Engineeing-Sem-III-IV.pdf,2094111,Applied Mathematics for Civil,3,1,
Identities connecting Gradient,Definition of Singularity,6.23-N-B.E.-Civil-Engineeing-Sem-III-IV.pdf,2094111,Applied Mathematics for Civil,4,1,
Identities connecting Gradient,Spearman’s Rank correlation coefficient (R) (Repeated,6.23-N-B.E.-Civil-Engineeing-Sem-III-IV.pdf,2094111,Applied Mathematics for Civil,5,1,
Identities connecting Gradient,Lines of regression,6.23-N-B.E.-Civil-Engineeing-Sem-III-IV.pdf,2094111,Applied Mathematics for Civil,6,1,
Identities connecting Gradient,Fitting of first and second degree curves,6.23-N-B.E.-Civil-Engineeing-Sem-III-IV.pdf,2094111,Applied Mathematics for Civil,7,1,
Identities connecting Gradient,Discrete and Continuous random variables,6.23-N-B.E.-Civil-Engineeing-Sem-III-IV.pdf,2094111,Applied Mathematics for Civil,8,1,
Identities connecting Gradient,Moment generating functions,6.23-N-B.E.-Civil-Engineeing-Sem-III-IV.pdf,2094111,Applied Mathematics for Civil,9,1,
Identities connecting Gradient,Self- learning Topics: Conditional probability,6.23-N-B.E.-Civil-Engineeing-Sem-III-IV.pdf,2094111,Applied Mathematics for Civil,10,1,
Identities connecting Gradient,Probability Distribution: Poisson and Normal distribution,6.23-N-B.E.-Civil-Engineeing-Sem-III-IV.pdf,2094111,Applied Mathematics for Civil,11,1,
Identities connecting Gradient,Sampling distribution,6.23-N-B.E.-Civil-Engineeing-Sem-III-IV.pdf,2094111,Applied Mathematics for Civil,12,1,
Identities connecting Gradient,Test of Hypothesis,6.23-N-B.E.-Civil-Engineeing-Sem-III-IV.pdf,2094111,Applied Mathematics for Civil,13,1,
Identities connecting Gradient,Critical region,6.23-N-B.E.-Civil-Engineeing-Sem-III-IV.pdf,2094111,Applied Mathematics for Civil,14,1,
Divergence and Curl,Green’s theorem,6.23-N-B.E.-Civil-Engineeing-Sem-III-IV.pdf,2094111,Applied Mathematics for Civil,1,1,
Divergence and Curl,Cauchy’s Integral theorem for simple,6.23-N-B.E.-Civil-Engineeing-Sem-III-IV.pdf,2094111,Applied Mathematics for Civil,2,1,
Divergence and Curl,Definition of Singularity,6.23-N-B.E.-Civil-Engineeing-Sem-III-IV.pdf,2094111,Applied Mathematics for Civil,3,1,
Divergence and Curl,Spearman’s Rank correlation coefficient (R) (Repeated,6.23-N-B.E.-Civil-Engineeing-Sem-III-IV.pdf,2094111,Applied Mathematics for Civil,4,1,
Divergence and Curl,Lines of regression,6.23-N-B.E.-Civil-Engineeing-Sem-III-IV.pdf,2094111,Applied Mathematics for Civil,5,1,
Divergence and Curl,Fitting of first and second degree curves,6.23-N-B.E.-Civil-Engineeing-Sem-III-IV.pdf,2094111,Applied Mathematics for Civil,6,1,
Divergence and Curl,Discrete and Continuous random variables,6.23-N-B.E.-Civil-Engineeing-Sem-III-IV.pdf,2094111,Applied Mathematics for Civil,7,1,
Divergence and Curl,Moment generating functions,6.23-N-B.E.-Civil-Engineeing-Sem-III-IV.pdf,2094111,Applied Mathematics for Civil,8,1,
Divergence and Curl,Self- learning Topics: Conditional probability,6.23-N-B.E.-Civil-Engineeing-Sem-III-IV.pdf,2094111,Applied Mathematics for Civil,9,1,
Divergence and Curl,Probability Distribution: Poisson and Normal distribution,6.23-N-B.E.-Civil-Engineeing-Sem-III-IV.pdf,2094111,Applied Mathematics for Civil,10,1,
Divergence and Curl,Sampling distribution,6.23-N-B.E.-Civil-Engineeing-Sem-III-IV.pdf,2094111,Applied Mathematics for Civil,11,1,
Divergence and Curl,Test of Hypothesis,6.23-N-B.E.-Civil-Engineeing-Sem-III-IV.pdf,2094111,Applied Mathematics for Civil,12,1,
Divergence and Curl,Critical region,6.23-N-B.E.-Civil-Engineeing-Sem-III-IV.pdf,2094111,Applied Mathematics for Civil,13,1,
Divergence and Curl,One-tailed,6.23-N-B.E.-Civil-Engineeing-Sem-III-IV.pdf,2094111,Applied Mathematics for Civil,14,1,
Green’s theorem,Cauchy’s Integral theorem for simple,6.23-N-B.E.-Civil-Engineeing-Sem-III-IV.pdf,2094111,Applied Mathematics for Civil,1,1,
Green’s theorem,Definition of Singularity,6.23-N-B.E.-Civil-Engineeing-Sem-III-IV.pdf,2094111,Applied Mathematics for Civil,2,1,
Green’s theorem,Spearman’s Rank correlation coefficient (R) (Repeated,6.23-N-B.E.-Civil-Engineeing-Sem-III-IV.pdf,2094111,Applied Mathematics for Civil,3,1,
Green’s theorem,Lines of regression,6.23-N-B.E.-Civil-Engineeing-Sem-III-IV.pdf,2094111,Applied Mathematics for Civil,4,1,
Green’s theorem,Fitting of first and second degree curves,6.23-N-B.E.-Civil-Engineeing-Sem-III-IV.pdf,2094111,Applied Mathematics for Civil,5,1,
Green’s theorem,Discrete and Continuous random variables,6.23-N-B.E.-Civil-Engineeing-Sem-III-IV.pdf,2094111,Applied Mathematics for Civil,6,1,
Green’s theorem,Moment generating functions,6.23-N-B.E.-Civil-Engineeing-Sem-III-IV.pdf,2094111,Applied Mathematics for Civil,7,1,
Green’s theorem,Self- learning Topics: Conditional probability,6.23-N-B.E.-Civil-Engineeing-Sem-III-IV.pdf,2094111,Applied Mathematics for Civil,8,1,
Green’s theorem,Probability Distribution: Poisson and Normal distribution,6.23-N-B.E.-Civil-Engineeing-Sem-III-IV.pdf,2094111,Applied Mathematics for Civil,9,1,
Green’s theorem,Sampling distribution,6.23-N-B.E.-Civil-Engineeing-Sem-III-IV.pdf,2094111,Applied Mathematics for Civil,10,1,
Green’s theorem,Test of Hypothesis,6.23-N-B.E.-Civil-Engineeing-Sem-III-IV.pdf,2094111,Applied Mathematics for Civil,11,1,
Green’s theorem,Critical region,6.23-N-B.E.-Civil-Engineeing-Sem-III-IV.pdf,2094111,Applied Mathematics for Civil,12,1,
Green’s theorem,One-tailed,6.23-N-B.E.-Civil-Engineeing-Sem-III-IV.pdf,2094111,Applied Mathematics for Civil,13,1,
Cauchy’s Integral theorem for simple,Definition of Singularity,6.23-N-B.E.-Civil-Engineeing-Sem-III-IV.pdf,2094111,Applied Mathematics for Civil,1,1,
Cauchy’s Integral theorem for simple,Spearman’s Rank correlation coefficient (R) (Repeated,6.23-N-B.E.-Civil-Engineeing-Sem-III-IV.pdf,2094111,Applied Mathematics for Civil,2,1,
Cauchy’s Integral theorem for simple,Lines of regression,6.23-N-B.E.-Civil-Engineeing-Sem-III-IV.pdf,2094111,Applied Mathematics for Civil,3,1,
Cauchy’s Integral theorem for simple,Fitting of first and second degree curves,6.23-N-B.E.-Civil-Engineeing-Sem-III-IV.pdf,2094111,Applied Mathematics for Civil,4,1,
Cauchy’s Integral theorem for simple,Discrete and Continuous random variables,6.23-N-B.E.-Civil-Engineeing-Sem-III-IV.pdf,2094111,Applied Mathematics for Civil,5,1,
Cauchy’s Integral theorem for simple,Moment generating functions,6.23-N-B.E.-Civil-Engineeing-Sem-III-IV.pdf,2094111,Applied Mathematics for Civil,6,1,
Cauchy’s Integral theorem for simple,Self- learning Topics: Conditional probability,6.23-N-B.E.-Civil-Engineeing-Sem-III-IV.pdf,2094111,Applied Mathematics for Civil,7,1,
Cauchy’s Integral theorem for simple,Probability Distribution: Poisson and Normal distribution,6.23-N-B.E.-Civil-Engineeing-Sem-III-IV.pdf,2094111,Applied Mathematics for Civil,8,1,
Cauchy’s Integral theorem for simple,Sampling distribution,6.23-N-B.E.-Civil-Engineeing-Sem-III-IV.pdf,2094111,Applied Mathematics for Civil,9,1,
Cauchy’s Integral theorem for simple,Test of Hypothesis,6.23-N-B.E.-Civil-Engineeing-Sem-III-IV.pdf,2094111,Applied Mathematics for Civil,10,1,
Cauchy’s Integral theorem for simple,Critical region,6.23-N-B.E.-Civil-Engineeing-Sem-III-IV.pdf,2094111,Applied Mathematics for Civil,11,1,
Cauchy’s Integral theorem for simple,One-tailed,6.23-N-B.E.-Civil-Engineeing-Sem-III-IV.pdf,2094111,Applied Mathematics for Civil,12,1,
Definition of Singularity,Spearman’s Rank correlation coefficient (R) (Repeated,6.23-N-B.E.-Civil-Engineeing-Sem-III-IV.pdf,2094111,Applied Mathematics for Civil,1,1,
Definition of Singularity,Lines of regression,6.23-N-B.E.-Civil-Engineeing-Sem-III-IV.pdf,2094111,Applied Mathematics for Civil,2,1,
Definition of Singularity,Fitting of first and second degree curves,6.23-N-B.E.-Civil-Engineeing-Sem-III-IV.pdf,2094111,Applied Mathematics for Civil,3,1,
Definition of Singularity,Discrete and Continuous random variables,6.23-N-B.E.-Civil-Engineeing-Sem-III-IV.pdf,2094111,Applied Mathematics for Civil,4,1,
Definition of Singularity,Moment generating functions,6.23-N-B.E.-Civil-Engineeing-Sem-III-IV.pdf,2094111,Applied Mathematics for Civil,5,1,
Definition of Singularity,Self- learning Topics: Conditional probability,6.23-N-B.E.-Civil-Engineeing-Sem-III-IV.pdf,2094111,Applied Mathematics for Civil,6,1,
Definition of Singularity,Probability Distribution: Poisson and Normal distribution,6.23-N-B.E.-Civil-Engineeing-Sem-III-IV.pdf,2094111,Applied Mathematics for Civil,7,1,
Definition of Singularity,Sampling distribution,6.23-N-B.E.-Civil-Engineeing-Sem-III-IV.pdf,2094111,Applied Mathematics for Civil,8,1,
Definition of Singularity,Test of Hypothesis,6.23-N-B.E.-Civil-Engineeing-Sem-III-IV.pdf,2094111,Applied Mathematics for Civil,9,1,
Definition of Singularity,Critical region,6.23-N-B.E.-Civil-Engineeing-Sem-III-IV.pdf,2094111,Applied Mathematics for Civil,10,1,
Definition of Singularity,One-tailed,6.23-N-B.E.-Civil-Engineeing-Sem-III-IV.pdf,2094111,Applied Mathematics for Civil,11,1,
Spearman’s Rank correlation coefficient (R) (Repeated,Lines of regression,6.23-N-B.E.-Civil-Engineeing-Sem-III-IV.pdf,2094111,Applied Mathematics for Civil,1,1,
Spearman’s Rank correlation coefficient (R) (Repeated,Fitting of first and second degree curves,6.23-N-B.E.-Civil-Engineeing-Sem-III-IV.pdf,2094111,Applied Mathematics for Civil,2,1,
Spearman’s Rank correlation coefficient (R) (Repeated,Discrete and Continuous random variables,6.23-N-B.E.-Civil-Engineeing-Sem-III-IV.pdf,2094111,Applied Mathematics for Civil,3,1,
Spearman’s Rank correlation coefficient (R) (Repeated,Moment generating functions,6.23-N-B.E.-Civil-Engineeing-Sem-III-IV.pdf,2094111,Applied Mathematics for Civil,4,1,
Spearman’s Rank correlation coefficient (R) (Repeated,Self- learning Topics: Conditional probability,6.23-N-B.E.-Civil-Engineeing-Sem-III-IV.pdf,2094111,Applied Mathematics for Civil,5,1,
Spearman’s Rank correlation coefficient (R) (Repeated,Probability Distribution: Poisson and Normal distribution,6.23-N-B.E.-Civil-Engineeing-Sem-III-IV.pdf,2094111,Applied Mathematics for Civil,6,1,
Spearman’s Rank correlation coefficient (R) (Repeated,Sampling distribution,6.23-N-B.E.-Civil-Engineeing-Sem-III-IV.pdf,2094111,Applied Mathematics for Civil,7,1,
Spearman’s Rank correlation coefficient (R) (Repeated,Test of Hypothesis,6.23-N-B.E.-Civil-Engineeing-Sem-III-IV.pdf,2094111,Applied Mathematics for Civil,8,1,
Spearman’s Rank correlation coefficient (R) (Repeated,Critical region,6.23-N-B.E.-Civil-Engineeing-Sem-III-IV.pdf,2094111,Applied Mathematics for Civil,9,1,
Spearman’s Rank correlation coefficient (R) (Repeated,One-tailed,6.23-N-B.E.-Civil-Engineeing-Sem-III-IV.pdf,2094111,Applied Mathematics for Civil,10,1,
Lines of regression,Fitting of first and second degree curves,6.23-N-B.E.-Civil-Engineeing-Sem-III-IV.pdf,2094111,Applied Mathematics for Civil,1,1,
Lines of regression,Discrete and Continuous random variables,6.23-N-B.E.-Civil-Engineeing-Sem-III-IV.pdf,2094111,Applied Mathematics for Civil,2,1,
Lines of regression,Moment generating functions,6.23-N-B.E.-Civil-Engineeing-Sem-III-IV.pdf,2094111,Applied Mathematics for Civil,3,1,
Lines of regression,Self- learning Topics: Conditional probability,6.23-N-B.E.-Civil-Engineeing-Sem-III-IV.pdf,2094111,Applied Mathematics for Civil,4,1,
Lines of regression,Probability Distribution: Poisson and Normal distribution,6.23-N-B.E.-Civil-Engineeing-Sem-III-IV.pdf,2094111,Applied Mathematics for Civil,5,1,
Lines of regression,Sampling distribution,6.23-N-B.E.-Civil-Engineeing-Sem-III-IV.pdf,2094111,Applied Mathematics for Civil,6,1,
Lines of regression,Test of Hypothesis,6.23-N-B.E.-Civil-Engineeing-Sem-III-IV.pdf,2094111,Applied Mathematics for Civil,7,1,
Lines of regression,Critical region,6.23-N-B.E.-Civil-Engineeing-Sem-III-IV.pdf,2094111,Applied Mathematics for Civil,8,1,
Lines of regression,One-tailed,6.23-N-B.E.-Civil-Engineeing-Sem-III-IV.pdf,2094111,Applied Mathematics for Civil,9,1,
Fitting of first and second degree curves,Discrete and Continuous random variables,6.23-N-B.E.-Civil-Engineeing-Sem-III-IV.pdf,2094111,Applied Mathematics for Civil,1,1,
Fitting of first and second degree curves,Moment generating functions,6.23-N-B.E.-Civil-Engineeing-Sem-III-IV.pdf,2094111,Applied Mathematics for Civil,2,1,
Fitting of first and second degree curves,Self- learning Topics: Conditional probability,6.23-N-B.E.-Civil-Engineeing-Sem-III-IV.pdf,2094111,Applied Mathematics for Civil,3,1,
Fitting of first and second degree curves,Probability Distribution: Poisson and Normal distribution,6.23-N-B.E.-Civil-Engineeing-Sem-III-IV.pdf,2094111,Applied Mathematics for Civil,4,1,
Fitting of first and second degree curves,Sampling distribution,6.23-N-B.E.-Civil-Engineeing-Sem-III-IV.pdf,2094111,Applied Mathematics for Civil,5,1,
Fitting of first and second degree curves,Test of Hypothesis,6.23-N-B.E.-Civil-Engineeing-Sem-III-IV.pdf,2094111,Applied Mathematics for Civil,6,1,
Fitting of first and second degree curves,Critical region,6.23-N-B.E.-Civil-Engineeing-Sem-III-IV.pdf,2094111,Applied Mathematics for Civil,7,1,
Fitting of first and second degree curves,One-tailed,6.23-N-B.E.-Civil-Engineeing-Sem-III-IV.pdf,2094111,Applied Mathematics for Civil,8,1,
Discrete and Continuous random variables,Moment generating functions,6.23-N-B.E.-Civil-Engineeing-Sem-III-IV.pdf,2094111,Applied Mathematics for Civil,1,1,
Discrete and Continuous random variables,Self- learning Topics: Conditional probability,6.23-N-B.E.-Civil-Engineeing-Sem-III-IV.pdf,2094111,Applied Mathematics for Civil,2,1,
Discrete and Continuous random variables,Probability Distribution: Poisson and Normal distribution,6.23-N-B.E.-Civil-Engineeing-Sem-III-IV.pdf,2094111,Applied Mathematics for Civil,3,1,
Discrete and Continuous random variables,Sampling distribution,6.23-N-B.E.-Civil-Engineeing-Sem-III-IV.pdf,2094111,Applied Mathematics for Civil,4,1,
Discrete and Continuous random variables,Test of Hypothesis,6.23-N-B.E.-Civil-Engineeing-Sem-III-IV.pdf,2094111,Applied Mathematics for Civil,5,1,
Discrete and Continuous random variables,Critical region,6.23-N-B.E.-Civil-Engineeing-Sem-III-IV.pdf,2094111,Applied Mathematics for Civil,6,1,
Discrete and Continuous random variables,One-tailed,6.23-N-B.E.-Civil-Engineeing-Sem-III-IV.pdf,2094111,Applied Mathematics for Civil,7,1,
Moment generating functions,Self- learning Topics: Conditional probability,6.23-N-B.E.-Civil-Engineeing-Sem-III-IV.pdf,2094111,Applied Mathematics for Civil,1,1,
Moment generating functions,Probability Distribution: Poisson and Normal distribution,6.23-N-B.E.-Civil-Engineeing-Sem-III-IV.pdf,2094111,Applied Mathematics for Civil,2,1,
Moment generating functions,Sampling distribution,6.23-N-B.E.-Civil-Engineeing-Sem-III-IV.pdf,2094111,Applied Mathematics for Civil,3,1,
Moment generating functions,Test of Hypothesis,6.23-N-B.E.-Civil-Engineeing-Sem-III-IV.pdf,2094111,Applied Mathematics for Civil,4,1,
Moment generating functions,Critical region,6.23-N-B.E.-Civil-Engineeing-Sem-III-IV.pdf,2094111,Applied Mathematics for Civil,5,1,
Moment generating functions,One-tailed,6.23-N-B.E.-Civil-Engineeing-Sem-III-IV.pdf,2094111,Applied Mathematics for Civil,6,1,
Self- learning Topics: Conditional probability,Probability Distribution: Poisson and Normal distribution,6.23-N-B.E.-Civil-Engineeing-Sem-III-IV.pdf,2094111,Applied Mathematics for Civil,1,1,
Self- learning Topics: Conditional probability,Sampling distribution,6.23-N-B.E.-Civil-Engineeing-Sem-III-IV.pdf,2094111,Applied Mathematics for Civil,2,1,
Self- learning Topics: Conditional probability,Test of Hypothesis,6.23-N-B.E.-Civil-Engineeing-Sem-III-IV.pdf,2094111,Applied Mathematics for Civil,3,1,
Self- learning Topics: Conditional probability,Critical region,6.23-N-B.E.-Civil-Engineeing-Sem-III-IV.pdf,2094111,Applied Mathematics for Civil,4,1,
Self- learning Topics: Conditional probability,One-tailed,6.23-N-B.E.-Civil-Engineeing-Sem-III-IV.pdf,2094111,Applied Mathematics for Civil,5,1,
Probability Distribution: Poisson and Normal distribution,Sampling distribution,6.23-N-B.E.-Civil-Engineeing-Sem-III-IV.pdf,2094111,Applied Mathematics for Civil,1,1,
Probability Distribution: Poisson and Normal distribution,Test of Hypothesis,6.23-N-B.E.-Civil-Engineeing-Sem-III-IV.pdf,2094111,Applied Mathematics for Civil,2,1,
Probability Distribution: Poisson and Normal distribution,Critical region,6.23-N-B.E.-Civil-Engineeing-Sem-III-IV.pdf,2094111,Applied Mathematics for Civil,3,1,
Probability Distribution: Poisson and Normal distribution,One-tailed,6.23-N-B.E.-Civil-Engineeing-Sem-III-IV.pdf,2094111,Applied Mathematics for Civil,4,1,
Sampling distribution,Test of Hypothesis,6.23-N-B.E.-Civil-Engineeing-Sem-III-IV.pdf,2094111,Applied Mathematics for Civil,1,1,
Sampling distribution,Critical region,6.23-N-B.E.-Civil-Engineeing-Sem-III-IV.pdf,2094111,Applied Mathematics for Civil,2,1,
Sampling distribution,One-tailed,6.23-N-B.E.-Civil-Engineeing-Sem-III-IV.pdf,2094111,Applied Mathematics for Civil,3,1,
Test of Hypothesis,Critical region,6.23-N-B.E.-Civil-Engineeing-Sem-III-IV.pdf,2094111,Applied Mathematics for Civil,1,1,
Test of Hypothesis,One-tailed,6.23-N-B.E.-Civil-Engineeing-Sem-III-IV.pdf,2094111,Applied Mathematics for Civil,2,1,
Critical region,One-tailed,6.23-N-B.E.-Civil-Engineeing-Sem-III-IV.pdf,2094111,Applied Mathematics for Civil,1,1,
Introduction to Survey of India Department; Department,Maharashtra. Role of revenue,6.23-N-B.E.-Civil-Engineeing-Sem-III-IV.pdf,2094112,Surveying,1,1,
Introduction to Survey of India Department; Department,Ranging and offsetting: Definitions,6.23-N-B.E.-Civil-Engineeing-Sem-III-IV.pdf,2094112,Surveying,2,1,
Introduction to Survey of India Department; Department,Instruments required,6.23-N-B.E.-Civil-Engineeing-Sem-III-IV.pdf,2094112,Surveying,3,1,
Introduction to Survey of India Department; Department,Levelling and Contouring,6.23-N-B.E.-Civil-Engineeing-Sem-III-IV.pdf,2094112,Surveying,4,1,
Maharashtra. Role of revenue,Ranging and offsetting: Definitions,6.23-N-B.E.-Civil-Engineeing-Sem-III-IV.pdf,2094112,Surveying,1,1,
Maharashtra. Role of revenue,Instruments required,6.23-N-B.E.-Civil-Engineeing-Sem-III-IV.pdf,2094112,Surveying,2,1,
Maharashtra. Role of revenue,Levelling and Contouring,6.23-N-B.E.-Civil-Engineeing-Sem-III-IV.pdf,2094112,Surveying,3,1,
Ranging and offsetting: Definitions,Instruments required,6.23-N-B.E.-Civil-Engineeing-Sem-III-IV.pdf,2094112,Surveying,1,1,
Ranging and offsetting: Definitions,Levelling and Contouring,6.23-N-B.E.-Civil-Engineeing-Sem-III-IV.pdf,2094112,Surveying,2,1,
Instruments required,Levelling and Contouring,6.23-N-B.E.-Civil-Engineeing-Sem-III-IV.pdf,2094112,Surveying,1,1,
Determinate and Indeterminate Structures,Types of structures occurring in practice and their,6.23-N-B.E.-Civil-Engineeing-Sem-III-IV.pdf,2094113,Structural Analysis,1,1,
Determinate and Indeterminate Structures,Slope and Deflections in Statically Determinate Structures,6.23-N-B.E.-Civil-Engineeing-Sem-III-IV.pdf,2094113,Structural Analysis,2,1,
Determinate and Indeterminate Structures,Concept of Strain Energy,6.23-N-B.E.-Civil-Engineeing-Sem-III-IV.pdf,2094113,Structural Analysis,3,1,
Determinate and Indeterminate Structures,Slope and deflection in beams,6.23-N-B.E.-Civil-Engineeing-Sem-III-IV.pdf,2094113,Structural Analysis,4,1,
Determinate and Indeterminate Structures,Principle of Superposition,6.23-N-B.E.-Civil-Engineeing-Sem-III-IV.pdf,2094113,Structural Analysis,5,1,
Determinate and Indeterminate Structures,Principle of Virtual work,6.23-N-B.E.-Civil-Engineeing-Sem-III-IV.pdf,2094113,Structural Analysis,6,1,
Determinate and Indeterminate Structures,Castigliano’s  theorems,6.23-N-B.E.-Civil-Engineeing-Sem-III-IV.pdf,2094113,Structural Analysis,7,1,
Determinate and Indeterminate Structures,Betti’s  theorem  and  Maxwell’s,6.23-N-B.E.-Civil-Engineeing-Sem-III-IV.pdf,2094113,Structural Analysis,8,1,
Determinate and Indeterminate Structures,Macaulay’s Method,6.23-N-B.E.-Civil-Engineeing-Sem-III-IV.pdf,2094113,Structural Analysis,9,1,
Determinate and Indeterminate Structures,Moment Area Method,6.23-N-B.E.-Civil-Engineeing-Sem-III-IV.pdf,2094113,Structural Analysis,10,1,
Determinate and Indeterminate Structures,Unit Load Method for calculating slope and deflection for rigid,6.23-N-B.E.-Civil-Engineeing-Sem-III-IV.pdf,2094113,Structural Analysis,11,1,
Determinate and Indeterminate Structures,Influence lines for support reactions,6.23-N-B.E.-Civil-Engineeing-Sem-III-IV.pdf,2094113,Structural Analysis,12,1,
Determinate and Indeterminate Structures,Determination of S.F. and B.M. at a section,6.23-N-B.E.-Civil-Engineeing-Sem-III-IV.pdf,2094113,Structural Analysis,13,1,
Determinate and Indeterminate Structures,Introduction to the concept of slope deflection equation,6.23-N-B.E.-Civil-Engineeing-Sem-III-IV.pdf,2094113,Structural Analysis,14,1,
Types of structures occurring in practice and their,Slope and Deflections in Statically Determinate Structures,6.23-N-B.E.-Civil-Engineeing-Sem-III-IV.pdf,2094113,Structural Analysis,1,1,
Types of structures occurring in practice and their,Concept of Strain Energy,6.23-N-B.E.-Civil-Engineeing-Sem-III-IV.pdf,2094113,Structural Analysis,2,1,
Types of structures occurring in practice and their,Slope and deflection in beams,6.23-N-B.E.-Civil-Engineeing-Sem-III-IV.pdf,2094113,Structural Analysis,3,1,
Types of structures occurring in practice and their,Principle of Superposition,6.23-N-B.E.-Civil-Engineeing-Sem-III-IV.pdf,2094113,Structural Analysis,4,1,
Types of structures occurring in practice and their,Principle of Virtual work,6.23-N-B.E.-Civil-Engineeing-Sem-III-IV.pdf,2094113,Structural Analysis,5,1,
Types of structures occurring in practice and their,Castigliano’s  theorems,6.23-N-B.E.-Civil-Engineeing-Sem-III-IV.pdf,2094113,Structural Analysis,6,1,
Types of structures occurring in practice and their,Betti’s  theorem  and  Maxwell’s,6.23-N-B.E.-Civil-Engineeing-Sem-III-IV.pdf,2094113,Structural Analysis,7,1,
Types of structures occurring in practice and their,Macaulay’s Method,6.23-N-B.E.-Civil-Engineeing-Sem-III-IV.pdf,2094113,Structural Analysis,8,1,
Types of structures occurring in practice and their,Moment Area Method,6.23-N-B.E.-Civil-Engineeing-Sem-III-IV.pdf,2094113,Structural Analysis,9,1,
Types of structures occurring in practice and their,Unit Load Method for calculating slope and deflection for rigid,6.23-N-B.E.-Civil-Engineeing-Sem-III-IV.pdf,2094113,Structural Analysis,10,1,
Types of structures occurring in practice and their,Influence lines for support reactions,6.23-N-B.E.-Civil-Engineeing-Sem-III-IV.pdf,2094113,Structural Analysis,11,1,
Types of structures occurring in practice and their,Determination of S.F. and B.M. at a section,6.23-N-B.E.-Civil-Engineeing-Sem-III-IV.pdf,2094113,Structural Analysis,12,1,
Types of structures occurring in practice and their,Introduction to the concept of slope deflection equation,6.23-N-B.E.-Civil-Engineeing-Sem-III-IV.pdf,2094113,Structural Analysis,13,1,
Types of structures occurring in practice and their,Stiffness coefficients for prismatic members and their use,6.23-N-B.E.-Civil-Engineeing-Sem-III-IV.pdf,2094113,Structural Analysis,14,1,
Slope and Deflections in Statically Determinate Structures,Concept of Strain Energy,6.23-N-B.E.-Civil-Engineeing-Sem-III-IV.pdf,2094113,Structural Analysis,1,1,
Slope and Deflections in Statically Determinate Structures,Slope and deflection in beams,6.23-N-B.E.-Civil-Engineeing-Sem-III-IV.pdf,2094113,Structural Analysis,2,1,
Slope and Deflections in Statically Determinate Structures,Principle of Superposition,6.23-N-B.E.-Civil-Engineeing-Sem-III-IV.pdf,2094113,Structural Analysis,3,1,
Slope and Deflections in Statically Determinate Structures,Principle of Virtual work,6.23-N-B.E.-Civil-Engineeing-Sem-III-IV.pdf,2094113,Structural Analysis,4,1,
Slope and Deflections in Statically Determinate Structures,Castigliano’s  theorems,6.23-N-B.E.-Civil-Engineeing-Sem-III-IV.pdf,2094113,Structural Analysis,5,1,
Slope and Deflections in Statically Determinate Structures,Betti’s  theorem  and  Maxwell’s,6.23-N-B.E.-Civil-Engineeing-Sem-III-IV.pdf,2094113,Structural Analysis,6,1,
Slope and Deflections in Statically Determinate Structures,Macaulay’s Method,6.23-N-B.E.-Civil-Engineeing-Sem-III-IV.pdf,2094113,Structural Analysis,7,1,
Slope and Deflections in Statically Determinate Structures,Moment Area Method,6.23-N-B.E.-Civil-Engineeing-Sem-III-IV.pdf,2094113,Structural Analysis,8,1,
Slope and Deflections in Statically Determinate Structures,Unit Load Method for calculating slope and deflection for rigid,6.23-N-B.E.-Civil-Engineeing-Sem-III-IV.pdf,2094113,Structural Analysis,9,1,
Slope and Deflections in Statically Determinate Structures,Influence lines for support reactions,6.23-N-B.E.-Civil-Engineeing-Sem-III-IV.pdf,2094113,Structural Analysis,10,1,
Slope and Deflections in Statically Determinate Structures,Determination of S.F. and B.M. at a section,6.23-N-B.E.-Civil-Engineeing-Sem-III-IV.pdf,2094113,Structural Analysis,11,1,
Slope and Deflections in Statically Determinate Structures,Introduction to the concept of slope deflection equation,6.23-N-B.E.-Civil-Engineeing-Sem-III-IV.pdf,2094113,Structural Analysis,12,1,
Slope and Deflections in Statically Determinate Structures,Stiffness coefficients for prismatic members and their use,6.23-N-B.E.-Civil-Engineeing-Sem-III-IV.pdf,2094113,Structural Analysis,13,1,
Slope and Deflections in Statically Determinate Structures,Application of direct stiffness method to indeterminate,6.23-N-B.E.-Civil-Engineeing-Sem-III-IV.pdf,2094113,Structural Analysis,14,1,
Concept of Strain Energy,Slope and deflection in beams,6.23-N-B.E.-Civil-Engineeing-Sem-III-IV.pdf,2094113,Structural Analysis,1,1,
Concept of Strain Energy,Principle of Superposition,6.23-N-B.E.-Civil-Engineeing-Sem-III-IV.pdf,2094113,Structural Analysis,2,1,
Concept of Strain Energy,Principle of Virtual work,6.23-N-B.E.-Civil-Engineeing-Sem-III-IV.pdf,2094113,Structural Analysis,3,1,
Concept of Strain Energy,Castigliano’s  theorems,6.23-N-B.E.-Civil-Engineeing-Sem-III-IV.pdf,2094113,Structural Analysis,4,1,
Concept of Strain Energy,Betti’s  theorem  and  Maxwell’s,6.23-N-B.E.-Civil-Engineeing-Sem-III-IV.pdf,2094113,Structural Analysis,5,1,
Concept of Strain Energy,Macaulay’s Method,6.23-N-B.E.-Civil-Engineeing-Sem-III-IV.pdf,2094113,Structural Analysis,6,1,
Concept of Strain Energy,Moment Area Method,6.23-N-B.E.-Civil-Engineeing-Sem-III-IV.pdf,2094113,Structural Analysis,7,1,
Concept of Strain Energy,Unit Load Method for calculating slope and deflection for rigid,6.23-N-B.E.-Civil-Engineeing-Sem-III-IV.pdf,2094113,Structural Analysis,8,1,
Concept of Strain Energy,Influence lines for support reactions,6.23-N-B.E.-Civil-Engineeing-Sem-III-IV.pdf,2094113,Structural Analysis,9,1,
Concept of Strain Energy,Determination of S.F. and B.M. at a section,6.23-N-B.E.-Civil-Engineeing-Sem-III-IV.pdf,2094113,Structural Analysis,10,1,
Concept of Strain Energy,Introduction to the concept of slope deflection equation,6.23-N-B.E.-Civil-Engineeing-Sem-III-IV.pdf,2094113,Structural Analysis,11,1,
Concept of Strain Energy,Stiffness coefficients for prismatic members and their use,6.23-N-B.E.-Civil-Engineeing-Sem-III-IV.pdf,2094113,Structural Analysis,12,1,
Concept of Strain Energy,Application of direct stiffness method to indeterminate,6.23-N-B.E.-Civil-Engineeing-Sem-III-IV.pdf,2094113,Structural Analysis,13,1,
Slope and deflection in beams,Principle of Superposition,6.23-N-B.E.-Civil-Engineeing-Sem-III-IV.pdf,2094113,Structural Analysis,1,1,
Slope and deflection in beams,Principle of Virtual work,6.23-N-B.E.-Civil-Engineeing-Sem-III-IV.pdf,2094113,Structural Analysis,2,1,
Slope and deflection in beams,Castigliano’s  theorems,6.23-N-B.E.-Civil-Engineeing-Sem-III-IV.pdf,2094113,Structural Analysis,3,1,
Slope and deflection in beams,Betti’s  theorem  and  Maxwell’s,6.23-N-B.E.-Civil-Engineeing-Sem-III-IV.pdf,2094113,Structural Analysis,4,1,
Slope and deflection in beams,Macaulay’s Method,6.23-N-B.E.-Civil-Engineeing-Sem-III-IV.pdf,2094113,Structural Analysis,5,1,
Slope and deflection in beams,Moment Area Method,6.23-N-B.E.-Civil-Engineeing-Sem-III-IV.pdf,2094113,Structural Analysis,6,1,
Slope and deflection in beams,Unit Load Method for calculating slope and deflection for rigid,6.23-N-B.E.-Civil-Engineeing-Sem-III-IV.pdf,2094113,Structural Analysis,7,1,
Slope and deflection in beams,Influence lines for support reactions,6.23-N-B.E.-Civil-Engineeing-Sem-III-IV.pdf,2094113,Structural Analysis,8,1,
Slope and deflection in beams,Determination of S.F. and B.M. at a section,6.23-N-B.E.-Civil-Engineeing-Sem-III-IV.pdf,2094113,Structural Analysis,9,1,
Slope and deflection in beams,Introduction to the concept of slope deflection equation,6.23-N-B.E.-Civil-Engineeing-Sem-III-IV.pdf,2094113,Structural Analysis,10,1,
Slope and deflection in beams,Stiffness coefficients for prismatic members and their use,6.23-N-B.E.-Civil-Engineeing-Sem-III-IV.pdf,2094113,Structural Analysis,11,1,
Slope and deflection in beams,Application of direct stiffness method to indeterminate,6.23-N-B.E.-Civil-Engineeing-Sem-III-IV.pdf,2094113,Structural Analysis,12,1,
Principle of Superposition,Principle of Virtual work,6.23-N-B.E.-Civil-Engineeing-Sem-III-IV.pdf,2094113,Structural Analysis,1,1,
Principle of Superposition,Castigliano’s  theorems,6.23-N-B.E.-Civil-Engineeing-Sem-III-IV.pdf,2094113,Structural Analysis,2,1,
Principle of Superposition,Betti’s  theorem  and  Maxwell’s,6.23-N-B.E.-Civil-Engineeing-Sem-III-IV.pdf,2094113,Structural Analysis,3,1,
Principle of Superposition,Macaulay’s Method,6.23-N-B.E.-Civil-Engineeing-Sem-III-IV.pdf,2094113,Structural Analysis,4,1,
Principle of Superposition,Moment Area Method,6.23-N-B.E.-Civil-Engineeing-Sem-III-IV.pdf,2094113,Structural Analysis,5,1,
Principle of Superposition,Unit Load Method for calculating slope and deflection for rigid,6.23-N-B.E.-Civil-Engineeing-Sem-III-IV.pdf,2094113,Structural Analysis,6,1,
Principle of Superposition,Influence lines for support reactions,6.23-N-B.E.-Civil-Engineeing-Sem-III-IV.pdf,2094113,Structural Analysis,7,1,
Principle of Superposition,Determination of S.F. and B.M. at a section,6.23-N-B.E.-Civil-Engineeing-Sem-III-IV.pdf,2094113,Structural Analysis,8,1,
Principle of Superposition,Introduction to the concept of slope deflection equation,6.23-N-B.E.-Civil-Engineeing-Sem-III-IV.pdf,2094113,Structural Analysis,9,1,
Principle of Superposition,Stiffness coefficients for prismatic members and their use,6.23-N-B.E.-Civil-Engineeing-Sem-III-IV.pdf,2094113,Structural Analysis,10,1,
Principle of Superposition,Application of direct stiffness method to indeterminate,6.23-N-B.E.-Civil-Engineeing-Sem-III-IV.pdf,2094113,Structural Analysis,11,1,
Principle of Virtual work,Castigliano’s  theorems,6.23-N-B.E.-Civil-Engineeing-Sem-III-IV.pdf,2094113,Structural Analysis,1,1,
Principle of Virtual work,Betti’s  theorem  and  Maxwell’s,6.23-N-B.E.-Civil-Engineeing-Sem-III-IV.pdf,2094113,Structural Analysis,2,1,
Principle of Virtual work,Macaulay’s Method,6.23-N-B.E.-Civil-Engineeing-Sem-III-IV.pdf,2094113,Structural Analysis,3,1,
Principle of Virtual work,Moment Area Method,6.23-N-B.E.-Civil-Engineeing-Sem-III-IV.pdf,2094113,Structural Analysis,4,1,
Principle of Virtual work,Unit Load Method for calculating slope and deflection for rigid,6.23-N-B.E.-Civil-Engineeing-Sem-III-IV.pdf,2094113,Structural Analysis,5,1,
Principle of Virtual work,Influence lines for support reactions,6.23-N-B.E.-Civil-Engineeing-Sem-III-IV.pdf,2094113,Structural Analysis,6,1,
Principle of Virtual work,Determination of S.F. and B.M. at a section,6.23-N-B.E.-Civil-Engineeing-Sem-III-IV.pdf,2094113,Structural Analysis,7,1,
Principle of Virtual work,Introduction to the concept of slope deflection equation,6.23-N-B.E.-Civil-Engineeing-Sem-III-IV.pdf,2094113,Structural Analysis,8,1,
Principle of Virtual work,Stiffness coefficients for prismatic members and their use,6.23-N-B.E.-Civil-Engineeing-Sem-III-IV.pdf,2094113,Structural Analysis,9,1,
Principle of Virtual work,Application of direct stiffness method to indeterminate,6.23-N-B.E.-Civil-Engineeing-Sem-III-IV.pdf,2094113,Structural Analysis,10,1,
Castigliano’s  theorems,Betti’s  theorem  and  Maxwell’s,6.23-N-B.E.-Civil-Engineeing-Sem-III-IV.pdf,2094113,Structural Analysis,1,1,
Castigliano’s  theorems,Macaulay’s Method,6.23-N-B.E.-Civil-Engineeing-Sem-III-IV.pdf,2094113,Structural Analysis,2,1,
Castigliano’s  theorems,Moment Area Method,6.23-N-B.E.-Civil-Engineeing-Sem-III-IV.pdf,2094113,Structural Analysis,3,1,
Castigliano’s  theorems,Unit Load Method for calculating slope and deflection for rigid,6.23-N-B.E.-Civil-Engineeing-Sem-III-IV.pdf,2094113,Structural Analysis,4,1,
Castigliano’s  theorems,Influence lines for support reactions,6.23-N-B.E.-Civil-Engineeing-Sem-III-IV.pdf,2094113,Structural Analysis,5,1,
Castigliano’s  theorems,Determination of S.F. and B.M. at a section,6.23-N-B.E.-Civil-Engineeing-Sem-III-IV.pdf,2094113,Structural Analysis,6,1,
Castigliano’s  theorems,Introduction to the concept of slope deflection equation,6.23-N-B.E.-Civil-Engineeing-Sem-III-IV.pdf,2094113,Structural Analysis,7,1,
Castigliano’s  theorems,Stiffness coefficients for prismatic members and their use,6.23-N-B.E.-Civil-Engineeing-Sem-III-IV.pdf,2094113,Structural Analysis,8,1,
Castigliano’s  theorems,Application of direct stiffness method to indeterminate,6.23-N-B.E.-Civil-Engineeing-Sem-III-IV.pdf,2094113,Structural Analysis,9,1,
Betti’s  theorem  and  Maxwell’s,Macaulay’s Method,6.23-N-B.E.-Civil-Engineeing-Sem-III-IV.pdf,2094113,Structural Analysis,1,1,
Betti’s  theorem  and  Maxwell’s,Moment Area Method,6.23-N-B.E.-Civil-Engineeing-Sem-III-IV.pdf,2094113,Structural Analysis,2,1,
Betti’s  theorem  and  Maxwell’s,Unit Load Method for calculating slope and deflection for rigid,6.23-N-B.E.-Civil-Engineeing-Sem-III-IV.pdf,2094113,Structural Analysis,3,1,
Betti’s  theorem  and  Maxwell’s,Influence lines for support reactions,6.23-N-B.E.-Civil-Engineeing-Sem-III-IV.pdf,2094113,Structural Analysis,4,1,
Betti’s  theorem  and  Maxwell’s,Determination of S.F. and B.M. at a section,6.23-N-B.E.-Civil-Engineeing-Sem-III-IV.pdf,2094113,Structural Analysis,5,1,
Betti’s  theorem  and  Maxwell’s,Introduction to the concept of slope deflection equation,6.23-N-B.E.-Civil-Engineeing-Sem-III-IV.pdf,2094113,Structural Analysis,6,1,
Betti’s  theorem  and  Maxwell’s,Stiffness coefficients for prismatic members and their use,6.23-N-B.E.-Civil-Engineeing-Sem-III-IV.pdf,2094113,Structural Analysis,7,1,
Betti’s  theorem  and  Maxwell’s,Application of direct stiffness method to indeterminate,6.23-N-B.E.-Civil-Engineeing-Sem-III-IV.pdf,2094113,Structural Analysis,8,1,
Macaulay’s Method,Moment Area Method,6.23-N-B.E.-Civil-Engineeing-Sem-III-IV.pdf,2094113,Structural Analysis,1,1,
Macaulay’s Method,Unit Load Method for calculating slope and deflection for rigid,6.23-N-B.E.-Civil-Engineeing-Sem-III-IV.pdf,2094113,Structural Analysis,2,1,
Macaulay’s Method,Influence lines for support reactions,6.23-N-B.E.-Civil-Engineeing-Sem-III-IV.pdf,2094113,Structural Analysis,3,1,
Macaulay’s Method,Determination of S.F. and B.M. at a section,6.23-N-B.E.-Civil-Engineeing-Sem-III-IV.pdf,2094113,Structural Analysis,4,1,
Macaulay’s Method,Introduction to the concept of slope deflection equation,6.23-N-B.E.-Civil-Engineeing-Sem-III-IV.pdf,2094113,Structural Analysis,5,1,
Macaulay’s Method,Stiffness coefficients for prismatic members and their use,6.23-N-B.E.-Civil-Engineeing-Sem-III-IV.pdf,2094113,Structural Analysis,6,1,
Macaulay’s Method,Application of direct stiffness method to indeterminate,6.23-N-B.E.-Civil-Engineeing-Sem-III-IV.pdf,2094113,Structural Analysis,7,1,
Moment Area Method,Unit Load Method for calculating slope and deflection for rigid,6.23-N-B.E.-Civil-Engineeing-Sem-III-IV.pdf,2094113,Structural Analysis,1,1,
Moment Area Method,Influence lines for support reactions,6.23-N-B.E.-Civil-Engineeing-Sem-III-IV.pdf,2094113,Structural Analysis,2,1,
Moment Area Method,Determination of S.F. and B.M. at a section,6.23-N-B.E.-Civil-Engineeing-Sem-III-IV.pdf,2094113,Structural Analysis,3,1,
Moment Area Method,Introduction to the concept of slope deflection equation,6.23-N-B.E.-Civil-Engineeing-Sem-III-IV.pdf,2094113,Structural Analysis,4,1,
Moment Area Method,Stiffness coefficients for prismatic members and their use,6.23-N-B.E.-Civil-Engineeing-Sem-III-IV.pdf,2094113,Structural Analysis,5,1,
Moment Area Method,Application of direct stiffness method to indeterminate,6.23-N-B.E.-Civil-Engineeing-Sem-III-IV.pdf,2094113,Structural Analysis,6,1,
Unit Load Method for calculating slope and deflection for rigid,Influence lines for support reactions,6.23-N-B.E.-Civil-Engineeing-Sem-III-IV.pdf,2094113,Structural Analysis,1,1,
Unit Load Method for calculating slope and deflection for rigid,Determination of S.F. and B.M. at a section,6.23-N-B.E.-Civil-Engineeing-Sem-III-IV.pdf,2094113,Structural Analysis,2,1,
Unit Load Method for calculating slope and deflection for rigid,Introduction to the concept of slope deflection equation,6.23-N-B.E.-Civil-Engineeing-Sem-III-IV.pdf,2094113,Structural Analysis,3,1,
Unit Load Method for calculating slope and deflection for rigid,Stiffness coefficients for prismatic members and their use,6.23-N-B.E.-Civil-Engineeing-Sem-III-IV.pdf,2094113,Structural Analysis,4,1,
Unit Load Method for calculating slope and deflection for rigid,Application of direct stiffness method to indeterminate,6.23-N-B.E.-Civil-Engineeing-Sem-III-IV.pdf,2094113,Structural Analysis,5,1,
Influence lines for support reactions,Determination of S.F. and B.M. at a section,6.23-N-B.E.-Civil-Engineeing-Sem-III-IV.pdf,2094113,Structural Analysis,1,1,
Influence lines for support reactions,Introduction to the concept of slope deflection equation,6.23-N-B.E.-Civil-Engineeing-Sem-III-IV.pdf,2094113,Structural Analysis,2,1,
Influence lines for support reactions,Stiffness coefficients for prismatic members and their use,6.23-N-B.E.-Civil-Engineeing-Sem-III-IV.pdf,2094113,Structural Analysis,3,1,
Influence lines for support reactions,Application of direct stiffness method to indeterminate,6.23-N-B.E.-Civil-Engineeing-Sem-III-IV.pdf,2094113,Structural Analysis,4,1,
Determination of S.F. and B.M. at a section,Introduction to the concept of slope deflection equation,6.23-N-B.E.-Civil-Engineeing-Sem-III-IV.pdf,2094113,Structural Analysis,1,1,
Determination of S.F. and B.M. at a section,Stiffness coefficients for prismatic members and their use,6.23-N-B.E.-Civil-Engineeing-Sem-III-IV.pdf,2094113,Structural Analysis,2,1,
Determination of S.F. and B.M. at a section,Application of direct stiffness method to indeterminate,6.23-N-B.E.-Civil-Engineeing-Sem-III-IV.pdf,2094113,Structural Analysis,3,1,
Introduction to the concept of slope deflection equation,Stiffness coefficients for prismatic members and their use,6.23-N-B.E.-Civil-Engineeing-Sem-III-IV.pdf,2094113,Structural Analysis,1,1,
Introduction to the concept of slope deflection equation,Application of direct stiffness method to indeterminate,6.23-N-B.E.-Civil-Engineeing-Sem-III-IV.pdf,2094113,Structural Analysis,2,1,
Stiffness coefficients for prismatic members and their use,Application of direct stiffness method to indeterminate,6.23-N-B.E.-Civil-Engineeing-Sem-III-IV.pdf,2094113,Structural Analysis,1,1,
Marks – Written test based on syllabus,Marks - Oral exam based on syllabus,6.23-N-B.E.-Civil-Engineeing-Sem-III-IV.pdf,2094411,"Computer Aided Architectural Planning, and",1,1,
Marks – Written test based on syllabus,Introduction to Entrepreneurship,6.23-N-B.E.-Civil-Engineeing-Sem-III-IV.pdf,2094411,"Computer Aided Architectural Planning, and",2,1,
Marks – Written test based on syllabus,Entrepreneurial mindset,6.23-N-B.E.-Civil-Engineeing-Sem-III-IV.pdf,2094411,"Computer Aided Architectural Planning, and",3,1,
Marks – Written test based on syllabus,Introduction to Design Thinking,6.23-N-B.E.-Civil-Engineeing-Sem-III-IV.pdf,2094411,"Computer Aided Architectural Planning, and",4,1,
Marks – Written test based on syllabus,Need for Design Thinking approach,6.23-N-B.E.-Civil-Engineeing-Sem-III-IV.pdf,2094411,"Computer Aided Architectural Planning, and",5,1,
Marks – Written test based on syllabus,Key tenets of Design,6.23-N-B.E.-Civil-Engineeing-Sem-III-IV.pdf,2094411,"Computer Aided Architectural Planning, and",6,1,
Marks – Written test based on syllabus,Design thinking case studies from various domains,6.23-N-B.E.-Civil-Engineeing-Sem-III-IV.pdf,2094411,"Computer Aided Architectural Planning, and",7,1,
Marks - Oral exam based on syllabus,Introduction to Entrepreneurship,6.23-N-B.E.-Civil-Engineeing-Sem-III-IV.pdf,2094411,"Computer Aided Architectural Planning, and",1,1,
Marks - Oral exam based on syllabus,Entrepreneurial mindset,6.23-N-B.E.-Civil-Engineeing-Sem-III-IV.pdf,2094411,"Computer Aided Architectural Planning, and",2,1,
Marks - Oral exam based on syllabus,Introduction to Design Thinking,6.23-N-B.E.-Civil-Engineeing-Sem-III-IV.pdf,2094411,"Computer Aided Architectural Planning, and",3,1,
Marks - Oral exam based on syllabus,Need for Design Thinking approach,6.23-N-B.E.-Civil-Engineeing-Sem-III-IV.pdf,2094411,"Computer Aided Architectural Planning, and",4,1,
Marks - Oral exam based on syllabus,Key tenets of Design,6.23-N-B.E.-Civil-Engineeing-Sem-III-IV.pdf,2094411,"Computer Aided Architectural Planning, and",5,1,
Marks - Oral exam based on syllabus,Design thinking case studies from various domains,6.23-N-B.E.-Civil-Engineeing-Sem-III-IV.pdf,2094411,"Computer Aided Architectural Planning, and",6,1,
Introduction to Entrepreneurship,Entrepreneurial mindset,6.23-N-B.E.-Civil-Engineeing-Sem-III-IV.pdf,2094411,"Computer Aided Architectural Planning, and",1,1,
Introduction to Entrepreneurship,Introduction to Design Thinking,6.23-N-B.E.-Civil-Engineeing-Sem-III-IV.pdf,2094411,"Computer Aided Architectural Planning, and",2,1,
Introduction to Entrepreneurship,Need for Design Thinking approach,6.23-N-B.E.-Civil-Engineeing-Sem-III-IV.pdf,2094411,"Computer Aided Architectural Planning, and",3,1,
Introduction to Entrepreneurship,Key tenets of Design,6.23-N-B.E.-Civil-Engineeing-Sem-III-IV.pdf,2094411,"Computer Aided Architectural Planning, and",4,1,
Introduction to Entrepreneurship,Design thinking case studies from various domains,6.23-N-B.E.-Civil-Engineeing-Sem-III-IV.pdf,2094411,"Computer Aided Architectural Planning, and",5,1,
Entrepreneurial mindset,Introduction to Design Thinking,6.23-N-B.E.-Civil-Engineeing-Sem-III-IV.pdf,2094411,"Computer Aided Architectural Planning, and",1,1,
Entrepreneurial mindset,Need for Design Thinking approach,6.23-N-B.E.-Civil-Engineeing-Sem-III-IV.pdf,2094411,"Computer Aided Architectural Planning, and",2,1,
Entrepreneurial mindset,Key tenets of Design,6.23-N-B.E.-Civil-Engineeing-Sem-III-IV.pdf,2094411,"Computer Aided Architectural Planning, and",3,1,
Entrepreneurial mindset,Design thinking case studies from various domains,6.23-N-B.E.-Civil-Engineeing-Sem-III-IV.pdf,2094411,"Computer Aided Architectural Planning, and",4,1,
Introduction to Design Thinking,Need for Design Thinking approach,6.23-N-B.E.-Civil-Engineeing-Sem-III-IV.pdf,2094411,"Computer Aided Architectural Planning, and",1,1,
Introduction to Design Thinking,Key tenets of Design,6.23-N-B.E.-Civil-Engineeing-Sem-III-IV.pdf,2094411,"Computer Aided Architectural Planning, and",2,1,
Introduction to Design Thinking,Design thinking case studies from various domains,6.23-N-B.E.-Civil-Engineeing-Sem-III-IV.pdf,2094411,"Computer Aided Architectural Planning, and",3,1,
Need for Design Thinking approach,Key tenets of Design,6.23-N-B.E.-Civil-Engineeing-Sem-III-IV.pdf,2094411,"Computer Aided Architectural Planning, and",1,1,
Need for Design Thinking approach,Design thinking case studies from various domains,6.23-N-B.E.-Civil-Engineeing-Sem-III-IV.pdf,2094411,"Computer Aided Architectural Planning, and",2,1,
Key tenets of Design,Design thinking case studies from various domains,6.23-N-B.E.-Civil-Engineeing-Sem-III-IV.pdf,2094411,"Computer Aided Architectural Planning, and",1,1,
Cayley-Hamilton,Linear Algebra (Theory of Matrices) verification and reduction of higher degree polynomials,6.24-N-B.E.-Computer-Engineering-Sem-III-IV.pdf,2113111,Mathematics for Computer Engineering,1,1,
Cayley-Hamilton,Similarity of matrices,6.24-N-B.E.-Computer-Engineering-Sem-III-IV.pdf,2113111,Mathematics for Computer Engineering,2,1,
Cayley-Hamilton,Quadratic forms,6.24-N-B.E.-Computer-Engineering-Sem-III-IV.pdf,2113111,Mathematics for Computer Engineering,3,1,
Cayley-Hamilton,Linear and Non-Linear Programming Problems,6.24-N-B.E.-Computer-Engineering-Sem-III-IV.pdf,2113111,Mathematics for Computer Engineering,4,1,
Cayley-Hamilton,Types of solutions,6.24-N-B.E.-Computer-Engineering-Sem-III-IV.pdf,2113111,Mathematics for Computer Engineering,5,1,
Cayley-Hamilton,Standard and Canonical of LPP,6.24-N-B.E.-Computer-Engineering-Sem-III-IV.pdf,2113111,Mathematics for Computer Engineering,6,1,
Cayley-Hamilton,Basic and Feasible solutions,6.24-N-B.E.-Computer-Engineering-Sem-III-IV.pdf,2113111,Mathematics for Computer Engineering,7,1,
Cayley-Hamilton,Simplex method,6.24-N-B.E.-Computer-Engineering-Sem-III-IV.pdf,2113111,Mathematics for Computer Engineering,8,1,
Cayley-Hamilton,Artificial variables,6.24-N-B.E.-Computer-Engineering-Sem-III-IV.pdf,2113111,Mathematics for Computer Engineering,9,1,
Cayley-Hamilton,Kuhn-Tucker conditions,6.24-N-B.E.-Computer-Engineering-Sem-III-IV.pdf,2113111,Mathematics for Computer Engineering,10,1,
Cayley-Hamilton,Introduction to Congruence,6.24-N-B.E.-Computer-Engineering-Sem-III-IV.pdf,2113111,Mathematics for Computer Engineering,11,1,
Cayley-Hamilton,Linear congruence,6.24-N-B.E.-Computer-Engineering-Sem-III-IV.pdf,2113111,Mathematics for Computer Engineering,12,1,
Cayley-Hamilton,Application of congruence-RSA algorithm,6.24-N-B.E.-Computer-Engineering-Sem-III-IV.pdf,2113111,Mathematics for Computer Engineering,13,1,
Cayley-Hamilton,Dirichlet’s conditions,6.24-N-B.E.-Computer-Engineering-Sem-III-IV.pdf,2113111,Mathematics for Computer Engineering,14,1,
Linear Algebra (Theory of Matrices) verification and reduction of higher degree polynomials,Similarity of matrices,6.24-N-B.E.-Computer-Engineering-Sem-III-IV.pdf,2113111,Mathematics for Computer Engineering,1,1,
Linear Algebra (Theory of Matrices) verification and reduction of higher degree polynomials,Quadratic forms,6.24-N-B.E.-Computer-Engineering-Sem-III-IV.pdf,2113111,Mathematics for Computer Engineering,2,1,
Linear Algebra (Theory of Matrices) verification and reduction of higher degree polynomials,Linear and Non-Linear Programming Problems,6.24-N-B.E.-Computer-Engineering-Sem-III-IV.pdf,2113111,Mathematics for Computer Engineering,3,1,
Linear Algebra (Theory of Matrices) verification and reduction of higher degree polynomials,Types of solutions,6.24-N-B.E.-Computer-Engineering-Sem-III-IV.pdf,2113111,Mathematics for Computer Engineering,4,1,
Linear Algebra (Theory of Matrices) verification and reduction of higher degree polynomials,Standard and Canonical of LPP,6.24-N-B.E.-Computer-Engineering-Sem-III-IV.pdf,2113111,Mathematics for Computer Engineering,5,1,
Linear Algebra (Theory of Matrices) verification and reduction of higher degree polynomials,Basic and Feasible solutions,6.24-N-B.E.-Computer-Engineering-Sem-III-IV.pdf,2113111,Mathematics for Computer Engineering,6,1,
Linear Algebra (Theory of Matrices) verification and reduction of higher degree polynomials,Simplex method,6.24-N-B.E.-Computer-Engineering-Sem-III-IV.pdf,2113111,Mathematics for Computer Engineering,7,1,
Linear Algebra (Theory of Matrices) verification and reduction of higher degree polynomials,Artificial variables,6.24-N-B.E.-Computer-Engineering-Sem-III-IV.pdf,2113111,Mathematics for Computer Engineering,8,1,
Linear Algebra (Theory of Matrices) verification and reduction of higher degree polynomials,Kuhn-Tucker conditions,6.24-N-B.E.-Computer-Engineering-Sem-III-IV.pdf,2113111,Mathematics for Computer Engineering,9,1,
Linear Algebra (Theory of Matrices) verification and reduction of higher degree polynomials,Introduction to Congruence,6.24-N-B.E.-Computer-Engineering-Sem-III-IV.pdf,2113111,Mathematics for Computer Engineering,10,1,
Linear Algebra (Theory of Matrices) verification and reduction of higher degree polynomials,Linear congruence,6.24-N-B.E.-Computer-Engineering-Sem-III-IV.pdf,2113111,Mathematics for Computer Engineering,11,1,
Linear Algebra (Theory of Matrices) verification and reduction of higher degree polynomials,Application of congruence-RSA algorithm,6.24-N-B.E.-Computer-Engineering-Sem-III-IV.pdf,2113111,Mathematics for Computer Engineering,12,1,
Linear Algebra (Theory of Matrices) verification and reduction of higher degree polynomials,Dirichlet’s conditions,6.24-N-B.E.-Computer-Engineering-Sem-III-IV.pdf,2113111,Mathematics for Computer Engineering,13,1,
Linear Algebra (Theory of Matrices) verification and reduction of higher degree polynomials,Fourier series of periodic,6.24-N-B.E.-Computer-Engineering-Sem-III-IV.pdf,2113111,Mathematics for Computer Engineering,14,1,
Similarity of matrices,Quadratic forms,6.24-N-B.E.-Computer-Engineering-Sem-III-IV.pdf,2113111,Mathematics for Computer Engineering,1,1,
Similarity of matrices,Linear and Non-Linear Programming Problems,6.24-N-B.E.-Computer-Engineering-Sem-III-IV.pdf,2113111,Mathematics for Computer Engineering,2,1,
Similarity of matrices,Types of solutions,6.24-N-B.E.-Computer-Engineering-Sem-III-IV.pdf,2113111,Mathematics for Computer Engineering,3,1,
Similarity of matrices,Standard and Canonical of LPP,6.24-N-B.E.-Computer-Engineering-Sem-III-IV.pdf,2113111,Mathematics for Computer Engineering,4,1,
Similarity of matrices,Basic and Feasible solutions,6.24-N-B.E.-Computer-Engineering-Sem-III-IV.pdf,2113111,Mathematics for Computer Engineering,5,1,
Similarity of matrices,Simplex method,6.24-N-B.E.-Computer-Engineering-Sem-III-IV.pdf,2113111,Mathematics for Computer Engineering,6,1,
Similarity of matrices,Artificial variables,6.24-N-B.E.-Computer-Engineering-Sem-III-IV.pdf,2113111,Mathematics for Computer Engineering,7,1,
Similarity of matrices,Kuhn-Tucker conditions,6.24-N-B.E.-Computer-Engineering-Sem-III-IV.pdf,2113111,Mathematics for Computer Engineering,8,1,
Similarity of matrices,Introduction to Congruence,6.24-N-B.E.-Computer-Engineering-Sem-III-IV.pdf,2113111,Mathematics for Computer Engineering,9,1,
Similarity of matrices,Linear congruence,6.24-N-B.E.-Computer-Engineering-Sem-III-IV.pdf,2113111,Mathematics for Computer Engineering,10,1,
Similarity of matrices,Application of congruence-RSA algorithm,6.24-N-B.E.-Computer-Engineering-Sem-III-IV.pdf,2113111,Mathematics for Computer Engineering,11,1,
Similarity of matrices,Dirichlet’s conditions,6.24-N-B.E.-Computer-Engineering-Sem-III-IV.pdf,2113111,Mathematics for Computer Engineering,12,1,
Similarity of matrices,Fourier series of periodic,6.24-N-B.E.-Computer-Engineering-Sem-III-IV.pdf,2113111,Mathematics for Computer Engineering,13,1,
Similarity of matrices,Fourier series of even and odd functions,6.24-N-B.E.-Computer-Engineering-Sem-III-IV.pdf,2113111,Mathematics for Computer Engineering,14,1,
Quadratic forms,Linear and Non-Linear Programming Problems,6.24-N-B.E.-Computer-Engineering-Sem-III-IV.pdf,2113111,Mathematics for Computer Engineering,1,1,
Quadratic forms,Types of solutions,6.24-N-B.E.-Computer-Engineering-Sem-III-IV.pdf,2113111,Mathematics for Computer Engineering,2,1,
Quadratic forms,Standard and Canonical of LPP,6.24-N-B.E.-Computer-Engineering-Sem-III-IV.pdf,2113111,Mathematics for Computer Engineering,3,1,
Quadratic forms,Basic and Feasible solutions,6.24-N-B.E.-Computer-Engineering-Sem-III-IV.pdf,2113111,Mathematics for Computer Engineering,4,1,
Quadratic forms,Simplex method,6.24-N-B.E.-Computer-Engineering-Sem-III-IV.pdf,2113111,Mathematics for Computer Engineering,5,1,
Quadratic forms,Artificial variables,6.24-N-B.E.-Computer-Engineering-Sem-III-IV.pdf,2113111,Mathematics for Computer Engineering,6,1,
Quadratic forms,Kuhn-Tucker conditions,6.24-N-B.E.-Computer-Engineering-Sem-III-IV.pdf,2113111,Mathematics for Computer Engineering,7,1,
Quadratic forms,Introduction to Congruence,6.24-N-B.E.-Computer-Engineering-Sem-III-IV.pdf,2113111,Mathematics for Computer Engineering,8,1,
Quadratic forms,Linear congruence,6.24-N-B.E.-Computer-Engineering-Sem-III-IV.pdf,2113111,Mathematics for Computer Engineering,9,1,
Quadratic forms,Application of congruence-RSA algorithm,6.24-N-B.E.-Computer-Engineering-Sem-III-IV.pdf,2113111,Mathematics for Computer Engineering,10,1,
Quadratic forms,Dirichlet’s conditions,6.24-N-B.E.-Computer-Engineering-Sem-III-IV.pdf,2113111,Mathematics for Computer Engineering,11,1,
Quadratic forms,Fourier series of periodic,6.24-N-B.E.-Computer-Engineering-Sem-III-IV.pdf,2113111,Mathematics for Computer Engineering,12,1,
Quadratic forms,Fourier series of even and odd functions,6.24-N-B.E.-Computer-Engineering-Sem-III-IV.pdf,2113111,Mathematics for Computer Engineering,13,1,
Quadratic forms,Complex form of Fourier Series,6.24-N-B.E.-Computer-Engineering-Sem-III-IV.pdf,2113111,Mathematics for Computer Engineering,14,1,
Linear and Non-Linear Programming Problems,Types of solutions,6.24-N-B.E.-Computer-Engineering-Sem-III-IV.pdf,2113111,Mathematics for Computer Engineering,1,1,
Linear and Non-Linear Programming Problems,Standard and Canonical of LPP,6.24-N-B.E.-Computer-Engineering-Sem-III-IV.pdf,2113111,Mathematics for Computer Engineering,2,1,
Linear and Non-Linear Programming Problems,Basic and Feasible solutions,6.24-N-B.E.-Computer-Engineering-Sem-III-IV.pdf,2113111,Mathematics for Computer Engineering,3,1,
Linear and Non-Linear Programming Problems,Simplex method,6.24-N-B.E.-Computer-Engineering-Sem-III-IV.pdf,2113111,Mathematics for Computer Engineering,4,1,
Linear and Non-Linear Programming Problems,Artificial variables,6.24-N-B.E.-Computer-Engineering-Sem-III-IV.pdf,2113111,Mathematics for Computer Engineering,5,1,
Linear and Non-Linear Programming Problems,Kuhn-Tucker conditions,6.24-N-B.E.-Computer-Engineering-Sem-III-IV.pdf,2113111,Mathematics for Computer Engineering,6,1,
Linear and Non-Linear Programming Problems,Introduction to Congruence,6.24-N-B.E.-Computer-Engineering-Sem-III-IV.pdf,2113111,Mathematics for Computer Engineering,7,1,
Linear and Non-Linear Programming Problems,Linear congruence,6.24-N-B.E.-Computer-Engineering-Sem-III-IV.pdf,2113111,Mathematics for Computer Engineering,8,1,
Linear and Non-Linear Programming Problems,Application of congruence-RSA algorithm,6.24-N-B.E.-Computer-Engineering-Sem-III-IV.pdf,2113111,Mathematics for Computer Engineering,9,1,
Linear and Non-Linear Programming Problems,Dirichlet’s conditions,6.24-N-B.E.-Computer-Engineering-Sem-III-IV.pdf,2113111,Mathematics for Computer Engineering,10,1,
Linear and Non-Linear Programming Problems,Fourier series of periodic,6.24-N-B.E.-Computer-Engineering-Sem-III-IV.pdf,2113111,Mathematics for Computer Engineering,11,1,
Linear and Non-Linear Programming Problems,Fourier series of even and odd functions,6.24-N-B.E.-Computer-Engineering-Sem-III-IV.pdf,2113111,Mathematics for Computer Engineering,12,1,
Linear and Non-Linear Programming Problems,Complex form of Fourier Series,6.24-N-B.E.-Computer-Engineering-Sem-III-IV.pdf,2113111,Mathematics for Computer Engineering,13,1,
Linear and Non-Linear Programming Problems,Lines of regression,6.24-N-B.E.-Computer-Engineering-Sem-III-IV.pdf,2113111,Mathematics for Computer Engineering,14,1,
Types of solutions,Standard and Canonical of LPP,6.24-N-B.E.-Computer-Engineering-Sem-III-IV.pdf,2113111,Mathematics for Computer Engineering,1,1,
Types of solutions,Basic and Feasible solutions,6.24-N-B.E.-Computer-Engineering-Sem-III-IV.pdf,2113111,Mathematics for Computer Engineering,2,1,
Types of solutions,Simplex method,6.24-N-B.E.-Computer-Engineering-Sem-III-IV.pdf,2113111,Mathematics for Computer Engineering,3,1,
Types of solutions,Artificial variables,6.24-N-B.E.-Computer-Engineering-Sem-III-IV.pdf,2113111,Mathematics for Computer Engineering,4,1,
Types of solutions,Kuhn-Tucker conditions,6.24-N-B.E.-Computer-Engineering-Sem-III-IV.pdf,2113111,Mathematics for Computer Engineering,5,1,
Types of solutions,Introduction to Congruence,6.24-N-B.E.-Computer-Engineering-Sem-III-IV.pdf,2113111,Mathematics for Computer Engineering,6,1,
Types of solutions,Linear congruence,6.24-N-B.E.-Computer-Engineering-Sem-III-IV.pdf,2113111,Mathematics for Computer Engineering,7,1,
Types of solutions,Application of congruence-RSA algorithm,6.24-N-B.E.-Computer-Engineering-Sem-III-IV.pdf,2113111,Mathematics for Computer Engineering,8,1,
Types of solutions,Dirichlet’s conditions,6.24-N-B.E.-Computer-Engineering-Sem-III-IV.pdf,2113111,Mathematics for Computer Engineering,9,1,
Types of solutions,Fourier series of periodic,6.24-N-B.E.-Computer-Engineering-Sem-III-IV.pdf,2113111,Mathematics for Computer Engineering,10,1,
Types of solutions,Fourier series of even and odd functions,6.24-N-B.E.-Computer-Engineering-Sem-III-IV.pdf,2113111,Mathematics for Computer Engineering,11,1,
Types of solutions,Complex form of Fourier Series,6.24-N-B.E.-Computer-Engineering-Sem-III-IV.pdf,2113111,Mathematics for Computer Engineering,12,1,
Types of solutions,Lines of regression,6.24-N-B.E.-Computer-Engineering-Sem-III-IV.pdf,2113111,Mathematics for Computer Engineering,13,1,
Types of solutions,Moment generating function,6.24-N-B.E.-Computer-Engineering-Sem-III-IV.pdf,2113111,Mathematics for Computer Engineering,14,1,
Standard and Canonical of LPP,Basic and Feasible solutions,6.24-N-B.E.-Computer-Engineering-Sem-III-IV.pdf,2113111,Mathematics for Computer Engineering,1,1,
Standard and Canonical of LPP,Simplex method,6.24-N-B.E.-Computer-Engineering-Sem-III-IV.pdf,2113111,Mathematics for Computer Engineering,2,1,
Standard and Canonical of LPP,Artificial variables,6.24-N-B.E.-Computer-Engineering-Sem-III-IV.pdf,2113111,Mathematics for Computer Engineering,3,1,
Standard and Canonical of LPP,Kuhn-Tucker conditions,6.24-N-B.E.-Computer-Engineering-Sem-III-IV.pdf,2113111,Mathematics for Computer Engineering,4,1,
Standard and Canonical of LPP,Introduction to Congruence,6.24-N-B.E.-Computer-Engineering-Sem-III-IV.pdf,2113111,Mathematics for Computer Engineering,5,1,
Standard and Canonical of LPP,Linear congruence,6.24-N-B.E.-Computer-Engineering-Sem-III-IV.pdf,2113111,Mathematics for Computer Engineering,6,1,
Standard and Canonical of LPP,Application of congruence-RSA algorithm,6.24-N-B.E.-Computer-Engineering-Sem-III-IV.pdf,2113111,Mathematics for Computer Engineering,7,1,
Standard and Canonical of LPP,Dirichlet’s conditions,6.24-N-B.E.-Computer-Engineering-Sem-III-IV.pdf,2113111,Mathematics for Computer Engineering,8,1,
Standard and Canonical of LPP,Fourier series of periodic,6.24-N-B.E.-Computer-Engineering-Sem-III-IV.pdf,2113111,Mathematics for Computer Engineering,9,1,
Standard and Canonical of LPP,Fourier series of even and odd functions,6.24-N-B.E.-Computer-Engineering-Sem-III-IV.pdf,2113111,Mathematics for Computer Engineering,10,1,
Standard and Canonical of LPP,Complex form of Fourier Series,6.24-N-B.E.-Computer-Engineering-Sem-III-IV.pdf,2113111,Mathematics for Computer Engineering,11,1,
Standard and Canonical of LPP,Lines of regression,6.24-N-B.E.-Computer-Engineering-Sem-III-IV.pdf,2113111,Mathematics for Computer Engineering,12,1,
Standard and Canonical of LPP,Moment generating function,6.24-N-B.E.-Computer-Engineering-Sem-III-IV.pdf,2113111,Mathematics for Computer Engineering,13,1,
Standard and Canonical of LPP,Raw moments,6.24-N-B.E.-Computer-Engineering-Sem-III-IV.pdf,2113111,Mathematics for Computer Engineering,14,1,
Basic and Feasible solutions,Simplex method,6.24-N-B.E.-Computer-Engineering-Sem-III-IV.pdf,2113111,Mathematics for Computer Engineering,1,1,
Basic and Feasible solutions,Artificial variables,6.24-N-B.E.-Computer-Engineering-Sem-III-IV.pdf,2113111,Mathematics for Computer Engineering,2,1,
Basic and Feasible solutions,Kuhn-Tucker conditions,6.24-N-B.E.-Computer-Engineering-Sem-III-IV.pdf,2113111,Mathematics for Computer Engineering,3,1,
Basic and Feasible solutions,Introduction to Congruence,6.24-N-B.E.-Computer-Engineering-Sem-III-IV.pdf,2113111,Mathematics for Computer Engineering,4,1,
Basic and Feasible solutions,Linear congruence,6.24-N-B.E.-Computer-Engineering-Sem-III-IV.pdf,2113111,Mathematics for Computer Engineering,5,1,
Basic and Feasible solutions,Application of congruence-RSA algorithm,6.24-N-B.E.-Computer-Engineering-Sem-III-IV.pdf,2113111,Mathematics for Computer Engineering,6,1,
Basic and Feasible solutions,Dirichlet’s conditions,6.24-N-B.E.-Computer-Engineering-Sem-III-IV.pdf,2113111,Mathematics for Computer Engineering,7,1,
Basic and Feasible solutions,Fourier series of periodic,6.24-N-B.E.-Computer-Engineering-Sem-III-IV.pdf,2113111,Mathematics for Computer Engineering,8,1,
Basic and Feasible solutions,Fourier series of even and odd functions,6.24-N-B.E.-Computer-Engineering-Sem-III-IV.pdf,2113111,Mathematics for Computer Engineering,9,1,
Basic and Feasible solutions,Complex form of Fourier Series,6.24-N-B.E.-Computer-Engineering-Sem-III-IV.pdf,2113111,Mathematics for Computer Engineering,10,1,
Basic and Feasible solutions,Lines of regression,6.24-N-B.E.-Computer-Engineering-Sem-III-IV.pdf,2113111,Mathematics for Computer Engineering,11,1,
Basic and Feasible solutions,Moment generating function,6.24-N-B.E.-Computer-Engineering-Sem-III-IV.pdf,2113111,Mathematics for Computer Engineering,12,1,
Basic and Feasible solutions,Raw moments,6.24-N-B.E.-Computer-Engineering-Sem-III-IV.pdf,2113111,Mathematics for Computer Engineering,13,1,
Simplex method,Artificial variables,6.24-N-B.E.-Computer-Engineering-Sem-III-IV.pdf,2113111,Mathematics for Computer Engineering,1,1,
Simplex method,Kuhn-Tucker conditions,6.24-N-B.E.-Computer-Engineering-Sem-III-IV.pdf,2113111,Mathematics for Computer Engineering,2,1,
Simplex method,Introduction to Congruence,6.24-N-B.E.-Computer-Engineering-Sem-III-IV.pdf,2113111,Mathematics for Computer Engineering,3,1,
Simplex method,Linear congruence,6.24-N-B.E.-Computer-Engineering-Sem-III-IV.pdf,2113111,Mathematics for Computer Engineering,4,1,
Simplex method,Application of congruence-RSA algorithm,6.24-N-B.E.-Computer-Engineering-Sem-III-IV.pdf,2113111,Mathematics for Computer Engineering,5,1,
Simplex method,Dirichlet’s conditions,6.24-N-B.E.-Computer-Engineering-Sem-III-IV.pdf,2113111,Mathematics for Computer Engineering,6,1,
Simplex method,Fourier series of periodic,6.24-N-B.E.-Computer-Engineering-Sem-III-IV.pdf,2113111,Mathematics for Computer Engineering,7,1,
Simplex method,Fourier series of even and odd functions,6.24-N-B.E.-Computer-Engineering-Sem-III-IV.pdf,2113111,Mathematics for Computer Engineering,8,1,
Simplex method,Complex form of Fourier Series,6.24-N-B.E.-Computer-Engineering-Sem-III-IV.pdf,2113111,Mathematics for Computer Engineering,9,1,
Simplex method,Lines of regression,6.24-N-B.E.-Computer-Engineering-Sem-III-IV.pdf,2113111,Mathematics for Computer Engineering,10,1,
Simplex method,Moment generating function,6.24-N-B.E.-Computer-Engineering-Sem-III-IV.pdf,2113111,Mathematics for Computer Engineering,11,1,
Simplex method,Raw moments,6.24-N-B.E.-Computer-Engineering-Sem-III-IV.pdf,2113111,Mathematics for Computer Engineering,12,1,
Artificial variables,Kuhn-Tucker conditions,6.24-N-B.E.-Computer-Engineering-Sem-III-IV.pdf,2113111,Mathematics for Computer Engineering,1,1,
Artificial variables,Introduction to Congruence,6.24-N-B.E.-Computer-Engineering-Sem-III-IV.pdf,2113111,Mathematics for Computer Engineering,2,1,
Artificial variables,Linear congruence,6.24-N-B.E.-Computer-Engineering-Sem-III-IV.pdf,2113111,Mathematics for Computer Engineering,3,1,
Artificial variables,Application of congruence-RSA algorithm,6.24-N-B.E.-Computer-Engineering-Sem-III-IV.pdf,2113111,Mathematics for Computer Engineering,4,1,
Artificial variables,Dirichlet’s conditions,6.24-N-B.E.-Computer-Engineering-Sem-III-IV.pdf,2113111,Mathematics for Computer Engineering,5,1,
Artificial variables,Fourier series of periodic,6.24-N-B.E.-Computer-Engineering-Sem-III-IV.pdf,2113111,Mathematics for Computer Engineering,6,1,
Artificial variables,Fourier series of even and odd functions,6.24-N-B.E.-Computer-Engineering-Sem-III-IV.pdf,2113111,Mathematics for Computer Engineering,7,1,
Artificial variables,Complex form of Fourier Series,6.24-N-B.E.-Computer-Engineering-Sem-III-IV.pdf,2113111,Mathematics for Computer Engineering,8,1,
Artificial variables,Lines of regression,6.24-N-B.E.-Computer-Engineering-Sem-III-IV.pdf,2113111,Mathematics for Computer Engineering,9,1,
Artificial variables,Moment generating function,6.24-N-B.E.-Computer-Engineering-Sem-III-IV.pdf,2113111,Mathematics for Computer Engineering,10,1,
Artificial variables,Raw moments,6.24-N-B.E.-Computer-Engineering-Sem-III-IV.pdf,2113111,Mathematics for Computer Engineering,11,1,
Kuhn-Tucker conditions,Introduction to Congruence,6.24-N-B.E.-Computer-Engineering-Sem-III-IV.pdf,2113111,Mathematics for Computer Engineering,1,1,
Kuhn-Tucker conditions,Linear congruence,6.24-N-B.E.-Computer-Engineering-Sem-III-IV.pdf,2113111,Mathematics for Computer Engineering,2,1,
Kuhn-Tucker conditions,Application of congruence-RSA algorithm,6.24-N-B.E.-Computer-Engineering-Sem-III-IV.pdf,2113111,Mathematics for Computer Engineering,3,1,
Kuhn-Tucker conditions,Dirichlet’s conditions,6.24-N-B.E.-Computer-Engineering-Sem-III-IV.pdf,2113111,Mathematics for Computer Engineering,4,1,
Kuhn-Tucker conditions,Fourier series of periodic,6.24-N-B.E.-Computer-Engineering-Sem-III-IV.pdf,2113111,Mathematics for Computer Engineering,5,1,
Kuhn-Tucker conditions,Fourier series of even and odd functions,6.24-N-B.E.-Computer-Engineering-Sem-III-IV.pdf,2113111,Mathematics for Computer Engineering,6,1,
Kuhn-Tucker conditions,Complex form of Fourier Series,6.24-N-B.E.-Computer-Engineering-Sem-III-IV.pdf,2113111,Mathematics for Computer Engineering,7,1,
Kuhn-Tucker conditions,Lines of regression,6.24-N-B.E.-Computer-Engineering-Sem-III-IV.pdf,2113111,Mathematics for Computer Engineering,8,1,
Kuhn-Tucker conditions,Moment generating function,6.24-N-B.E.-Computer-Engineering-Sem-III-IV.pdf,2113111,Mathematics for Computer Engineering,9,1,
Kuhn-Tucker conditions,Raw moments,6.24-N-B.E.-Computer-Engineering-Sem-III-IV.pdf,2113111,Mathematics for Computer Engineering,10,1,
Introduction to Congruence,Linear congruence,6.24-N-B.E.-Computer-Engineering-Sem-III-IV.pdf,2113111,Mathematics for Computer Engineering,1,1,
Introduction to Congruence,Application of congruence-RSA algorithm,6.24-N-B.E.-Computer-Engineering-Sem-III-IV.pdf,2113111,Mathematics for Computer Engineering,2,1,
Introduction to Congruence,Dirichlet’s conditions,6.24-N-B.E.-Computer-Engineering-Sem-III-IV.pdf,2113111,Mathematics for Computer Engineering,3,1,
Introduction to Congruence,Fourier series of periodic,6.24-N-B.E.-Computer-Engineering-Sem-III-IV.pdf,2113111,Mathematics for Computer Engineering,4,1,
Introduction to Congruence,Fourier series of even and odd functions,6.24-N-B.E.-Computer-Engineering-Sem-III-IV.pdf,2113111,Mathematics for Computer Engineering,5,1,
Introduction to Congruence,Complex form of Fourier Series,6.24-N-B.E.-Computer-Engineering-Sem-III-IV.pdf,2113111,Mathematics for Computer Engineering,6,1,
Introduction to Congruence,Lines of regression,6.24-N-B.E.-Computer-Engineering-Sem-III-IV.pdf,2113111,Mathematics for Computer Engineering,7,1,
Introduction to Congruence,Moment generating function,6.24-N-B.E.-Computer-Engineering-Sem-III-IV.pdf,2113111,Mathematics for Computer Engineering,8,1,
Introduction to Congruence,Raw moments,6.24-N-B.E.-Computer-Engineering-Sem-III-IV.pdf,2113111,Mathematics for Computer Engineering,9,1,
Linear congruence,Application of congruence-RSA algorithm,6.24-N-B.E.-Computer-Engineering-Sem-III-IV.pdf,2113111,Mathematics for Computer Engineering,1,1,
Linear congruence,Dirichlet’s conditions,6.24-N-B.E.-Computer-Engineering-Sem-III-IV.pdf,2113111,Mathematics for Computer Engineering,2,1,
Linear congruence,Fourier series of periodic,6.24-N-B.E.-Computer-Engineering-Sem-III-IV.pdf,2113111,Mathematics for Computer Engineering,3,1,
Linear congruence,Fourier series of even and odd functions,6.24-N-B.E.-Computer-Engineering-Sem-III-IV.pdf,2113111,Mathematics for Computer Engineering,4,1,
Linear congruence,Complex form of Fourier Series,6.24-N-B.E.-Computer-Engineering-Sem-III-IV.pdf,2113111,Mathematics for Computer Engineering,5,1,
Linear congruence,Lines of regression,6.24-N-B.E.-Computer-Engineering-Sem-III-IV.pdf,2113111,Mathematics for Computer Engineering,6,1,
Linear congruence,Moment generating function,6.24-N-B.E.-Computer-Engineering-Sem-III-IV.pdf,2113111,Mathematics for Computer Engineering,7,1,
Linear congruence,Raw moments,6.24-N-B.E.-Computer-Engineering-Sem-III-IV.pdf,2113111,Mathematics for Computer Engineering,8,1,
Application of congruence-RSA algorithm,Dirichlet’s conditions,6.24-N-B.E.-Computer-Engineering-Sem-III-IV.pdf,2113111,Mathematics for Computer Engineering,1,1,
Application of congruence-RSA algorithm,Fourier series of periodic,6.24-N-B.E.-Computer-Engineering-Sem-III-IV.pdf,2113111,Mathematics for Computer Engineering,2,1,
Application of congruence-RSA algorithm,Fourier series of even and odd functions,6.24-N-B.E.-Computer-Engineering-Sem-III-IV.pdf,2113111,Mathematics for Computer Engineering,3,1,
Application of congruence-RSA algorithm,Complex form of Fourier Series,6.24-N-B.E.-Computer-Engineering-Sem-III-IV.pdf,2113111,Mathematics for Computer Engineering,4,1,
Application of congruence-RSA algorithm,Lines of regression,6.24-N-B.E.-Computer-Engineering-Sem-III-IV.pdf,2113111,Mathematics for Computer Engineering,5,1,
Application of congruence-RSA algorithm,Moment generating function,6.24-N-B.E.-Computer-Engineering-Sem-III-IV.pdf,2113111,Mathematics for Computer Engineering,6,1,
Application of congruence-RSA algorithm,Raw moments,6.24-N-B.E.-Computer-Engineering-Sem-III-IV.pdf,2113111,Mathematics for Computer Engineering,7,1,
Dirichlet’s conditions,Fourier series of periodic,6.24-N-B.E.-Computer-Engineering-Sem-III-IV.pdf,2113111,Mathematics for Computer Engineering,1,1,
Dirichlet’s conditions,Fourier series of even and odd functions,6.24-N-B.E.-Computer-Engineering-Sem-III-IV.pdf,2113111,Mathematics for Computer Engineering,2,1,
Dirichlet’s conditions,Complex form of Fourier Series,6.24-N-B.E.-Computer-Engineering-Sem-III-IV.pdf,2113111,Mathematics for Computer Engineering,3,1,
Dirichlet’s conditions,Lines of regression,6.24-N-B.E.-Computer-Engineering-Sem-III-IV.pdf,2113111,Mathematics for Computer Engineering,4,1,
Dirichlet’s conditions,Moment generating function,6.24-N-B.E.-Computer-Engineering-Sem-III-IV.pdf,2113111,Mathematics for Computer Engineering,5,1,
Dirichlet’s conditions,Raw moments,6.24-N-B.E.-Computer-Engineering-Sem-III-IV.pdf,2113111,Mathematics for Computer Engineering,6,1,
Fourier series of periodic,Fourier series of even and odd functions,6.24-N-B.E.-Computer-Engineering-Sem-III-IV.pdf,2113111,Mathematics for Computer Engineering,1,1,
Fourier series of periodic,Complex form of Fourier Series,6.24-N-B.E.-Computer-Engineering-Sem-III-IV.pdf,2113111,Mathematics for Computer Engineering,2,1,
Fourier series of periodic,Lines of regression,6.24-N-B.E.-Computer-Engineering-Sem-III-IV.pdf,2113111,Mathematics for Computer Engineering,3,1,
Fourier series of periodic,Moment generating function,6.24-N-B.E.-Computer-Engineering-Sem-III-IV.pdf,2113111,Mathematics for Computer Engineering,4,1,
Fourier series of periodic,Raw moments,6.24-N-B.E.-Computer-Engineering-Sem-III-IV.pdf,2113111,Mathematics for Computer Engineering,5,1,
Fourier series of even and odd functions,Complex form of Fourier Series,6.24-N-B.E.-Computer-Engineering-Sem-III-IV.pdf,2113111,Mathematics for Computer Engineering,1,1,
Fourier series of even and odd functions,Lines of regression,6.24-N-B.E.-Computer-Engineering-Sem-III-IV.pdf,2113111,Mathematics for Computer Engineering,2,1,
Fourier series of even and odd functions,Moment generating function,6.24-N-B.E.-Computer-Engineering-Sem-III-IV.pdf,2113111,Mathematics for Computer Engineering,3,1,
Fourier series of even and odd functions,Raw moments,6.24-N-B.E.-Computer-Engineering-Sem-III-IV.pdf,2113111,Mathematics for Computer Engineering,4,1,
Complex form of Fourier Series,Lines of regression,6.24-N-B.E.-Computer-Engineering-Sem-III-IV.pdf,2113111,Mathematics for Computer Engineering,1,1,
Complex form of Fourier Series,Moment generating function,6.24-N-B.E.-Computer-Engineering-Sem-III-IV.pdf,2113111,Mathematics for Computer Engineering,2,1,
Complex form of Fourier Series,Raw moments,6.24-N-B.E.-Computer-Engineering-Sem-III-IV.pdf,2113111,Mathematics for Computer Engineering,3,1,
Lines of regression,Moment generating function,6.24-N-B.E.-Computer-Engineering-Sem-III-IV.pdf,2113111,Mathematics for Computer Engineering,1,1,
Lines of regression,Raw moments,6.24-N-B.E.-Computer-Engineering-Sem-III-IV.pdf,2113111,Mathematics for Computer Engineering,2,1,
Moment generating function,Raw moments,6.24-N-B.E.-Computer-Engineering-Sem-III-IV.pdf,2113111,Mathematics for Computer Engineering,1,1,
RE in text search and replace,Application of Regular,6.24-N-B.E.-Computer-Engineering-Sem-III-IV.pdf,2114111,Computational,1,1,
RE in text search and replace,Languages in Compiler Design,6.24-N-B.E.-Computer-Engineering-Sem-III-IV.pdf,2114111,Computational,2,1,
RE in text search and replace,Nondeterministic Finite Automata (NFA): Definitions,6.24-N-B.E.-Computer-Engineering-Sem-III-IV.pdf,2114111,Computational,3,1,
RE in text search and replace,Equivalence between NFA with and ϵ- transitions,6.24-N-B.E.-Computer-Engineering-Sem-III-IV.pdf,2114111,Computational,4,1,
RE in text search and replace,Minimization of DFA,6.24-N-B.E.-Computer-Engineering-Sem-III-IV.pdf,2114111,Computational,5,1,
Application of Regular,Languages in Compiler Design,6.24-N-B.E.-Computer-Engineering-Sem-III-IV.pdf,2114111,Computational,1,1,
Application of Regular,Nondeterministic Finite Automata (NFA): Definitions,6.24-N-B.E.-Computer-Engineering-Sem-III-IV.pdf,2114111,Computational,2,1,
Application of Regular,Equivalence between NFA with and ϵ- transitions,6.24-N-B.E.-Computer-Engineering-Sem-III-IV.pdf,2114111,Computational,3,1,
Application of Regular,Minimization of DFA,6.24-N-B.E.-Computer-Engineering-Sem-III-IV.pdf,2114111,Computational,4,1,
Languages in Compiler Design,Nondeterministic Finite Automata (NFA): Definitions,6.24-N-B.E.-Computer-Engineering-Sem-III-IV.pdf,2114111,Computational,1,1,
Languages in Compiler Design,Equivalence between NFA with and ϵ- transitions,6.24-N-B.E.-Computer-Engineering-Sem-III-IV.pdf,2114111,Computational,2,1,
Languages in Compiler Design,Minimization of DFA,6.24-N-B.E.-Computer-Engineering-Sem-III-IV.pdf,2114111,Computational,3,1,
Nondeterministic Finite Automata (NFA): Definitions,Equivalence between NFA with and ϵ- transitions,6.24-N-B.E.-Computer-Engineering-Sem-III-IV.pdf,2114111,Computational,1,1,
Nondeterministic Finite Automata (NFA): Definitions,Minimization of DFA,6.24-N-B.E.-Computer-Engineering-Sem-III-IV.pdf,2114111,Computational,2,1,
Equivalence between NFA with and ϵ- transitions,Minimization of DFA,6.24-N-B.E.-Computer-Engineering-Sem-III-IV.pdf,2114111,Computational,1,1,
Relationship (EER) Model,"Generalization, Specialization and Aggregation",6.24-N-B.E.-Computer-Engineering-Sem-III-IV.pdf,2114112,Database Management System,1,1,
Relationship (EER) Model,"Introduction to the Relational Model, relational",6.24-N-B.E.-Computer-Engineering-Sem-III-IV.pdf,2114112,Database Management System,2,1,
Relationship (EER) Model,"EER Model to the Relational Model, Relational",6.24-N-B.E.-Computer-Engineering-Sem-III-IV.pdf,2114112,Database Management System,3,1,
Relationship (EER) Model,"Overview of SQL, Data Definition Commands",6.24-N-B.E.-Computer-Engineering-Sem-III-IV.pdf,2114112,Database Management System,4,1,
Relationship (EER) Model,"Integrity constraints: key constraints, Domain",6.24-N-B.E.-Computer-Engineering-Sem-III-IV.pdf,2114112,Database Management System,5,1,
Relationship (EER) Model,"Triggers, Introduction to Pl/SQL Block Structure",6.24-N-B.E.-Computer-Engineering-Sem-III-IV.pdf,2114112,Database Management System,6,1,
Relationship (EER) Model,"Pitfalls in relational database designs, Concept",6.24-N-B.E.-Computer-Engineering-Sem-III-IV.pdf,2114112,Database Management System,7,1,
Relationship (EER) Model,"Concurrent Executions, Serializability",6.24-N-B.E.-Computer-Engineering-Sem-III-IV.pdf,2114112,Database Management System,8,1,
Relationship (EER) Model,"Cloud Database, Introduction of Distributed",6.24-N-B.E.-Computer-Engineering-Sem-III-IV.pdf,2114112,Database Management System,9,1,
"Generalization, Specialization and Aggregation","Introduction to the Relational Model, relational",6.24-N-B.E.-Computer-Engineering-Sem-III-IV.pdf,2114112,Database Management System,1,1,
"Generalization, Specialization and Aggregation","EER Model to the Relational Model, Relational",6.24-N-B.E.-Computer-Engineering-Sem-III-IV.pdf,2114112,Database Management System,2,1,
"Generalization, Specialization and Aggregation","Overview of SQL, Data Definition Commands",6.24-N-B.E.-Computer-Engineering-Sem-III-IV.pdf,2114112,Database Management System,3,1,
"Generalization, Specialization and Aggregation","Integrity constraints: key constraints, Domain",6.24-N-B.E.-Computer-Engineering-Sem-III-IV.pdf,2114112,Database Management System,4,1,
"Generalization, Specialization and Aggregation","Triggers, Introduction to Pl/SQL Block Structure",6.24-N-B.E.-Computer-Engineering-Sem-III-IV.pdf,2114112,Database Management System,5,1,
"Generalization, Specialization and Aggregation","Pitfalls in relational database designs, Concept",6.24-N-B.E.-Computer-Engineering-Sem-III-IV.pdf,2114112,Database Management System,6,1,
"Generalization, Specialization and Aggregation","Concurrent Executions, Serializability",6.24-N-B.E.-Computer-Engineering-Sem-III-IV.pdf,2114112,Database Management System,7,1,
"Generalization, Specialization and Aggregation","Cloud Database, Introduction of Distributed",6.24-N-B.E.-Computer-Engineering-Sem-III-IV.pdf,2114112,Database Management System,8,1,
"Introduction to the Relational Model, relational","EER Model to the Relational Model, Relational",6.24-N-B.E.-Computer-Engineering-Sem-III-IV.pdf,2114112,Database Management System,1,1,
"Introduction to the Relational Model, relational","Overview of SQL, Data Definition Commands",6.24-N-B.E.-Computer-Engineering-Sem-III-IV.pdf,2114112,Database Management System,2,1,
"Introduction to the Relational Model, relational","Integrity constraints: key constraints, Domain",6.24-N-B.E.-Computer-Engineering-Sem-III-IV.pdf,2114112,Database Management System,3,1,
"Introduction to the Relational Model, relational","Triggers, Introduction to Pl/SQL Block Structure",6.24-N-B.E.-Computer-Engineering-Sem-III-IV.pdf,2114112,Database Management System,4,1,
"Introduction to the Relational Model, relational","Pitfalls in relational database designs, Concept",6.24-N-B.E.-Computer-Engineering-Sem-III-IV.pdf,2114112,Database Management System,5,1,
"Introduction to the Relational Model, relational","Concurrent Executions, Serializability",6.24-N-B.E.-Computer-Engineering-Sem-III-IV.pdf,2114112,Database Management System,6,1,
"Introduction to the Relational Model, relational","Cloud Database, Introduction of Distributed",6.24-N-B.E.-Computer-Engineering-Sem-III-IV.pdf,2114112,Database Management System,7,1,
"EER Model to the Relational Model, Relational","Overview of SQL, Data Definition Commands",6.24-N-B.E.-Computer-Engineering-Sem-III-IV.pdf,2114112,Database Management System,1,1,
"EER Model to the Relational Model, Relational","Integrity constraints: key constraints, Domain",6.24-N-B.E.-Computer-Engineering-Sem-III-IV.pdf,2114112,Database Management System,2,1,
"EER Model to the Relational Model, Relational","Triggers, Introduction to Pl/SQL Block Structure",6.24-N-B.E.-Computer-Engineering-Sem-III-IV.pdf,2114112,Database Management System,3,1,
"EER Model to the Relational Model, Relational","Pitfalls in relational database designs, Concept",6.24-N-B.E.-Computer-Engineering-Sem-III-IV.pdf,2114112,Database Management System,4,1,
"EER Model to the Relational Model, Relational","Concurrent Executions, Serializability",6.24-N-B.E.-Computer-Engineering-Sem-III-IV.pdf,2114112,Database Management System,5,1,
"EER Model to the Relational Model, Relational","Cloud Database, Introduction of Distributed",6.24-N-B.E.-Computer-Engineering-Sem-III-IV.pdf,2114112,Database Management System,6,1,
"Overview of SQL, Data Definition Commands","Integrity constraints: key constraints, Domain",6.24-N-B.E.-Computer-Engineering-Sem-III-IV.pdf,2114112,Database Management System,1,1,
"Overview of SQL, Data Definition Commands","Triggers, Introduction to Pl/SQL Block Structure",6.24-N-B.E.-Computer-Engineering-Sem-III-IV.pdf,2114112,Database Management System,2,1,
"Overview of SQL, Data Definition Commands","Pitfalls in relational database designs, Concept",6.24-N-B.E.-Computer-Engineering-Sem-III-IV.pdf,2114112,Database Management System,3,1,
"Overview of SQL, Data Definition Commands","Concurrent Executions, Serializability",6.24-N-B.E.-Computer-Engineering-Sem-III-IV.pdf,2114112,Database Management System,4,1,
"Overview of SQL, Data Definition Commands","Cloud Database, Introduction of Distributed",6.24-N-B.E.-Computer-Engineering-Sem-III-IV.pdf,2114112,Database Management System,5,1,
"Integrity constraints: key constraints, Domain","Triggers, Introduction to Pl/SQL Block Structure",6.24-N-B.E.-Computer-Engineering-Sem-III-IV.pdf,2114112,Database Management System,1,1,
"Integrity constraints: key constraints, Domain","Pitfalls in relational database designs, Concept",6.24-N-B.E.-Computer-Engineering-Sem-III-IV.pdf,2114112,Database Management System,2,1,
"Integrity constraints: key constraints, Domain","Concurrent Executions, Serializability",6.24-N-B.E.-Computer-Engineering-Sem-III-IV.pdf,2114112,Database Management System,3,1,
"Integrity constraints: key constraints, Domain","Cloud Database, Introduction of Distributed",6.24-N-B.E.-Computer-Engineering-Sem-III-IV.pdf,2114112,Database Management System,4,1,
"Triggers, Introduction to Pl/SQL Block Structure","Pitfalls in relational database designs, Concept",6.24-N-B.E.-Computer-Engineering-Sem-III-IV.pdf,2114112,Database Management System,1,1,
"Triggers, Introduction to Pl/SQL Block Structure","Concurrent Executions, Serializability",6.24-N-B.E.-Computer-Engineering-Sem-III-IV.pdf,2114112,Database Management System,2,1,
"Triggers, Introduction to Pl/SQL Block Structure","Cloud Database, Introduction of Distributed",6.24-N-B.E.-Computer-Engineering-Sem-III-IV.pdf,2114112,Database Management System,3,1,
"Pitfalls in relational database designs, Concept","Concurrent Executions, Serializability",6.24-N-B.E.-Computer-Engineering-Sem-III-IV.pdf,2114112,Database Management System,1,1,
"Pitfalls in relational database designs, Concept","Cloud Database, Introduction of Distributed",6.24-N-B.E.-Computer-Engineering-Sem-III-IV.pdf,2114112,Database Management System,2,1,
"Concurrent Executions, Serializability","Cloud Database, Introduction of Distributed",6.24-N-B.E.-Computer-Engineering-Sem-III-IV.pdf,2114112,Database Management System,1,1,
Digital frequency meter,Voltage sensor,6.29-N-B.E.-Electrical-Engineering-Sem-III-IV.pdf,2223114,Measurements and Measuring Instruments,1,1,
Digital frequency meter,Verification of Truth Table of Logic Gates,6.29-N-B.E.-Electrical-Engineering-Sem-III-IV.pdf,2223114,Measurements and Measuring Instruments,2,1,
Digital frequency meter,Constructing Flip-Flops Using All NAND Gates,6.29-N-B.E.-Electrical-Engineering-Sem-III-IV.pdf,2223114,Measurements and Measuring Instruments,3,1,
Digital frequency meter,BJT and FET characteristics & analysis,6.29-N-B.E.-Electrical-Engineering-Sem-III-IV.pdf,2223114,Measurements and Measuring Instruments,4,1,
Digital frequency meter,Design of adjustable Voltage regulator based on LM317,6.29-N-B.E.-Electrical-Engineering-Sem-III-IV.pdf,2223114,Measurements and Measuring Instruments,5,1,
Voltage sensor,Verification of Truth Table of Logic Gates,6.29-N-B.E.-Electrical-Engineering-Sem-III-IV.pdf,2223114,Measurements and Measuring Instruments,1,1,
Voltage sensor,Constructing Flip-Flops Using All NAND Gates,6.29-N-B.E.-Electrical-Engineering-Sem-III-IV.pdf,2223114,Measurements and Measuring Instruments,2,1,
Voltage sensor,BJT and FET characteristics & analysis,6.29-N-B.E.-Electrical-Engineering-Sem-III-IV.pdf,2223114,Measurements and Measuring Instruments,3,1,
Voltage sensor,Design of adjustable Voltage regulator based on LM317,6.29-N-B.E.-Electrical-Engineering-Sem-III-IV.pdf,2223114,Measurements and Measuring Instruments,4,1,
Verification of Truth Table of Logic Gates,Constructing Flip-Flops Using All NAND Gates,6.29-N-B.E.-Electrical-Engineering-Sem-III-IV.pdf,2223114,Measurements and Measuring Instruments,1,1,
Verification of Truth Table of Logic Gates,BJT and FET characteristics & analysis,6.29-N-B.E.-Electrical-Engineering-Sem-III-IV.pdf,2223114,Measurements and Measuring Instruments,2,1,
Verification of Truth Table of Logic Gates,Design of adjustable Voltage regulator based on LM317,6.29-N-B.E.-Electrical-Engineering-Sem-III-IV.pdf,2223114,Measurements and Measuring Instruments,3,1,
Constructing Flip-Flops Using All NAND Gates,BJT and FET characteristics & analysis,6.29-N-B.E.-Electrical-Engineering-Sem-III-IV.pdf,2223114,Measurements and Measuring Instruments,1,1,
Constructing Flip-Flops Using All NAND Gates,Design of adjustable Voltage regulator based on LM317,6.29-N-B.E.-Electrical-Engineering-Sem-III-IV.pdf,2223114,Measurements and Measuring Instruments,2,1,
BJT and FET characteristics & analysis,Design of adjustable Voltage regulator based on LM317,6.29-N-B.E.-Electrical-Engineering-Sem-III-IV.pdf,2223114,Measurements and Measuring Instruments,1,1,
Modes of operation of silicon-controlled rectifier,Two transistor Analogy,6.29-N-B.E.-Electrical-Engineering-Sem-III-IV.pdf,2224113,Power Electronics Devices and Circuits,1,1,
Modes of operation of silicon-controlled rectifier,Thyristors voltage & current rating,6.29-N-B.E.-Electrical-Engineering-Sem-III-IV.pdf,2224113,Power Electronics Devices and Circuits,2,1,
Modes of operation of silicon-controlled rectifier,Firing circuits (R,6.29-N-B.E.-Electrical-Engineering-Sem-III-IV.pdf,2224113,Power Electronics Devices and Circuits,3,1,
Modes of operation of silicon-controlled rectifier,Protection circuit of SCR,6.29-N-B.E.-Electrical-Engineering-Sem-III-IV.pdf,2224113,Power Electronics Devices and Circuits,4,1,
Two transistor Analogy,Thyristors voltage & current rating,6.29-N-B.E.-Electrical-Engineering-Sem-III-IV.pdf,2224113,Power Electronics Devices and Circuits,1,1,
Two transistor Analogy,Firing circuits (R,6.29-N-B.E.-Electrical-Engineering-Sem-III-IV.pdf,2224113,Power Electronics Devices and Circuits,2,1,
Two transistor Analogy,Protection circuit of SCR,6.29-N-B.E.-Electrical-Engineering-Sem-III-IV.pdf,2224113,Power Electronics Devices and Circuits,3,1,
Thyristors voltage & current rating,Firing circuits (R,6.29-N-B.E.-Electrical-Engineering-Sem-III-IV.pdf,2224113,Power Electronics Devices and Circuits,1,1,
Thyristors voltage & current rating,Protection circuit of SCR,6.29-N-B.E.-Electrical-Engineering-Sem-III-IV.pdf,2224113,Power Electronics Devices and Circuits,2,1,
Firing circuits (R,Protection circuit of SCR,6.29-N-B.E.-Electrical-Engineering-Sem-III-IV.pdf,2224113,Power Electronics Devices and Circuits,1,1,
Inverse Laplace transform using Convolution theorem,Applications to solve initial and boundary value problems,6.34-N-B.E.-Information-Technology-Sem-III-IV.pdf,2343111,Applied Mathematics Thinking-I,1,1,
Inverse Laplace transform using Convolution theorem,Parseval’s Identity (without proof) Fourier series of periodic,6.34-N-B.E.-Information-Technology-Sem-III-IV.pdf,2343111,Applied Mathematics Thinking-I,2,1,
Inverse Laplace transform using Convolution theorem,Fourier series of even and odd functions (simple functions,6.34-N-B.E.-Information-Technology-Sem-III-IV.pdf,2343111,Applied Mathematics Thinking-I,3,1,
Inverse Laplace transform using Convolution theorem,Hal Frange Sine and Cosine Series,6.34-N-B.E.-Information-Technology-Sem-III-IV.pdf,2343111,Applied Mathematics Thinking-I,4,1,
Inverse Laplace transform using Convolution theorem,"Harmonic function, Harmonic conjugate, and orthogonal",6.34-N-B.E.-Information-Technology-Sem-III-IV.pdf,2343111,Applied Mathematics Thinking-I,5,1,
Inverse Laplace transform using Convolution theorem,Kar lPearson’s Coefficient of correlation(r) Spearman’s,6.34-N-B.E.-Information-Technology-Sem-III-IV.pdf,2343111,Applied Mathematics Thinking-I,6,1,
Inverse Laplace transform using Convolution theorem,Rank correlation coefficient (R) (with repeated and non,6.34-N-B.E.-Information-Technology-Sem-III-IV.pdf,2343111,Applied Mathematics Thinking-I,7,1,
Inverse Laplace transform using Convolution theorem,"Advanced Engineering Mathematics, R.K. Jainand S.R.K. Iyengar, Narosapublication",6.34-N-B.E.-Information-Technology-Sem-III-IV.pdf,2343111,Applied Mathematics Thinking-I,8,1,
Applications to solve initial and boundary value problems,Parseval’s Identity (without proof) Fourier series of periodic,6.34-N-B.E.-Information-Technology-Sem-III-IV.pdf,2343111,Applied Mathematics Thinking-I,1,1,
Applications to solve initial and boundary value problems,Fourier series of even and odd functions (simple functions,6.34-N-B.E.-Information-Technology-Sem-III-IV.pdf,2343111,Applied Mathematics Thinking-I,2,1,
Applications to solve initial and boundary value problems,Hal Frange Sine and Cosine Series,6.34-N-B.E.-Information-Technology-Sem-III-IV.pdf,2343111,Applied Mathematics Thinking-I,3,1,
Applications to solve initial and boundary value problems,"Harmonic function, Harmonic conjugate, and orthogonal",6.34-N-B.E.-Information-Technology-Sem-III-IV.pdf,2343111,Applied Mathematics Thinking-I,4,1,
Applications to solve initial and boundary value problems,Kar lPearson’s Coefficient of correlation(r) Spearman’s,6.34-N-B.E.-Information-Technology-Sem-III-IV.pdf,2343111,Applied Mathematics Thinking-I,5,1,
Applications to solve initial and boundary value problems,Rank correlation coefficient (R) (with repeated and non,6.34-N-B.E.-Information-Technology-Sem-III-IV.pdf,2343111,Applied Mathematics Thinking-I,6,1,
Applications to solve initial and boundary value problems,"Advanced Engineering Mathematics, R.K. Jainand S.R.K. Iyengar, Narosapublication",6.34-N-B.E.-Information-Technology-Sem-III-IV.pdf,2343111,Applied Mathematics Thinking-I,7,1,
Parseval’s Identity (without proof) Fourier series of periodic,Fourier series of even and odd functions (simple functions,6.34-N-B.E.-Information-Technology-Sem-III-IV.pdf,2343111,Applied Mathematics Thinking-I,1,1,
Parseval’s Identity (without proof) Fourier series of periodic,Hal Frange Sine and Cosine Series,6.34-N-B.E.-Information-Technology-Sem-III-IV.pdf,2343111,Applied Mathematics Thinking-I,2,1,
Parseval’s Identity (without proof) Fourier series of periodic,"Harmonic function, Harmonic conjugate, and orthogonal",6.34-N-B.E.-Information-Technology-Sem-III-IV.pdf,2343111,Applied Mathematics Thinking-I,3,1,
Parseval’s Identity (without proof) Fourier series of periodic,Kar lPearson’s Coefficient of correlation(r) Spearman’s,6.34-N-B.E.-Information-Technology-Sem-III-IV.pdf,2343111,Applied Mathematics Thinking-I,4,1,
Parseval’s Identity (without proof) Fourier series of periodic,Rank correlation coefficient (R) (with repeated and non,6.34-N-B.E.-Information-Technology-Sem-III-IV.pdf,2343111,Applied Mathematics Thinking-I,5,1,
Parseval’s Identity (without proof) Fourier series of periodic,"Advanced Engineering Mathematics, R.K. Jainand S.R.K. Iyengar, Narosapublication",6.34-N-B.E.-Information-Technology-Sem-III-IV.pdf,2343111,Applied Mathematics Thinking-I,6,1,
Fourier series of even and odd functions (simple functions,Hal Frange Sine and Cosine Series,6.34-N-B.E.-Information-Technology-Sem-III-IV.pdf,2343111,Applied Mathematics Thinking-I,1,1,
Fourier series of even and odd functions (simple functions,"Harmonic function, Harmonic conjugate, and orthogonal",6.34-N-B.E.-Information-Technology-Sem-III-IV.pdf,2343111,Applied Mathematics Thinking-I,2,1,
Fourier series of even and odd functions (simple functions,Kar lPearson’s Coefficient of correlation(r) Spearman’s,6.34-N-B.E.-Information-Technology-Sem-III-IV.pdf,2343111,Applied Mathematics Thinking-I,3,1,
Fourier series of even and odd functions (simple functions,Rank correlation coefficient (R) (with repeated and non,6.34-N-B.E.-Information-Technology-Sem-III-IV.pdf,2343111,Applied Mathematics Thinking-I,4,1,
Fourier series of even and odd functions (simple functions,"Advanced Engineering Mathematics, R.K. Jainand S.R.K. Iyengar, Narosapublication",6.34-N-B.E.-Information-Technology-Sem-III-IV.pdf,2343111,Applied Mathematics Thinking-I,5,1,
Hal Frange Sine and Cosine Series,"Harmonic function, Harmonic conjugate, and orthogonal",6.34-N-B.E.-Information-Technology-Sem-III-IV.pdf,2343111,Applied Mathematics Thinking-I,1,1,
Hal Frange Sine and Cosine Series,Kar lPearson’s Coefficient of correlation(r) Spearman’s,6.34-N-B.E.-Information-Technology-Sem-III-IV.pdf,2343111,Applied Mathematics Thinking-I,2,1,
Hal Frange Sine and Cosine Series,Rank correlation coefficient (R) (with repeated and non,6.34-N-B.E.-Information-Technology-Sem-III-IV.pdf,2343111,Applied Mathematics Thinking-I,3,1,
Hal Frange Sine and Cosine Series,"Advanced Engineering Mathematics, R.K. Jainand S.R.K. Iyengar, Narosapublication",6.34-N-B.E.-Information-Technology-Sem-III-IV.pdf,2343111,Applied Mathematics Thinking-I,4,1,
"Harmonic function, Harmonic conjugate, and orthogonal",Kar lPearson’s Coefficient of correlation(r) Spearman’s,6.34-N-B.E.-Information-Technology-Sem-III-IV.pdf,2343111,Applied Mathematics Thinking-I,1,1,
"Harmonic function, Harmonic conjugate, and orthogonal",Rank correlation coefficient (R) (with repeated and non,6.34-N-B.E.-Information-Technology-Sem-III-IV.pdf,2343111,Applied Mathematics Thinking-I,2,1,
"Harmonic function, Harmonic conjugate, and orthogonal","Advanced Engineering Mathematics, R.K. Jainand S.R.K. Iyengar, Narosapublication",6.34-N-B.E.-Information-Technology-Sem-III-IV.pdf,2343111,Applied Mathematics Thinking-I,3,1,
Kar lPearson’s Coefficient of correlation(r) Spearman’s,Rank correlation coefficient (R) (with repeated and non,6.34-N-B.E.-Information-Technology-Sem-III-IV.pdf,2343111,Applied Mathematics Thinking-I,1,1,
Kar lPearson’s Coefficient of correlation(r) Spearman’s,"Advanced Engineering Mathematics, R.K. Jainand S.R.K. Iyengar, Narosapublication",6.34-N-B.E.-Information-Technology-Sem-III-IV.pdf,2343111,Applied Mathematics Thinking-I,2,1,
Rank correlation coefficient (R) (with repeated and non,"Advanced Engineering Mathematics, R.K. Jainand S.R.K. Iyengar, Narosapublication",6.34-N-B.E.-Information-Technology-Sem-III-IV.pdf,2343111,Applied Mathematics Thinking-I,1,1,
Overview of Data Structures: Revision of basic data structures (arrays,Introduction to Analysis of Algorithms Fundamentals of the analysis of algorithms: Time and Space,6.34-N-B.E.-Information-Technology-Sem-III-IV.pdf,2343112,Advance Data Structure & Analysis,1,1,
Overview of Data Structures: Revision of basic data structures (arrays,Asymptotic notation,6.34-N-B.E.-Information-Technology-Sem-III-IV.pdf,2343112,Advance Data Structure & Analysis,2,1,
Introduction to Analysis of Algorithms Fundamentals of the analysis of algorithms: Time and Space,Asymptotic notation,6.34-N-B.E.-Information-Technology-Sem-III-IV.pdf,2343112,Advance Data Structure & Analysis,1,1,
"Database System Concepts, Architecture",Characteristics of Databases,6.34-N-B.E.-Information-Technology-Sem-III-IV.pdf,2343113,Database Management System & Application,1,1,
"Database System Concepts, Architecture",File system v/s Database,6.34-N-B.E.-Information-Technology-Sem-III-IV.pdf,2343113,Database Management System & Application,2,1,
"Database System Concepts, Architecture",DBMS system,6.34-N-B.E.-Information-Technology-Sem-III-IV.pdf,2343113,Database Management System & Application,3,1,
"Database System Concepts, Architecture",Role of DBA,6.34-N-B.E.-Information-Technology-Sem-III-IV.pdf,2343113,Database Management System & Application,4,1,
Characteristics of Databases,File system v/s Database,6.34-N-B.E.-Information-Technology-Sem-III-IV.pdf,2343113,Database Management System & Application,1,1,
Characteristics of Databases,DBMS system,6.34-N-B.E.-Information-Technology-Sem-III-IV.pdf,2343113,Database Management System & Application,2,1,
Characteristics of Databases,Role of DBA,6.34-N-B.E.-Information-Technology-Sem-III-IV.pdf,2343113,Database Management System & Application,3,1,
File system v/s Database,DBMS system,6.34-N-B.E.-Information-Technology-Sem-III-IV.pdf,2343113,Database Management System & Application,1,1,
File system v/s Database,Role of DBA,6.34-N-B.E.-Information-Technology-Sem-III-IV.pdf,2343113,Database Management System & Application,2,1,
DBMS system,Role of DBA,6.34-N-B.E.-Information-Technology-Sem-III-IV.pdf,2343113,Database Management System & Application,1,1,
Functions ofSquare Matrix,Quadratic forms,6.34-N-B.E.-Information-Technology-Sem-III-IV.pdf,2344111,Applied Mathematics Thinking-II,1,1,
Functions ofSquare Matrix,Theorem to evaluate realintegrations,6.34-N-B.E.-Information-Technology-Sem-III-IV.pdf,2344111,Applied Mathematics Thinking-II,2,1,
Functions ofSquare Matrix,Inverse of Transform by Binomial,6.34-N-B.E.-Information-Technology-Sem-III-IV.pdf,2344111,Applied Mathematics Thinking-II,3,1,
Quadratic forms,Theorem to evaluate realintegrations,6.34-N-B.E.-Information-Technology-Sem-III-IV.pdf,2344111,Applied Mathematics Thinking-II,1,1,
Quadratic forms,Inverse of Transform by Binomial,6.34-N-B.E.-Information-Technology-Sem-III-IV.pdf,2344111,Applied Mathematics Thinking-II,2,1,
Theorem to evaluate realintegrations,Inverse of Transform by Binomial,6.34-N-B.E.-Information-Technology-Sem-III-IV.pdf,2344111,Applied Mathematics Thinking-II,1,1,
System calls with examples for different OS,Selection of Scheduling,6.34-N-B.E.-Information-Technology-Sem-III-IV.pdf,2344112,Operating System,1,1,
System calls with examples for different OS,Algorithms  for  different  situations,6.34-N-B.E.-Information-Technology-Sem-III-IV.pdf,2344112,Operating System,2,1,
System calls with examples for different OS,Real-time,6.34-N-B.E.-Information-Technology-Sem-III-IV.pdf,2344112,Operating System,3,1,
System calls with examples for different OS,Implementation of Page,6.34-N-B.E.-Information-Technology-Sem-III-IV.pdf,2344112,Operating System,4,1,
System calls with examples for different OS,Features of I/O facility for different OS,6.34-N-B.E.-Information-Technology-Sem-III-IV.pdf,2344112,Operating System,5,1,
Selection of Scheduling,Algorithms  for  different  situations,6.34-N-B.E.-Information-Technology-Sem-III-IV.pdf,2344112,Operating System,1,1,
Selection of Scheduling,Real-time,6.34-N-B.E.-Information-Technology-Sem-III-IV.pdf,2344112,Operating System,2,1,
Selection of Scheduling,Implementation of Page,6.34-N-B.E.-Information-Technology-Sem-III-IV.pdf,2344112,Operating System,3,1,
Selection of Scheduling,Features of I/O facility for different OS,6.34-N-B.E.-Information-Technology-Sem-III-IV.pdf,2344112,Operating System,4,1,
Algorithms  for  different  situations,Real-time,6.34-N-B.E.-Information-Technology-Sem-III-IV.pdf,2344112,Operating System,1,1,
Algorithms  for  different  situations,Implementation of Page,6.34-N-B.E.-Information-Technology-Sem-III-IV.pdf,2344112,Operating System,2,1,
Algorithms  for  different  situations,Features of I/O facility for different OS,6.34-N-B.E.-Information-Technology-Sem-III-IV.pdf,2344112,Operating System,3,1,
Real-time,Implementation of Page,6.34-N-B.E.-Information-Technology-Sem-III-IV.pdf,2344112,Operating System,1,1,
Real-time,Features of I/O facility for different OS,6.34-N-B.E.-Information-Technology-Sem-III-IV.pdf,2344112,Operating System,2,1,
Implementation of Page,Features of I/O facility for different OS,6.34-N-B.E.-Information-Technology-Sem-III-IV.pdf,2344112,Operating System,1,1,
Structure of a switch,Space Division Switching,6.34-N-B.E.-Information-Technology-Sem-III-IV.pdf,2344113,Computer Network & Network Design,1,1,
Structure of a switch,Data Link Layer Data Link Control:  Framing ,6.34-N-B.E.-Information-Technology-Sem-III-IV.pdf,2344113,Computer Network & Network Design,2,1,
Structure of a switch,Linear Block Code,6.34-N-B.E.-Information-Technology-Sem-III-IV.pdf,2344113,Computer Network & Network Design,3,1,
Structure of a switch,CRC code,6.34-N-B.E.-Information-Technology-Sem-III-IV.pdf,2344113,Computer Network & Network Design,4,1,
Structure of a switch,Flow Control: Stop-and-Wait Flow Control,6.34-N-B.E.-Information-Technology-Sem-III-IV.pdf,2344113,Computer Network & Network Design,5,1,
Structure of a switch,Error Control: Stop-and-Wait ARQ,6.34-N-B.E.-Information-Technology-Sem-III-IV.pdf,2344113,Computer Network & Network Design,6,1,
Structure of a switch,Go-Back-N ARQ,6.34-N-B.E.-Information-Technology-Sem-III-IV.pdf,2344113,Computer Network & Network Design,7,1,
Structure of a switch,Medium Access Control,6.34-N-B.E.-Information-Technology-Sem-III-IV.pdf,2344113,Computer Network & Network Design,8,1,
Structure of a switch,Scheduled Access (Reservation,6.34-N-B.E.-Information-Technology-Sem-III-IV.pdf,2344113,Computer Network & Network Design,9,1,
Structure of a switch,Random Access (ALOHA,6.34-N-B.E.-Information-Technology-Sem-III-IV.pdf,2344113,Computer Network & Network Design,10,1,
Structure of a switch,Link Layer Addressing,6.34-N-B.E.-Information-Technology-Sem-III-IV.pdf,2344113,Computer Network & Network Design,11,1,
Structure of a switch,10-Gigabit Ethernet,6.34-N-B.E.-Information-Technology-Sem-III-IV.pdf,2344113,Computer Network & Network Design,12,1,
Structure of a switch,Self-Study Topics,6.34-N-B.E.-Information-Technology-Sem-III-IV.pdf,2344113,Computer Network & Network Design,13,1,
Structure of a switch,HDLC Protocol,6.34-N-B.E.-Information-Technology-Sem-III-IV.pdf,2344113,Computer Network & Network Design,14,1,
Space Division Switching,Data Link Layer Data Link Control:  Framing ,6.34-N-B.E.-Information-Technology-Sem-III-IV.pdf,2344113,Computer Network & Network Design,1,1,
Space Division Switching,Linear Block Code,6.34-N-B.E.-Information-Technology-Sem-III-IV.pdf,2344113,Computer Network & Network Design,2,1,
Space Division Switching,CRC code,6.34-N-B.E.-Information-Technology-Sem-III-IV.pdf,2344113,Computer Network & Network Design,3,1,
Space Division Switching,Flow Control: Stop-and-Wait Flow Control,6.34-N-B.E.-Information-Technology-Sem-III-IV.pdf,2344113,Computer Network & Network Design,4,1,
Space Division Switching,Error Control: Stop-and-Wait ARQ,6.34-N-B.E.-Information-Technology-Sem-III-IV.pdf,2344113,Computer Network & Network Design,5,1,
Space Division Switching,Go-Back-N ARQ,6.34-N-B.E.-Information-Technology-Sem-III-IV.pdf,2344113,Computer Network & Network Design,6,1,
Space Division Switching,Medium Access Control,6.34-N-B.E.-Information-Technology-Sem-III-IV.pdf,2344113,Computer Network & Network Design,7,1,
Space Division Switching,Scheduled Access (Reservation,6.34-N-B.E.-Information-Technology-Sem-III-IV.pdf,2344113,Computer Network & Network Design,8,1,
Space Division Switching,Random Access (ALOHA,6.34-N-B.E.-Information-Technology-Sem-III-IV.pdf,2344113,Computer Network & Network Design,9,1,
Space Division Switching,Link Layer Addressing,6.34-N-B.E.-Information-Technology-Sem-III-IV.pdf,2344113,Computer Network & Network Design,10,1,
Space Division Switching,10-Gigabit Ethernet,6.34-N-B.E.-Information-Technology-Sem-III-IV.pdf,2344113,Computer Network & Network Design,11,1,
Space Division Switching,Self-Study Topics,6.34-N-B.E.-Information-Technology-Sem-III-IV.pdf,2344113,Computer Network & Network Design,12,1,
Space Division Switching,HDLC Protocol,6.34-N-B.E.-Information-Technology-Sem-III-IV.pdf,2344113,Computer Network & Network Design,13,1,
Space Division Switching,IEEE 802.11 Wireless LAN,6.34-N-B.E.-Information-Technology-Sem-III-IV.pdf,2344113,Computer Network & Network Design,14,1,
Data Link Layer Data Link Control:  Framing ,Linear Block Code,6.34-N-B.E.-Information-Technology-Sem-III-IV.pdf,2344113,Computer Network & Network Design,1,1,
Data Link Layer Data Link Control:  Framing ,CRC code,6.34-N-B.E.-Information-Technology-Sem-III-IV.pdf,2344113,Computer Network & Network Design,2,1,
Data Link Layer Data Link Control:  Framing ,Flow Control: Stop-and-Wait Flow Control,6.34-N-B.E.-Information-Technology-Sem-III-IV.pdf,2344113,Computer Network & Network Design,3,1,
Data Link Layer Data Link Control:  Framing ,Error Control: Stop-and-Wait ARQ,6.34-N-B.E.-Information-Technology-Sem-III-IV.pdf,2344113,Computer Network & Network Design,4,1,
Data Link Layer Data Link Control:  Framing ,Go-Back-N ARQ,6.34-N-B.E.-Information-Technology-Sem-III-IV.pdf,2344113,Computer Network & Network Design,5,1,
Data Link Layer Data Link Control:  Framing ,Medium Access Control,6.34-N-B.E.-Information-Technology-Sem-III-IV.pdf,2344113,Computer Network & Network Design,6,1,
Data Link Layer Data Link Control:  Framing ,Scheduled Access (Reservation,6.34-N-B.E.-Information-Technology-Sem-III-IV.pdf,2344113,Computer Network & Network Design,7,1,
Data Link Layer Data Link Control:  Framing ,Random Access (ALOHA,6.34-N-B.E.-Information-Technology-Sem-III-IV.pdf,2344113,Computer Network & Network Design,8,1,
Data Link Layer Data Link Control:  Framing ,Link Layer Addressing,6.34-N-B.E.-Information-Technology-Sem-III-IV.pdf,2344113,Computer Network & Network Design,9,1,
Data Link Layer Data Link Control:  Framing ,10-Gigabit Ethernet,6.34-N-B.E.-Information-Technology-Sem-III-IV.pdf,2344113,Computer Network & Network Design,10,1,
Data Link Layer Data Link Control:  Framing ,Self-Study Topics,6.34-N-B.E.-Information-Technology-Sem-III-IV.pdf,2344113,Computer Network & Network Design,11,1,
Data Link Layer Data Link Control:  Framing ,HDLC Protocol,6.34-N-B.E.-Information-Technology-Sem-III-IV.pdf,2344113,Computer Network & Network Design,12,1,
Data Link Layer Data Link Control:  Framing ,IEEE 802.11 Wireless LAN,6.34-N-B.E.-Information-Technology-Sem-III-IV.pdf,2344113,Computer Network & Network Design,13,1,
Linear Block Code,CRC code,6.34-N-B.E.-Information-Technology-Sem-III-IV.pdf,2344113,Computer Network & Network Design,1,1,
Linear Block Code,Flow Control: Stop-and-Wait Flow Control,6.34-N-B.E.-Information-Technology-Sem-III-IV.pdf,2344113,Computer Network & Network Design,2,1,
Linear Block Code,Error Control: Stop-and-Wait ARQ,6.34-N-B.E.-Information-Technology-Sem-III-IV.pdf,2344113,Computer Network & Network Design,3,1,
Linear Block Code,Go-Back-N ARQ,6.34-N-B.E.-Information-Technology-Sem-III-IV.pdf,2344113,Computer Network & Network Design,4,1,
Linear Block Code,Medium Access Control,6.34-N-B.E.-Information-Technology-Sem-III-IV.pdf,2344113,Computer Network & Network Design,5,1,
Linear Block Code,Scheduled Access (Reservation,6.34-N-B.E.-Information-Technology-Sem-III-IV.pdf,2344113,Computer Network & Network Design,6,1,
Linear Block Code,Random Access (ALOHA,6.34-N-B.E.-Information-Technology-Sem-III-IV.pdf,2344113,Computer Network & Network Design,7,1,
Linear Block Code,Link Layer Addressing,6.34-N-B.E.-Information-Technology-Sem-III-IV.pdf,2344113,Computer Network & Network Design,8,1,
Linear Block Code,10-Gigabit Ethernet,6.34-N-B.E.-Information-Technology-Sem-III-IV.pdf,2344113,Computer Network & Network Design,9,1,
Linear Block Code,Self-Study Topics,6.34-N-B.E.-Information-Technology-Sem-III-IV.pdf,2344113,Computer Network & Network Design,10,1,
Linear Block Code,HDLC Protocol,6.34-N-B.E.-Information-Technology-Sem-III-IV.pdf,2344113,Computer Network & Network Design,11,1,
Linear Block Code,IEEE 802.11 Wireless LAN,6.34-N-B.E.-Information-Technology-Sem-III-IV.pdf,2344113,Computer Network & Network Design,12,1,
CRC code,Flow Control: Stop-and-Wait Flow Control,6.34-N-B.E.-Information-Technology-Sem-III-IV.pdf,2344113,Computer Network & Network Design,1,1,
CRC code,Error Control: Stop-and-Wait ARQ,6.34-N-B.E.-Information-Technology-Sem-III-IV.pdf,2344113,Computer Network & Network Design,2,1,
CRC code,Go-Back-N ARQ,6.34-N-B.E.-Information-Technology-Sem-III-IV.pdf,2344113,Computer Network & Network Design,3,1,
CRC code,Medium Access Control,6.34-N-B.E.-Information-Technology-Sem-III-IV.pdf,2344113,Computer Network & Network Design,4,1,
CRC code,Scheduled Access (Reservation,6.34-N-B.E.-Information-Technology-Sem-III-IV.pdf,2344113,Computer Network & Network Design,5,1,
CRC code,Random Access (ALOHA,6.34-N-B.E.-Information-Technology-Sem-III-IV.pdf,2344113,Computer Network & Network Design,6,1,
CRC code,Link Layer Addressing,6.34-N-B.E.-Information-Technology-Sem-III-IV.pdf,2344113,Computer Network & Network Design,7,1,
CRC code,10-Gigabit Ethernet,6.34-N-B.E.-Information-Technology-Sem-III-IV.pdf,2344113,Computer Network & Network Design,8,1,
CRC code,Self-Study Topics,6.34-N-B.E.-Information-Technology-Sem-III-IV.pdf,2344113,Computer Network & Network Design,9,1,
CRC code,HDLC Protocol,6.34-N-B.E.-Information-Technology-Sem-III-IV.pdf,2344113,Computer Network & Network Design,10,1,
CRC code,IEEE 802.11 Wireless LAN,6.34-N-B.E.-Information-Technology-Sem-III-IV.pdf,2344113,Computer Network & Network Design,11,1,
Flow Control: Stop-and-Wait Flow Control,Error Control: Stop-and-Wait ARQ,6.34-N-B.E.-Information-Technology-Sem-III-IV.pdf,2344113,Computer Network & Network Design,1,1,
Flow Control: Stop-and-Wait Flow Control,Go-Back-N ARQ,6.34-N-B.E.-Information-Technology-Sem-III-IV.pdf,2344113,Computer Network & Network Design,2,1,
Flow Control: Stop-and-Wait Flow Control,Medium Access Control,6.34-N-B.E.-Information-Technology-Sem-III-IV.pdf,2344113,Computer Network & Network Design,3,1,
Flow Control: Stop-and-Wait Flow Control,Scheduled Access (Reservation,6.34-N-B.E.-Information-Technology-Sem-III-IV.pdf,2344113,Computer Network & Network Design,4,1,
Flow Control: Stop-and-Wait Flow Control,Random Access (ALOHA,6.34-N-B.E.-Information-Technology-Sem-III-IV.pdf,2344113,Computer Network & Network Design,5,1,
Flow Control: Stop-and-Wait Flow Control,Link Layer Addressing,6.34-N-B.E.-Information-Technology-Sem-III-IV.pdf,2344113,Computer Network & Network Design,6,1,
Flow Control: Stop-and-Wait Flow Control,10-Gigabit Ethernet,6.34-N-B.E.-Information-Technology-Sem-III-IV.pdf,2344113,Computer Network & Network Design,7,1,
Flow Control: Stop-and-Wait Flow Control,Self-Study Topics,6.34-N-B.E.-Information-Technology-Sem-III-IV.pdf,2344113,Computer Network & Network Design,8,1,
Flow Control: Stop-and-Wait Flow Control,HDLC Protocol,6.34-N-B.E.-Information-Technology-Sem-III-IV.pdf,2344113,Computer Network & Network Design,9,1,
Flow Control: Stop-and-Wait Flow Control,IEEE 802.11 Wireless LAN,6.34-N-B.E.-Information-Technology-Sem-III-IV.pdf,2344113,Computer Network & Network Design,10,1,
Error Control: Stop-and-Wait ARQ,Go-Back-N ARQ,6.34-N-B.E.-Information-Technology-Sem-III-IV.pdf,2344113,Computer Network & Network Design,1,1,
Error Control: Stop-and-Wait ARQ,Medium Access Control,6.34-N-B.E.-Information-Technology-Sem-III-IV.pdf,2344113,Computer Network & Network Design,2,1,
Error Control: Stop-and-Wait ARQ,Scheduled Access (Reservation,6.34-N-B.E.-Information-Technology-Sem-III-IV.pdf,2344113,Computer Network & Network Design,3,1,
Error Control: Stop-and-Wait ARQ,Random Access (ALOHA,6.34-N-B.E.-Information-Technology-Sem-III-IV.pdf,2344113,Computer Network & Network Design,4,1,
Error Control: Stop-and-Wait ARQ,Link Layer Addressing,6.34-N-B.E.-Information-Technology-Sem-III-IV.pdf,2344113,Computer Network & Network Design,5,1,
Error Control: Stop-and-Wait ARQ,10-Gigabit Ethernet,6.34-N-B.E.-Information-Technology-Sem-III-IV.pdf,2344113,Computer Network & Network Design,6,1,
Error Control: Stop-and-Wait ARQ,Self-Study Topics,6.34-N-B.E.-Information-Technology-Sem-III-IV.pdf,2344113,Computer Network & Network Design,7,1,
Error Control: Stop-and-Wait ARQ,HDLC Protocol,6.34-N-B.E.-Information-Technology-Sem-III-IV.pdf,2344113,Computer Network & Network Design,8,1,
Error Control: Stop-and-Wait ARQ,IEEE 802.11 Wireless LAN,6.34-N-B.E.-Information-Technology-Sem-III-IV.pdf,2344113,Computer Network & Network Design,9,1,
Go-Back-N ARQ,Medium Access Control,6.34-N-B.E.-Information-Technology-Sem-III-IV.pdf,2344113,Computer Network & Network Design,1,1,
Go-Back-N ARQ,Scheduled Access (Reservation,6.34-N-B.E.-Information-Technology-Sem-III-IV.pdf,2344113,Computer Network & Network Design,2,1,
Go-Back-N ARQ,Random Access (ALOHA,6.34-N-B.E.-Information-Technology-Sem-III-IV.pdf,2344113,Computer Network & Network Design,3,1,
Go-Back-N ARQ,Link Layer Addressing,6.34-N-B.E.-Information-Technology-Sem-III-IV.pdf,2344113,Computer Network & Network Design,4,1,
Go-Back-N ARQ,10-Gigabit Ethernet,6.34-N-B.E.-Information-Technology-Sem-III-IV.pdf,2344113,Computer Network & Network Design,5,1,
Go-Back-N ARQ,Self-Study Topics,6.34-N-B.E.-Information-Technology-Sem-III-IV.pdf,2344113,Computer Network & Network Design,6,1,
Go-Back-N ARQ,HDLC Protocol,6.34-N-B.E.-Information-Technology-Sem-III-IV.pdf,2344113,Computer Network & Network Design,7,1,
Go-Back-N ARQ,IEEE 802.11 Wireless LAN,6.34-N-B.E.-Information-Technology-Sem-III-IV.pdf,2344113,Computer Network & Network Design,8,1,
Medium Access Control,Scheduled Access (Reservation,6.34-N-B.E.-Information-Technology-Sem-III-IV.pdf,2344113,Computer Network & Network Design,1,1,
Medium Access Control,Random Access (ALOHA,6.34-N-B.E.-Information-Technology-Sem-III-IV.pdf,2344113,Computer Network & Network Design,2,1,
Medium Access Control,Link Layer Addressing,6.34-N-B.E.-Information-Technology-Sem-III-IV.pdf,2344113,Computer Network & Network Design,3,1,
Medium Access Control,10-Gigabit Ethernet,6.34-N-B.E.-Information-Technology-Sem-III-IV.pdf,2344113,Computer Network & Network Design,4,1,
Medium Access Control,Self-Study Topics,6.34-N-B.E.-Information-Technology-Sem-III-IV.pdf,2344113,Computer Network & Network Design,5,1,
Medium Access Control,HDLC Protocol,6.34-N-B.E.-Information-Technology-Sem-III-IV.pdf,2344113,Computer Network & Network Design,6,1,
Medium Access Control,IEEE 802.11 Wireless LAN,6.34-N-B.E.-Information-Technology-Sem-III-IV.pdf,2344113,Computer Network & Network Design,7,1,
Scheduled Access (Reservation,Random Access (ALOHA,6.34-N-B.E.-Information-Technology-Sem-III-IV.pdf,2344113,Computer Network & Network Design,1,1,
Scheduled Access (Reservation,Link Layer Addressing,6.34-N-B.E.-Information-Technology-Sem-III-IV.pdf,2344113,Computer Network & Network Design,2,1,
Scheduled Access (Reservation,10-Gigabit Ethernet,6.34-N-B.E.-Information-Technology-Sem-III-IV.pdf,2344113,Computer Network & Network Design,3,1,
Scheduled Access (Reservation,Self-Study Topics,6.34-N-B.E.-Information-Technology-Sem-III-IV.pdf,2344113,Computer Network & Network Design,4,1,
Scheduled Access (Reservation,HDLC Protocol,6.34-N-B.E.-Information-Technology-Sem-III-IV.pdf,2344113,Computer Network & Network Design,5,1,
Scheduled Access (Reservation,IEEE 802.11 Wireless LAN,6.34-N-B.E.-Information-Technology-Sem-III-IV.pdf,2344113,Computer Network & Network Design,6,1,
Random Access (ALOHA,Link Layer Addressing,6.34-N-B.E.-Information-Technology-Sem-III-IV.pdf,2344113,Computer Network & Network Design,1,1,
Random Access (ALOHA,10-Gigabit Ethernet,6.34-N-B.E.-Information-Technology-Sem-III-IV.pdf,2344113,Computer Network & Network Design,2,1,
Random Access (ALOHA,Self-Study Topics,6.34-N-B.E.-Information-Technology-Sem-III-IV.pdf,2344113,Computer Network & Network Design,3,1,
Random Access (ALOHA,HDLC Protocol,6.34-N-B.E.-Information-Technology-Sem-III-IV.pdf,2344113,Computer Network & Network Design,4,1,
Random Access (ALOHA,IEEE 802.11 Wireless LAN,6.34-N-B.E.-Information-Technology-Sem-III-IV.pdf,2344113,Computer Network & Network Design,5,1,
Link Layer Addressing,10-Gigabit Ethernet,6.34-N-B.E.-Information-Technology-Sem-III-IV.pdf,2344113,Computer Network & Network Design,1,1,
Link Layer Addressing,Self-Study Topics,6.34-N-B.E.-Information-Technology-Sem-III-IV.pdf,2344113,Computer Network & Network Design,2,1,
Link Layer Addressing,HDLC Protocol,6.34-N-B.E.-Information-Technology-Sem-III-IV.pdf,2344113,Computer Network & Network Design,3,1,
Link Layer Addressing,IEEE 802.11 Wireless LAN,6.34-N-B.E.-Information-Technology-Sem-III-IV.pdf,2344113,Computer Network & Network Design,4,1,
10-Gigabit Ethernet,Self-Study Topics,6.34-N-B.E.-Information-Technology-Sem-III-IV.pdf,2344113,Computer Network & Network Design,1,1,
10-Gigabit Ethernet,HDLC Protocol,6.34-N-B.E.-Information-Technology-Sem-III-IV.pdf,2344113,Computer Network & Network Design,2,1,
10-Gigabit Ethernet,IEEE 802.11 Wireless LAN,6.34-N-B.E.-Information-Technology-Sem-III-IV.pdf,2344113,Computer Network & Network Design,3,1,
Self-Study Topics,HDLC Protocol,6.34-N-B.E.-Information-Technology-Sem-III-IV.pdf,2344113,Computer Network & Network Design,1,1,
Self-Study Topics,IEEE 802.11 Wireless LAN,6.34-N-B.E.-Information-Technology-Sem-III-IV.pdf,2344113,Computer Network & Network Design,2,1,
HDLC Protocol,IEEE 802.11 Wireless LAN,6.34-N-B.E.-Information-Technology-Sem-III-IV.pdf,2344113,Computer Network & Network Design,1,1,
"Definition of Laplace transform, Condition of Existence of Laplace","Properties of Laplace Transform: Linearity, First Shifting theorem",6.35-N-B.E.-Mechanical-EngineeringSem-III-IV.pdf,2403111,Engineering Mathematics-III,1,1,
"Definition of Laplace transform, Condition of Existence of Laplace","Step function, Laplace Transform of Periodic functions, Dirac Delta Function",6.35-N-B.E.-Mechanical-EngineeringSem-III-IV.pdf,2403111,Engineering Mathematics-III,2,1,
"Definition of Laplace transform, Condition of Existence of Laplace",Second Shifting Theorem,6.35-N-B.E.-Mechanical-EngineeringSem-III-IV.pdf,2403111,Engineering Mathematics-III,3,1,
"Definition of Laplace transform, Condition of Existence of Laplace","Inverse Laplace Transform, Linearity property, use of standard",6.35-N-B.E.-Mechanical-EngineeringSem-III-IV.pdf,2403111,Engineering Mathematics-III,4,1,
"Definition of Laplace transform, Condition of Existence of Laplace",Laplace transform using derivative,6.35-N-B.E.-Mechanical-EngineeringSem-III-IV.pdf,2403111,Engineering Mathematics-III,5,1,
"Definition of Laplace transform, Condition of Existence of Laplace",Partial fractions method & first shift property to find inverse Laplace,6.35-N-B.E.-Mechanical-EngineeringSem-III-IV.pdf,2403111,Engineering Mathematics-III,6,1,
"Definition of Laplace transform, Condition of Existence of Laplace",Module: Fourier Series,6.35-N-B.E.-Mechanical-EngineeringSem-III-IV.pdf,2403111,Engineering Mathematics-III,7,1,
"Definition of Laplace transform, Condition of Existence of Laplace","Dirichlet’s conditions, Definition of Fourier series",6.35-N-B.E.-Mechanical-EngineeringSem-III-IV.pdf,2403111,Engineering Mathematics-III,8,1,
"Definition of Laplace transform, Condition of Existence of Laplace",Fourier series of periodic function with period 2π and 2l (No,6.35-N-B.E.-Mechanical-EngineeringSem-III-IV.pdf,2403111,Engineering Mathematics-III,9,1,
"Definition of Laplace transform, Condition of Existence of Laplace",Half range Sine and Cosine Series,6.35-N-B.E.-Mechanical-EngineeringSem-III-IV.pdf,2403111,Engineering Mathematics-III,10,1,
"Definition of Laplace transform, Condition of Existence of Laplace","Function f(z) of complex variable, limit, continuity and differentiability",6.35-N-B.E.-Mechanical-EngineeringSem-III-IV.pdf,2403111,Engineering Mathematics-III,11,1,
"Definition of Laplace transform, Condition of Existence of Laplace","Analytic function, necessary and sufficient conditions for f(z) to be",6.35-N-B.E.-Mechanical-EngineeringSem-III-IV.pdf,2403111,Engineering Mathematics-III,12,1,
"Definition of Laplace transform, Condition of Existence of Laplace",Riemann equations in cartesian coordinates,6.35-N-B.E.-Mechanical-EngineeringSem-III-IV.pdf,2403111,Engineering Mathematics-III,13,1,
"Definition of Laplace transform, Condition of Existence of Laplace","Harmonic function, Harmonic conjugate",6.35-N-B.E.-Mechanical-EngineeringSem-III-IV.pdf,2403111,Engineering Mathematics-III,14,1,
"Properties of Laplace Transform: Linearity, First Shifting theorem","Step function, Laplace Transform of Periodic functions, Dirac Delta Function",6.35-N-B.E.-Mechanical-EngineeringSem-III-IV.pdf,2403111,Engineering Mathematics-III,1,1,
"Properties of Laplace Transform: Linearity, First Shifting theorem",Second Shifting Theorem,6.35-N-B.E.-Mechanical-EngineeringSem-III-IV.pdf,2403111,Engineering Mathematics-III,2,1,
"Properties of Laplace Transform: Linearity, First Shifting theorem","Inverse Laplace Transform, Linearity property, use of standard",6.35-N-B.E.-Mechanical-EngineeringSem-III-IV.pdf,2403111,Engineering Mathematics-III,3,1,
"Properties of Laplace Transform: Linearity, First Shifting theorem",Laplace transform using derivative,6.35-N-B.E.-Mechanical-EngineeringSem-III-IV.pdf,2403111,Engineering Mathematics-III,4,1,
"Properties of Laplace Transform: Linearity, First Shifting theorem",Partial fractions method & first shift property to find inverse Laplace,6.35-N-B.E.-Mechanical-EngineeringSem-III-IV.pdf,2403111,Engineering Mathematics-III,5,1,
"Properties of Laplace Transform: Linearity, First Shifting theorem",Module: Fourier Series,6.35-N-B.E.-Mechanical-EngineeringSem-III-IV.pdf,2403111,Engineering Mathematics-III,6,1,
"Properties of Laplace Transform: Linearity, First Shifting theorem","Dirichlet’s conditions, Definition of Fourier series",6.35-N-B.E.-Mechanical-EngineeringSem-III-IV.pdf,2403111,Engineering Mathematics-III,7,1,
"Properties of Laplace Transform: Linearity, First Shifting theorem",Fourier series of periodic function with period 2π and 2l (No,6.35-N-B.E.-Mechanical-EngineeringSem-III-IV.pdf,2403111,Engineering Mathematics-III,8,1,
"Properties of Laplace Transform: Linearity, First Shifting theorem",Half range Sine and Cosine Series,6.35-N-B.E.-Mechanical-EngineeringSem-III-IV.pdf,2403111,Engineering Mathematics-III,9,1,
"Properties of Laplace Transform: Linearity, First Shifting theorem","Function f(z) of complex variable, limit, continuity and differentiability",6.35-N-B.E.-Mechanical-EngineeringSem-III-IV.pdf,2403111,Engineering Mathematics-III,10,1,
"Properties of Laplace Transform: Linearity, First Shifting theorem","Analytic function, necessary and sufficient conditions for f(z) to be",6.35-N-B.E.-Mechanical-EngineeringSem-III-IV.pdf,2403111,Engineering Mathematics-III,11,1,
"Properties of Laplace Transform: Linearity, First Shifting theorem",Riemann equations in cartesian coordinates,6.35-N-B.E.-Mechanical-EngineeringSem-III-IV.pdf,2403111,Engineering Mathematics-III,12,1,
"Properties of Laplace Transform: Linearity, First Shifting theorem","Harmonic function, Harmonic conjugate",6.35-N-B.E.-Mechanical-EngineeringSem-III-IV.pdf,2403111,Engineering Mathematics-III,13,1,
"Properties of Laplace Transform: Linearity, First Shifting theorem","Similarity of matrices, Diagonalization of matrices",6.35-N-B.E.-Mechanical-EngineeringSem-III-IV.pdf,2403111,Engineering Mathematics-III,14,1,
"Step function, Laplace Transform of Periodic functions, Dirac Delta Function",Second Shifting Theorem,6.35-N-B.E.-Mechanical-EngineeringSem-III-IV.pdf,2403111,Engineering Mathematics-III,1,1,
"Step function, Laplace Transform of Periodic functions, Dirac Delta Function","Inverse Laplace Transform, Linearity property, use of standard",6.35-N-B.E.-Mechanical-EngineeringSem-III-IV.pdf,2403111,Engineering Mathematics-III,2,1,
"Step function, Laplace Transform of Periodic functions, Dirac Delta Function",Laplace transform using derivative,6.35-N-B.E.-Mechanical-EngineeringSem-III-IV.pdf,2403111,Engineering Mathematics-III,3,1,
"Step function, Laplace Transform of Periodic functions, Dirac Delta Function",Partial fractions method & first shift property to find inverse Laplace,6.35-N-B.E.-Mechanical-EngineeringSem-III-IV.pdf,2403111,Engineering Mathematics-III,4,1,
"Step function, Laplace Transform of Periodic functions, Dirac Delta Function",Module: Fourier Series,6.35-N-B.E.-Mechanical-EngineeringSem-III-IV.pdf,2403111,Engineering Mathematics-III,5,1,
"Step function, Laplace Transform of Periodic functions, Dirac Delta Function","Dirichlet’s conditions, Definition of Fourier series",6.35-N-B.E.-Mechanical-EngineeringSem-III-IV.pdf,2403111,Engineering Mathematics-III,6,1,
"Step function, Laplace Transform of Periodic functions, Dirac Delta Function",Fourier series of periodic function with period 2π and 2l (No,6.35-N-B.E.-Mechanical-EngineeringSem-III-IV.pdf,2403111,Engineering Mathematics-III,7,1,
"Step function, Laplace Transform of Periodic functions, Dirac Delta Function",Half range Sine and Cosine Series,6.35-N-B.E.-Mechanical-EngineeringSem-III-IV.pdf,2403111,Engineering Mathematics-III,8,1,
"Step function, Laplace Transform of Periodic functions, Dirac Delta Function","Function f(z) of complex variable, limit, continuity and differentiability",6.35-N-B.E.-Mechanical-EngineeringSem-III-IV.pdf,2403111,Engineering Mathematics-III,9,1,
"Step function, Laplace Transform of Periodic functions, Dirac Delta Function","Analytic function, necessary and sufficient conditions for f(z) to be",6.35-N-B.E.-Mechanical-EngineeringSem-III-IV.pdf,2403111,Engineering Mathematics-III,10,1,
"Step function, Laplace Transform of Periodic functions, Dirac Delta Function",Riemann equations in cartesian coordinates,6.35-N-B.E.-Mechanical-EngineeringSem-III-IV.pdf,2403111,Engineering Mathematics-III,11,1,
"Step function, Laplace Transform of Periodic functions, Dirac Delta Function","Harmonic function, Harmonic conjugate",6.35-N-B.E.-Mechanical-EngineeringSem-III-IV.pdf,2403111,Engineering Mathematics-III,12,1,
"Step function, Laplace Transform of Periodic functions, Dirac Delta Function","Similarity of matrices, Diagonalization of matrices",6.35-N-B.E.-Mechanical-EngineeringSem-III-IV.pdf,2403111,Engineering Mathematics-III,13,1,
"Step function, Laplace Transform of Periodic functions, Dirac Delta Function",Module: Numerical methods for PDE,6.35-N-B.E.-Mechanical-EngineeringSem-III-IV.pdf,2403111,Engineering Mathematics-III,14,1,
Second Shifting Theorem,"Inverse Laplace Transform, Linearity property, use of standard",6.35-N-B.E.-Mechanical-EngineeringSem-III-IV.pdf,2403111,Engineering Mathematics-III,1,1,
Second Shifting Theorem,Laplace transform using derivative,6.35-N-B.E.-Mechanical-EngineeringSem-III-IV.pdf,2403111,Engineering Mathematics-III,2,1,
Second Shifting Theorem,Partial fractions method & first shift property to find inverse Laplace,6.35-N-B.E.-Mechanical-EngineeringSem-III-IV.pdf,2403111,Engineering Mathematics-III,3,1,
Second Shifting Theorem,Module: Fourier Series,6.35-N-B.E.-Mechanical-EngineeringSem-III-IV.pdf,2403111,Engineering Mathematics-III,4,1,
Second Shifting Theorem,"Dirichlet’s conditions, Definition of Fourier series",6.35-N-B.E.-Mechanical-EngineeringSem-III-IV.pdf,2403111,Engineering Mathematics-III,5,1,
Second Shifting Theorem,Fourier series of periodic function with period 2π and 2l (No,6.35-N-B.E.-Mechanical-EngineeringSem-III-IV.pdf,2403111,Engineering Mathematics-III,6,1,
Second Shifting Theorem,Half range Sine and Cosine Series,6.35-N-B.E.-Mechanical-EngineeringSem-III-IV.pdf,2403111,Engineering Mathematics-III,7,1,
Second Shifting Theorem,"Function f(z) of complex variable, limit, continuity and differentiability",6.35-N-B.E.-Mechanical-EngineeringSem-III-IV.pdf,2403111,Engineering Mathematics-III,8,1,
Second Shifting Theorem,"Analytic function, necessary and sufficient conditions for f(z) to be",6.35-N-B.E.-Mechanical-EngineeringSem-III-IV.pdf,2403111,Engineering Mathematics-III,9,1,
Second Shifting Theorem,Riemann equations in cartesian coordinates,6.35-N-B.E.-Mechanical-EngineeringSem-III-IV.pdf,2403111,Engineering Mathematics-III,10,1,
Second Shifting Theorem,"Harmonic function, Harmonic conjugate",6.35-N-B.E.-Mechanical-EngineeringSem-III-IV.pdf,2403111,Engineering Mathematics-III,11,1,
Second Shifting Theorem,"Similarity of matrices, Diagonalization of matrices",6.35-N-B.E.-Mechanical-EngineeringSem-III-IV.pdf,2403111,Engineering Mathematics-III,12,1,
Second Shifting Theorem,Module: Numerical methods for PDE,6.35-N-B.E.-Mechanical-EngineeringSem-III-IV.pdf,2403111,Engineering Mathematics-III,13,1,
Second Shifting Theorem,Crank Nicholson method,6.35-N-B.E.-Mechanical-EngineeringSem-III-IV.pdf,2403111,Engineering Mathematics-III,14,1,
"Inverse Laplace Transform, Linearity property, use of standard",Laplace transform using derivative,6.35-N-B.E.-Mechanical-EngineeringSem-III-IV.pdf,2403111,Engineering Mathematics-III,1,1,
"Inverse Laplace Transform, Linearity property, use of standard",Partial fractions method & first shift property to find inverse Laplace,6.35-N-B.E.-Mechanical-EngineeringSem-III-IV.pdf,2403111,Engineering Mathematics-III,2,1,
"Inverse Laplace Transform, Linearity property, use of standard",Module: Fourier Series,6.35-N-B.E.-Mechanical-EngineeringSem-III-IV.pdf,2403111,Engineering Mathematics-III,3,1,
"Inverse Laplace Transform, Linearity property, use of standard","Dirichlet’s conditions, Definition of Fourier series",6.35-N-B.E.-Mechanical-EngineeringSem-III-IV.pdf,2403111,Engineering Mathematics-III,4,1,
"Inverse Laplace Transform, Linearity property, use of standard",Fourier series of periodic function with period 2π and 2l (No,6.35-N-B.E.-Mechanical-EngineeringSem-III-IV.pdf,2403111,Engineering Mathematics-III,5,1,
"Inverse Laplace Transform, Linearity property, use of standard",Half range Sine and Cosine Series,6.35-N-B.E.-Mechanical-EngineeringSem-III-IV.pdf,2403111,Engineering Mathematics-III,6,1,
"Inverse Laplace Transform, Linearity property, use of standard","Function f(z) of complex variable, limit, continuity and differentiability",6.35-N-B.E.-Mechanical-EngineeringSem-III-IV.pdf,2403111,Engineering Mathematics-III,7,1,
"Inverse Laplace Transform, Linearity property, use of standard","Analytic function, necessary and sufficient conditions for f(z) to be",6.35-N-B.E.-Mechanical-EngineeringSem-III-IV.pdf,2403111,Engineering Mathematics-III,8,1,
"Inverse Laplace Transform, Linearity property, use of standard",Riemann equations in cartesian coordinates,6.35-N-B.E.-Mechanical-EngineeringSem-III-IV.pdf,2403111,Engineering Mathematics-III,9,1,
"Inverse Laplace Transform, Linearity property, use of standard","Harmonic function, Harmonic conjugate",6.35-N-B.E.-Mechanical-EngineeringSem-III-IV.pdf,2403111,Engineering Mathematics-III,10,1,
"Inverse Laplace Transform, Linearity property, use of standard","Similarity of matrices, Diagonalization of matrices",6.35-N-B.E.-Mechanical-EngineeringSem-III-IV.pdf,2403111,Engineering Mathematics-III,11,1,
"Inverse Laplace Transform, Linearity property, use of standard",Module: Numerical methods for PDE,6.35-N-B.E.-Mechanical-EngineeringSem-III-IV.pdf,2403111,Engineering Mathematics-III,12,1,
"Inverse Laplace Transform, Linearity property, use of standard",Crank Nicholson method,6.35-N-B.E.-Mechanical-EngineeringSem-III-IV.pdf,2403111,Engineering Mathematics-III,13,1,
"Inverse Laplace Transform, Linearity property, use of standard",Bender Schmidt method,6.35-N-B.E.-Mechanical-EngineeringSem-III-IV.pdf,2403111,Engineering Mathematics-III,14,1,
Laplace transform using derivative,Partial fractions method & first shift property to find inverse Laplace,6.35-N-B.E.-Mechanical-EngineeringSem-III-IV.pdf,2403111,Engineering Mathematics-III,1,1,
Laplace transform using derivative,Module: Fourier Series,6.35-N-B.E.-Mechanical-EngineeringSem-III-IV.pdf,2403111,Engineering Mathematics-III,2,1,
Laplace transform using derivative,"Dirichlet’s conditions, Definition of Fourier series",6.35-N-B.E.-Mechanical-EngineeringSem-III-IV.pdf,2403111,Engineering Mathematics-III,3,1,
Laplace transform using derivative,Fourier series of periodic function with period 2π and 2l (No,6.35-N-B.E.-Mechanical-EngineeringSem-III-IV.pdf,2403111,Engineering Mathematics-III,4,1,
Laplace transform using derivative,Half range Sine and Cosine Series,6.35-N-B.E.-Mechanical-EngineeringSem-III-IV.pdf,2403111,Engineering Mathematics-III,5,1,
Laplace transform using derivative,"Function f(z) of complex variable, limit, continuity and differentiability",6.35-N-B.E.-Mechanical-EngineeringSem-III-IV.pdf,2403111,Engineering Mathematics-III,6,1,
Laplace transform using derivative,"Analytic function, necessary and sufficient conditions for f(z) to be",6.35-N-B.E.-Mechanical-EngineeringSem-III-IV.pdf,2403111,Engineering Mathematics-III,7,1,
Laplace transform using derivative,Riemann equations in cartesian coordinates,6.35-N-B.E.-Mechanical-EngineeringSem-III-IV.pdf,2403111,Engineering Mathematics-III,8,1,
Laplace transform using derivative,"Harmonic function, Harmonic conjugate",6.35-N-B.E.-Mechanical-EngineeringSem-III-IV.pdf,2403111,Engineering Mathematics-III,9,1,
Laplace transform using derivative,"Similarity of matrices, Diagonalization of matrices",6.35-N-B.E.-Mechanical-EngineeringSem-III-IV.pdf,2403111,Engineering Mathematics-III,10,1,
Laplace transform using derivative,Module: Numerical methods for PDE,6.35-N-B.E.-Mechanical-EngineeringSem-III-IV.pdf,2403111,Engineering Mathematics-III,11,1,
Laplace transform using derivative,Crank Nicholson method,6.35-N-B.E.-Mechanical-EngineeringSem-III-IV.pdf,2403111,Engineering Mathematics-III,12,1,
Laplace transform using derivative,Bender Schmidt method,6.35-N-B.E.-Mechanical-EngineeringSem-III-IV.pdf,2403111,Engineering Mathematics-III,13,1,
Laplace transform using derivative,Analytical methods of solving two and three dimensional problems,6.35-N-B.E.-Mechanical-EngineeringSem-III-IV.pdf,2403111,Engineering Mathematics-III,14,1,
Partial fractions method & first shift property to find inverse Laplace,Module: Fourier Series,6.35-N-B.E.-Mechanical-EngineeringSem-III-IV.pdf,2403111,Engineering Mathematics-III,1,1,
Partial fractions method & first shift property to find inverse Laplace,"Dirichlet’s conditions, Definition of Fourier series",6.35-N-B.E.-Mechanical-EngineeringSem-III-IV.pdf,2403111,Engineering Mathematics-III,2,1,
Partial fractions method & first shift property to find inverse Laplace,Fourier series of periodic function with period 2π and 2l (No,6.35-N-B.E.-Mechanical-EngineeringSem-III-IV.pdf,2403111,Engineering Mathematics-III,3,1,
Partial fractions method & first shift property to find inverse Laplace,Half range Sine and Cosine Series,6.35-N-B.E.-Mechanical-EngineeringSem-III-IV.pdf,2403111,Engineering Mathematics-III,4,1,
Partial fractions method & first shift property to find inverse Laplace,"Function f(z) of complex variable, limit, continuity and differentiability",6.35-N-B.E.-Mechanical-EngineeringSem-III-IV.pdf,2403111,Engineering Mathematics-III,5,1,
Partial fractions method & first shift property to find inverse Laplace,"Analytic function, necessary and sufficient conditions for f(z) to be",6.35-N-B.E.-Mechanical-EngineeringSem-III-IV.pdf,2403111,Engineering Mathematics-III,6,1,
Partial fractions method & first shift property to find inverse Laplace,Riemann equations in cartesian coordinates,6.35-N-B.E.-Mechanical-EngineeringSem-III-IV.pdf,2403111,Engineering Mathematics-III,7,1,
Partial fractions method & first shift property to find inverse Laplace,"Harmonic function, Harmonic conjugate",6.35-N-B.E.-Mechanical-EngineeringSem-III-IV.pdf,2403111,Engineering Mathematics-III,8,1,
Partial fractions method & first shift property to find inverse Laplace,"Similarity of matrices, Diagonalization of matrices",6.35-N-B.E.-Mechanical-EngineeringSem-III-IV.pdf,2403111,Engineering Mathematics-III,9,1,
Partial fractions method & first shift property to find inverse Laplace,Module: Numerical methods for PDE,6.35-N-B.E.-Mechanical-EngineeringSem-III-IV.pdf,2403111,Engineering Mathematics-III,10,1,
Partial fractions method & first shift property to find inverse Laplace,Crank Nicholson method,6.35-N-B.E.-Mechanical-EngineeringSem-III-IV.pdf,2403111,Engineering Mathematics-III,11,1,
Partial fractions method & first shift property to find inverse Laplace,Bender Schmidt method,6.35-N-B.E.-Mechanical-EngineeringSem-III-IV.pdf,2403111,Engineering Mathematics-III,12,1,
Partial fractions method & first shift property to find inverse Laplace,Analytical methods of solving two and three dimensional problems,6.35-N-B.E.-Mechanical-EngineeringSem-III-IV.pdf,2403111,Engineering Mathematics-III,13,1,
Module: Fourier Series,"Dirichlet’s conditions, Definition of Fourier series",6.35-N-B.E.-Mechanical-EngineeringSem-III-IV.pdf,2403111,Engineering Mathematics-III,1,1,
Module: Fourier Series,Fourier series of periodic function with period 2π and 2l (No,6.35-N-B.E.-Mechanical-EngineeringSem-III-IV.pdf,2403111,Engineering Mathematics-III,2,1,
Module: Fourier Series,Half range Sine and Cosine Series,6.35-N-B.E.-Mechanical-EngineeringSem-III-IV.pdf,2403111,Engineering Mathematics-III,3,1,
Module: Fourier Series,"Function f(z) of complex variable, limit, continuity and differentiability",6.35-N-B.E.-Mechanical-EngineeringSem-III-IV.pdf,2403111,Engineering Mathematics-III,4,1,
Module: Fourier Series,"Analytic function, necessary and sufficient conditions for f(z) to be",6.35-N-B.E.-Mechanical-EngineeringSem-III-IV.pdf,2403111,Engineering Mathematics-III,5,1,
Module: Fourier Series,Riemann equations in cartesian coordinates,6.35-N-B.E.-Mechanical-EngineeringSem-III-IV.pdf,2403111,Engineering Mathematics-III,6,1,
Module: Fourier Series,"Harmonic function, Harmonic conjugate",6.35-N-B.E.-Mechanical-EngineeringSem-III-IV.pdf,2403111,Engineering Mathematics-III,7,1,
Module: Fourier Series,"Similarity of matrices, Diagonalization of matrices",6.35-N-B.E.-Mechanical-EngineeringSem-III-IV.pdf,2403111,Engineering Mathematics-III,8,1,
Module: Fourier Series,Module: Numerical methods for PDE,6.35-N-B.E.-Mechanical-EngineeringSem-III-IV.pdf,2403111,Engineering Mathematics-III,9,1,
Module: Fourier Series,Crank Nicholson method,6.35-N-B.E.-Mechanical-EngineeringSem-III-IV.pdf,2403111,Engineering Mathematics-III,10,1,
Module: Fourier Series,Bender Schmidt method,6.35-N-B.E.-Mechanical-EngineeringSem-III-IV.pdf,2403111,Engineering Mathematics-III,11,1,
Module: Fourier Series,Analytical methods of solving two and three dimensional problems,6.35-N-B.E.-Mechanical-EngineeringSem-III-IV.pdf,2403111,Engineering Mathematics-III,12,1,
"Dirichlet’s conditions, Definition of Fourier series",Fourier series of periodic function with period 2π and 2l (No,6.35-N-B.E.-Mechanical-EngineeringSem-III-IV.pdf,2403111,Engineering Mathematics-III,1,1,
"Dirichlet’s conditions, Definition of Fourier series",Half range Sine and Cosine Series,6.35-N-B.E.-Mechanical-EngineeringSem-III-IV.pdf,2403111,Engineering Mathematics-III,2,1,
"Dirichlet’s conditions, Definition of Fourier series","Function f(z) of complex variable, limit, continuity and differentiability",6.35-N-B.E.-Mechanical-EngineeringSem-III-IV.pdf,2403111,Engineering Mathematics-III,3,1,
"Dirichlet’s conditions, Definition of Fourier series","Analytic function, necessary and sufficient conditions for f(z) to be",6.35-N-B.E.-Mechanical-EngineeringSem-III-IV.pdf,2403111,Engineering Mathematics-III,4,1,
"Dirichlet’s conditions, Definition of Fourier series",Riemann equations in cartesian coordinates,6.35-N-B.E.-Mechanical-EngineeringSem-III-IV.pdf,2403111,Engineering Mathematics-III,5,1,
"Dirichlet’s conditions, Definition of Fourier series","Harmonic function, Harmonic conjugate",6.35-N-B.E.-Mechanical-EngineeringSem-III-IV.pdf,2403111,Engineering Mathematics-III,6,1,
"Dirichlet’s conditions, Definition of Fourier series","Similarity of matrices, Diagonalization of matrices",6.35-N-B.E.-Mechanical-EngineeringSem-III-IV.pdf,2403111,Engineering Mathematics-III,7,1,
"Dirichlet’s conditions, Definition of Fourier series",Module: Numerical methods for PDE,6.35-N-B.E.-Mechanical-EngineeringSem-III-IV.pdf,2403111,Engineering Mathematics-III,8,1,
"Dirichlet’s conditions, Definition of Fourier series",Crank Nicholson method,6.35-N-B.E.-Mechanical-EngineeringSem-III-IV.pdf,2403111,Engineering Mathematics-III,9,1,
"Dirichlet’s conditions, Definition of Fourier series",Bender Schmidt method,6.35-N-B.E.-Mechanical-EngineeringSem-III-IV.pdf,2403111,Engineering Mathematics-III,10,1,
"Dirichlet’s conditions, Definition of Fourier series",Analytical methods of solving two and three dimensional problems,6.35-N-B.E.-Mechanical-EngineeringSem-III-IV.pdf,2403111,Engineering Mathematics-III,11,1,
Fourier series of periodic function with period 2π and 2l (No,Half range Sine and Cosine Series,6.35-N-B.E.-Mechanical-EngineeringSem-III-IV.pdf,2403111,Engineering Mathematics-III,1,1,
Fourier series of periodic function with period 2π and 2l (No,"Function f(z) of complex variable, limit, continuity and differentiability",6.35-N-B.E.-Mechanical-EngineeringSem-III-IV.pdf,2403111,Engineering Mathematics-III,2,1,
Fourier series of periodic function with period 2π and 2l (No,"Analytic function, necessary and sufficient conditions for f(z) to be",6.35-N-B.E.-Mechanical-EngineeringSem-III-IV.pdf,2403111,Engineering Mathematics-III,3,1,
Fourier series of periodic function with period 2π and 2l (No,Riemann equations in cartesian coordinates,6.35-N-B.E.-Mechanical-EngineeringSem-III-IV.pdf,2403111,Engineering Mathematics-III,4,1,
Fourier series of periodic function with period 2π and 2l (No,"Harmonic function, Harmonic conjugate",6.35-N-B.E.-Mechanical-EngineeringSem-III-IV.pdf,2403111,Engineering Mathematics-III,5,1,
Fourier series of periodic function with period 2π and 2l (No,"Similarity of matrices, Diagonalization of matrices",6.35-N-B.E.-Mechanical-EngineeringSem-III-IV.pdf,2403111,Engineering Mathematics-III,6,1,
Fourier series of periodic function with period 2π and 2l (No,Module: Numerical methods for PDE,6.35-N-B.E.-Mechanical-EngineeringSem-III-IV.pdf,2403111,Engineering Mathematics-III,7,1,
Fourier series of periodic function with period 2π and 2l (No,Crank Nicholson method,6.35-N-B.E.-Mechanical-EngineeringSem-III-IV.pdf,2403111,Engineering Mathematics-III,8,1,
Fourier series of periodic function with period 2π and 2l (No,Bender Schmidt method,6.35-N-B.E.-Mechanical-EngineeringSem-III-IV.pdf,2403111,Engineering Mathematics-III,9,1,
Fourier series of periodic function with period 2π and 2l (No,Analytical methods of solving two and three dimensional problems,6.35-N-B.E.-Mechanical-EngineeringSem-III-IV.pdf,2403111,Engineering Mathematics-III,10,1,
Half range Sine and Cosine Series,"Function f(z) of complex variable, limit, continuity and differentiability",6.35-N-B.E.-Mechanical-EngineeringSem-III-IV.pdf,2403111,Engineering Mathematics-III,1,1,
Half range Sine and Cosine Series,"Analytic function, necessary and sufficient conditions for f(z) to be",6.35-N-B.E.-Mechanical-EngineeringSem-III-IV.pdf,2403111,Engineering Mathematics-III,2,1,
Half range Sine and Cosine Series,Riemann equations in cartesian coordinates,6.35-N-B.E.-Mechanical-EngineeringSem-III-IV.pdf,2403111,Engineering Mathematics-III,3,1,
Half range Sine and Cosine Series,"Harmonic function, Harmonic conjugate",6.35-N-B.E.-Mechanical-EngineeringSem-III-IV.pdf,2403111,Engineering Mathematics-III,4,1,
Half range Sine and Cosine Series,"Similarity of matrices, Diagonalization of matrices",6.35-N-B.E.-Mechanical-EngineeringSem-III-IV.pdf,2403111,Engineering Mathematics-III,5,1,
Half range Sine and Cosine Series,Module: Numerical methods for PDE,6.35-N-B.E.-Mechanical-EngineeringSem-III-IV.pdf,2403111,Engineering Mathematics-III,6,1,
Half range Sine and Cosine Series,Crank Nicholson method,6.35-N-B.E.-Mechanical-EngineeringSem-III-IV.pdf,2403111,Engineering Mathematics-III,7,1,
Half range Sine and Cosine Series,Bender Schmidt method,6.35-N-B.E.-Mechanical-EngineeringSem-III-IV.pdf,2403111,Engineering Mathematics-III,8,1,
Half range Sine and Cosine Series,Analytical methods of solving two and three dimensional problems,6.35-N-B.E.-Mechanical-EngineeringSem-III-IV.pdf,2403111,Engineering Mathematics-III,9,1,
"Function f(z) of complex variable, limit, continuity and differentiability","Analytic function, necessary and sufficient conditions for f(z) to be",6.35-N-B.E.-Mechanical-EngineeringSem-III-IV.pdf,2403111,Engineering Mathematics-III,1,1,
"Function f(z) of complex variable, limit, continuity and differentiability",Riemann equations in cartesian coordinates,6.35-N-B.E.-Mechanical-EngineeringSem-III-IV.pdf,2403111,Engineering Mathematics-III,2,1,
"Function f(z) of complex variable, limit, continuity and differentiability","Harmonic function, Harmonic conjugate",6.35-N-B.E.-Mechanical-EngineeringSem-III-IV.pdf,2403111,Engineering Mathematics-III,3,1,
"Function f(z) of complex variable, limit, continuity and differentiability","Similarity of matrices, Diagonalization of matrices",6.35-N-B.E.-Mechanical-EngineeringSem-III-IV.pdf,2403111,Engineering Mathematics-III,4,1,
"Function f(z) of complex variable, limit, continuity and differentiability",Module: Numerical methods for PDE,6.35-N-B.E.-Mechanical-EngineeringSem-III-IV.pdf,2403111,Engineering Mathematics-III,5,1,
"Function f(z) of complex variable, limit, continuity and differentiability",Crank Nicholson method,6.35-N-B.E.-Mechanical-EngineeringSem-III-IV.pdf,2403111,Engineering Mathematics-III,6,1,
"Function f(z) of complex variable, limit, continuity and differentiability",Bender Schmidt method,6.35-N-B.E.-Mechanical-EngineeringSem-III-IV.pdf,2403111,Engineering Mathematics-III,7,1,
"Function f(z) of complex variable, limit, continuity and differentiability",Analytical methods of solving two and three dimensional problems,6.35-N-B.E.-Mechanical-EngineeringSem-III-IV.pdf,2403111,Engineering Mathematics-III,8,1,
"Analytic function, necessary and sufficient conditions for f(z) to be",Riemann equations in cartesian coordinates,6.35-N-B.E.-Mechanical-EngineeringSem-III-IV.pdf,2403111,Engineering Mathematics-III,1,1,
"Analytic function, necessary and sufficient conditions for f(z) to be","Harmonic function, Harmonic conjugate",6.35-N-B.E.-Mechanical-EngineeringSem-III-IV.pdf,2403111,Engineering Mathematics-III,2,1,
"Analytic function, necessary and sufficient conditions for f(z) to be","Similarity of matrices, Diagonalization of matrices",6.35-N-B.E.-Mechanical-EngineeringSem-III-IV.pdf,2403111,Engineering Mathematics-III,3,1,
"Analytic function, necessary and sufficient conditions for f(z) to be",Module: Numerical methods for PDE,6.35-N-B.E.-Mechanical-EngineeringSem-III-IV.pdf,2403111,Engineering Mathematics-III,4,1,
"Analytic function, necessary and sufficient conditions for f(z) to be",Crank Nicholson method,6.35-N-B.E.-Mechanical-EngineeringSem-III-IV.pdf,2403111,Engineering Mathematics-III,5,1,
"Analytic function, necessary and sufficient conditions for f(z) to be",Bender Schmidt method,6.35-N-B.E.-Mechanical-EngineeringSem-III-IV.pdf,2403111,Engineering Mathematics-III,6,1,
"Analytic function, necessary and sufficient conditions for f(z) to be",Analytical methods of solving two and three dimensional problems,6.35-N-B.E.-Mechanical-EngineeringSem-III-IV.pdf,2403111,Engineering Mathematics-III,7,1,
Riemann equations in cartesian coordinates,"Harmonic function, Harmonic conjugate",6.35-N-B.E.-Mechanical-EngineeringSem-III-IV.pdf,2403111,Engineering Mathematics-III,1,1,
Riemann equations in cartesian coordinates,"Similarity of matrices, Diagonalization of matrices",6.35-N-B.E.-Mechanical-EngineeringSem-III-IV.pdf,2403111,Engineering Mathematics-III,2,1,
Riemann equations in cartesian coordinates,Module: Numerical methods for PDE,6.35-N-B.E.-Mechanical-EngineeringSem-III-IV.pdf,2403111,Engineering Mathematics-III,3,1,
Riemann equations in cartesian coordinates,Crank Nicholson method,6.35-N-B.E.-Mechanical-EngineeringSem-III-IV.pdf,2403111,Engineering Mathematics-III,4,1,
Riemann equations in cartesian coordinates,Bender Schmidt method,6.35-N-B.E.-Mechanical-EngineeringSem-III-IV.pdf,2403111,Engineering Mathematics-III,5,1,
Riemann equations in cartesian coordinates,Analytical methods of solving two and three dimensional problems,6.35-N-B.E.-Mechanical-EngineeringSem-III-IV.pdf,2403111,Engineering Mathematics-III,6,1,
"Harmonic function, Harmonic conjugate","Similarity of matrices, Diagonalization of matrices",6.35-N-B.E.-Mechanical-EngineeringSem-III-IV.pdf,2403111,Engineering Mathematics-III,1,1,
"Harmonic function, Harmonic conjugate",Module: Numerical methods for PDE,6.35-N-B.E.-Mechanical-EngineeringSem-III-IV.pdf,2403111,Engineering Mathematics-III,2,1,
"Harmonic function, Harmonic conjugate",Crank Nicholson method,6.35-N-B.E.-Mechanical-EngineeringSem-III-IV.pdf,2403111,Engineering Mathematics-III,3,1,
"Harmonic function, Harmonic conjugate",Bender Schmidt method,6.35-N-B.E.-Mechanical-EngineeringSem-III-IV.pdf,2403111,Engineering Mathematics-III,4,1,
"Harmonic function, Harmonic conjugate",Analytical methods of solving two and three dimensional problems,6.35-N-B.E.-Mechanical-EngineeringSem-III-IV.pdf,2403111,Engineering Mathematics-III,5,1,
"Similarity of matrices, Diagonalization of matrices",Module: Numerical methods for PDE,6.35-N-B.E.-Mechanical-EngineeringSem-III-IV.pdf,2403111,Engineering Mathematics-III,1,1,
"Similarity of matrices, Diagonalization of matrices",Crank Nicholson method,6.35-N-B.E.-Mechanical-EngineeringSem-III-IV.pdf,2403111,Engineering Mathematics-III,2,1,
"Similarity of matrices, Diagonalization of matrices",Bender Schmidt method,6.35-N-B.E.-Mechanical-EngineeringSem-III-IV.pdf,2403111,Engineering Mathematics-III,3,1,
"Similarity of matrices, Diagonalization of matrices",Analytical methods of solving two and three dimensional problems,6.35-N-B.E.-Mechanical-EngineeringSem-III-IV.pdf,2403111,Engineering Mathematics-III,4,1,
Module: Numerical methods for PDE,Crank Nicholson method,6.35-N-B.E.-Mechanical-EngineeringSem-III-IV.pdf,2403111,Engineering Mathematics-III,1,1,
Module: Numerical methods for PDE,Bender Schmidt method,6.35-N-B.E.-Mechanical-EngineeringSem-III-IV.pdf,2403111,Engineering Mathematics-III,2,1,
Module: Numerical methods for PDE,Analytical methods of solving two and three dimensional problems,6.35-N-B.E.-Mechanical-EngineeringSem-III-IV.pdf,2403111,Engineering Mathematics-III,3,1,
Crank Nicholson method,Bender Schmidt method,6.35-N-B.E.-Mechanical-EngineeringSem-III-IV.pdf,2403111,Engineering Mathematics-III,1,1,
Crank Nicholson method,Analytical methods of solving two and three dimensional problems,6.35-N-B.E.-Mechanical-EngineeringSem-III-IV.pdf,2403111,Engineering Mathematics-III,2,1,
Bender Schmidt method,Analytical methods of solving two and three dimensional problems,6.35-N-B.E.-Mechanical-EngineeringSem-III-IV.pdf,2403111,Engineering Mathematics-III,1,1,
Gating system: Types of riser,Special casting processes: CO2 and shell molding,6.35-N-B.E.-Mechanical-EngineeringSem-III-IV.pdf,2404112,Manufacturing Processes,1,1,
Gating system: Types of riser,Investment casting,6.35-N-B.E.-Mechanical-EngineeringSem-III-IV.pdf,2404112,Manufacturing Processes,2,1,
Gating system: Types of riser,Die casting,6.35-N-B.E.-Mechanical-EngineeringSem-III-IV.pdf,2404112,Manufacturing Processes,3,1,
Gating system: Types of riser,Vacuum casting,6.35-N-B.E.-Mechanical-EngineeringSem-III-IV.pdf,2404112,Manufacturing Processes,4,1,
Gating system: Types of riser,Inspection & casting defects and remedies,6.35-N-B.E.-Mechanical-EngineeringSem-III-IV.pdf,2404112,Manufacturing Processes,5,1,
Special casting processes: CO2 and shell molding,Investment casting,6.35-N-B.E.-Mechanical-EngineeringSem-III-IV.pdf,2404112,Manufacturing Processes,1,1,
Special casting processes: CO2 and shell molding,Die casting,6.35-N-B.E.-Mechanical-EngineeringSem-III-IV.pdf,2404112,Manufacturing Processes,2,1,
Special casting processes: CO2 and shell molding,Vacuum casting,6.35-N-B.E.-Mechanical-EngineeringSem-III-IV.pdf,2404112,Manufacturing Processes,3,1,
Special casting processes: CO2 and shell molding,Inspection & casting defects and remedies,6.35-N-B.E.-Mechanical-EngineeringSem-III-IV.pdf,2404112,Manufacturing Processes,4,1,
Investment casting,Die casting,6.35-N-B.E.-Mechanical-EngineeringSem-III-IV.pdf,2404112,Manufacturing Processes,1,1,
Investment casting,Vacuum casting,6.35-N-B.E.-Mechanical-EngineeringSem-III-IV.pdf,2404112,Manufacturing Processes,2,1,
Investment casting,Inspection & casting defects and remedies,6.35-N-B.E.-Mechanical-EngineeringSem-III-IV.pdf,2404112,Manufacturing Processes,3,1,
Die casting,Vacuum casting,6.35-N-B.E.-Mechanical-EngineeringSem-III-IV.pdf,2404112,Manufacturing Processes,1,1,
Die casting,Inspection & casting defects and remedies,6.35-N-B.E.-Mechanical-EngineeringSem-III-IV.pdf,2404112,Manufacturing Processes,2,1,
Vacuum casting,Inspection & casting defects and remedies,6.35-N-B.E.-Mechanical-EngineeringSem-III-IV.pdf,2404112,Manufacturing Processes,1,1,
"Solid Modelling Settings environment for part modeling, creating machine/engineering parts/components using features like",Kamat and Rao,6.35-N-B.E.-Mechanical-EngineeringSem-III-IV.pdf,2404411,CAD Modelling,1,1,
"Solid Modelling Settings environment for part modeling, creating machine/engineering parts/components using features like",A text book of Machine Drawing by R.B.Gupta,6.35-N-B.E.-Mechanical-EngineeringSem-III-IV.pdf,2404411,CAD Modelling,2,1,
"Solid Modelling Settings environment for part modeling, creating machine/engineering parts/components using features like",Case studies,6.35-N-B.E.-Mechanical-EngineeringSem-III-IV.pdf,2404411,CAD Modelling,3,1,
"Solid Modelling Settings environment for part modeling, creating machine/engineering parts/components using features like",Successful business pitching,6.35-N-B.E.-Mechanical-EngineeringSem-III-IV.pdf,2404411,CAD Modelling,4,1,
"Solid Modelling Settings environment for part modeling, creating machine/engineering parts/components using features like",The Art of the Start 2.0: The Time-Tested,6.35-N-B.E.-Mechanical-EngineeringSem-III-IV.pdf,2404411,CAD Modelling,5,1,
"Solid Modelling Settings environment for part modeling, creating machine/engineering parts/components using features like",Case study: Airbnb,6.35-N-B.E.-Mechanical-EngineeringSem-III-IV.pdf,2404411,CAD Modelling,6,1,
"Solid Modelling Settings environment for part modeling, creating machine/engineering parts/components using features like",Design thinking case studies from various domains,6.35-N-B.E.-Mechanical-EngineeringSem-III-IV.pdf,2404411,CAD Modelling,7,1,
Kamat and Rao,A text book of Machine Drawing by R.B.Gupta,6.35-N-B.E.-Mechanical-EngineeringSem-III-IV.pdf,2404411,CAD Modelling,1,1,
Kamat and Rao,Case studies,6.35-N-B.E.-Mechanical-EngineeringSem-III-IV.pdf,2404411,CAD Modelling,2,1,
Kamat and Rao,Successful business pitching,6.35-N-B.E.-Mechanical-EngineeringSem-III-IV.pdf,2404411,CAD Modelling,3,1,
Kamat and Rao,The Art of the Start 2.0: The Time-Tested,6.35-N-B.E.-Mechanical-EngineeringSem-III-IV.pdf,2404411,CAD Modelling,4,1,
Kamat and Rao,Case study: Airbnb,6.35-N-B.E.-Mechanical-EngineeringSem-III-IV.pdf,2404411,CAD Modelling,5,1,
Kamat and Rao,Design thinking case studies from various domains,6.35-N-B.E.-Mechanical-EngineeringSem-III-IV.pdf,2404411,CAD Modelling,6,1,
A text book of Machine Drawing by R.B.Gupta,Case studies,6.35-N-B.E.-Mechanical-EngineeringSem-III-IV.pdf,2404411,CAD Modelling,1,1,
A text book of Machine Drawing by R.B.Gupta,Successful business pitching,6.35-N-B.E.-Mechanical-EngineeringSem-III-IV.pdf,2404411,CAD Modelling,2,1,
A text book of Machine Drawing by R.B.Gupta,The Art of the Start 2.0: The Time-Tested,6.35-N-B.E.-Mechanical-EngineeringSem-III-IV.pdf,2404411,CAD Modelling,3,1,
A text book of Machine Drawing by R.B.Gupta,Case study: Airbnb,6.35-N-B.E.-Mechanical-EngineeringSem-III-IV.pdf,2404411,CAD Modelling,4,1,
A text book of Machine Drawing by R.B.Gupta,Design thinking case studies from various domains,6.35-N-B.E.-Mechanical-EngineeringSem-III-IV.pdf,2404411,CAD Modelling,5,1,
Case studies,Successful business pitching,6.35-N-B.E.-Mechanical-EngineeringSem-III-IV.pdf,2404411,CAD Modelling,1,1,
Case studies,The Art of the Start 2.0: The Time-Tested,6.35-N-B.E.-Mechanical-EngineeringSem-III-IV.pdf,2404411,CAD Modelling,2,1,
Case studies,Case study: Airbnb,6.35-N-B.E.-Mechanical-EngineeringSem-III-IV.pdf,2404411,CAD Modelling,3,1,
Case studies,Design thinking case studies from various domains,6.35-N-B.E.-Mechanical-EngineeringSem-III-IV.pdf,2404411,CAD Modelling,4,1,
Successful business pitching,The Art of the Start 2.0: The Time-Tested,6.35-N-B.E.-Mechanical-EngineeringSem-III-IV.pdf,2404411,CAD Modelling,1,1,
Successful business pitching,Case study: Airbnb,6.35-N-B.E.-Mechanical-EngineeringSem-III-IV.pdf,2404411,CAD Modelling,2,1,
Successful business pitching,Design thinking case studies from various domains,6.35-N-B.E.-Mechanical-EngineeringSem-III-IV.pdf,2404411,CAD Modelling,3,1,
The Art of the Start 2.0: The Time-Tested,Case study: Airbnb,6.35-N-B.E.-Mechanical-EngineeringSem-III-IV.pdf,2404411,CAD Modelling,1,1,
The Art of the Start 2.0: The Time-Tested,Design thinking case studies from various domains,6.35-N-B.E.-Mechanical-EngineeringSem-III-IV.pdf,2404411,CAD Modelling,2,1,
Case study: Airbnb,Design thinking case studies from various domains,6.35-N-B.E.-Mechanical-EngineeringSem-III-IV.pdf,2404411,CAD Modelling,1,1,
Cayley-Hamilton,Similarity of matrices,6.39-N-B.E.-Data-Science-Sem-III-IV.pdf,2173111,Mathematics for Computer Engineering,1,1,
Cayley-Hamilton,Quadratic forms,6.39-N-B.E.-Data-Science-Sem-III-IV.pdf,2173111,Mathematics for Computer Engineering,2,1,
Cayley-Hamilton,Linear and Non-Linear Programming Problems,6.39-N-B.E.-Data-Science-Sem-III-IV.pdf,2173111,Mathematics for Computer Engineering,3,1,
Cayley-Hamilton,Types of solutions,6.39-N-B.E.-Data-Science-Sem-III-IV.pdf,2173111,Mathematics for Computer Engineering,4,1,
Cayley-Hamilton,Standard and Canonical of LPP,6.39-N-B.E.-Data-Science-Sem-III-IV.pdf,2173111,Mathematics for Computer Engineering,5,1,
Cayley-Hamilton,Basic and Feasible solutions,6.39-N-B.E.-Data-Science-Sem-III-IV.pdf,2173111,Mathematics for Computer Engineering,6,1,
Cayley-Hamilton,Simplex method,6.39-N-B.E.-Data-Science-Sem-III-IV.pdf,2173111,Mathematics for Computer Engineering,7,1,
Cayley-Hamilton,Artificial variables,6.39-N-B.E.-Data-Science-Sem-III-IV.pdf,2173111,Mathematics for Computer Engineering,8,1,
Cayley-Hamilton,Kuhn-Tucker conditions,6.39-N-B.E.-Data-Science-Sem-III-IV.pdf,2173111,Mathematics for Computer Engineering,9,1,
Cayley-Hamilton,Introduction to Congruence,6.39-N-B.E.-Data-Science-Sem-III-IV.pdf,2173111,Mathematics for Computer Engineering,10,1,
Cayley-Hamilton,Linear congruence,6.39-N-B.E.-Data-Science-Sem-III-IV.pdf,2173111,Mathematics for Computer Engineering,11,1,
Cayley-Hamilton,Application of congruence-RSA algorithm,6.39-N-B.E.-Data-Science-Sem-III-IV.pdf,2173111,Mathematics for Computer Engineering,12,1,
Cayley-Hamilton,Dirichlet’s conditions,6.39-N-B.E.-Data-Science-Sem-III-IV.pdf,2173111,Mathematics for Computer Engineering,13,1,
Cayley-Hamilton,Fourier series of periodic,6.39-N-B.E.-Data-Science-Sem-III-IV.pdf,2173111,Mathematics for Computer Engineering,14,1,
Similarity of matrices,Quadratic forms,6.39-N-B.E.-Data-Science-Sem-III-IV.pdf,2173111,Mathematics for Computer Engineering,1,1,
Similarity of matrices,Linear and Non-Linear Programming Problems,6.39-N-B.E.-Data-Science-Sem-III-IV.pdf,2173111,Mathematics for Computer Engineering,2,1,
Similarity of matrices,Types of solutions,6.39-N-B.E.-Data-Science-Sem-III-IV.pdf,2173111,Mathematics for Computer Engineering,3,1,
Similarity of matrices,Standard and Canonical of LPP,6.39-N-B.E.-Data-Science-Sem-III-IV.pdf,2173111,Mathematics for Computer Engineering,4,1,
Similarity of matrices,Basic and Feasible solutions,6.39-N-B.E.-Data-Science-Sem-III-IV.pdf,2173111,Mathematics for Computer Engineering,5,1,
Similarity of matrices,Simplex method,6.39-N-B.E.-Data-Science-Sem-III-IV.pdf,2173111,Mathematics for Computer Engineering,6,1,
Similarity of matrices,Artificial variables,6.39-N-B.E.-Data-Science-Sem-III-IV.pdf,2173111,Mathematics for Computer Engineering,7,1,
Similarity of matrices,Kuhn-Tucker conditions,6.39-N-B.E.-Data-Science-Sem-III-IV.pdf,2173111,Mathematics for Computer Engineering,8,1,
Similarity of matrices,Introduction to Congruence,6.39-N-B.E.-Data-Science-Sem-III-IV.pdf,2173111,Mathematics for Computer Engineering,9,1,
Similarity of matrices,Linear congruence,6.39-N-B.E.-Data-Science-Sem-III-IV.pdf,2173111,Mathematics for Computer Engineering,10,1,
Similarity of matrices,Application of congruence-RSA algorithm,6.39-N-B.E.-Data-Science-Sem-III-IV.pdf,2173111,Mathematics for Computer Engineering,11,1,
Similarity of matrices,Dirichlet’s conditions,6.39-N-B.E.-Data-Science-Sem-III-IV.pdf,2173111,Mathematics for Computer Engineering,12,1,
Similarity of matrices,Fourier series of periodic,6.39-N-B.E.-Data-Science-Sem-III-IV.pdf,2173111,Mathematics for Computer Engineering,13,1,
Similarity of matrices,Fourier series of even and odd functions,6.39-N-B.E.-Data-Science-Sem-III-IV.pdf,2173111,Mathematics for Computer Engineering,14,1,
Quadratic forms,Linear and Non-Linear Programming Problems,6.39-N-B.E.-Data-Science-Sem-III-IV.pdf,2173111,Mathematics for Computer Engineering,1,1,
Quadratic forms,Types of solutions,6.39-N-B.E.-Data-Science-Sem-III-IV.pdf,2173111,Mathematics for Computer Engineering,2,1,
Quadratic forms,Standard and Canonical of LPP,6.39-N-B.E.-Data-Science-Sem-III-IV.pdf,2173111,Mathematics for Computer Engineering,3,1,
Quadratic forms,Basic and Feasible solutions,6.39-N-B.E.-Data-Science-Sem-III-IV.pdf,2173111,Mathematics for Computer Engineering,4,1,
Quadratic forms,Simplex method,6.39-N-B.E.-Data-Science-Sem-III-IV.pdf,2173111,Mathematics for Computer Engineering,5,1,
Quadratic forms,Artificial variables,6.39-N-B.E.-Data-Science-Sem-III-IV.pdf,2173111,Mathematics for Computer Engineering,6,1,
Quadratic forms,Kuhn-Tucker conditions,6.39-N-B.E.-Data-Science-Sem-III-IV.pdf,2173111,Mathematics for Computer Engineering,7,1,
Quadratic forms,Introduction to Congruence,6.39-N-B.E.-Data-Science-Sem-III-IV.pdf,2173111,Mathematics for Computer Engineering,8,1,
Quadratic forms,Linear congruence,6.39-N-B.E.-Data-Science-Sem-III-IV.pdf,2173111,Mathematics for Computer Engineering,9,1,
Quadratic forms,Application of congruence-RSA algorithm,6.39-N-B.E.-Data-Science-Sem-III-IV.pdf,2173111,Mathematics for Computer Engineering,10,1,
Quadratic forms,Dirichlet’s conditions,6.39-N-B.E.-Data-Science-Sem-III-IV.pdf,2173111,Mathematics for Computer Engineering,11,1,
Quadratic forms,Fourier series of periodic,6.39-N-B.E.-Data-Science-Sem-III-IV.pdf,2173111,Mathematics for Computer Engineering,12,1,
Quadratic forms,Fourier series of even and odd functions,6.39-N-B.E.-Data-Science-Sem-III-IV.pdf,2173111,Mathematics for Computer Engineering,13,1,
Quadratic forms,Complex form of Fourier Series,6.39-N-B.E.-Data-Science-Sem-III-IV.pdf,2173111,Mathematics for Computer Engineering,14,1,
Linear and Non-Linear Programming Problems,Types of solutions,6.39-N-B.E.-Data-Science-Sem-III-IV.pdf,2173111,Mathematics for Computer Engineering,1,1,
Linear and Non-Linear Programming Problems,Standard and Canonical of LPP,6.39-N-B.E.-Data-Science-Sem-III-IV.pdf,2173111,Mathematics for Computer Engineering,2,1,
Linear and Non-Linear Programming Problems,Basic and Feasible solutions,6.39-N-B.E.-Data-Science-Sem-III-IV.pdf,2173111,Mathematics for Computer Engineering,3,1,
Linear and Non-Linear Programming Problems,Simplex method,6.39-N-B.E.-Data-Science-Sem-III-IV.pdf,2173111,Mathematics for Computer Engineering,4,1,
Linear and Non-Linear Programming Problems,Artificial variables,6.39-N-B.E.-Data-Science-Sem-III-IV.pdf,2173111,Mathematics for Computer Engineering,5,1,
Linear and Non-Linear Programming Problems,Kuhn-Tucker conditions,6.39-N-B.E.-Data-Science-Sem-III-IV.pdf,2173111,Mathematics for Computer Engineering,6,1,
Linear and Non-Linear Programming Problems,Introduction to Congruence,6.39-N-B.E.-Data-Science-Sem-III-IV.pdf,2173111,Mathematics for Computer Engineering,7,1,
Linear and Non-Linear Programming Problems,Linear congruence,6.39-N-B.E.-Data-Science-Sem-III-IV.pdf,2173111,Mathematics for Computer Engineering,8,1,
Linear and Non-Linear Programming Problems,Application of congruence-RSA algorithm,6.39-N-B.E.-Data-Science-Sem-III-IV.pdf,2173111,Mathematics for Computer Engineering,9,1,
Linear and Non-Linear Programming Problems,Dirichlet’s conditions,6.39-N-B.E.-Data-Science-Sem-III-IV.pdf,2173111,Mathematics for Computer Engineering,10,1,
Linear and Non-Linear Programming Problems,Fourier series of periodic,6.39-N-B.E.-Data-Science-Sem-III-IV.pdf,2173111,Mathematics for Computer Engineering,11,1,
Linear and Non-Linear Programming Problems,Fourier series of even and odd functions,6.39-N-B.E.-Data-Science-Sem-III-IV.pdf,2173111,Mathematics for Computer Engineering,12,1,
Linear and Non-Linear Programming Problems,Complex form of Fourier Series,6.39-N-B.E.-Data-Science-Sem-III-IV.pdf,2173111,Mathematics for Computer Engineering,13,1,
Linear and Non-Linear Programming Problems,Lines of regression,6.39-N-B.E.-Data-Science-Sem-III-IV.pdf,2173111,Mathematics for Computer Engineering,14,1,
Types of solutions,Standard and Canonical of LPP,6.39-N-B.E.-Data-Science-Sem-III-IV.pdf,2173111,Mathematics for Computer Engineering,1,1,
Types of solutions,Basic and Feasible solutions,6.39-N-B.E.-Data-Science-Sem-III-IV.pdf,2173111,Mathematics for Computer Engineering,2,1,
Types of solutions,Simplex method,6.39-N-B.E.-Data-Science-Sem-III-IV.pdf,2173111,Mathematics for Computer Engineering,3,1,
Types of solutions,Artificial variables,6.39-N-B.E.-Data-Science-Sem-III-IV.pdf,2173111,Mathematics for Computer Engineering,4,1,
Types of solutions,Kuhn-Tucker conditions,6.39-N-B.E.-Data-Science-Sem-III-IV.pdf,2173111,Mathematics for Computer Engineering,5,1,
Types of solutions,Introduction to Congruence,6.39-N-B.E.-Data-Science-Sem-III-IV.pdf,2173111,Mathematics for Computer Engineering,6,1,
Types of solutions,Linear congruence,6.39-N-B.E.-Data-Science-Sem-III-IV.pdf,2173111,Mathematics for Computer Engineering,7,1,
Types of solutions,Application of congruence-RSA algorithm,6.39-N-B.E.-Data-Science-Sem-III-IV.pdf,2173111,Mathematics for Computer Engineering,8,1,
Types of solutions,Dirichlet’s conditions,6.39-N-B.E.-Data-Science-Sem-III-IV.pdf,2173111,Mathematics for Computer Engineering,9,1,
Types of solutions,Fourier series of periodic,6.39-N-B.E.-Data-Science-Sem-III-IV.pdf,2173111,Mathematics for Computer Engineering,10,1,
Types of solutions,Fourier series of even and odd functions,6.39-N-B.E.-Data-Science-Sem-III-IV.pdf,2173111,Mathematics for Computer Engineering,11,1,
Types of solutions,Complex form of Fourier Series,6.39-N-B.E.-Data-Science-Sem-III-IV.pdf,2173111,Mathematics for Computer Engineering,12,1,
Types of solutions,Lines of regression,6.39-N-B.E.-Data-Science-Sem-III-IV.pdf,2173111,Mathematics for Computer Engineering,13,1,
Types of solutions,Moment generating function,6.39-N-B.E.-Data-Science-Sem-III-IV.pdf,2173111,Mathematics for Computer Engineering,14,1,
Standard and Canonical of LPP,Basic and Feasible solutions,6.39-N-B.E.-Data-Science-Sem-III-IV.pdf,2173111,Mathematics for Computer Engineering,1,1,
Standard and Canonical of LPP,Simplex method,6.39-N-B.E.-Data-Science-Sem-III-IV.pdf,2173111,Mathematics for Computer Engineering,2,1,
Standard and Canonical of LPP,Artificial variables,6.39-N-B.E.-Data-Science-Sem-III-IV.pdf,2173111,Mathematics for Computer Engineering,3,1,
Standard and Canonical of LPP,Kuhn-Tucker conditions,6.39-N-B.E.-Data-Science-Sem-III-IV.pdf,2173111,Mathematics for Computer Engineering,4,1,
Standard and Canonical of LPP,Introduction to Congruence,6.39-N-B.E.-Data-Science-Sem-III-IV.pdf,2173111,Mathematics for Computer Engineering,5,1,
Standard and Canonical of LPP,Linear congruence,6.39-N-B.E.-Data-Science-Sem-III-IV.pdf,2173111,Mathematics for Computer Engineering,6,1,
Standard and Canonical of LPP,Application of congruence-RSA algorithm,6.39-N-B.E.-Data-Science-Sem-III-IV.pdf,2173111,Mathematics for Computer Engineering,7,1,
Standard and Canonical of LPP,Dirichlet’s conditions,6.39-N-B.E.-Data-Science-Sem-III-IV.pdf,2173111,Mathematics for Computer Engineering,8,1,
Standard and Canonical of LPP,Fourier series of periodic,6.39-N-B.E.-Data-Science-Sem-III-IV.pdf,2173111,Mathematics for Computer Engineering,9,1,
Standard and Canonical of LPP,Fourier series of even and odd functions,6.39-N-B.E.-Data-Science-Sem-III-IV.pdf,2173111,Mathematics for Computer Engineering,10,1,
Standard and Canonical of LPP,Complex form of Fourier Series,6.39-N-B.E.-Data-Science-Sem-III-IV.pdf,2173111,Mathematics for Computer Engineering,11,1,
Standard and Canonical of LPP,Lines of regression,6.39-N-B.E.-Data-Science-Sem-III-IV.pdf,2173111,Mathematics for Computer Engineering,12,1,
Standard and Canonical of LPP,Moment generating function,6.39-N-B.E.-Data-Science-Sem-III-IV.pdf,2173111,Mathematics for Computer Engineering,13,1,
Standard and Canonical of LPP,Raw moments,6.39-N-B.E.-Data-Science-Sem-III-IV.pdf,2173111,Mathematics for Computer Engineering,14,1,
Basic and Feasible solutions,Simplex method,6.39-N-B.E.-Data-Science-Sem-III-IV.pdf,2173111,Mathematics for Computer Engineering,1,1,
Basic and Feasible solutions,Artificial variables,6.39-N-B.E.-Data-Science-Sem-III-IV.pdf,2173111,Mathematics for Computer Engineering,2,1,
Basic and Feasible solutions,Kuhn-Tucker conditions,6.39-N-B.E.-Data-Science-Sem-III-IV.pdf,2173111,Mathematics for Computer Engineering,3,1,
Basic and Feasible solutions,Introduction to Congruence,6.39-N-B.E.-Data-Science-Sem-III-IV.pdf,2173111,Mathematics for Computer Engineering,4,1,
Basic and Feasible solutions,Linear congruence,6.39-N-B.E.-Data-Science-Sem-III-IV.pdf,2173111,Mathematics for Computer Engineering,5,1,
Basic and Feasible solutions,Application of congruence-RSA algorithm,6.39-N-B.E.-Data-Science-Sem-III-IV.pdf,2173111,Mathematics for Computer Engineering,6,1,
Basic and Feasible solutions,Dirichlet’s conditions,6.39-N-B.E.-Data-Science-Sem-III-IV.pdf,2173111,Mathematics for Computer Engineering,7,1,
Basic and Feasible solutions,Fourier series of periodic,6.39-N-B.E.-Data-Science-Sem-III-IV.pdf,2173111,Mathematics for Computer Engineering,8,1,
Basic and Feasible solutions,Fourier series of even and odd functions,6.39-N-B.E.-Data-Science-Sem-III-IV.pdf,2173111,Mathematics for Computer Engineering,9,1,
Basic and Feasible solutions,Complex form of Fourier Series,6.39-N-B.E.-Data-Science-Sem-III-IV.pdf,2173111,Mathematics for Computer Engineering,10,1,
Basic and Feasible solutions,Lines of regression,6.39-N-B.E.-Data-Science-Sem-III-IV.pdf,2173111,Mathematics for Computer Engineering,11,1,
Basic and Feasible solutions,Moment generating function,6.39-N-B.E.-Data-Science-Sem-III-IV.pdf,2173111,Mathematics for Computer Engineering,12,1,
Basic and Feasible solutions,Raw moments,6.39-N-B.E.-Data-Science-Sem-III-IV.pdf,2173111,Mathematics for Computer Engineering,13,1,
Simplex method,Artificial variables,6.39-N-B.E.-Data-Science-Sem-III-IV.pdf,2173111,Mathematics for Computer Engineering,1,1,
Simplex method,Kuhn-Tucker conditions,6.39-N-B.E.-Data-Science-Sem-III-IV.pdf,2173111,Mathematics for Computer Engineering,2,1,
Simplex method,Introduction to Congruence,6.39-N-B.E.-Data-Science-Sem-III-IV.pdf,2173111,Mathematics for Computer Engineering,3,1,
Simplex method,Linear congruence,6.39-N-B.E.-Data-Science-Sem-III-IV.pdf,2173111,Mathematics for Computer Engineering,4,1,
Simplex method,Application of congruence-RSA algorithm,6.39-N-B.E.-Data-Science-Sem-III-IV.pdf,2173111,Mathematics for Computer Engineering,5,1,
Simplex method,Dirichlet’s conditions,6.39-N-B.E.-Data-Science-Sem-III-IV.pdf,2173111,Mathematics for Computer Engineering,6,1,
Simplex method,Fourier series of periodic,6.39-N-B.E.-Data-Science-Sem-III-IV.pdf,2173111,Mathematics for Computer Engineering,7,1,
Simplex method,Fourier series of even and odd functions,6.39-N-B.E.-Data-Science-Sem-III-IV.pdf,2173111,Mathematics for Computer Engineering,8,1,
Simplex method,Complex form of Fourier Series,6.39-N-B.E.-Data-Science-Sem-III-IV.pdf,2173111,Mathematics for Computer Engineering,9,1,
Simplex method,Lines of regression,6.39-N-B.E.-Data-Science-Sem-III-IV.pdf,2173111,Mathematics for Computer Engineering,10,1,
Simplex method,Moment generating function,6.39-N-B.E.-Data-Science-Sem-III-IV.pdf,2173111,Mathematics for Computer Engineering,11,1,
Simplex method,Raw moments,6.39-N-B.E.-Data-Science-Sem-III-IV.pdf,2173111,Mathematics for Computer Engineering,12,1,
Artificial variables,Kuhn-Tucker conditions,6.39-N-B.E.-Data-Science-Sem-III-IV.pdf,2173111,Mathematics for Computer Engineering,1,1,
Artificial variables,Introduction to Congruence,6.39-N-B.E.-Data-Science-Sem-III-IV.pdf,2173111,Mathematics for Computer Engineering,2,1,
Artificial variables,Linear congruence,6.39-N-B.E.-Data-Science-Sem-III-IV.pdf,2173111,Mathematics for Computer Engineering,3,1,
Artificial variables,Application of congruence-RSA algorithm,6.39-N-B.E.-Data-Science-Sem-III-IV.pdf,2173111,Mathematics for Computer Engineering,4,1,
Artificial variables,Dirichlet’s conditions,6.39-N-B.E.-Data-Science-Sem-III-IV.pdf,2173111,Mathematics for Computer Engineering,5,1,
Artificial variables,Fourier series of periodic,6.39-N-B.E.-Data-Science-Sem-III-IV.pdf,2173111,Mathematics for Computer Engineering,6,1,
Artificial variables,Fourier series of even and odd functions,6.39-N-B.E.-Data-Science-Sem-III-IV.pdf,2173111,Mathematics for Computer Engineering,7,1,
Artificial variables,Complex form of Fourier Series,6.39-N-B.E.-Data-Science-Sem-III-IV.pdf,2173111,Mathematics for Computer Engineering,8,1,
Artificial variables,Lines of regression,6.39-N-B.E.-Data-Science-Sem-III-IV.pdf,2173111,Mathematics for Computer Engineering,9,1,
Artificial variables,Moment generating function,6.39-N-B.E.-Data-Science-Sem-III-IV.pdf,2173111,Mathematics for Computer Engineering,10,1,
Artificial variables,Raw moments,6.39-N-B.E.-Data-Science-Sem-III-IV.pdf,2173111,Mathematics for Computer Engineering,11,1,
Kuhn-Tucker conditions,Introduction to Congruence,6.39-N-B.E.-Data-Science-Sem-III-IV.pdf,2173111,Mathematics for Computer Engineering,1,1,
Kuhn-Tucker conditions,Linear congruence,6.39-N-B.E.-Data-Science-Sem-III-IV.pdf,2173111,Mathematics for Computer Engineering,2,1,
Kuhn-Tucker conditions,Application of congruence-RSA algorithm,6.39-N-B.E.-Data-Science-Sem-III-IV.pdf,2173111,Mathematics for Computer Engineering,3,1,
Kuhn-Tucker conditions,Dirichlet’s conditions,6.39-N-B.E.-Data-Science-Sem-III-IV.pdf,2173111,Mathematics for Computer Engineering,4,1,
Kuhn-Tucker conditions,Fourier series of periodic,6.39-N-B.E.-Data-Science-Sem-III-IV.pdf,2173111,Mathematics for Computer Engineering,5,1,
Kuhn-Tucker conditions,Fourier series of even and odd functions,6.39-N-B.E.-Data-Science-Sem-III-IV.pdf,2173111,Mathematics for Computer Engineering,6,1,
Kuhn-Tucker conditions,Complex form of Fourier Series,6.39-N-B.E.-Data-Science-Sem-III-IV.pdf,2173111,Mathematics for Computer Engineering,7,1,
Kuhn-Tucker conditions,Lines of regression,6.39-N-B.E.-Data-Science-Sem-III-IV.pdf,2173111,Mathematics for Computer Engineering,8,1,
Kuhn-Tucker conditions,Moment generating function,6.39-N-B.E.-Data-Science-Sem-III-IV.pdf,2173111,Mathematics for Computer Engineering,9,1,
Kuhn-Tucker conditions,Raw moments,6.39-N-B.E.-Data-Science-Sem-III-IV.pdf,2173111,Mathematics for Computer Engineering,10,1,
Introduction to Congruence,Linear congruence,6.39-N-B.E.-Data-Science-Sem-III-IV.pdf,2173111,Mathematics for Computer Engineering,1,1,
Introduction to Congruence,Application of congruence-RSA algorithm,6.39-N-B.E.-Data-Science-Sem-III-IV.pdf,2173111,Mathematics for Computer Engineering,2,1,
Introduction to Congruence,Dirichlet’s conditions,6.39-N-B.E.-Data-Science-Sem-III-IV.pdf,2173111,Mathematics for Computer Engineering,3,1,
Introduction to Congruence,Fourier series of periodic,6.39-N-B.E.-Data-Science-Sem-III-IV.pdf,2173111,Mathematics for Computer Engineering,4,1,
Introduction to Congruence,Fourier series of even and odd functions,6.39-N-B.E.-Data-Science-Sem-III-IV.pdf,2173111,Mathematics for Computer Engineering,5,1,
Introduction to Congruence,Complex form of Fourier Series,6.39-N-B.E.-Data-Science-Sem-III-IV.pdf,2173111,Mathematics for Computer Engineering,6,1,
Introduction to Congruence,Lines of regression,6.39-N-B.E.-Data-Science-Sem-III-IV.pdf,2173111,Mathematics for Computer Engineering,7,1,
Introduction to Congruence,Moment generating function,6.39-N-B.E.-Data-Science-Sem-III-IV.pdf,2173111,Mathematics for Computer Engineering,8,1,
Introduction to Congruence,Raw moments,6.39-N-B.E.-Data-Science-Sem-III-IV.pdf,2173111,Mathematics for Computer Engineering,9,1,
Linear congruence,Application of congruence-RSA algorithm,6.39-N-B.E.-Data-Science-Sem-III-IV.pdf,2173111,Mathematics for Computer Engineering,1,1,
Linear congruence,Dirichlet’s conditions,6.39-N-B.E.-Data-Science-Sem-III-IV.pdf,2173111,Mathematics for Computer Engineering,2,1,
Linear congruence,Fourier series of periodic,6.39-N-B.E.-Data-Science-Sem-III-IV.pdf,2173111,Mathematics for Computer Engineering,3,1,
Linear congruence,Fourier series of even and odd functions,6.39-N-B.E.-Data-Science-Sem-III-IV.pdf,2173111,Mathematics for Computer Engineering,4,1,
Linear congruence,Complex form of Fourier Series,6.39-N-B.E.-Data-Science-Sem-III-IV.pdf,2173111,Mathematics for Computer Engineering,5,1,
Linear congruence,Lines of regression,6.39-N-B.E.-Data-Science-Sem-III-IV.pdf,2173111,Mathematics for Computer Engineering,6,1,
Linear congruence,Moment generating function,6.39-N-B.E.-Data-Science-Sem-III-IV.pdf,2173111,Mathematics for Computer Engineering,7,1,
Linear congruence,Raw moments,6.39-N-B.E.-Data-Science-Sem-III-IV.pdf,2173111,Mathematics for Computer Engineering,8,1,
Application of congruence-RSA algorithm,Dirichlet’s conditions,6.39-N-B.E.-Data-Science-Sem-III-IV.pdf,2173111,Mathematics for Computer Engineering,1,1,
Application of congruence-RSA algorithm,Fourier series of periodic,6.39-N-B.E.-Data-Science-Sem-III-IV.pdf,2173111,Mathematics for Computer Engineering,2,1,
Application of congruence-RSA algorithm,Fourier series of even and odd functions,6.39-N-B.E.-Data-Science-Sem-III-IV.pdf,2173111,Mathematics for Computer Engineering,3,1,
Application of congruence-RSA algorithm,Complex form of Fourier Series,6.39-N-B.E.-Data-Science-Sem-III-IV.pdf,2173111,Mathematics for Computer Engineering,4,1,
Application of congruence-RSA algorithm,Lines of regression,6.39-N-B.E.-Data-Science-Sem-III-IV.pdf,2173111,Mathematics for Computer Engineering,5,1,
Application of congruence-RSA algorithm,Moment generating function,6.39-N-B.E.-Data-Science-Sem-III-IV.pdf,2173111,Mathematics for Computer Engineering,6,1,
Application of congruence-RSA algorithm,Raw moments,6.39-N-B.E.-Data-Science-Sem-III-IV.pdf,2173111,Mathematics for Computer Engineering,7,1,
Dirichlet’s conditions,Fourier series of periodic,6.39-N-B.E.-Data-Science-Sem-III-IV.pdf,2173111,Mathematics for Computer Engineering,1,1,
Dirichlet’s conditions,Fourier series of even and odd functions,6.39-N-B.E.-Data-Science-Sem-III-IV.pdf,2173111,Mathematics for Computer Engineering,2,1,
Dirichlet’s conditions,Complex form of Fourier Series,6.39-N-B.E.-Data-Science-Sem-III-IV.pdf,2173111,Mathematics for Computer Engineering,3,1,
Dirichlet’s conditions,Lines of regression,6.39-N-B.E.-Data-Science-Sem-III-IV.pdf,2173111,Mathematics for Computer Engineering,4,1,
Dirichlet’s conditions,Moment generating function,6.39-N-B.E.-Data-Science-Sem-III-IV.pdf,2173111,Mathematics for Computer Engineering,5,1,
Dirichlet’s conditions,Raw moments,6.39-N-B.E.-Data-Science-Sem-III-IV.pdf,2173111,Mathematics for Computer Engineering,6,1,
Fourier series of periodic,Fourier series of even and odd functions,6.39-N-B.E.-Data-Science-Sem-III-IV.pdf,2173111,Mathematics for Computer Engineering,1,1,
Fourier series of periodic,Complex form of Fourier Series,6.39-N-B.E.-Data-Science-Sem-III-IV.pdf,2173111,Mathematics for Computer Engineering,2,1,
Fourier series of periodic,Lines of regression,6.39-N-B.E.-Data-Science-Sem-III-IV.pdf,2173111,Mathematics for Computer Engineering,3,1,
Fourier series of periodic,Moment generating function,6.39-N-B.E.-Data-Science-Sem-III-IV.pdf,2173111,Mathematics for Computer Engineering,4,1,
Fourier series of periodic,Raw moments,6.39-N-B.E.-Data-Science-Sem-III-IV.pdf,2173111,Mathematics for Computer Engineering,5,1,
Fourier series of even and odd functions,Complex form of Fourier Series,6.39-N-B.E.-Data-Science-Sem-III-IV.pdf,2173111,Mathematics for Computer Engineering,1,1,
Fourier series of even and odd functions,Lines of regression,6.39-N-B.E.-Data-Science-Sem-III-IV.pdf,2173111,Mathematics for Computer Engineering,2,1,
Fourier series of even and odd functions,Moment generating function,6.39-N-B.E.-Data-Science-Sem-III-IV.pdf,2173111,Mathematics for Computer Engineering,3,1,
Fourier series of even and odd functions,Raw moments,6.39-N-B.E.-Data-Science-Sem-III-IV.pdf,2173111,Mathematics for Computer Engineering,4,1,
Complex form of Fourier Series,Lines of regression,6.39-N-B.E.-Data-Science-Sem-III-IV.pdf,2173111,Mathematics for Computer Engineering,1,1,
Complex form of Fourier Series,Moment generating function,6.39-N-B.E.-Data-Science-Sem-III-IV.pdf,2173111,Mathematics for Computer Engineering,2,1,
Complex form of Fourier Series,Raw moments,6.39-N-B.E.-Data-Science-Sem-III-IV.pdf,2173111,Mathematics for Computer Engineering,3,1,
Lines of regression,Moment generating function,6.39-N-B.E.-Data-Science-Sem-III-IV.pdf,2173111,Mathematics for Computer Engineering,1,1,
Lines of regression,Raw moments,6.39-N-B.E.-Data-Science-Sem-III-IV.pdf,2173111,Mathematics for Computer Engineering,2,1,
Moment generating function,Raw moments,6.39-N-B.E.-Data-Science-Sem-III-IV.pdf,2173111,Mathematics for Computer Engineering,1,1,
Propositional and Predicate Logic,Determining risk,6.39-N-B.E.-Data-Science-Sem-III-IV.pdf,2173112,Discrete Structures and Graph Theory,1,1,
Propositional and Predicate Logic,Taxes and tax brackets,6.39-N-B.E.-Data-Science-Sem-III-IV.pdf,2173112,Discrete Structures and Graph Theory,2,1,
Propositional and Predicate Logic,Vending machines,6.39-N-B.E.-Data-Science-Sem-III-IV.pdf,2173112,Discrete Structures and Graph Theory,3,1,
Propositional and Predicate Logic,"Counting Pigeonhole Principle, Inclusion-Exclusion Principle. Recurrence relations, Solving recurrence relations",6.39-N-B.E.-Data-Science-Sem-III-IV.pdf,2173112,Discrete Structures and Graph Theory,4,1,
Determining risk,Taxes and tax brackets,6.39-N-B.E.-Data-Science-Sem-III-IV.pdf,2173112,Discrete Structures and Graph Theory,1,1,
Determining risk,Vending machines,6.39-N-B.E.-Data-Science-Sem-III-IV.pdf,2173112,Discrete Structures and Graph Theory,2,1,
Determining risk,"Counting Pigeonhole Principle, Inclusion-Exclusion Principle. Recurrence relations, Solving recurrence relations",6.39-N-B.E.-Data-Science-Sem-III-IV.pdf,2173112,Discrete Structures and Graph Theory,3,1,
Taxes and tax brackets,Vending machines,6.39-N-B.E.-Data-Science-Sem-III-IV.pdf,2173112,Discrete Structures and Graph Theory,1,1,
Taxes and tax brackets,"Counting Pigeonhole Principle, Inclusion-Exclusion Principle. Recurrence relations, Solving recurrence relations",6.39-N-B.E.-Data-Science-Sem-III-IV.pdf,2173112,Discrete Structures and Graph Theory,2,1,
Vending machines,"Counting Pigeonhole Principle, Inclusion-Exclusion Principle. Recurrence relations, Solving recurrence relations",6.39-N-B.E.-Data-Science-Sem-III-IV.pdf,2173112,Discrete Structures and Graph Theory,1,1,
Regular operations,Arden's theorem,6.39-N-B.E.-Data-Science-Sem-III-IV.pdf,2174111,Computational,1,1,
Regular operations,Decision properties of RLs,6.39-N-B.E.-Data-Science-Sem-III-IV.pdf,2174111,Computational,2,1,
Regular operations,Pumping lemma for RLs,6.39-N-B.E.-Data-Science-Sem-III-IV.pdf,2174111,Computational,3,1,
Regular operations,RE in text search and replace,6.39-N-B.E.-Data-Science-Sem-III-IV.pdf,2174111,Computational,4,1,
Regular operations,Application of Regular,6.39-N-B.E.-Data-Science-Sem-III-IV.pdf,2174111,Computational,5,1,
Regular operations,Languages in Compiler Design,6.39-N-B.E.-Data-Science-Sem-III-IV.pdf,2174111,Computational,6,1,
Regular operations,Nondeterministic Finite Automata (NFA): Definitions,6.39-N-B.E.-Data-Science-Sem-III-IV.pdf,2174111,Computational,7,1,
Regular operations,Equivalence between NFA with and ϵ- transitions,6.39-N-B.E.-Data-Science-Sem-III-IV.pdf,2174111,Computational,8,1,
Regular operations,Minimization of DFA,6.39-N-B.E.-Data-Science-Sem-III-IV.pdf,2174111,Computational,9,1,
Arden's theorem,Decision properties of RLs,6.39-N-B.E.-Data-Science-Sem-III-IV.pdf,2174111,Computational,1,1,
Arden's theorem,Pumping lemma for RLs,6.39-N-B.E.-Data-Science-Sem-III-IV.pdf,2174111,Computational,2,1,
Arden's theorem,RE in text search and replace,6.39-N-B.E.-Data-Science-Sem-III-IV.pdf,2174111,Computational,3,1,
Arden's theorem,Application of Regular,6.39-N-B.E.-Data-Science-Sem-III-IV.pdf,2174111,Computational,4,1,
Arden's theorem,Languages in Compiler Design,6.39-N-B.E.-Data-Science-Sem-III-IV.pdf,2174111,Computational,5,1,
Arden's theorem,Nondeterministic Finite Automata (NFA): Definitions,6.39-N-B.E.-Data-Science-Sem-III-IV.pdf,2174111,Computational,6,1,
Arden's theorem,Equivalence between NFA with and ϵ- transitions,6.39-N-B.E.-Data-Science-Sem-III-IV.pdf,2174111,Computational,7,1,
Arden's theorem,Minimization of DFA,6.39-N-B.E.-Data-Science-Sem-III-IV.pdf,2174111,Computational,8,1,
Decision properties of RLs,Pumping lemma for RLs,6.39-N-B.E.-Data-Science-Sem-III-IV.pdf,2174111,Computational,1,1,
Decision properties of RLs,RE in text search and replace,6.39-N-B.E.-Data-Science-Sem-III-IV.pdf,2174111,Computational,2,1,
Decision properties of RLs,Application of Regular,6.39-N-B.E.-Data-Science-Sem-III-IV.pdf,2174111,Computational,3,1,
Decision properties of RLs,Languages in Compiler Design,6.39-N-B.E.-Data-Science-Sem-III-IV.pdf,2174111,Computational,4,1,
Decision properties of RLs,Nondeterministic Finite Automata (NFA): Definitions,6.39-N-B.E.-Data-Science-Sem-III-IV.pdf,2174111,Computational,5,1,
Decision properties of RLs,Equivalence between NFA with and ϵ- transitions,6.39-N-B.E.-Data-Science-Sem-III-IV.pdf,2174111,Computational,6,1,
Decision properties of RLs,Minimization of DFA,6.39-N-B.E.-Data-Science-Sem-III-IV.pdf,2174111,Computational,7,1,
Pumping lemma for RLs,RE in text search and replace,6.39-N-B.E.-Data-Science-Sem-III-IV.pdf,2174111,Computational,1,1,
Pumping lemma for RLs,Application of Regular,6.39-N-B.E.-Data-Science-Sem-III-IV.pdf,2174111,Computational,2,1,
Pumping lemma for RLs,Languages in Compiler Design,6.39-N-B.E.-Data-Science-Sem-III-IV.pdf,2174111,Computational,3,1,
Pumping lemma for RLs,Nondeterministic Finite Automata (NFA): Definitions,6.39-N-B.E.-Data-Science-Sem-III-IV.pdf,2174111,Computational,4,1,
Pumping lemma for RLs,Equivalence between NFA with and ϵ- transitions,6.39-N-B.E.-Data-Science-Sem-III-IV.pdf,2174111,Computational,5,1,
Pumping lemma for RLs,Minimization of DFA,6.39-N-B.E.-Data-Science-Sem-III-IV.pdf,2174111,Computational,6,1,
RE in text search and replace,Application of Regular,6.39-N-B.E.-Data-Science-Sem-III-IV.pdf,2174111,Computational,1,1,
RE in text search and replace,Languages in Compiler Design,6.39-N-B.E.-Data-Science-Sem-III-IV.pdf,2174111,Computational,2,1,
RE in text search and replace,Nondeterministic Finite Automata (NFA): Definitions,6.39-N-B.E.-Data-Science-Sem-III-IV.pdf,2174111,Computational,3,1,
RE in text search and replace,Equivalence between NFA with and ϵ- transitions,6.39-N-B.E.-Data-Science-Sem-III-IV.pdf,2174111,Computational,4,1,
RE in text search and replace,Minimization of DFA,6.39-N-B.E.-Data-Science-Sem-III-IV.pdf,2174111,Computational,5,1,
Application of Regular,Languages in Compiler Design,6.39-N-B.E.-Data-Science-Sem-III-IV.pdf,2174111,Computational,1,1,
Application of Regular,Nondeterministic Finite Automata (NFA): Definitions,6.39-N-B.E.-Data-Science-Sem-III-IV.pdf,2174111,Computational,2,1,
Application of Regular,Equivalence between NFA with and ϵ- transitions,6.39-N-B.E.-Data-Science-Sem-III-IV.pdf,2174111,Computational,3,1,
Application of Regular,Minimization of DFA,6.39-N-B.E.-Data-Science-Sem-III-IV.pdf,2174111,Computational,4,1,
Languages in Compiler Design,Nondeterministic Finite Automata (NFA): Definitions,6.39-N-B.E.-Data-Science-Sem-III-IV.pdf,2174111,Computational,1,1,
Languages in Compiler Design,Equivalence between NFA with and ϵ- transitions,6.39-N-B.E.-Data-Science-Sem-III-IV.pdf,2174111,Computational,2,1,
Languages in Compiler Design,Minimization of DFA,6.39-N-B.E.-Data-Science-Sem-III-IV.pdf,2174111,Computational,3,1,
Nondeterministic Finite Automata (NFA): Definitions,Equivalence between NFA with and ϵ- transitions,6.39-N-B.E.-Data-Science-Sem-III-IV.pdf,2174111,Computational,1,1,
Nondeterministic Finite Automata (NFA): Definitions,Minimization of DFA,6.39-N-B.E.-Data-Science-Sem-III-IV.pdf,2174111,Computational,2,1,
Equivalence between NFA with and ϵ- transitions,Minimization of DFA,6.39-N-B.E.-Data-Science-Sem-III-IV.pdf,2174111,Computational,1,1,
Relationship (EER) Model,"Generalization, Specialization and Aggregation",6.39-N-B.E.-Data-Science-Sem-III-IV.pdf,2174112,Database Management System,1,1,
Relationship (EER) Model,"Introduction to the Relational Model, relational",6.39-N-B.E.-Data-Science-Sem-III-IV.pdf,2174112,Database Management System,2,1,
Relationship (EER) Model,"EER Model to the Relational Model, Relational",6.39-N-B.E.-Data-Science-Sem-III-IV.pdf,2174112,Database Management System,3,1,
Relationship (EER) Model,"Overview of SQL, Data Definition Commands",6.39-N-B.E.-Data-Science-Sem-III-IV.pdf,2174112,Database Management System,4,1,
Relationship (EER) Model,"Integrity constraints: key constraints, Domain",6.39-N-B.E.-Data-Science-Sem-III-IV.pdf,2174112,Database Management System,5,1,
Relationship (EER) Model,"Triggers, Introduction to Pl/SQL Block Structure",6.39-N-B.E.-Data-Science-Sem-III-IV.pdf,2174112,Database Management System,6,1,
Relationship (EER) Model,"Pitfalls in relational database designs, Concept",6.39-N-B.E.-Data-Science-Sem-III-IV.pdf,2174112,Database Management System,7,1,
Relationship (EER) Model,"Concurrent Executions, Serializability",6.39-N-B.E.-Data-Science-Sem-III-IV.pdf,2174112,Database Management System,8,1,
Relationship (EER) Model,"Cloud Database, Introduction of Distributed",6.39-N-B.E.-Data-Science-Sem-III-IV.pdf,2174112,Database Management System,9,1,
"Generalization, Specialization and Aggregation","Introduction to the Relational Model, relational",6.39-N-B.E.-Data-Science-Sem-III-IV.pdf,2174112,Database Management System,1,1,
"Generalization, Specialization and Aggregation","EER Model to the Relational Model, Relational",6.39-N-B.E.-Data-Science-Sem-III-IV.pdf,2174112,Database Management System,2,1,
"Generalization, Specialization and Aggregation","Overview of SQL, Data Definition Commands",6.39-N-B.E.-Data-Science-Sem-III-IV.pdf,2174112,Database Management System,3,1,
"Generalization, Specialization and Aggregation","Integrity constraints: key constraints, Domain",6.39-N-B.E.-Data-Science-Sem-III-IV.pdf,2174112,Database Management System,4,1,
"Generalization, Specialization and Aggregation","Triggers, Introduction to Pl/SQL Block Structure",6.39-N-B.E.-Data-Science-Sem-III-IV.pdf,2174112,Database Management System,5,1,
"Generalization, Specialization and Aggregation","Pitfalls in relational database designs, Concept",6.39-N-B.E.-Data-Science-Sem-III-IV.pdf,2174112,Database Management System,6,1,
"Generalization, Specialization and Aggregation","Concurrent Executions, Serializability",6.39-N-B.E.-Data-Science-Sem-III-IV.pdf,2174112,Database Management System,7,1,
"Generalization, Specialization and Aggregation","Cloud Database, Introduction of Distributed",6.39-N-B.E.-Data-Science-Sem-III-IV.pdf,2174112,Database Management System,8,1,
"Introduction to the Relational Model, relational","EER Model to the Relational Model, Relational",6.39-N-B.E.-Data-Science-Sem-III-IV.pdf,2174112,Database Management System,1,1,
"Introduction to the Relational Model, relational","Overview of SQL, Data Definition Commands",6.39-N-B.E.-Data-Science-Sem-III-IV.pdf,2174112,Database Management System,2,1,
"Introduction to the Relational Model, relational","Integrity constraints: key constraints, Domain",6.39-N-B.E.-Data-Science-Sem-III-IV.pdf,2174112,Database Management System,3,1,
"Introduction to the Relational Model, relational","Triggers, Introduction to Pl/SQL Block Structure",6.39-N-B.E.-Data-Science-Sem-III-IV.pdf,2174112,Database Management System,4,1,
"Introduction to the Relational Model, relational","Pitfalls in relational database designs, Concept",6.39-N-B.E.-Data-Science-Sem-III-IV.pdf,2174112,Database Management System,5,1,
"Introduction to the Relational Model, relational","Concurrent Executions, Serializability",6.39-N-B.E.-Data-Science-Sem-III-IV.pdf,2174112,Database Management System,6,1,
"Introduction to the Relational Model, relational","Cloud Database, Introduction of Distributed",6.39-N-B.E.-Data-Science-Sem-III-IV.pdf,2174112,Database Management System,7,1,
"EER Model to the Relational Model, Relational","Overview of SQL, Data Definition Commands",6.39-N-B.E.-Data-Science-Sem-III-IV.pdf,2174112,Database Management System,1,1,
"EER Model to the Relational Model, Relational","Integrity constraints: key constraints, Domain",6.39-N-B.E.-Data-Science-Sem-III-IV.pdf,2174112,Database Management System,2,1,
"EER Model to the Relational Model, Relational","Triggers, Introduction to Pl/SQL Block Structure",6.39-N-B.E.-Data-Science-Sem-III-IV.pdf,2174112,Database Management System,3,1,
"EER Model to the Relational Model, Relational","Pitfalls in relational database designs, Concept",6.39-N-B.E.-Data-Science-Sem-III-IV.pdf,2174112,Database Management System,4,1,
"EER Model to the Relational Model, Relational","Concurrent Executions, Serializability",6.39-N-B.E.-Data-Science-Sem-III-IV.pdf,2174112,Database Management System,5,1,
"EER Model to the Relational Model, Relational","Cloud Database, Introduction of Distributed",6.39-N-B.E.-Data-Science-Sem-III-IV.pdf,2174112,Database Management System,6,1,
"Overview of SQL, Data Definition Commands","Integrity constraints: key constraints, Domain",6.39-N-B.E.-Data-Science-Sem-III-IV.pdf,2174112,Database Management System,1,1,
"Overview of SQL, Data Definition Commands","Triggers, Introduction to Pl/SQL Block Structure",6.39-N-B.E.-Data-Science-Sem-III-IV.pdf,2174112,Database Management System,2,1,
"Overview of SQL, Data Definition Commands","Pitfalls in relational database designs, Concept",6.39-N-B.E.-Data-Science-Sem-III-IV.pdf,2174112,Database Management System,3,1,
"Overview of SQL, Data Definition Commands","Concurrent Executions, Serializability",6.39-N-B.E.-Data-Science-Sem-III-IV.pdf,2174112,Database Management System,4,1,
"Overview of SQL, Data Definition Commands","Cloud Database, Introduction of Distributed",6.39-N-B.E.-Data-Science-Sem-III-IV.pdf,2174112,Database Management System,5,1,
"Integrity constraints: key constraints, Domain","Triggers, Introduction to Pl/SQL Block Structure",6.39-N-B.E.-Data-Science-Sem-III-IV.pdf,2174112,Database Management System,1,1,
"Integrity constraints: key constraints, Domain","Pitfalls in relational database designs, Concept",6.39-N-B.E.-Data-Science-Sem-III-IV.pdf,2174112,Database Management System,2,1,
"Integrity constraints: key constraints, Domain","Concurrent Executions, Serializability",6.39-N-B.E.-Data-Science-Sem-III-IV.pdf,2174112,Database Management System,3,1,
"Integrity constraints: key constraints, Domain","Cloud Database, Introduction of Distributed",6.39-N-B.E.-Data-Science-Sem-III-IV.pdf,2174112,Database Management System,4,1,
"Triggers, Introduction to Pl/SQL Block Structure","Pitfalls in relational database designs, Concept",6.39-N-B.E.-Data-Science-Sem-III-IV.pdf,2174112,Database Management System,1,1,
"Triggers, Introduction to Pl/SQL Block Structure","Concurrent Executions, Serializability",6.39-N-B.E.-Data-Science-Sem-III-IV.pdf,2174112,Database Management System,2,1,
"Triggers, Introduction to Pl/SQL Block Structure","Cloud Database, Introduction of Distributed",6.39-N-B.E.-Data-Science-Sem-III-IV.pdf,2174112,Database Management System,3,1,
"Pitfalls in relational database designs, Concept","Concurrent Executions, Serializability",6.39-N-B.E.-Data-Science-Sem-III-IV.pdf,2174112,Database Management System,1,1,
"Pitfalls in relational database designs, Concept","Cloud Database, Introduction of Distributed",6.39-N-B.E.-Data-Science-Sem-III-IV.pdf,2174112,Database Management System,2,1,
"Concurrent Executions, Serializability","Cloud Database, Introduction of Distributed",6.39-N-B.E.-Data-Science-Sem-III-IV.pdf,2174112,Database Management System,1,1,
Special-purpose,Open-source and Proprietary Operating System,6.39-N-B.E.-Data-Science-Sem-III-IV.pdf,2174113,Operating System,1,1,
Special-purpose,Fundamentals of Distributed Operating System,6.39-N-B.E.-Data-Science-Sem-III-IV.pdf,2174113,Operating System,2,1,
Special-purpose,Network Operating System,6.39-N-B.E.-Data-Science-Sem-III-IV.pdf,2174113,Operating System,3,1,
Special-purpose,Real-Time,6.39-N-B.E.-Data-Science-Sem-III-IV.pdf,2174113,Operating System,4,1,
Special-purpose,Mobile Operating System,6.39-N-B.E.-Data-Science-Sem-III-IV.pdf,2174113,Operating System,5,1,
Special-purpose,Special-purpose Operating Systems,6.39-N-B.E.-Data-Science-Sem-III-IV.pdf,2174113,Operating System,6,1,
Open-source and Proprietary Operating System,Fundamentals of Distributed Operating System,6.39-N-B.E.-Data-Science-Sem-III-IV.pdf,2174113,Operating System,1,1,
Open-source and Proprietary Operating System,Network Operating System,6.39-N-B.E.-Data-Science-Sem-III-IV.pdf,2174113,Operating System,2,1,
Open-source and Proprietary Operating System,Real-Time,6.39-N-B.E.-Data-Science-Sem-III-IV.pdf,2174113,Operating System,3,1,
Open-source and Proprietary Operating System,Mobile Operating System,6.39-N-B.E.-Data-Science-Sem-III-IV.pdf,2174113,Operating System,4,1,
Open-source and Proprietary Operating System,Special-purpose Operating Systems,6.39-N-B.E.-Data-Science-Sem-III-IV.pdf,2174113,Operating System,5,1,
Fundamentals of Distributed Operating System,Network Operating System,6.39-N-B.E.-Data-Science-Sem-III-IV.pdf,2174113,Operating System,1,1,
Fundamentals of Distributed Operating System,Real-Time,6.39-N-B.E.-Data-Science-Sem-III-IV.pdf,2174113,Operating System,2,1,
Fundamentals of Distributed Operating System,Mobile Operating System,6.39-N-B.E.-Data-Science-Sem-III-IV.pdf,2174113,Operating System,3,1,
Fundamentals of Distributed Operating System,Special-purpose Operating Systems,6.39-N-B.E.-Data-Science-Sem-III-IV.pdf,2174113,Operating System,4,1,
Network Operating System,Real-Time,6.39-N-B.E.-Data-Science-Sem-III-IV.pdf,2174113,Operating System,1,1,
Network Operating System,Mobile Operating System,6.39-N-B.E.-Data-Science-Sem-III-IV.pdf,2174113,Operating System,2,1,
Network Operating System,Special-purpose Operating Systems,6.39-N-B.E.-Data-Science-Sem-III-IV.pdf,2174113,Operating System,3,1,
Real-Time,Mobile Operating System,6.39-N-B.E.-Data-Science-Sem-III-IV.pdf,2174113,Operating System,1,1,
Real-Time,Special-purpose Operating Systems,6.39-N-B.E.-Data-Science-Sem-III-IV.pdf,2174113,Operating System,2,1,
Mobile Operating System,Special-purpose Operating Systems,6.39-N-B.E.-Data-Science-Sem-III-IV.pdf,2174113,Operating System,1,1,
Properties of Eigen,Similarity of matrices,6.40-N-Chemical-Engineering-Sem-III-IV.pdf,2073111,Chemical Engineering Mathematics,1,1,
Properties of Eigen,Diagonalization of matrices,6.40-N-Chemical-Engineering-Sem-III-IV.pdf,2073111,Chemical Engineering Mathematics,2,1,
Properties of Eigen,Applying to chemical engineering problems related,6.40-N-Chemical-Engineering-Sem-III-IV.pdf,2073111,Chemical Engineering Mathematics,3,1,
Properties of Eigen,Eulers method,6.40-N-Chemical-Engineering-Sem-III-IV.pdf,2073111,Chemical Engineering Mathematics,4,1,
Properties of Eigen,Kutta second Order method,6.40-N-Chemical-Engineering-Sem-III-IV.pdf,2073111,Chemical Engineering Mathematics,5,1,
Properties of Eigen,Applications of Runge-Kutta Fourth order,6.40-N-Chemical-Engineering-Sem-III-IV.pdf,2073111,Chemical Engineering Mathematics,6,1,
Properties of Eigen,Method and Adam Bashford Predictor,6.40-N-Chemical-Engineering-Sem-III-IV.pdf,2073111,Chemical Engineering Mathematics,7,1,
Properties of Eigen,Corrector Method to chemical engineering,6.40-N-Chemical-Engineering-Sem-III-IV.pdf,2073111,Chemical Engineering Mathematics,8,1,
Properties of Eigen,Forward and Backward difference operators ∆,6.40-N-Chemical-Engineering-Sem-III-IV.pdf,2073111,Chemical Engineering Mathematics,9,1,
Properties of Eigen,Shift operator E,6.40-N-Chemical-Engineering-Sem-III-IV.pdf,2073111,Chemical Engineering Mathematics,10,1,
Properties of Eigen,Relation between E,6.40-N-Chemical-Engineering-Sem-III-IV.pdf,2073111,Chemical Engineering Mathematics,11,1,
Similarity of matrices,Diagonalization of matrices,6.40-N-Chemical-Engineering-Sem-III-IV.pdf,2073111,Chemical Engineering Mathematics,1,1,
Similarity of matrices,Applying to chemical engineering problems related,6.40-N-Chemical-Engineering-Sem-III-IV.pdf,2073111,Chemical Engineering Mathematics,2,1,
Similarity of matrices,Eulers method,6.40-N-Chemical-Engineering-Sem-III-IV.pdf,2073111,Chemical Engineering Mathematics,3,1,
Similarity of matrices,Kutta second Order method,6.40-N-Chemical-Engineering-Sem-III-IV.pdf,2073111,Chemical Engineering Mathematics,4,1,
Similarity of matrices,Applications of Runge-Kutta Fourth order,6.40-N-Chemical-Engineering-Sem-III-IV.pdf,2073111,Chemical Engineering Mathematics,5,1,
Similarity of matrices,Method and Adam Bashford Predictor,6.40-N-Chemical-Engineering-Sem-III-IV.pdf,2073111,Chemical Engineering Mathematics,6,1,
Similarity of matrices,Corrector Method to chemical engineering,6.40-N-Chemical-Engineering-Sem-III-IV.pdf,2073111,Chemical Engineering Mathematics,7,1,
Similarity of matrices,Forward and Backward difference operators ∆,6.40-N-Chemical-Engineering-Sem-III-IV.pdf,2073111,Chemical Engineering Mathematics,8,1,
Similarity of matrices,Shift operator E,6.40-N-Chemical-Engineering-Sem-III-IV.pdf,2073111,Chemical Engineering Mathematics,9,1,
Similarity of matrices,Relation between E,6.40-N-Chemical-Engineering-Sem-III-IV.pdf,2073111,Chemical Engineering Mathematics,10,1,
Diagonalization of matrices,Applying to chemical engineering problems related,6.40-N-Chemical-Engineering-Sem-III-IV.pdf,2073111,Chemical Engineering Mathematics,1,1,
Diagonalization of matrices,Eulers method,6.40-N-Chemical-Engineering-Sem-III-IV.pdf,2073111,Chemical Engineering Mathematics,2,1,
Diagonalization of matrices,Kutta second Order method,6.40-N-Chemical-Engineering-Sem-III-IV.pdf,2073111,Chemical Engineering Mathematics,3,1,
Diagonalization of matrices,Applications of Runge-Kutta Fourth order,6.40-N-Chemical-Engineering-Sem-III-IV.pdf,2073111,Chemical Engineering Mathematics,4,1,
Diagonalization of matrices,Method and Adam Bashford Predictor,6.40-N-Chemical-Engineering-Sem-III-IV.pdf,2073111,Chemical Engineering Mathematics,5,1,
Diagonalization of matrices,Corrector Method to chemical engineering,6.40-N-Chemical-Engineering-Sem-III-IV.pdf,2073111,Chemical Engineering Mathematics,6,1,
Diagonalization of matrices,Forward and Backward difference operators ∆,6.40-N-Chemical-Engineering-Sem-III-IV.pdf,2073111,Chemical Engineering Mathematics,7,1,
Diagonalization of matrices,Shift operator E,6.40-N-Chemical-Engineering-Sem-III-IV.pdf,2073111,Chemical Engineering Mathematics,8,1,
Diagonalization of matrices,Relation between E,6.40-N-Chemical-Engineering-Sem-III-IV.pdf,2073111,Chemical Engineering Mathematics,9,1,
Applying to chemical engineering problems related,Eulers method,6.40-N-Chemical-Engineering-Sem-III-IV.pdf,2073111,Chemical Engineering Mathematics,1,1,
Applying to chemical engineering problems related,Kutta second Order method,6.40-N-Chemical-Engineering-Sem-III-IV.pdf,2073111,Chemical Engineering Mathematics,2,1,
Applying to chemical engineering problems related,Applications of Runge-Kutta Fourth order,6.40-N-Chemical-Engineering-Sem-III-IV.pdf,2073111,Chemical Engineering Mathematics,3,1,
Applying to chemical engineering problems related,Method and Adam Bashford Predictor,6.40-N-Chemical-Engineering-Sem-III-IV.pdf,2073111,Chemical Engineering Mathematics,4,1,
Applying to chemical engineering problems related,Corrector Method to chemical engineering,6.40-N-Chemical-Engineering-Sem-III-IV.pdf,2073111,Chemical Engineering Mathematics,5,1,
Applying to chemical engineering problems related,Forward and Backward difference operators ∆,6.40-N-Chemical-Engineering-Sem-III-IV.pdf,2073111,Chemical Engineering Mathematics,6,1,
Applying to chemical engineering problems related,Shift operator E,6.40-N-Chemical-Engineering-Sem-III-IV.pdf,2073111,Chemical Engineering Mathematics,7,1,
Applying to chemical engineering problems related,Relation between E,6.40-N-Chemical-Engineering-Sem-III-IV.pdf,2073111,Chemical Engineering Mathematics,8,1,
Eulers method,Kutta second Order method,6.40-N-Chemical-Engineering-Sem-III-IV.pdf,2073111,Chemical Engineering Mathematics,1,1,
Eulers method,Applications of Runge-Kutta Fourth order,6.40-N-Chemical-Engineering-Sem-III-IV.pdf,2073111,Chemical Engineering Mathematics,2,1,
Eulers method,Method and Adam Bashford Predictor,6.40-N-Chemical-Engineering-Sem-III-IV.pdf,2073111,Chemical Engineering Mathematics,3,1,
Eulers method,Corrector Method to chemical engineering,6.40-N-Chemical-Engineering-Sem-III-IV.pdf,2073111,Chemical Engineering Mathematics,4,1,
Eulers method,Forward and Backward difference operators ∆,6.40-N-Chemical-Engineering-Sem-III-IV.pdf,2073111,Chemical Engineering Mathematics,5,1,
Eulers method,Shift operator E,6.40-N-Chemical-Engineering-Sem-III-IV.pdf,2073111,Chemical Engineering Mathematics,6,1,
Eulers method,Relation between E,6.40-N-Chemical-Engineering-Sem-III-IV.pdf,2073111,Chemical Engineering Mathematics,7,1,
Kutta second Order method,Applications of Runge-Kutta Fourth order,6.40-N-Chemical-Engineering-Sem-III-IV.pdf,2073111,Chemical Engineering Mathematics,1,1,
Kutta second Order method,Method and Adam Bashford Predictor,6.40-N-Chemical-Engineering-Sem-III-IV.pdf,2073111,Chemical Engineering Mathematics,2,1,
Kutta second Order method,Corrector Method to chemical engineering,6.40-N-Chemical-Engineering-Sem-III-IV.pdf,2073111,Chemical Engineering Mathematics,3,1,
Kutta second Order method,Forward and Backward difference operators ∆,6.40-N-Chemical-Engineering-Sem-III-IV.pdf,2073111,Chemical Engineering Mathematics,4,1,
Kutta second Order method,Shift operator E,6.40-N-Chemical-Engineering-Sem-III-IV.pdf,2073111,Chemical Engineering Mathematics,5,1,
Kutta second Order method,Relation between E,6.40-N-Chemical-Engineering-Sem-III-IV.pdf,2073111,Chemical Engineering Mathematics,6,1,
Applications of Runge-Kutta Fourth order,Method and Adam Bashford Predictor,6.40-N-Chemical-Engineering-Sem-III-IV.pdf,2073111,Chemical Engineering Mathematics,1,1,
Applications of Runge-Kutta Fourth order,Corrector Method to chemical engineering,6.40-N-Chemical-Engineering-Sem-III-IV.pdf,2073111,Chemical Engineering Mathematics,2,1,
Applications of Runge-Kutta Fourth order,Forward and Backward difference operators ∆,6.40-N-Chemical-Engineering-Sem-III-IV.pdf,2073111,Chemical Engineering Mathematics,3,1,
Applications of Runge-Kutta Fourth order,Shift operator E,6.40-N-Chemical-Engineering-Sem-III-IV.pdf,2073111,Chemical Engineering Mathematics,4,1,
Applications of Runge-Kutta Fourth order,Relation between E,6.40-N-Chemical-Engineering-Sem-III-IV.pdf,2073111,Chemical Engineering Mathematics,5,1,
Method and Adam Bashford Predictor,Corrector Method to chemical engineering,6.40-N-Chemical-Engineering-Sem-III-IV.pdf,2073111,Chemical Engineering Mathematics,1,1,
Method and Adam Bashford Predictor,Forward and Backward difference operators ∆,6.40-N-Chemical-Engineering-Sem-III-IV.pdf,2073111,Chemical Engineering Mathematics,2,1,
Method and Adam Bashford Predictor,Shift operator E,6.40-N-Chemical-Engineering-Sem-III-IV.pdf,2073111,Chemical Engineering Mathematics,3,1,
Method and Adam Bashford Predictor,Relation between E,6.40-N-Chemical-Engineering-Sem-III-IV.pdf,2073111,Chemical Engineering Mathematics,4,1,
Corrector Method to chemical engineering,Forward and Backward difference operators ∆,6.40-N-Chemical-Engineering-Sem-III-IV.pdf,2073111,Chemical Engineering Mathematics,1,1,
Corrector Method to chemical engineering,Shift operator E,6.40-N-Chemical-Engineering-Sem-III-IV.pdf,2073111,Chemical Engineering Mathematics,2,1,
Corrector Method to chemical engineering,Relation between E,6.40-N-Chemical-Engineering-Sem-III-IV.pdf,2073111,Chemical Engineering Mathematics,3,1,
Forward and Backward difference operators ∆,Shift operator E,6.40-N-Chemical-Engineering-Sem-III-IV.pdf,2073111,Chemical Engineering Mathematics,1,1,
Forward and Backward difference operators ∆,Relation between E,6.40-N-Chemical-Engineering-Sem-III-IV.pdf,2073111,Chemical Engineering Mathematics,2,1,
Shift operator E,Relation between E,6.40-N-Chemical-Engineering-Sem-III-IV.pdf,2073111,Chemical Engineering Mathematics,1,1,
Screening equipment – Vibrating screen,Grizzlies and Trommels,6.40-N-Chemical-Engineering-Sem-III-IV.pdf,2074112,Solid Fluid Mechanical Operations,1,1,
Screening equipment – Vibrating screen,Size reduction of solids. Mechanism of size,6.40-N-Chemical-Engineering-Sem-III-IV.pdf,2074112,Solid Fluid Mechanical Operations,2,1,
Screening equipment – Vibrating screen,Size reduction equipment – Jaw crusher,6.40-N-Chemical-Engineering-Sem-III-IV.pdf,2074112,Solid Fluid Mechanical Operations,3,1,
Screening equipment – Vibrating screen,"Hammer mill, Ball mill and Roll crusher",6.40-N-Chemical-Engineering-Sem-III-IV.pdf,2074112,Solid Fluid Mechanical Operations,4,1,
Screening equipment – Vibrating screen,Solid mixing – Introduction to solid mixing,6.40-N-Chemical-Engineering-Sem-III-IV.pdf,2074112,Solid Fluid Mechanical Operations,5,1,
Screening equipment – Vibrating screen,Mixing equipment for cohesive solids,6.40-N-Chemical-Engineering-Sem-III-IV.pdf,2074112,Solid Fluid Mechanical Operations,6,1,
Screening equipment – Vibrating screen,Mixers for free flowing solids: Ribbon,6.40-N-Chemical-Engineering-Sem-III-IV.pdf,2074112,Solid Fluid Mechanical Operations,7,1,
Screening equipment – Vibrating screen,Flow of a single fluid through a packed bed,6.40-N-Chemical-Engineering-Sem-III-IV.pdf,2074112,Solid Fluid Mechanical Operations,8,1,
Screening equipment – Vibrating screen,Ergun’s equation,6.40-N-Chemical-Engineering-Sem-III-IV.pdf,2074112,Solid Fluid Mechanical Operations,9,1,
Screening equipment – Vibrating screen,Fluidization: conditions for fluidization,6.40-N-Chemical-Engineering-Sem-III-IV.pdf,2074112,Solid Fluid Mechanical Operations,10,1,
Screening equipment – Vibrating screen,Solid fluid,6.40-N-Chemical-Engineering-Sem-III-IV.pdf,2074112,Solid Fluid Mechanical Operations,11,1,
Screening equipment – Vibrating screen,Sedimentation: Batch sedimentation. Kynch,6.40-N-Chemical-Engineering-Sem-III-IV.pdf,2074112,Solid Fluid Mechanical Operations,12,1,
Screening equipment – Vibrating screen,Gas solid separation equipment: Cyclone,6.40-N-Chemical-Engineering-Sem-III-IV.pdf,2074112,Solid Fluid Mechanical Operations,13,1,
Screening equipment – Vibrating screen,Storage of solids: Properties of particulate,6.40-N-Chemical-Engineering-Sem-III-IV.pdf,2074112,Solid Fluid Mechanical Operations,14,1,
Grizzlies and Trommels,Size reduction of solids. Mechanism of size,6.40-N-Chemical-Engineering-Sem-III-IV.pdf,2074112,Solid Fluid Mechanical Operations,1,1,
Grizzlies and Trommels,Size reduction equipment – Jaw crusher,6.40-N-Chemical-Engineering-Sem-III-IV.pdf,2074112,Solid Fluid Mechanical Operations,2,1,
Grizzlies and Trommels,"Hammer mill, Ball mill and Roll crusher",6.40-N-Chemical-Engineering-Sem-III-IV.pdf,2074112,Solid Fluid Mechanical Operations,3,1,
Grizzlies and Trommels,Solid mixing – Introduction to solid mixing,6.40-N-Chemical-Engineering-Sem-III-IV.pdf,2074112,Solid Fluid Mechanical Operations,4,1,
Grizzlies and Trommels,Mixing equipment for cohesive solids,6.40-N-Chemical-Engineering-Sem-III-IV.pdf,2074112,Solid Fluid Mechanical Operations,5,1,
Grizzlies and Trommels,Mixers for free flowing solids: Ribbon,6.40-N-Chemical-Engineering-Sem-III-IV.pdf,2074112,Solid Fluid Mechanical Operations,6,1,
Grizzlies and Trommels,Flow of a single fluid through a packed bed,6.40-N-Chemical-Engineering-Sem-III-IV.pdf,2074112,Solid Fluid Mechanical Operations,7,1,
Grizzlies and Trommels,Ergun’s equation,6.40-N-Chemical-Engineering-Sem-III-IV.pdf,2074112,Solid Fluid Mechanical Operations,8,1,
Grizzlies and Trommels,Fluidization: conditions for fluidization,6.40-N-Chemical-Engineering-Sem-III-IV.pdf,2074112,Solid Fluid Mechanical Operations,9,1,
Grizzlies and Trommels,Solid fluid,6.40-N-Chemical-Engineering-Sem-III-IV.pdf,2074112,Solid Fluid Mechanical Operations,10,1,
Grizzlies and Trommels,Sedimentation: Batch sedimentation. Kynch,6.40-N-Chemical-Engineering-Sem-III-IV.pdf,2074112,Solid Fluid Mechanical Operations,11,1,
Grizzlies and Trommels,Gas solid separation equipment: Cyclone,6.40-N-Chemical-Engineering-Sem-III-IV.pdf,2074112,Solid Fluid Mechanical Operations,12,1,
Grizzlies and Trommels,Storage of solids: Properties of particulate,6.40-N-Chemical-Engineering-Sem-III-IV.pdf,2074112,Solid Fluid Mechanical Operations,13,1,
Grizzlies and Trommels,"Conveying, of solids: Belt conveyer, bucket",6.40-N-Chemical-Engineering-Sem-III-IV.pdf,2074112,Solid Fluid Mechanical Operations,14,1,
Size reduction of solids. Mechanism of size,Size reduction equipment – Jaw crusher,6.40-N-Chemical-Engineering-Sem-III-IV.pdf,2074112,Solid Fluid Mechanical Operations,1,1,
Size reduction of solids. Mechanism of size,"Hammer mill, Ball mill and Roll crusher",6.40-N-Chemical-Engineering-Sem-III-IV.pdf,2074112,Solid Fluid Mechanical Operations,2,1,
Size reduction of solids. Mechanism of size,Solid mixing – Introduction to solid mixing,6.40-N-Chemical-Engineering-Sem-III-IV.pdf,2074112,Solid Fluid Mechanical Operations,3,1,
Size reduction of solids. Mechanism of size,Mixing equipment for cohesive solids,6.40-N-Chemical-Engineering-Sem-III-IV.pdf,2074112,Solid Fluid Mechanical Operations,4,1,
Size reduction of solids. Mechanism of size,Mixers for free flowing solids: Ribbon,6.40-N-Chemical-Engineering-Sem-III-IV.pdf,2074112,Solid Fluid Mechanical Operations,5,1,
Size reduction of solids. Mechanism of size,Flow of a single fluid through a packed bed,6.40-N-Chemical-Engineering-Sem-III-IV.pdf,2074112,Solid Fluid Mechanical Operations,6,1,
Size reduction of solids. Mechanism of size,Ergun’s equation,6.40-N-Chemical-Engineering-Sem-III-IV.pdf,2074112,Solid Fluid Mechanical Operations,7,1,
Size reduction of solids. Mechanism of size,Fluidization: conditions for fluidization,6.40-N-Chemical-Engineering-Sem-III-IV.pdf,2074112,Solid Fluid Mechanical Operations,8,1,
Size reduction of solids. Mechanism of size,Solid fluid,6.40-N-Chemical-Engineering-Sem-III-IV.pdf,2074112,Solid Fluid Mechanical Operations,9,1,
Size reduction of solids. Mechanism of size,Sedimentation: Batch sedimentation. Kynch,6.40-N-Chemical-Engineering-Sem-III-IV.pdf,2074112,Solid Fluid Mechanical Operations,10,1,
Size reduction of solids. Mechanism of size,Gas solid separation equipment: Cyclone,6.40-N-Chemical-Engineering-Sem-III-IV.pdf,2074112,Solid Fluid Mechanical Operations,11,1,
Size reduction of solids. Mechanism of size,Storage of solids: Properties of particulate,6.40-N-Chemical-Engineering-Sem-III-IV.pdf,2074112,Solid Fluid Mechanical Operations,12,1,
Size reduction of solids. Mechanism of size,"Conveying, of solids: Belt conveyer, bucket",6.40-N-Chemical-Engineering-Sem-III-IV.pdf,2074112,Solid Fluid Mechanical Operations,13,1,
Size reduction equipment – Jaw crusher,"Hammer mill, Ball mill and Roll crusher",6.40-N-Chemical-Engineering-Sem-III-IV.pdf,2074112,Solid Fluid Mechanical Operations,1,1,
Size reduction equipment – Jaw crusher,Solid mixing – Introduction to solid mixing,6.40-N-Chemical-Engineering-Sem-III-IV.pdf,2074112,Solid Fluid Mechanical Operations,2,1,
Size reduction equipment – Jaw crusher,Mixing equipment for cohesive solids,6.40-N-Chemical-Engineering-Sem-III-IV.pdf,2074112,Solid Fluid Mechanical Operations,3,1,
Size reduction equipment – Jaw crusher,Mixers for free flowing solids: Ribbon,6.40-N-Chemical-Engineering-Sem-III-IV.pdf,2074112,Solid Fluid Mechanical Operations,4,1,
Size reduction equipment – Jaw crusher,Flow of a single fluid through a packed bed,6.40-N-Chemical-Engineering-Sem-III-IV.pdf,2074112,Solid Fluid Mechanical Operations,5,1,
Size reduction equipment – Jaw crusher,Ergun’s equation,6.40-N-Chemical-Engineering-Sem-III-IV.pdf,2074112,Solid Fluid Mechanical Operations,6,1,
Size reduction equipment – Jaw crusher,Fluidization: conditions for fluidization,6.40-N-Chemical-Engineering-Sem-III-IV.pdf,2074112,Solid Fluid Mechanical Operations,7,1,
Size reduction equipment – Jaw crusher,Solid fluid,6.40-N-Chemical-Engineering-Sem-III-IV.pdf,2074112,Solid Fluid Mechanical Operations,8,1,
Size reduction equipment – Jaw crusher,Sedimentation: Batch sedimentation. Kynch,6.40-N-Chemical-Engineering-Sem-III-IV.pdf,2074112,Solid Fluid Mechanical Operations,9,1,
Size reduction equipment – Jaw crusher,Gas solid separation equipment: Cyclone,6.40-N-Chemical-Engineering-Sem-III-IV.pdf,2074112,Solid Fluid Mechanical Operations,10,1,
Size reduction equipment – Jaw crusher,Storage of solids: Properties of particulate,6.40-N-Chemical-Engineering-Sem-III-IV.pdf,2074112,Solid Fluid Mechanical Operations,11,1,
Size reduction equipment – Jaw crusher,"Conveying, of solids: Belt conveyer, bucket",6.40-N-Chemical-Engineering-Sem-III-IV.pdf,2074112,Solid Fluid Mechanical Operations,12,1,
"Hammer mill, Ball mill and Roll crusher",Solid mixing – Introduction to solid mixing,6.40-N-Chemical-Engineering-Sem-III-IV.pdf,2074112,Solid Fluid Mechanical Operations,1,1,
"Hammer mill, Ball mill and Roll crusher",Mixing equipment for cohesive solids,6.40-N-Chemical-Engineering-Sem-III-IV.pdf,2074112,Solid Fluid Mechanical Operations,2,1,
"Hammer mill, Ball mill and Roll crusher",Mixers for free flowing solids: Ribbon,6.40-N-Chemical-Engineering-Sem-III-IV.pdf,2074112,Solid Fluid Mechanical Operations,3,1,
"Hammer mill, Ball mill and Roll crusher",Flow of a single fluid through a packed bed,6.40-N-Chemical-Engineering-Sem-III-IV.pdf,2074112,Solid Fluid Mechanical Operations,4,1,
"Hammer mill, Ball mill and Roll crusher",Ergun’s equation,6.40-N-Chemical-Engineering-Sem-III-IV.pdf,2074112,Solid Fluid Mechanical Operations,5,1,
"Hammer mill, Ball mill and Roll crusher",Fluidization: conditions for fluidization,6.40-N-Chemical-Engineering-Sem-III-IV.pdf,2074112,Solid Fluid Mechanical Operations,6,1,
"Hammer mill, Ball mill and Roll crusher",Solid fluid,6.40-N-Chemical-Engineering-Sem-III-IV.pdf,2074112,Solid Fluid Mechanical Operations,7,1,
"Hammer mill, Ball mill and Roll crusher",Sedimentation: Batch sedimentation. Kynch,6.40-N-Chemical-Engineering-Sem-III-IV.pdf,2074112,Solid Fluid Mechanical Operations,8,1,
"Hammer mill, Ball mill and Roll crusher",Gas solid separation equipment: Cyclone,6.40-N-Chemical-Engineering-Sem-III-IV.pdf,2074112,Solid Fluid Mechanical Operations,9,1,
"Hammer mill, Ball mill and Roll crusher",Storage of solids: Properties of particulate,6.40-N-Chemical-Engineering-Sem-III-IV.pdf,2074112,Solid Fluid Mechanical Operations,10,1,
"Hammer mill, Ball mill and Roll crusher","Conveying, of solids: Belt conveyer, bucket",6.40-N-Chemical-Engineering-Sem-III-IV.pdf,2074112,Solid Fluid Mechanical Operations,11,1,
Solid mixing – Introduction to solid mixing,Mixing equipment for cohesive solids,6.40-N-Chemical-Engineering-Sem-III-IV.pdf,2074112,Solid Fluid Mechanical Operations,1,1,
Solid mixing – Introduction to solid mixing,Mixers for free flowing solids: Ribbon,6.40-N-Chemical-Engineering-Sem-III-IV.pdf,2074112,Solid Fluid Mechanical Operations,2,1,
Solid mixing – Introduction to solid mixing,Flow of a single fluid through a packed bed,6.40-N-Chemical-Engineering-Sem-III-IV.pdf,2074112,Solid Fluid Mechanical Operations,3,1,
Solid mixing – Introduction to solid mixing,Ergun’s equation,6.40-N-Chemical-Engineering-Sem-III-IV.pdf,2074112,Solid Fluid Mechanical Operations,4,1,
Solid mixing – Introduction to solid mixing,Fluidization: conditions for fluidization,6.40-N-Chemical-Engineering-Sem-III-IV.pdf,2074112,Solid Fluid Mechanical Operations,5,1,
Solid mixing – Introduction to solid mixing,Solid fluid,6.40-N-Chemical-Engineering-Sem-III-IV.pdf,2074112,Solid Fluid Mechanical Operations,6,1,
Solid mixing – Introduction to solid mixing,Sedimentation: Batch sedimentation. Kynch,6.40-N-Chemical-Engineering-Sem-III-IV.pdf,2074112,Solid Fluid Mechanical Operations,7,1,
Solid mixing – Introduction to solid mixing,Gas solid separation equipment: Cyclone,6.40-N-Chemical-Engineering-Sem-III-IV.pdf,2074112,Solid Fluid Mechanical Operations,8,1,
Solid mixing – Introduction to solid mixing,Storage of solids: Properties of particulate,6.40-N-Chemical-Engineering-Sem-III-IV.pdf,2074112,Solid Fluid Mechanical Operations,9,1,
Solid mixing – Introduction to solid mixing,"Conveying, of solids: Belt conveyer, bucket",6.40-N-Chemical-Engineering-Sem-III-IV.pdf,2074112,Solid Fluid Mechanical Operations,10,1,
Mixing equipment for cohesive solids,Mixers for free flowing solids: Ribbon,6.40-N-Chemical-Engineering-Sem-III-IV.pdf,2074112,Solid Fluid Mechanical Operations,1,1,
Mixing equipment for cohesive solids,Flow of a single fluid through a packed bed,6.40-N-Chemical-Engineering-Sem-III-IV.pdf,2074112,Solid Fluid Mechanical Operations,2,1,
Mixing equipment for cohesive solids,Ergun’s equation,6.40-N-Chemical-Engineering-Sem-III-IV.pdf,2074112,Solid Fluid Mechanical Operations,3,1,
Mixing equipment for cohesive solids,Fluidization: conditions for fluidization,6.40-N-Chemical-Engineering-Sem-III-IV.pdf,2074112,Solid Fluid Mechanical Operations,4,1,
Mixing equipment for cohesive solids,Solid fluid,6.40-N-Chemical-Engineering-Sem-III-IV.pdf,2074112,Solid Fluid Mechanical Operations,5,1,
Mixing equipment for cohesive solids,Sedimentation: Batch sedimentation. Kynch,6.40-N-Chemical-Engineering-Sem-III-IV.pdf,2074112,Solid Fluid Mechanical Operations,6,1,
Mixing equipment for cohesive solids,Gas solid separation equipment: Cyclone,6.40-N-Chemical-Engineering-Sem-III-IV.pdf,2074112,Solid Fluid Mechanical Operations,7,1,
Mixing equipment for cohesive solids,Storage of solids: Properties of particulate,6.40-N-Chemical-Engineering-Sem-III-IV.pdf,2074112,Solid Fluid Mechanical Operations,8,1,
Mixing equipment for cohesive solids,"Conveying, of solids: Belt conveyer, bucket",6.40-N-Chemical-Engineering-Sem-III-IV.pdf,2074112,Solid Fluid Mechanical Operations,9,1,
Mixers for free flowing solids: Ribbon,Flow of a single fluid through a packed bed,6.40-N-Chemical-Engineering-Sem-III-IV.pdf,2074112,Solid Fluid Mechanical Operations,1,1,
Mixers for free flowing solids: Ribbon,Ergun’s equation,6.40-N-Chemical-Engineering-Sem-III-IV.pdf,2074112,Solid Fluid Mechanical Operations,2,1,
Mixers for free flowing solids: Ribbon,Fluidization: conditions for fluidization,6.40-N-Chemical-Engineering-Sem-III-IV.pdf,2074112,Solid Fluid Mechanical Operations,3,1,
Mixers for free flowing solids: Ribbon,Solid fluid,6.40-N-Chemical-Engineering-Sem-III-IV.pdf,2074112,Solid Fluid Mechanical Operations,4,1,
Mixers for free flowing solids: Ribbon,Sedimentation: Batch sedimentation. Kynch,6.40-N-Chemical-Engineering-Sem-III-IV.pdf,2074112,Solid Fluid Mechanical Operations,5,1,
Mixers for free flowing solids: Ribbon,Gas solid separation equipment: Cyclone,6.40-N-Chemical-Engineering-Sem-III-IV.pdf,2074112,Solid Fluid Mechanical Operations,6,1,
Mixers for free flowing solids: Ribbon,Storage of solids: Properties of particulate,6.40-N-Chemical-Engineering-Sem-III-IV.pdf,2074112,Solid Fluid Mechanical Operations,7,1,
Mixers for free flowing solids: Ribbon,"Conveying, of solids: Belt conveyer, bucket",6.40-N-Chemical-Engineering-Sem-III-IV.pdf,2074112,Solid Fluid Mechanical Operations,8,1,
Flow of a single fluid through a packed bed,Ergun’s equation,6.40-N-Chemical-Engineering-Sem-III-IV.pdf,2074112,Solid Fluid Mechanical Operations,1,1,
Flow of a single fluid through a packed bed,Fluidization: conditions for fluidization,6.40-N-Chemical-Engineering-Sem-III-IV.pdf,2074112,Solid Fluid Mechanical Operations,2,1,
Flow of a single fluid through a packed bed,Solid fluid,6.40-N-Chemical-Engineering-Sem-III-IV.pdf,2074112,Solid Fluid Mechanical Operations,3,1,
Flow of a single fluid through a packed bed,Sedimentation: Batch sedimentation. Kynch,6.40-N-Chemical-Engineering-Sem-III-IV.pdf,2074112,Solid Fluid Mechanical Operations,4,1,
Flow of a single fluid through a packed bed,Gas solid separation equipment: Cyclone,6.40-N-Chemical-Engineering-Sem-III-IV.pdf,2074112,Solid Fluid Mechanical Operations,5,1,
Flow of a single fluid through a packed bed,Storage of solids: Properties of particulate,6.40-N-Chemical-Engineering-Sem-III-IV.pdf,2074112,Solid Fluid Mechanical Operations,6,1,
Flow of a single fluid through a packed bed,"Conveying, of solids: Belt conveyer, bucket",6.40-N-Chemical-Engineering-Sem-III-IV.pdf,2074112,Solid Fluid Mechanical Operations,7,1,
Ergun’s equation,Fluidization: conditions for fluidization,6.40-N-Chemical-Engineering-Sem-III-IV.pdf,2074112,Solid Fluid Mechanical Operations,1,1,
Ergun’s equation,Solid fluid,6.40-N-Chemical-Engineering-Sem-III-IV.pdf,2074112,Solid Fluid Mechanical Operations,2,1,
Ergun’s equation,Sedimentation: Batch sedimentation. Kynch,6.40-N-Chemical-Engineering-Sem-III-IV.pdf,2074112,Solid Fluid Mechanical Operations,3,1,
Ergun’s equation,Gas solid separation equipment: Cyclone,6.40-N-Chemical-Engineering-Sem-III-IV.pdf,2074112,Solid Fluid Mechanical Operations,4,1,
Ergun’s equation,Storage of solids: Properties of particulate,6.40-N-Chemical-Engineering-Sem-III-IV.pdf,2074112,Solid Fluid Mechanical Operations,5,1,
Ergun’s equation,"Conveying, of solids: Belt conveyer, bucket",6.40-N-Chemical-Engineering-Sem-III-IV.pdf,2074112,Solid Fluid Mechanical Operations,6,1,
Fluidization: conditions for fluidization,Solid fluid,6.40-N-Chemical-Engineering-Sem-III-IV.pdf,2074112,Solid Fluid Mechanical Operations,1,1,
Fluidization: conditions for fluidization,Sedimentation: Batch sedimentation. Kynch,6.40-N-Chemical-Engineering-Sem-III-IV.pdf,2074112,Solid Fluid Mechanical Operations,2,1,
Fluidization: conditions for fluidization,Gas solid separation equipment: Cyclone,6.40-N-Chemical-Engineering-Sem-III-IV.pdf,2074112,Solid Fluid Mechanical Operations,3,1,
Fluidization: conditions for fluidization,Storage of solids: Properties of particulate,6.40-N-Chemical-Engineering-Sem-III-IV.pdf,2074112,Solid Fluid Mechanical Operations,4,1,
Fluidization: conditions for fluidization,"Conveying, of solids: Belt conveyer, bucket",6.40-N-Chemical-Engineering-Sem-III-IV.pdf,2074112,Solid Fluid Mechanical Operations,5,1,
Solid fluid,Sedimentation: Batch sedimentation. Kynch,6.40-N-Chemical-Engineering-Sem-III-IV.pdf,2074112,Solid Fluid Mechanical Operations,1,1,
Solid fluid,Gas solid separation equipment: Cyclone,6.40-N-Chemical-Engineering-Sem-III-IV.pdf,2074112,Solid Fluid Mechanical Operations,2,1,
Solid fluid,Storage of solids: Properties of particulate,6.40-N-Chemical-Engineering-Sem-III-IV.pdf,2074112,Solid Fluid Mechanical Operations,3,1,
Solid fluid,"Conveying, of solids: Belt conveyer, bucket",6.40-N-Chemical-Engineering-Sem-III-IV.pdf,2074112,Solid Fluid Mechanical Operations,4,1,
Sedimentation: Batch sedimentation. Kynch,Gas solid separation equipment: Cyclone,6.40-N-Chemical-Engineering-Sem-III-IV.pdf,2074112,Solid Fluid Mechanical Operations,1,1,
Sedimentation: Batch sedimentation. Kynch,Storage of solids: Properties of particulate,6.40-N-Chemical-Engineering-Sem-III-IV.pdf,2074112,Solid Fluid Mechanical Operations,2,1,
Sedimentation: Batch sedimentation. Kynch,"Conveying, of solids: Belt conveyer, bucket",6.40-N-Chemical-Engineering-Sem-III-IV.pdf,2074112,Solid Fluid Mechanical Operations,3,1,
Gas solid separation equipment: Cyclone,Storage of solids: Properties of particulate,6.40-N-Chemical-Engineering-Sem-III-IV.pdf,2074112,Solid Fluid Mechanical Operations,1,1,
Gas solid separation equipment: Cyclone,"Conveying, of solids: Belt conveyer, bucket",6.40-N-Chemical-Engineering-Sem-III-IV.pdf,2074112,Solid Fluid Mechanical Operations,2,1,
Storage of solids: Properties of particulate,"Conveying, of solids: Belt conveyer, bucket",6.40-N-Chemical-Engineering-Sem-III-IV.pdf,2074112,Solid Fluid Mechanical Operations,1,1,
Cayley-Hamilton,Linear Algebra (Theory of Matrices) verification and reduction of higher degree polynomials,6.41N-A-I-AI-DS-Sem-III-IV.pdf,2483111,Mathematics for Computer Engineering,1,1,
Cayley-Hamilton,Similarity of matrices,6.41N-A-I-AI-DS-Sem-III-IV.pdf,2483111,Mathematics for Computer Engineering,2,1,
Cayley-Hamilton,Quadratic forms,6.41N-A-I-AI-DS-Sem-III-IV.pdf,2483111,Mathematics for Computer Engineering,3,1,
Cayley-Hamilton,Linear and Non-Linear Programming Problems,6.41N-A-I-AI-DS-Sem-III-IV.pdf,2483111,Mathematics for Computer Engineering,4,1,
Cayley-Hamilton,Types of solutions,6.41N-A-I-AI-DS-Sem-III-IV.pdf,2483111,Mathematics for Computer Engineering,5,1,
Cayley-Hamilton,Standard and Canonical of LPP,6.41N-A-I-AI-DS-Sem-III-IV.pdf,2483111,Mathematics for Computer Engineering,6,1,
Cayley-Hamilton,Basic and Feasible solutions,6.41N-A-I-AI-DS-Sem-III-IV.pdf,2483111,Mathematics for Computer Engineering,7,1,
Cayley-Hamilton,Simplex method,6.41N-A-I-AI-DS-Sem-III-IV.pdf,2483111,Mathematics for Computer Engineering,8,1,
Cayley-Hamilton,Artificial variables,6.41N-A-I-AI-DS-Sem-III-IV.pdf,2483111,Mathematics for Computer Engineering,9,1,
Cayley-Hamilton,Kuhn-Tucker conditions,6.41N-A-I-AI-DS-Sem-III-IV.pdf,2483111,Mathematics for Computer Engineering,10,1,
Cayley-Hamilton,Introduction to Congruence,6.41N-A-I-AI-DS-Sem-III-IV.pdf,2483111,Mathematics for Computer Engineering,11,1,
Cayley-Hamilton,Linear congruence,6.41N-A-I-AI-DS-Sem-III-IV.pdf,2483111,Mathematics for Computer Engineering,12,1,
Cayley-Hamilton,Application of congruence-RSA algorithm,6.41N-A-I-AI-DS-Sem-III-IV.pdf,2483111,Mathematics for Computer Engineering,13,1,
Cayley-Hamilton,Dirichlet’s conditions,6.41N-A-I-AI-DS-Sem-III-IV.pdf,2483111,Mathematics for Computer Engineering,14,1,
Linear Algebra (Theory of Matrices) verification and reduction of higher degree polynomials,Similarity of matrices,6.41N-A-I-AI-DS-Sem-III-IV.pdf,2483111,Mathematics for Computer Engineering,1,1,
Linear Algebra (Theory of Matrices) verification and reduction of higher degree polynomials,Quadratic forms,6.41N-A-I-AI-DS-Sem-III-IV.pdf,2483111,Mathematics for Computer Engineering,2,1,
Linear Algebra (Theory of Matrices) verification and reduction of higher degree polynomials,Linear and Non-Linear Programming Problems,6.41N-A-I-AI-DS-Sem-III-IV.pdf,2483111,Mathematics for Computer Engineering,3,1,
Linear Algebra (Theory of Matrices) verification and reduction of higher degree polynomials,Types of solutions,6.41N-A-I-AI-DS-Sem-III-IV.pdf,2483111,Mathematics for Computer Engineering,4,1,
Linear Algebra (Theory of Matrices) verification and reduction of higher degree polynomials,Standard and Canonical of LPP,6.41N-A-I-AI-DS-Sem-III-IV.pdf,2483111,Mathematics for Computer Engineering,5,1,
Linear Algebra (Theory of Matrices) verification and reduction of higher degree polynomials,Basic and Feasible solutions,6.41N-A-I-AI-DS-Sem-III-IV.pdf,2483111,Mathematics for Computer Engineering,6,1,
Linear Algebra (Theory of Matrices) verification and reduction of higher degree polynomials,Simplex method,6.41N-A-I-AI-DS-Sem-III-IV.pdf,2483111,Mathematics for Computer Engineering,7,1,
Linear Algebra (Theory of Matrices) verification and reduction of higher degree polynomials,Artificial variables,6.41N-A-I-AI-DS-Sem-III-IV.pdf,2483111,Mathematics for Computer Engineering,8,1,
Linear Algebra (Theory of Matrices) verification and reduction of higher degree polynomials,Kuhn-Tucker conditions,6.41N-A-I-AI-DS-Sem-III-IV.pdf,2483111,Mathematics for Computer Engineering,9,1,
Linear Algebra (Theory of Matrices) verification and reduction of higher degree polynomials,Introduction to Congruence,6.41N-A-I-AI-DS-Sem-III-IV.pdf,2483111,Mathematics for Computer Engineering,10,1,
Linear Algebra (Theory of Matrices) verification and reduction of higher degree polynomials,Linear congruence,6.41N-A-I-AI-DS-Sem-III-IV.pdf,2483111,Mathematics for Computer Engineering,11,1,
Linear Algebra (Theory of Matrices) verification and reduction of higher degree polynomials,Application of congruence-RSA algorithm,6.41N-A-I-AI-DS-Sem-III-IV.pdf,2483111,Mathematics for Computer Engineering,12,1,
Linear Algebra (Theory of Matrices) verification and reduction of higher degree polynomials,Dirichlet’s conditions,6.41N-A-I-AI-DS-Sem-III-IV.pdf,2483111,Mathematics for Computer Engineering,13,1,
Linear Algebra (Theory of Matrices) verification and reduction of higher degree polynomials,Fourier series of periodic,6.41N-A-I-AI-DS-Sem-III-IV.pdf,2483111,Mathematics for Computer Engineering,14,1,
Similarity of matrices,Quadratic forms,6.41N-A-I-AI-DS-Sem-III-IV.pdf,2483111,Mathematics for Computer Engineering,1,1,
Similarity of matrices,Linear and Non-Linear Programming Problems,6.41N-A-I-AI-DS-Sem-III-IV.pdf,2483111,Mathematics for Computer Engineering,2,1,
Similarity of matrices,Types of solutions,6.41N-A-I-AI-DS-Sem-III-IV.pdf,2483111,Mathematics for Computer Engineering,3,1,
Similarity of matrices,Standard and Canonical of LPP,6.41N-A-I-AI-DS-Sem-III-IV.pdf,2483111,Mathematics for Computer Engineering,4,1,
Similarity of matrices,Basic and Feasible solutions,6.41N-A-I-AI-DS-Sem-III-IV.pdf,2483111,Mathematics for Computer Engineering,5,1,
Similarity of matrices,Simplex method,6.41N-A-I-AI-DS-Sem-III-IV.pdf,2483111,Mathematics for Computer Engineering,6,1,
Similarity of matrices,Artificial variables,6.41N-A-I-AI-DS-Sem-III-IV.pdf,2483111,Mathematics for Computer Engineering,7,1,
Similarity of matrices,Kuhn-Tucker conditions,6.41N-A-I-AI-DS-Sem-III-IV.pdf,2483111,Mathematics for Computer Engineering,8,1,
Similarity of matrices,Introduction to Congruence,6.41N-A-I-AI-DS-Sem-III-IV.pdf,2483111,Mathematics for Computer Engineering,9,1,
Similarity of matrices,Linear congruence,6.41N-A-I-AI-DS-Sem-III-IV.pdf,2483111,Mathematics for Computer Engineering,10,1,
Similarity of matrices,Application of congruence-RSA algorithm,6.41N-A-I-AI-DS-Sem-III-IV.pdf,2483111,Mathematics for Computer Engineering,11,1,
Similarity of matrices,Dirichlet’s conditions,6.41N-A-I-AI-DS-Sem-III-IV.pdf,2483111,Mathematics for Computer Engineering,12,1,
Similarity of matrices,Fourier series of periodic,6.41N-A-I-AI-DS-Sem-III-IV.pdf,2483111,Mathematics for Computer Engineering,13,1,
Similarity of matrices,Fourier series of even and odd functions,6.41N-A-I-AI-DS-Sem-III-IV.pdf,2483111,Mathematics for Computer Engineering,14,1,
Quadratic forms,Linear and Non-Linear Programming Problems,6.41N-A-I-AI-DS-Sem-III-IV.pdf,2483111,Mathematics for Computer Engineering,1,1,
Quadratic forms,Types of solutions,6.41N-A-I-AI-DS-Sem-III-IV.pdf,2483111,Mathematics for Computer Engineering,2,1,
Quadratic forms,Standard and Canonical of LPP,6.41N-A-I-AI-DS-Sem-III-IV.pdf,2483111,Mathematics for Computer Engineering,3,1,
Quadratic forms,Basic and Feasible solutions,6.41N-A-I-AI-DS-Sem-III-IV.pdf,2483111,Mathematics for Computer Engineering,4,1,
Quadratic forms,Simplex method,6.41N-A-I-AI-DS-Sem-III-IV.pdf,2483111,Mathematics for Computer Engineering,5,1,
Quadratic forms,Artificial variables,6.41N-A-I-AI-DS-Sem-III-IV.pdf,2483111,Mathematics for Computer Engineering,6,1,
Quadratic forms,Kuhn-Tucker conditions,6.41N-A-I-AI-DS-Sem-III-IV.pdf,2483111,Mathematics for Computer Engineering,7,1,
Quadratic forms,Introduction to Congruence,6.41N-A-I-AI-DS-Sem-III-IV.pdf,2483111,Mathematics for Computer Engineering,8,1,
Quadratic forms,Linear congruence,6.41N-A-I-AI-DS-Sem-III-IV.pdf,2483111,Mathematics for Computer Engineering,9,1,
Quadratic forms,Application of congruence-RSA algorithm,6.41N-A-I-AI-DS-Sem-III-IV.pdf,2483111,Mathematics for Computer Engineering,10,1,
Quadratic forms,Dirichlet’s conditions,6.41N-A-I-AI-DS-Sem-III-IV.pdf,2483111,Mathematics for Computer Engineering,11,1,
Quadratic forms,Fourier series of periodic,6.41N-A-I-AI-DS-Sem-III-IV.pdf,2483111,Mathematics for Computer Engineering,12,1,
Quadratic forms,Fourier series of even and odd functions,6.41N-A-I-AI-DS-Sem-III-IV.pdf,2483111,Mathematics for Computer Engineering,13,1,
Quadratic forms,Complex form of Fourier Series,6.41N-A-I-AI-DS-Sem-III-IV.pdf,2483111,Mathematics for Computer Engineering,14,1,
Linear and Non-Linear Programming Problems,Types of solutions,6.41N-A-I-AI-DS-Sem-III-IV.pdf,2483111,Mathematics for Computer Engineering,1,1,
Linear and Non-Linear Programming Problems,Standard and Canonical of LPP,6.41N-A-I-AI-DS-Sem-III-IV.pdf,2483111,Mathematics for Computer Engineering,2,1,
Linear and Non-Linear Programming Problems,Basic and Feasible solutions,6.41N-A-I-AI-DS-Sem-III-IV.pdf,2483111,Mathematics for Computer Engineering,3,1,
Linear and Non-Linear Programming Problems,Simplex method,6.41N-A-I-AI-DS-Sem-III-IV.pdf,2483111,Mathematics for Computer Engineering,4,1,
Linear and Non-Linear Programming Problems,Artificial variables,6.41N-A-I-AI-DS-Sem-III-IV.pdf,2483111,Mathematics for Computer Engineering,5,1,
Linear and Non-Linear Programming Problems,Kuhn-Tucker conditions,6.41N-A-I-AI-DS-Sem-III-IV.pdf,2483111,Mathematics for Computer Engineering,6,1,
Linear and Non-Linear Programming Problems,Introduction to Congruence,6.41N-A-I-AI-DS-Sem-III-IV.pdf,2483111,Mathematics for Computer Engineering,7,1,
Linear and Non-Linear Programming Problems,Linear congruence,6.41N-A-I-AI-DS-Sem-III-IV.pdf,2483111,Mathematics for Computer Engineering,8,1,
Linear and Non-Linear Programming Problems,Application of congruence-RSA algorithm,6.41N-A-I-AI-DS-Sem-III-IV.pdf,2483111,Mathematics for Computer Engineering,9,1,
Linear and Non-Linear Programming Problems,Dirichlet’s conditions,6.41N-A-I-AI-DS-Sem-III-IV.pdf,2483111,Mathematics for Computer Engineering,10,1,
Linear and Non-Linear Programming Problems,Fourier series of periodic,6.41N-A-I-AI-DS-Sem-III-IV.pdf,2483111,Mathematics for Computer Engineering,11,1,
Linear and Non-Linear Programming Problems,Fourier series of even and odd functions,6.41N-A-I-AI-DS-Sem-III-IV.pdf,2483111,Mathematics for Computer Engineering,12,1,
Linear and Non-Linear Programming Problems,Complex form of Fourier Series,6.41N-A-I-AI-DS-Sem-III-IV.pdf,2483111,Mathematics for Computer Engineering,13,1,
Linear and Non-Linear Programming Problems,Lines of regression,6.41N-A-I-AI-DS-Sem-III-IV.pdf,2483111,Mathematics for Computer Engineering,14,1,
Types of solutions,Standard and Canonical of LPP,6.41N-A-I-AI-DS-Sem-III-IV.pdf,2483111,Mathematics for Computer Engineering,1,1,
Types of solutions,Basic and Feasible solutions,6.41N-A-I-AI-DS-Sem-III-IV.pdf,2483111,Mathematics for Computer Engineering,2,1,
Types of solutions,Simplex method,6.41N-A-I-AI-DS-Sem-III-IV.pdf,2483111,Mathematics for Computer Engineering,3,1,
Types of solutions,Artificial variables,6.41N-A-I-AI-DS-Sem-III-IV.pdf,2483111,Mathematics for Computer Engineering,4,1,
Types of solutions,Kuhn-Tucker conditions,6.41N-A-I-AI-DS-Sem-III-IV.pdf,2483111,Mathematics for Computer Engineering,5,1,
Types of solutions,Introduction to Congruence,6.41N-A-I-AI-DS-Sem-III-IV.pdf,2483111,Mathematics for Computer Engineering,6,1,
Types of solutions,Linear congruence,6.41N-A-I-AI-DS-Sem-III-IV.pdf,2483111,Mathematics for Computer Engineering,7,1,
Types of solutions,Application of congruence-RSA algorithm,6.41N-A-I-AI-DS-Sem-III-IV.pdf,2483111,Mathematics for Computer Engineering,8,1,
Types of solutions,Dirichlet’s conditions,6.41N-A-I-AI-DS-Sem-III-IV.pdf,2483111,Mathematics for Computer Engineering,9,1,
Types of solutions,Fourier series of periodic,6.41N-A-I-AI-DS-Sem-III-IV.pdf,2483111,Mathematics for Computer Engineering,10,1,
Types of solutions,Fourier series of even and odd functions,6.41N-A-I-AI-DS-Sem-III-IV.pdf,2483111,Mathematics for Computer Engineering,11,1,
Types of solutions,Complex form of Fourier Series,6.41N-A-I-AI-DS-Sem-III-IV.pdf,2483111,Mathematics for Computer Engineering,12,1,
Types of solutions,Lines of regression,6.41N-A-I-AI-DS-Sem-III-IV.pdf,2483111,Mathematics for Computer Engineering,13,1,
Types of solutions,Moment generating function,6.41N-A-I-AI-DS-Sem-III-IV.pdf,2483111,Mathematics for Computer Engineering,14,1,
Standard and Canonical of LPP,Basic and Feasible solutions,6.41N-A-I-AI-DS-Sem-III-IV.pdf,2483111,Mathematics for Computer Engineering,1,1,
Standard and Canonical of LPP,Simplex method,6.41N-A-I-AI-DS-Sem-III-IV.pdf,2483111,Mathematics for Computer Engineering,2,1,
Standard and Canonical of LPP,Artificial variables,6.41N-A-I-AI-DS-Sem-III-IV.pdf,2483111,Mathematics for Computer Engineering,3,1,
Standard and Canonical of LPP,Kuhn-Tucker conditions,6.41N-A-I-AI-DS-Sem-III-IV.pdf,2483111,Mathematics for Computer Engineering,4,1,
Standard and Canonical of LPP,Introduction to Congruence,6.41N-A-I-AI-DS-Sem-III-IV.pdf,2483111,Mathematics for Computer Engineering,5,1,
Standard and Canonical of LPP,Linear congruence,6.41N-A-I-AI-DS-Sem-III-IV.pdf,2483111,Mathematics for Computer Engineering,6,1,
Standard and Canonical of LPP,Application of congruence-RSA algorithm,6.41N-A-I-AI-DS-Sem-III-IV.pdf,2483111,Mathematics for Computer Engineering,7,1,
Standard and Canonical of LPP,Dirichlet’s conditions,6.41N-A-I-AI-DS-Sem-III-IV.pdf,2483111,Mathematics for Computer Engineering,8,1,
Standard and Canonical of LPP,Fourier series of periodic,6.41N-A-I-AI-DS-Sem-III-IV.pdf,2483111,Mathematics for Computer Engineering,9,1,
Standard and Canonical of LPP,Fourier series of even and odd functions,6.41N-A-I-AI-DS-Sem-III-IV.pdf,2483111,Mathematics for Computer Engineering,10,1,
Standard and Canonical of LPP,Complex form of Fourier Series,6.41N-A-I-AI-DS-Sem-III-IV.pdf,2483111,Mathematics for Computer Engineering,11,1,
Standard and Canonical of LPP,Lines of regression,6.41N-A-I-AI-DS-Sem-III-IV.pdf,2483111,Mathematics for Computer Engineering,12,1,
Standard and Canonical of LPP,Moment generating function,6.41N-A-I-AI-DS-Sem-III-IV.pdf,2483111,Mathematics for Computer Engineering,13,1,
Standard and Canonical of LPP,Raw moments,6.41N-A-I-AI-DS-Sem-III-IV.pdf,2483111,Mathematics for Computer Engineering,14,1,
Basic and Feasible solutions,Simplex method,6.41N-A-I-AI-DS-Sem-III-IV.pdf,2483111,Mathematics for Computer Engineering,1,1,
Basic and Feasible solutions,Artificial variables,6.41N-A-I-AI-DS-Sem-III-IV.pdf,2483111,Mathematics for Computer Engineering,2,1,
Basic and Feasible solutions,Kuhn-Tucker conditions,6.41N-A-I-AI-DS-Sem-III-IV.pdf,2483111,Mathematics for Computer Engineering,3,1,
Basic and Feasible solutions,Introduction to Congruence,6.41N-A-I-AI-DS-Sem-III-IV.pdf,2483111,Mathematics for Computer Engineering,4,1,
Basic and Feasible solutions,Linear congruence,6.41N-A-I-AI-DS-Sem-III-IV.pdf,2483111,Mathematics for Computer Engineering,5,1,
Basic and Feasible solutions,Application of congruence-RSA algorithm,6.41N-A-I-AI-DS-Sem-III-IV.pdf,2483111,Mathematics for Computer Engineering,6,1,
Basic and Feasible solutions,Dirichlet’s conditions,6.41N-A-I-AI-DS-Sem-III-IV.pdf,2483111,Mathematics for Computer Engineering,7,1,
Basic and Feasible solutions,Fourier series of periodic,6.41N-A-I-AI-DS-Sem-III-IV.pdf,2483111,Mathematics for Computer Engineering,8,1,
Basic and Feasible solutions,Fourier series of even and odd functions,6.41N-A-I-AI-DS-Sem-III-IV.pdf,2483111,Mathematics for Computer Engineering,9,1,
Basic and Feasible solutions,Complex form of Fourier Series,6.41N-A-I-AI-DS-Sem-III-IV.pdf,2483111,Mathematics for Computer Engineering,10,1,
Basic and Feasible solutions,Lines of regression,6.41N-A-I-AI-DS-Sem-III-IV.pdf,2483111,Mathematics for Computer Engineering,11,1,
Basic and Feasible solutions,Moment generating function,6.41N-A-I-AI-DS-Sem-III-IV.pdf,2483111,Mathematics for Computer Engineering,12,1,
Basic and Feasible solutions,Raw moments,6.41N-A-I-AI-DS-Sem-III-IV.pdf,2483111,Mathematics for Computer Engineering,13,1,
Simplex method,Artificial variables,6.41N-A-I-AI-DS-Sem-III-IV.pdf,2483111,Mathematics for Computer Engineering,1,1,
Simplex method,Kuhn-Tucker conditions,6.41N-A-I-AI-DS-Sem-III-IV.pdf,2483111,Mathematics for Computer Engineering,2,1,
Simplex method,Introduction to Congruence,6.41N-A-I-AI-DS-Sem-III-IV.pdf,2483111,Mathematics for Computer Engineering,3,1,
Simplex method,Linear congruence,6.41N-A-I-AI-DS-Sem-III-IV.pdf,2483111,Mathematics for Computer Engineering,4,1,
Simplex method,Application of congruence-RSA algorithm,6.41N-A-I-AI-DS-Sem-III-IV.pdf,2483111,Mathematics for Computer Engineering,5,1,
Simplex method,Dirichlet’s conditions,6.41N-A-I-AI-DS-Sem-III-IV.pdf,2483111,Mathematics for Computer Engineering,6,1,
Simplex method,Fourier series of periodic,6.41N-A-I-AI-DS-Sem-III-IV.pdf,2483111,Mathematics for Computer Engineering,7,1,
Simplex method,Fourier series of even and odd functions,6.41N-A-I-AI-DS-Sem-III-IV.pdf,2483111,Mathematics for Computer Engineering,8,1,
Simplex method,Complex form of Fourier Series,6.41N-A-I-AI-DS-Sem-III-IV.pdf,2483111,Mathematics for Computer Engineering,9,1,
Simplex method,Lines of regression,6.41N-A-I-AI-DS-Sem-III-IV.pdf,2483111,Mathematics for Computer Engineering,10,1,
Simplex method,Moment generating function,6.41N-A-I-AI-DS-Sem-III-IV.pdf,2483111,Mathematics for Computer Engineering,11,1,
Simplex method,Raw moments,6.41N-A-I-AI-DS-Sem-III-IV.pdf,2483111,Mathematics for Computer Engineering,12,1,
Artificial variables,Kuhn-Tucker conditions,6.41N-A-I-AI-DS-Sem-III-IV.pdf,2483111,Mathematics for Computer Engineering,1,1,
Artificial variables,Introduction to Congruence,6.41N-A-I-AI-DS-Sem-III-IV.pdf,2483111,Mathematics for Computer Engineering,2,1,
Artificial variables,Linear congruence,6.41N-A-I-AI-DS-Sem-III-IV.pdf,2483111,Mathematics for Computer Engineering,3,1,
Artificial variables,Application of congruence-RSA algorithm,6.41N-A-I-AI-DS-Sem-III-IV.pdf,2483111,Mathematics for Computer Engineering,4,1,
Artificial variables,Dirichlet’s conditions,6.41N-A-I-AI-DS-Sem-III-IV.pdf,2483111,Mathematics for Computer Engineering,5,1,
Artificial variables,Fourier series of periodic,6.41N-A-I-AI-DS-Sem-III-IV.pdf,2483111,Mathematics for Computer Engineering,6,1,
Artificial variables,Fourier series of even and odd functions,6.41N-A-I-AI-DS-Sem-III-IV.pdf,2483111,Mathematics for Computer Engineering,7,1,
Artificial variables,Complex form of Fourier Series,6.41N-A-I-AI-DS-Sem-III-IV.pdf,2483111,Mathematics for Computer Engineering,8,1,
Artificial variables,Lines of regression,6.41N-A-I-AI-DS-Sem-III-IV.pdf,2483111,Mathematics for Computer Engineering,9,1,
Artificial variables,Moment generating function,6.41N-A-I-AI-DS-Sem-III-IV.pdf,2483111,Mathematics for Computer Engineering,10,1,
Artificial variables,Raw moments,6.41N-A-I-AI-DS-Sem-III-IV.pdf,2483111,Mathematics for Computer Engineering,11,1,
Kuhn-Tucker conditions,Introduction to Congruence,6.41N-A-I-AI-DS-Sem-III-IV.pdf,2483111,Mathematics for Computer Engineering,1,1,
Kuhn-Tucker conditions,Linear congruence,6.41N-A-I-AI-DS-Sem-III-IV.pdf,2483111,Mathematics for Computer Engineering,2,1,
Kuhn-Tucker conditions,Application of congruence-RSA algorithm,6.41N-A-I-AI-DS-Sem-III-IV.pdf,2483111,Mathematics for Computer Engineering,3,1,
Kuhn-Tucker conditions,Dirichlet’s conditions,6.41N-A-I-AI-DS-Sem-III-IV.pdf,2483111,Mathematics for Computer Engineering,4,1,
Kuhn-Tucker conditions,Fourier series of periodic,6.41N-A-I-AI-DS-Sem-III-IV.pdf,2483111,Mathematics for Computer Engineering,5,1,
Kuhn-Tucker conditions,Fourier series of even and odd functions,6.41N-A-I-AI-DS-Sem-III-IV.pdf,2483111,Mathematics for Computer Engineering,6,1,
Kuhn-Tucker conditions,Complex form of Fourier Series,6.41N-A-I-AI-DS-Sem-III-IV.pdf,2483111,Mathematics for Computer Engineering,7,1,
Kuhn-Tucker conditions,Lines of regression,6.41N-A-I-AI-DS-Sem-III-IV.pdf,2483111,Mathematics for Computer Engineering,8,1,
Kuhn-Tucker conditions,Moment generating function,6.41N-A-I-AI-DS-Sem-III-IV.pdf,2483111,Mathematics for Computer Engineering,9,1,
Kuhn-Tucker conditions,Raw moments,6.41N-A-I-AI-DS-Sem-III-IV.pdf,2483111,Mathematics for Computer Engineering,10,1,
Introduction to Congruence,Linear congruence,6.41N-A-I-AI-DS-Sem-III-IV.pdf,2483111,Mathematics for Computer Engineering,1,1,
Introduction to Congruence,Application of congruence-RSA algorithm,6.41N-A-I-AI-DS-Sem-III-IV.pdf,2483111,Mathematics for Computer Engineering,2,1,
Introduction to Congruence,Dirichlet’s conditions,6.41N-A-I-AI-DS-Sem-III-IV.pdf,2483111,Mathematics for Computer Engineering,3,1,
Introduction to Congruence,Fourier series of periodic,6.41N-A-I-AI-DS-Sem-III-IV.pdf,2483111,Mathematics for Computer Engineering,4,1,
Introduction to Congruence,Fourier series of even and odd functions,6.41N-A-I-AI-DS-Sem-III-IV.pdf,2483111,Mathematics for Computer Engineering,5,1,
Introduction to Congruence,Complex form of Fourier Series,6.41N-A-I-AI-DS-Sem-III-IV.pdf,2483111,Mathematics for Computer Engineering,6,1,
Introduction to Congruence,Lines of regression,6.41N-A-I-AI-DS-Sem-III-IV.pdf,2483111,Mathematics for Computer Engineering,7,1,
Introduction to Congruence,Moment generating function,6.41N-A-I-AI-DS-Sem-III-IV.pdf,2483111,Mathematics for Computer Engineering,8,1,
Introduction to Congruence,Raw moments,6.41N-A-I-AI-DS-Sem-III-IV.pdf,2483111,Mathematics for Computer Engineering,9,1,
Linear congruence,Application of congruence-RSA algorithm,6.41N-A-I-AI-DS-Sem-III-IV.pdf,2483111,Mathematics for Computer Engineering,1,1,
Linear congruence,Dirichlet’s conditions,6.41N-A-I-AI-DS-Sem-III-IV.pdf,2483111,Mathematics for Computer Engineering,2,1,
Linear congruence,Fourier series of periodic,6.41N-A-I-AI-DS-Sem-III-IV.pdf,2483111,Mathematics for Computer Engineering,3,1,
Linear congruence,Fourier series of even and odd functions,6.41N-A-I-AI-DS-Sem-III-IV.pdf,2483111,Mathematics for Computer Engineering,4,1,
Linear congruence,Complex form of Fourier Series,6.41N-A-I-AI-DS-Sem-III-IV.pdf,2483111,Mathematics for Computer Engineering,5,1,
Linear congruence,Lines of regression,6.41N-A-I-AI-DS-Sem-III-IV.pdf,2483111,Mathematics for Computer Engineering,6,1,
Linear congruence,Moment generating function,6.41N-A-I-AI-DS-Sem-III-IV.pdf,2483111,Mathematics for Computer Engineering,7,1,
Linear congruence,Raw moments,6.41N-A-I-AI-DS-Sem-III-IV.pdf,2483111,Mathematics for Computer Engineering,8,1,
Application of congruence-RSA algorithm,Dirichlet’s conditions,6.41N-A-I-AI-DS-Sem-III-IV.pdf,2483111,Mathematics for Computer Engineering,1,1,
Application of congruence-RSA algorithm,Fourier series of periodic,6.41N-A-I-AI-DS-Sem-III-IV.pdf,2483111,Mathematics for Computer Engineering,2,1,
Application of congruence-RSA algorithm,Fourier series of even and odd functions,6.41N-A-I-AI-DS-Sem-III-IV.pdf,2483111,Mathematics for Computer Engineering,3,1,
Application of congruence-RSA algorithm,Complex form of Fourier Series,6.41N-A-I-AI-DS-Sem-III-IV.pdf,2483111,Mathematics for Computer Engineering,4,1,
Application of congruence-RSA algorithm,Lines of regression,6.41N-A-I-AI-DS-Sem-III-IV.pdf,2483111,Mathematics for Computer Engineering,5,1,
Application of congruence-RSA algorithm,Moment generating function,6.41N-A-I-AI-DS-Sem-III-IV.pdf,2483111,Mathematics for Computer Engineering,6,1,
Application of congruence-RSA algorithm,Raw moments,6.41N-A-I-AI-DS-Sem-III-IV.pdf,2483111,Mathematics for Computer Engineering,7,1,
Dirichlet’s conditions,Fourier series of periodic,6.41N-A-I-AI-DS-Sem-III-IV.pdf,2483111,Mathematics for Computer Engineering,1,1,
Dirichlet’s conditions,Fourier series of even and odd functions,6.41N-A-I-AI-DS-Sem-III-IV.pdf,2483111,Mathematics for Computer Engineering,2,1,
Dirichlet’s conditions,Complex form of Fourier Series,6.41N-A-I-AI-DS-Sem-III-IV.pdf,2483111,Mathematics for Computer Engineering,3,1,
Dirichlet’s conditions,Lines of regression,6.41N-A-I-AI-DS-Sem-III-IV.pdf,2483111,Mathematics for Computer Engineering,4,1,
Dirichlet’s conditions,Moment generating function,6.41N-A-I-AI-DS-Sem-III-IV.pdf,2483111,Mathematics for Computer Engineering,5,1,
Dirichlet’s conditions,Raw moments,6.41N-A-I-AI-DS-Sem-III-IV.pdf,2483111,Mathematics for Computer Engineering,6,1,
Fourier series of periodic,Fourier series of even and odd functions,6.41N-A-I-AI-DS-Sem-III-IV.pdf,2483111,Mathematics for Computer Engineering,1,1,
Fourier series of periodic,Complex form of Fourier Series,6.41N-A-I-AI-DS-Sem-III-IV.pdf,2483111,Mathematics for Computer Engineering,2,1,
Fourier series of periodic,Lines of regression,6.41N-A-I-AI-DS-Sem-III-IV.pdf,2483111,Mathematics for Computer Engineering,3,1,
Fourier series of periodic,Moment generating function,6.41N-A-I-AI-DS-Sem-III-IV.pdf,2483111,Mathematics for Computer Engineering,4,1,
Fourier series of periodic,Raw moments,6.41N-A-I-AI-DS-Sem-III-IV.pdf,2483111,Mathematics for Computer Engineering,5,1,
Fourier series of even and odd functions,Complex form of Fourier Series,6.41N-A-I-AI-DS-Sem-III-IV.pdf,2483111,Mathematics for Computer Engineering,1,1,
Fourier series of even and odd functions,Lines of regression,6.41N-A-I-AI-DS-Sem-III-IV.pdf,2483111,Mathematics for Computer Engineering,2,1,
Fourier series of even and odd functions,Moment generating function,6.41N-A-I-AI-DS-Sem-III-IV.pdf,2483111,Mathematics for Computer Engineering,3,1,
Fourier series of even and odd functions,Raw moments,6.41N-A-I-AI-DS-Sem-III-IV.pdf,2483111,Mathematics for Computer Engineering,4,1,
Complex form of Fourier Series,Lines of regression,6.41N-A-I-AI-DS-Sem-III-IV.pdf,2483111,Mathematics for Computer Engineering,1,1,
Complex form of Fourier Series,Moment generating function,6.41N-A-I-AI-DS-Sem-III-IV.pdf,2483111,Mathematics for Computer Engineering,2,1,
Complex form of Fourier Series,Raw moments,6.41N-A-I-AI-DS-Sem-III-IV.pdf,2483111,Mathematics for Computer Engineering,3,1,
Lines of regression,Moment generating function,6.41N-A-I-AI-DS-Sem-III-IV.pdf,2483111,Mathematics for Computer Engineering,1,1,
Lines of regression,Raw moments,6.41N-A-I-AI-DS-Sem-III-IV.pdf,2483111,Mathematics for Computer Engineering,2,1,
Moment generating function,Raw moments,6.41N-A-I-AI-DS-Sem-III-IV.pdf,2483111,Mathematics for Computer Engineering,1,1,
Regular operations,Arden's theorem,6.41N-A-I-AI-DS-Sem-III-IV.pdf,2484111,Computational,1,1,
Regular operations,Decision properties of RLs,6.41N-A-I-AI-DS-Sem-III-IV.pdf,2484111,Computational,2,1,
Regular operations,Pumping lemma,6.41N-A-I-AI-DS-Sem-III-IV.pdf,2484111,Computational,3,1,
Regular operations,RE in text search and replace,6.41N-A-I-AI-DS-Sem-III-IV.pdf,2484111,Computational,4,1,
Regular operations,Application of Regular,6.41N-A-I-AI-DS-Sem-III-IV.pdf,2484111,Computational,5,1,
Regular operations,Languages in Compiler Design,6.41N-A-I-AI-DS-Sem-III-IV.pdf,2484111,Computational,6,1,
Regular operations,Nondeterministic Finite Automata (NFA): Definitions,6.41N-A-I-AI-DS-Sem-III-IV.pdf,2484111,Computational,7,1,
Regular operations,Equivalence between NFA with and ϵ- transitions,6.41N-A-I-AI-DS-Sem-III-IV.pdf,2484111,Computational,8,1,
Regular operations,Minimization of DFA,6.41N-A-I-AI-DS-Sem-III-IV.pdf,2484111,Computational,9,1,
Arden's theorem,Decision properties of RLs,6.41N-A-I-AI-DS-Sem-III-IV.pdf,2484111,Computational,1,1,
Arden's theorem,Pumping lemma,6.41N-A-I-AI-DS-Sem-III-IV.pdf,2484111,Computational,2,1,
Arden's theorem,RE in text search and replace,6.41N-A-I-AI-DS-Sem-III-IV.pdf,2484111,Computational,3,1,
Arden's theorem,Application of Regular,6.41N-A-I-AI-DS-Sem-III-IV.pdf,2484111,Computational,4,1,
Arden's theorem,Languages in Compiler Design,6.41N-A-I-AI-DS-Sem-III-IV.pdf,2484111,Computational,5,1,
Arden's theorem,Nondeterministic Finite Automata (NFA): Definitions,6.41N-A-I-AI-DS-Sem-III-IV.pdf,2484111,Computational,6,1,
Arden's theorem,Equivalence between NFA with and ϵ- transitions,6.41N-A-I-AI-DS-Sem-III-IV.pdf,2484111,Computational,7,1,
Arden's theorem,Minimization of DFA,6.41N-A-I-AI-DS-Sem-III-IV.pdf,2484111,Computational,8,1,
Decision properties of RLs,Pumping lemma,6.41N-A-I-AI-DS-Sem-III-IV.pdf,2484111,Computational,1,1,
Decision properties of RLs,RE in text search and replace,6.41N-A-I-AI-DS-Sem-III-IV.pdf,2484111,Computational,2,1,
Decision properties of RLs,Application of Regular,6.41N-A-I-AI-DS-Sem-III-IV.pdf,2484111,Computational,3,1,
Decision properties of RLs,Languages in Compiler Design,6.41N-A-I-AI-DS-Sem-III-IV.pdf,2484111,Computational,4,1,
Decision properties of RLs,Nondeterministic Finite Automata (NFA): Definitions,6.41N-A-I-AI-DS-Sem-III-IV.pdf,2484111,Computational,5,1,
Decision properties of RLs,Equivalence between NFA with and ϵ- transitions,6.41N-A-I-AI-DS-Sem-III-IV.pdf,2484111,Computational,6,1,
Decision properties of RLs,Minimization of DFA,6.41N-A-I-AI-DS-Sem-III-IV.pdf,2484111,Computational,7,1,
Pumping lemma,RE in text search and replace,6.41N-A-I-AI-DS-Sem-III-IV.pdf,2484111,Computational,1,1,
Pumping lemma,Application of Regular,6.41N-A-I-AI-DS-Sem-III-IV.pdf,2484111,Computational,2,1,
Pumping lemma,Languages in Compiler Design,6.41N-A-I-AI-DS-Sem-III-IV.pdf,2484111,Computational,3,1,
Pumping lemma,Nondeterministic Finite Automata (NFA): Definitions,6.41N-A-I-AI-DS-Sem-III-IV.pdf,2484111,Computational,4,1,
Pumping lemma,Equivalence between NFA with and ϵ- transitions,6.41N-A-I-AI-DS-Sem-III-IV.pdf,2484111,Computational,5,1,
Pumping lemma,Minimization of DFA,6.41N-A-I-AI-DS-Sem-III-IV.pdf,2484111,Computational,6,1,
RE in text search and replace,Application of Regular,6.41N-A-I-AI-DS-Sem-III-IV.pdf,2484111,Computational,1,1,
RE in text search and replace,Languages in Compiler Design,6.41N-A-I-AI-DS-Sem-III-IV.pdf,2484111,Computational,2,1,
RE in text search and replace,Nondeterministic Finite Automata (NFA): Definitions,6.41N-A-I-AI-DS-Sem-III-IV.pdf,2484111,Computational,3,1,
RE in text search and replace,Equivalence between NFA with and ϵ- transitions,6.41N-A-I-AI-DS-Sem-III-IV.pdf,2484111,Computational,4,1,
RE in text search and replace,Minimization of DFA,6.41N-A-I-AI-DS-Sem-III-IV.pdf,2484111,Computational,5,1,
Application of Regular,Languages in Compiler Design,6.41N-A-I-AI-DS-Sem-III-IV.pdf,2484111,Computational,1,1,
Application of Regular,Nondeterministic Finite Automata (NFA): Definitions,6.41N-A-I-AI-DS-Sem-III-IV.pdf,2484111,Computational,2,1,
Application of Regular,Equivalence between NFA with and ϵ- transitions,6.41N-A-I-AI-DS-Sem-III-IV.pdf,2484111,Computational,3,1,
Application of Regular,Minimization of DFA,6.41N-A-I-AI-DS-Sem-III-IV.pdf,2484111,Computational,4,1,
Languages in Compiler Design,Nondeterministic Finite Automata (NFA): Definitions,6.41N-A-I-AI-DS-Sem-III-IV.pdf,2484111,Computational,1,1,
Languages in Compiler Design,Equivalence between NFA with and ϵ- transitions,6.41N-A-I-AI-DS-Sem-III-IV.pdf,2484111,Computational,2,1,
Languages in Compiler Design,Minimization of DFA,6.41N-A-I-AI-DS-Sem-III-IV.pdf,2484111,Computational,3,1,
Nondeterministic Finite Automata (NFA): Definitions,Equivalence between NFA with and ϵ- transitions,6.41N-A-I-AI-DS-Sem-III-IV.pdf,2484111,Computational,1,1,
Nondeterministic Finite Automata (NFA): Definitions,Minimization of DFA,6.41N-A-I-AI-DS-Sem-III-IV.pdf,2484111,Computational,2,1,
Equivalence between NFA with and ϵ- transitions,Minimization of DFA,6.41N-A-I-AI-DS-Sem-III-IV.pdf,2484111,Computational,1,1,
"Definition of Laplace transform, Condition of Existence of Laplace","Properties of Laplace Transform: Linearity, First Shifting theorem",6.44-N-B.E.-Mecanical-Automation-Engineering-Sem-III-IV.pdf,2393111,Engineering Mathematics-III,1,1,
"Definition of Laplace transform, Condition of Existence of Laplace","Function, Second Shifting Theorem",6.44-N-B.E.-Mecanical-Automation-Engineering-Sem-III-IV.pdf,2393111,Engineering Mathematics-III,2,1,
"Definition of Laplace transform, Condition of Existence of Laplace","Inverse Laplace Transform, Linearity property, use of standard",6.44-N-B.E.-Mecanical-Automation-Engineering-Sem-III-IV.pdf,2393111,Engineering Mathematics-III,3,1,
"Definition of Laplace transform, Condition of Existence of Laplace",Laplace transform using derivative,6.44-N-B.E.-Mecanical-Automation-Engineering-Sem-III-IV.pdf,2393111,Engineering Mathematics-III,4,1,
"Definition of Laplace transform, Condition of Existence of Laplace",Partial fractions method & first shift property to find inverse Laplace,6.44-N-B.E.-Mecanical-Automation-Engineering-Sem-III-IV.pdf,2393111,Engineering Mathematics-III,5,1,
"Definition of Laplace transform, Condition of Existence of Laplace",Inverse Laplace transform using Convolution theorem (without,6.44-N-B.E.-Mecanical-Automation-Engineering-Sem-III-IV.pdf,2393111,Engineering Mathematics-III,6,1,
"Definition of Laplace transform, Condition of Existence of Laplace",Module: Fourier Series,6.44-N-B.E.-Mecanical-Automation-Engineering-Sem-III-IV.pdf,2393111,Engineering Mathematics-III,7,1,
"Definition of Laplace transform, Condition of Existence of Laplace","Dirichlet’s conditions, Definition of Fourier series",6.44-N-B.E.-Mecanical-Automation-Engineering-Sem-III-IV.pdf,2393111,Engineering Mathematics-III,8,1,
"Definition of Laplace transform, Condition of Existence of Laplace",Fourier series of periodic function with period 2π and 2l (No,6.44-N-B.E.-Mecanical-Automation-Engineering-Sem-III-IV.pdf,2393111,Engineering Mathematics-III,9,1,
"Definition of Laplace transform, Condition of Existence of Laplace",Fourier series of e ve n and odd functions. (No question should be,6.44-N-B.E.-Mecanical-Automation-Engineering-Sem-III-IV.pdf,2393111,Engineering Mathematics-III,10,1,
"Definition of Laplace transform, Condition of Existence of Laplace",Half range Sine and Cosine Series,6.44-N-B.E.-Mecanical-Automation-Engineering-Sem-III-IV.pdf,2393111,Engineering Mathematics-III,11,1,
"Definition of Laplace transform, Condition of Existence of Laplace","Analytic function, necessary and sufficient conditions for f(z) to be",6.44-N-B.E.-Mecanical-Automation-Engineering-Sem-III-IV.pdf,2393111,Engineering Mathematics-III,12,1,
"Definition of Laplace transform, Condition of Existence of Laplace",Riemann equations in cartesian coordinates,6.44-N-B.E.-Mecanical-Automation-Engineering-Sem-III-IV.pdf,2393111,Engineering Mathematics-III,13,1,
"Definition of Laplace transform, Condition of Existence of Laplace","Harmonic function, Harmonic conjugate",6.44-N-B.E.-Mecanical-Automation-Engineering-Sem-III-IV.pdf,2393111,Engineering Mathematics-III,14,1,
"Properties of Laplace Transform: Linearity, First Shifting theorem","Function, Second Shifting Theorem",6.44-N-B.E.-Mecanical-Automation-Engineering-Sem-III-IV.pdf,2393111,Engineering Mathematics-III,1,1,
"Properties of Laplace Transform: Linearity, First Shifting theorem","Inverse Laplace Transform, Linearity property, use of standard",6.44-N-B.E.-Mecanical-Automation-Engineering-Sem-III-IV.pdf,2393111,Engineering Mathematics-III,2,1,
"Properties of Laplace Transform: Linearity, First Shifting theorem",Laplace transform using derivative,6.44-N-B.E.-Mecanical-Automation-Engineering-Sem-III-IV.pdf,2393111,Engineering Mathematics-III,3,1,
"Properties of Laplace Transform: Linearity, First Shifting theorem",Partial fractions method & first shift property to find inverse Laplace,6.44-N-B.E.-Mecanical-Automation-Engineering-Sem-III-IV.pdf,2393111,Engineering Mathematics-III,4,1,
"Properties of Laplace Transform: Linearity, First Shifting theorem",Inverse Laplace transform using Convolution theorem (without,6.44-N-B.E.-Mecanical-Automation-Engineering-Sem-III-IV.pdf,2393111,Engineering Mathematics-III,5,1,
"Properties of Laplace Transform: Linearity, First Shifting theorem",Module: Fourier Series,6.44-N-B.E.-Mecanical-Automation-Engineering-Sem-III-IV.pdf,2393111,Engineering Mathematics-III,6,1,
"Properties of Laplace Transform: Linearity, First Shifting theorem","Dirichlet’s conditions, Definition of Fourier series",6.44-N-B.E.-Mecanical-Automation-Engineering-Sem-III-IV.pdf,2393111,Engineering Mathematics-III,7,1,
"Properties of Laplace Transform: Linearity, First Shifting theorem",Fourier series of periodic function with period 2π and 2l (No,6.44-N-B.E.-Mecanical-Automation-Engineering-Sem-III-IV.pdf,2393111,Engineering Mathematics-III,8,1,
"Properties of Laplace Transform: Linearity, First Shifting theorem",Fourier series of e ve n and odd functions. (No question should be,6.44-N-B.E.-Mecanical-Automation-Engineering-Sem-III-IV.pdf,2393111,Engineering Mathematics-III,9,1,
"Properties of Laplace Transform: Linearity, First Shifting theorem",Half range Sine and Cosine Series,6.44-N-B.E.-Mecanical-Automation-Engineering-Sem-III-IV.pdf,2393111,Engineering Mathematics-III,10,1,
"Properties of Laplace Transform: Linearity, First Shifting theorem","Analytic function, necessary and sufficient conditions for f(z) to be",6.44-N-B.E.-Mecanical-Automation-Engineering-Sem-III-IV.pdf,2393111,Engineering Mathematics-III,11,1,
"Properties of Laplace Transform: Linearity, First Shifting theorem",Riemann equations in cartesian coordinates,6.44-N-B.E.-Mecanical-Automation-Engineering-Sem-III-IV.pdf,2393111,Engineering Mathematics-III,12,1,
"Properties of Laplace Transform: Linearity, First Shifting theorem","Harmonic function, Harmonic conjugate",6.44-N-B.E.-Mecanical-Automation-Engineering-Sem-III-IV.pdf,2393111,Engineering Mathematics-III,13,1,
"Properties of Laplace Transform: Linearity, First Shifting theorem","Characteristic equation, Eigen values and Eigen vectors",6.44-N-B.E.-Mecanical-Automation-Engineering-Sem-III-IV.pdf,2393111,Engineering Mathematics-III,14,1,
"Function, Second Shifting Theorem","Inverse Laplace Transform, Linearity property, use of standard",6.44-N-B.E.-Mecanical-Automation-Engineering-Sem-III-IV.pdf,2393111,Engineering Mathematics-III,1,1,
"Function, Second Shifting Theorem",Laplace transform using derivative,6.44-N-B.E.-Mecanical-Automation-Engineering-Sem-III-IV.pdf,2393111,Engineering Mathematics-III,2,1,
"Function, Second Shifting Theorem",Partial fractions method & first shift property to find inverse Laplace,6.44-N-B.E.-Mecanical-Automation-Engineering-Sem-III-IV.pdf,2393111,Engineering Mathematics-III,3,1,
"Function, Second Shifting Theorem",Inverse Laplace transform using Convolution theorem (without,6.44-N-B.E.-Mecanical-Automation-Engineering-Sem-III-IV.pdf,2393111,Engineering Mathematics-III,4,1,
"Function, Second Shifting Theorem",Module: Fourier Series,6.44-N-B.E.-Mecanical-Automation-Engineering-Sem-III-IV.pdf,2393111,Engineering Mathematics-III,5,1,
"Function, Second Shifting Theorem","Dirichlet’s conditions, Definition of Fourier series",6.44-N-B.E.-Mecanical-Automation-Engineering-Sem-III-IV.pdf,2393111,Engineering Mathematics-III,6,1,
"Function, Second Shifting Theorem",Fourier series of periodic function with period 2π and 2l (No,6.44-N-B.E.-Mecanical-Automation-Engineering-Sem-III-IV.pdf,2393111,Engineering Mathematics-III,7,1,
"Function, Second Shifting Theorem",Fourier series of e ve n and odd functions. (No question should be,6.44-N-B.E.-Mecanical-Automation-Engineering-Sem-III-IV.pdf,2393111,Engineering Mathematics-III,8,1,
"Function, Second Shifting Theorem",Half range Sine and Cosine Series,6.44-N-B.E.-Mecanical-Automation-Engineering-Sem-III-IV.pdf,2393111,Engineering Mathematics-III,9,1,
"Function, Second Shifting Theorem","Analytic function, necessary and sufficient conditions for f(z) to be",6.44-N-B.E.-Mecanical-Automation-Engineering-Sem-III-IV.pdf,2393111,Engineering Mathematics-III,10,1,
"Function, Second Shifting Theorem",Riemann equations in cartesian coordinates,6.44-N-B.E.-Mecanical-Automation-Engineering-Sem-III-IV.pdf,2393111,Engineering Mathematics-III,11,1,
"Function, Second Shifting Theorem","Harmonic function, Harmonic conjugate",6.44-N-B.E.-Mecanical-Automation-Engineering-Sem-III-IV.pdf,2393111,Engineering Mathematics-III,12,1,
"Function, Second Shifting Theorem","Characteristic equation, Eigen values and Eigen vectors",6.44-N-B.E.-Mecanical-Automation-Engineering-Sem-III-IV.pdf,2393111,Engineering Mathematics-III,13,1,
"Function, Second Shifting Theorem",Properties of Eigen values and Eigen vectors. (No theorems/,6.44-N-B.E.-Mecanical-Automation-Engineering-Sem-III-IV.pdf,2393111,Engineering Mathematics-III,14,1,
"Inverse Laplace Transform, Linearity property, use of standard",Laplace transform using derivative,6.44-N-B.E.-Mecanical-Automation-Engineering-Sem-III-IV.pdf,2393111,Engineering Mathematics-III,1,1,
"Inverse Laplace Transform, Linearity property, use of standard",Partial fractions method & first shift property to find inverse Laplace,6.44-N-B.E.-Mecanical-Automation-Engineering-Sem-III-IV.pdf,2393111,Engineering Mathematics-III,2,1,
"Inverse Laplace Transform, Linearity property, use of standard",Inverse Laplace transform using Convolution theorem (without,6.44-N-B.E.-Mecanical-Automation-Engineering-Sem-III-IV.pdf,2393111,Engineering Mathematics-III,3,1,
"Inverse Laplace Transform, Linearity property, use of standard",Module: Fourier Series,6.44-N-B.E.-Mecanical-Automation-Engineering-Sem-III-IV.pdf,2393111,Engineering Mathematics-III,4,1,
"Inverse Laplace Transform, Linearity property, use of standard","Dirichlet’s conditions, Definition of Fourier series",6.44-N-B.E.-Mecanical-Automation-Engineering-Sem-III-IV.pdf,2393111,Engineering Mathematics-III,5,1,
"Inverse Laplace Transform, Linearity property, use of standard",Fourier series of periodic function with period 2π and 2l (No,6.44-N-B.E.-Mecanical-Automation-Engineering-Sem-III-IV.pdf,2393111,Engineering Mathematics-III,6,1,
"Inverse Laplace Transform, Linearity property, use of standard",Fourier series of e ve n and odd functions. (No question should be,6.44-N-B.E.-Mecanical-Automation-Engineering-Sem-III-IV.pdf,2393111,Engineering Mathematics-III,7,1,
"Inverse Laplace Transform, Linearity property, use of standard",Half range Sine and Cosine Series,6.44-N-B.E.-Mecanical-Automation-Engineering-Sem-III-IV.pdf,2393111,Engineering Mathematics-III,8,1,
"Inverse Laplace Transform, Linearity property, use of standard","Analytic function, necessary and sufficient conditions for f(z) to be",6.44-N-B.E.-Mecanical-Automation-Engineering-Sem-III-IV.pdf,2393111,Engineering Mathematics-III,9,1,
"Inverse Laplace Transform, Linearity property, use of standard",Riemann equations in cartesian coordinates,6.44-N-B.E.-Mecanical-Automation-Engineering-Sem-III-IV.pdf,2393111,Engineering Mathematics-III,10,1,
"Inverse Laplace Transform, Linearity property, use of standard","Harmonic function, Harmonic conjugate",6.44-N-B.E.-Mecanical-Automation-Engineering-Sem-III-IV.pdf,2393111,Engineering Mathematics-III,11,1,
"Inverse Laplace Transform, Linearity property, use of standard","Characteristic equation, Eigen values and Eigen vectors",6.44-N-B.E.-Mecanical-Automation-Engineering-Sem-III-IV.pdf,2393111,Engineering Mathematics-III,12,1,
"Inverse Laplace Transform, Linearity property, use of standard",Properties of Eigen values and Eigen vectors. (No theorems/,6.44-N-B.E.-Mecanical-Automation-Engineering-Sem-III-IV.pdf,2393111,Engineering Mathematics-III,13,1,
"Inverse Laplace Transform, Linearity property, use of standard",Hamilton theorem (without proof): Application to find,6.44-N-B.E.-Mecanical-Automation-Engineering-Sem-III-IV.pdf,2393111,Engineering Mathematics-III,14,1,
Laplace transform using derivative,Partial fractions method & first shift property to find inverse Laplace,6.44-N-B.E.-Mecanical-Automation-Engineering-Sem-III-IV.pdf,2393111,Engineering Mathematics-III,1,1,
Laplace transform using derivative,Inverse Laplace transform using Convolution theorem (without,6.44-N-B.E.-Mecanical-Automation-Engineering-Sem-III-IV.pdf,2393111,Engineering Mathematics-III,2,1,
Laplace transform using derivative,Module: Fourier Series,6.44-N-B.E.-Mecanical-Automation-Engineering-Sem-III-IV.pdf,2393111,Engineering Mathematics-III,3,1,
Laplace transform using derivative,"Dirichlet’s conditions, Definition of Fourier series",6.44-N-B.E.-Mecanical-Automation-Engineering-Sem-III-IV.pdf,2393111,Engineering Mathematics-III,4,1,
Laplace transform using derivative,Fourier series of periodic function with period 2π and 2l (No,6.44-N-B.E.-Mecanical-Automation-Engineering-Sem-III-IV.pdf,2393111,Engineering Mathematics-III,5,1,
Laplace transform using derivative,Fourier series of e ve n and odd functions. (No question should be,6.44-N-B.E.-Mecanical-Automation-Engineering-Sem-III-IV.pdf,2393111,Engineering Mathematics-III,6,1,
Laplace transform using derivative,Half range Sine and Cosine Series,6.44-N-B.E.-Mecanical-Automation-Engineering-Sem-III-IV.pdf,2393111,Engineering Mathematics-III,7,1,
Laplace transform using derivative,"Analytic function, necessary and sufficient conditions for f(z) to be",6.44-N-B.E.-Mecanical-Automation-Engineering-Sem-III-IV.pdf,2393111,Engineering Mathematics-III,8,1,
Laplace transform using derivative,Riemann equations in cartesian coordinates,6.44-N-B.E.-Mecanical-Automation-Engineering-Sem-III-IV.pdf,2393111,Engineering Mathematics-III,9,1,
Laplace transform using derivative,"Harmonic function, Harmonic conjugate",6.44-N-B.E.-Mecanical-Automation-Engineering-Sem-III-IV.pdf,2393111,Engineering Mathematics-III,10,1,
Laplace transform using derivative,"Characteristic equation, Eigen values and Eigen vectors",6.44-N-B.E.-Mecanical-Automation-Engineering-Sem-III-IV.pdf,2393111,Engineering Mathematics-III,11,1,
Laplace transform using derivative,Properties of Eigen values and Eigen vectors. (No theorems/,6.44-N-B.E.-Mecanical-Automation-Engineering-Sem-III-IV.pdf,2393111,Engineering Mathematics-III,12,1,
Laplace transform using derivative,Hamilton theorem (without proof): Application to find,6.44-N-B.E.-Mecanical-Automation-Engineering-Sem-III-IV.pdf,2393111,Engineering Mathematics-III,13,1,
Laplace transform using derivative,"Similarity of matrices, Diagonalization of matrices",6.44-N-B.E.-Mecanical-Automation-Engineering-Sem-III-IV.pdf,2393111,Engineering Mathematics-III,14,1,
Partial fractions method & first shift property to find inverse Laplace,Inverse Laplace transform using Convolution theorem (without,6.44-N-B.E.-Mecanical-Automation-Engineering-Sem-III-IV.pdf,2393111,Engineering Mathematics-III,1,1,
Partial fractions method & first shift property to find inverse Laplace,Module: Fourier Series,6.44-N-B.E.-Mecanical-Automation-Engineering-Sem-III-IV.pdf,2393111,Engineering Mathematics-III,2,1,
Partial fractions method & first shift property to find inverse Laplace,"Dirichlet’s conditions, Definition of Fourier series",6.44-N-B.E.-Mecanical-Automation-Engineering-Sem-III-IV.pdf,2393111,Engineering Mathematics-III,3,1,
Partial fractions method & first shift property to find inverse Laplace,Fourier series of periodic function with period 2π and 2l (No,6.44-N-B.E.-Mecanical-Automation-Engineering-Sem-III-IV.pdf,2393111,Engineering Mathematics-III,4,1,
Partial fractions method & first shift property to find inverse Laplace,Fourier series of e ve n and odd functions. (No question should be,6.44-N-B.E.-Mecanical-Automation-Engineering-Sem-III-IV.pdf,2393111,Engineering Mathematics-III,5,1,
Partial fractions method & first shift property to find inverse Laplace,Half range Sine and Cosine Series,6.44-N-B.E.-Mecanical-Automation-Engineering-Sem-III-IV.pdf,2393111,Engineering Mathematics-III,6,1,
Partial fractions method & first shift property to find inverse Laplace,"Analytic function, necessary and sufficient conditions for f(z) to be",6.44-N-B.E.-Mecanical-Automation-Engineering-Sem-III-IV.pdf,2393111,Engineering Mathematics-III,7,1,
Partial fractions method & first shift property to find inverse Laplace,Riemann equations in cartesian coordinates,6.44-N-B.E.-Mecanical-Automation-Engineering-Sem-III-IV.pdf,2393111,Engineering Mathematics-III,8,1,
Partial fractions method & first shift property to find inverse Laplace,"Harmonic function, Harmonic conjugate",6.44-N-B.E.-Mecanical-Automation-Engineering-Sem-III-IV.pdf,2393111,Engineering Mathematics-III,9,1,
Partial fractions method & first shift property to find inverse Laplace,"Characteristic equation, Eigen values and Eigen vectors",6.44-N-B.E.-Mecanical-Automation-Engineering-Sem-III-IV.pdf,2393111,Engineering Mathematics-III,10,1,
Partial fractions method & first shift property to find inverse Laplace,Properties of Eigen values and Eigen vectors. (No theorems/,6.44-N-B.E.-Mecanical-Automation-Engineering-Sem-III-IV.pdf,2393111,Engineering Mathematics-III,11,1,
Partial fractions method & first shift property to find inverse Laplace,Hamilton theorem (without proof): Application to find,6.44-N-B.E.-Mecanical-Automation-Engineering-Sem-III-IV.pdf,2393111,Engineering Mathematics-III,12,1,
Partial fractions method & first shift property to find inverse Laplace,"Similarity of matrices, Diagonalization of matrices",6.44-N-B.E.-Mecanical-Automation-Engineering-Sem-III-IV.pdf,2393111,Engineering Mathematics-III,13,1,
Partial fractions method & first shift property to find inverse Laplace,Module: Numerical methods for PDE,6.44-N-B.E.-Mecanical-Automation-Engineering-Sem-III-IV.pdf,2393111,Engineering Mathematics-III,14,1,
Inverse Laplace transform using Convolution theorem (without,Module: Fourier Series,6.44-N-B.E.-Mecanical-Automation-Engineering-Sem-III-IV.pdf,2393111,Engineering Mathematics-III,1,1,
Inverse Laplace transform using Convolution theorem (without,"Dirichlet’s conditions, Definition of Fourier series",6.44-N-B.E.-Mecanical-Automation-Engineering-Sem-III-IV.pdf,2393111,Engineering Mathematics-III,2,1,
Inverse Laplace transform using Convolution theorem (without,Fourier series of periodic function with period 2π and 2l (No,6.44-N-B.E.-Mecanical-Automation-Engineering-Sem-III-IV.pdf,2393111,Engineering Mathematics-III,3,1,
Inverse Laplace transform using Convolution theorem (without,Fourier series of e ve n and odd functions. (No question should be,6.44-N-B.E.-Mecanical-Automation-Engineering-Sem-III-IV.pdf,2393111,Engineering Mathematics-III,4,1,
Inverse Laplace transform using Convolution theorem (without,Half range Sine and Cosine Series,6.44-N-B.E.-Mecanical-Automation-Engineering-Sem-III-IV.pdf,2393111,Engineering Mathematics-III,5,1,
Inverse Laplace transform using Convolution theorem (without,"Analytic function, necessary and sufficient conditions for f(z) to be",6.44-N-B.E.-Mecanical-Automation-Engineering-Sem-III-IV.pdf,2393111,Engineering Mathematics-III,6,1,
Inverse Laplace transform using Convolution theorem (without,Riemann equations in cartesian coordinates,6.44-N-B.E.-Mecanical-Automation-Engineering-Sem-III-IV.pdf,2393111,Engineering Mathematics-III,7,1,
Inverse Laplace transform using Convolution theorem (without,"Harmonic function, Harmonic conjugate",6.44-N-B.E.-Mecanical-Automation-Engineering-Sem-III-IV.pdf,2393111,Engineering Mathematics-III,8,1,
Inverse Laplace transform using Convolution theorem (without,"Characteristic equation, Eigen values and Eigen vectors",6.44-N-B.E.-Mecanical-Automation-Engineering-Sem-III-IV.pdf,2393111,Engineering Mathematics-III,9,1,
Inverse Laplace transform using Convolution theorem (without,Properties of Eigen values and Eigen vectors. (No theorems/,6.44-N-B.E.-Mecanical-Automation-Engineering-Sem-III-IV.pdf,2393111,Engineering Mathematics-III,10,1,
Inverse Laplace transform using Convolution theorem (without,Hamilton theorem (without proof): Application to find,6.44-N-B.E.-Mecanical-Automation-Engineering-Sem-III-IV.pdf,2393111,Engineering Mathematics-III,11,1,
Inverse Laplace transform using Convolution theorem (without,"Similarity of matrices, Diagonalization of matrices",6.44-N-B.E.-Mecanical-Automation-Engineering-Sem-III-IV.pdf,2393111,Engineering Mathematics-III,12,1,
Inverse Laplace transform using Convolution theorem (without,Module: Numerical methods for PDE,6.44-N-B.E.-Mecanical-Automation-Engineering-Sem-III-IV.pdf,2393111,Engineering Mathematics-III,13,1,
Inverse Laplace transform using Convolution theorem (without,"Introduction of Partial Differential equations, method of separation",6.44-N-B.E.-Mecanical-Automation-Engineering-Sem-III-IV.pdf,2393111,Engineering Mathematics-III,14,1,
Module: Fourier Series,"Dirichlet’s conditions, Definition of Fourier series",6.44-N-B.E.-Mecanical-Automation-Engineering-Sem-III-IV.pdf,2393111,Engineering Mathematics-III,1,1,
Module: Fourier Series,Fourier series of periodic function with period 2π and 2l (No,6.44-N-B.E.-Mecanical-Automation-Engineering-Sem-III-IV.pdf,2393111,Engineering Mathematics-III,2,1,
Module: Fourier Series,Fourier series of e ve n and odd functions. (No question should be,6.44-N-B.E.-Mecanical-Automation-Engineering-Sem-III-IV.pdf,2393111,Engineering Mathematics-III,3,1,
Module: Fourier Series,Half range Sine and Cosine Series,6.44-N-B.E.-Mecanical-Automation-Engineering-Sem-III-IV.pdf,2393111,Engineering Mathematics-III,4,1,
Module: Fourier Series,"Analytic function, necessary and sufficient conditions for f(z) to be",6.44-N-B.E.-Mecanical-Automation-Engineering-Sem-III-IV.pdf,2393111,Engineering Mathematics-III,5,1,
Module: Fourier Series,Riemann equations in cartesian coordinates,6.44-N-B.E.-Mecanical-Automation-Engineering-Sem-III-IV.pdf,2393111,Engineering Mathematics-III,6,1,
Module: Fourier Series,"Harmonic function, Harmonic conjugate",6.44-N-B.E.-Mecanical-Automation-Engineering-Sem-III-IV.pdf,2393111,Engineering Mathematics-III,7,1,
Module: Fourier Series,"Characteristic equation, Eigen values and Eigen vectors",6.44-N-B.E.-Mecanical-Automation-Engineering-Sem-III-IV.pdf,2393111,Engineering Mathematics-III,8,1,
Module: Fourier Series,Properties of Eigen values and Eigen vectors. (No theorems/,6.44-N-B.E.-Mecanical-Automation-Engineering-Sem-III-IV.pdf,2393111,Engineering Mathematics-III,9,1,
Module: Fourier Series,Hamilton theorem (without proof): Application to find,6.44-N-B.E.-Mecanical-Automation-Engineering-Sem-III-IV.pdf,2393111,Engineering Mathematics-III,10,1,
Module: Fourier Series,"Similarity of matrices, Diagonalization of matrices",6.44-N-B.E.-Mecanical-Automation-Engineering-Sem-III-IV.pdf,2393111,Engineering Mathematics-III,11,1,
Module: Fourier Series,Module: Numerical methods for PDE,6.44-N-B.E.-Mecanical-Automation-Engineering-Sem-III-IV.pdf,2393111,Engineering Mathematics-III,12,1,
Module: Fourier Series,"Introduction of Partial Differential equations, method of separation",6.44-N-B.E.-Mecanical-Automation-Engineering-Sem-III-IV.pdf,2393111,Engineering Mathematics-III,13,1,
Module: Fourier Series,Crank Nicholson method,6.44-N-B.E.-Mecanical-Automation-Engineering-Sem-III-IV.pdf,2393111,Engineering Mathematics-III,14,1,
"Dirichlet’s conditions, Definition of Fourier series",Fourier series of periodic function with period 2π and 2l (No,6.44-N-B.E.-Mecanical-Automation-Engineering-Sem-III-IV.pdf,2393111,Engineering Mathematics-III,1,1,
"Dirichlet’s conditions, Definition of Fourier series",Fourier series of e ve n and odd functions. (No question should be,6.44-N-B.E.-Mecanical-Automation-Engineering-Sem-III-IV.pdf,2393111,Engineering Mathematics-III,2,1,
"Dirichlet’s conditions, Definition of Fourier series",Half range Sine and Cosine Series,6.44-N-B.E.-Mecanical-Automation-Engineering-Sem-III-IV.pdf,2393111,Engineering Mathematics-III,3,1,
"Dirichlet’s conditions, Definition of Fourier series","Analytic function, necessary and sufficient conditions for f(z) to be",6.44-N-B.E.-Mecanical-Automation-Engineering-Sem-III-IV.pdf,2393111,Engineering Mathematics-III,4,1,
"Dirichlet’s conditions, Definition of Fourier series",Riemann equations in cartesian coordinates,6.44-N-B.E.-Mecanical-Automation-Engineering-Sem-III-IV.pdf,2393111,Engineering Mathematics-III,5,1,
"Dirichlet’s conditions, Definition of Fourier series","Harmonic function, Harmonic conjugate",6.44-N-B.E.-Mecanical-Automation-Engineering-Sem-III-IV.pdf,2393111,Engineering Mathematics-III,6,1,
"Dirichlet’s conditions, Definition of Fourier series","Characteristic equation, Eigen values and Eigen vectors",6.44-N-B.E.-Mecanical-Automation-Engineering-Sem-III-IV.pdf,2393111,Engineering Mathematics-III,7,1,
"Dirichlet’s conditions, Definition of Fourier series",Properties of Eigen values and Eigen vectors. (No theorems/,6.44-N-B.E.-Mecanical-Automation-Engineering-Sem-III-IV.pdf,2393111,Engineering Mathematics-III,8,1,
"Dirichlet’s conditions, Definition of Fourier series",Hamilton theorem (without proof): Application to find,6.44-N-B.E.-Mecanical-Automation-Engineering-Sem-III-IV.pdf,2393111,Engineering Mathematics-III,9,1,
"Dirichlet’s conditions, Definition of Fourier series","Similarity of matrices, Diagonalization of matrices",6.44-N-B.E.-Mecanical-Automation-Engineering-Sem-III-IV.pdf,2393111,Engineering Mathematics-III,10,1,
"Dirichlet’s conditions, Definition of Fourier series",Module: Numerical methods for PDE,6.44-N-B.E.-Mecanical-Automation-Engineering-Sem-III-IV.pdf,2393111,Engineering Mathematics-III,11,1,
"Dirichlet’s conditions, Definition of Fourier series","Introduction of Partial Differential equations, method of separation",6.44-N-B.E.-Mecanical-Automation-Engineering-Sem-III-IV.pdf,2393111,Engineering Mathematics-III,12,1,
"Dirichlet’s conditions, Definition of Fourier series",Crank Nicholson method,6.44-N-B.E.-Mecanical-Automation-Engineering-Sem-III-IV.pdf,2393111,Engineering Mathematics-III,13,1,
"Dirichlet’s conditions, Definition of Fourier series",Bender Schmidt method,6.44-N-B.E.-Mecanical-Automation-Engineering-Sem-III-IV.pdf,2393111,Engineering Mathematics-III,14,1,
Fourier series of periodic function with period 2π and 2l (No,Fourier series of e ve n and odd functions. (No question should be,6.44-N-B.E.-Mecanical-Automation-Engineering-Sem-III-IV.pdf,2393111,Engineering Mathematics-III,1,1,
Fourier series of periodic function with period 2π and 2l (No,Half range Sine and Cosine Series,6.44-N-B.E.-Mecanical-Automation-Engineering-Sem-III-IV.pdf,2393111,Engineering Mathematics-III,2,1,
Fourier series of periodic function with period 2π and 2l (No,"Analytic function, necessary and sufficient conditions for f(z) to be",6.44-N-B.E.-Mecanical-Automation-Engineering-Sem-III-IV.pdf,2393111,Engineering Mathematics-III,3,1,
Fourier series of periodic function with period 2π and 2l (No,Riemann equations in cartesian coordinates,6.44-N-B.E.-Mecanical-Automation-Engineering-Sem-III-IV.pdf,2393111,Engineering Mathematics-III,4,1,
Fourier series of periodic function with period 2π and 2l (No,"Harmonic function, Harmonic conjugate",6.44-N-B.E.-Mecanical-Automation-Engineering-Sem-III-IV.pdf,2393111,Engineering Mathematics-III,5,1,
Fourier series of periodic function with period 2π and 2l (No,"Characteristic equation, Eigen values and Eigen vectors",6.44-N-B.E.-Mecanical-Automation-Engineering-Sem-III-IV.pdf,2393111,Engineering Mathematics-III,6,1,
Fourier series of periodic function with period 2π and 2l (No,Properties of Eigen values and Eigen vectors. (No theorems/,6.44-N-B.E.-Mecanical-Automation-Engineering-Sem-III-IV.pdf,2393111,Engineering Mathematics-III,7,1,
Fourier series of periodic function with period 2π and 2l (No,Hamilton theorem (without proof): Application to find,6.44-N-B.E.-Mecanical-Automation-Engineering-Sem-III-IV.pdf,2393111,Engineering Mathematics-III,8,1,
Fourier series of periodic function with period 2π and 2l (No,"Similarity of matrices, Diagonalization of matrices",6.44-N-B.E.-Mecanical-Automation-Engineering-Sem-III-IV.pdf,2393111,Engineering Mathematics-III,9,1,
Fourier series of periodic function with period 2π and 2l (No,Module: Numerical methods for PDE,6.44-N-B.E.-Mecanical-Automation-Engineering-Sem-III-IV.pdf,2393111,Engineering Mathematics-III,10,1,
Fourier series of periodic function with period 2π and 2l (No,"Introduction of Partial Differential equations, method of separation",6.44-N-B.E.-Mecanical-Automation-Engineering-Sem-III-IV.pdf,2393111,Engineering Mathematics-III,11,1,
Fourier series of periodic function with period 2π and 2l (No,Crank Nicholson method,6.44-N-B.E.-Mecanical-Automation-Engineering-Sem-III-IV.pdf,2393111,Engineering Mathematics-III,12,1,
Fourier series of periodic function with period 2π and 2l (No,Bender Schmidt method,6.44-N-B.E.-Mecanical-Automation-Engineering-Sem-III-IV.pdf,2393111,Engineering Mathematics-III,13,1,
Fourier series of periodic function with period 2π and 2l (No,Analytical methods of solving two and three dimensional,6.44-N-B.E.-Mecanical-Automation-Engineering-Sem-III-IV.pdf,2393111,Engineering Mathematics-III,14,1,
Fourier series of e ve n and odd functions. (No question should be,Half range Sine and Cosine Series,6.44-N-B.E.-Mecanical-Automation-Engineering-Sem-III-IV.pdf,2393111,Engineering Mathematics-III,1,1,
Fourier series of e ve n and odd functions. (No question should be,"Analytic function, necessary and sufficient conditions for f(z) to be",6.44-N-B.E.-Mecanical-Automation-Engineering-Sem-III-IV.pdf,2393111,Engineering Mathematics-III,2,1,
Fourier series of e ve n and odd functions. (No question should be,Riemann equations in cartesian coordinates,6.44-N-B.E.-Mecanical-Automation-Engineering-Sem-III-IV.pdf,2393111,Engineering Mathematics-III,3,1,
Fourier series of e ve n and odd functions. (No question should be,"Harmonic function, Harmonic conjugate",6.44-N-B.E.-Mecanical-Automation-Engineering-Sem-III-IV.pdf,2393111,Engineering Mathematics-III,4,1,
Fourier series of e ve n and odd functions. (No question should be,"Characteristic equation, Eigen values and Eigen vectors",6.44-N-B.E.-Mecanical-Automation-Engineering-Sem-III-IV.pdf,2393111,Engineering Mathematics-III,5,1,
Fourier series of e ve n and odd functions. (No question should be,Properties of Eigen values and Eigen vectors. (No theorems/,6.44-N-B.E.-Mecanical-Automation-Engineering-Sem-III-IV.pdf,2393111,Engineering Mathematics-III,6,1,
Fourier series of e ve n and odd functions. (No question should be,Hamilton theorem (without proof): Application to find,6.44-N-B.E.-Mecanical-Automation-Engineering-Sem-III-IV.pdf,2393111,Engineering Mathematics-III,7,1,
Fourier series of e ve n and odd functions. (No question should be,"Similarity of matrices, Diagonalization of matrices",6.44-N-B.E.-Mecanical-Automation-Engineering-Sem-III-IV.pdf,2393111,Engineering Mathematics-III,8,1,
Fourier series of e ve n and odd functions. (No question should be,Module: Numerical methods for PDE,6.44-N-B.E.-Mecanical-Automation-Engineering-Sem-III-IV.pdf,2393111,Engineering Mathematics-III,9,1,
Fourier series of e ve n and odd functions. (No question should be,"Introduction of Partial Differential equations, method of separation",6.44-N-B.E.-Mecanical-Automation-Engineering-Sem-III-IV.pdf,2393111,Engineering Mathematics-III,10,1,
Fourier series of e ve n and odd functions. (No question should be,Crank Nicholson method,6.44-N-B.E.-Mecanical-Automation-Engineering-Sem-III-IV.pdf,2393111,Engineering Mathematics-III,11,1,
Fourier series of e ve n and odd functions. (No question should be,Bender Schmidt method,6.44-N-B.E.-Mecanical-Automation-Engineering-Sem-III-IV.pdf,2393111,Engineering Mathematics-III,12,1,
Fourier series of e ve n and odd functions. (No question should be,Analytical methods of solving two and three dimensional,6.44-N-B.E.-Mecanical-Automation-Engineering-Sem-III-IV.pdf,2393111,Engineering Mathematics-III,13,1,
Fourier series of e ve n and odd functions. (No question should be,University pattern for practicals,6.44-N-B.E.-Mecanical-Automation-Engineering-Sem-III-IV.pdf,2393111,Engineering Mathematics-III,14,1,
Half range Sine and Cosine Series,"Analytic function, necessary and sufficient conditions for f(z) to be",6.44-N-B.E.-Mecanical-Automation-Engineering-Sem-III-IV.pdf,2393111,Engineering Mathematics-III,1,1,
Half range Sine and Cosine Series,Riemann equations in cartesian coordinates,6.44-N-B.E.-Mecanical-Automation-Engineering-Sem-III-IV.pdf,2393111,Engineering Mathematics-III,2,1,
Half range Sine and Cosine Series,"Harmonic function, Harmonic conjugate",6.44-N-B.E.-Mecanical-Automation-Engineering-Sem-III-IV.pdf,2393111,Engineering Mathematics-III,3,1,
Half range Sine and Cosine Series,"Characteristic equation, Eigen values and Eigen vectors",6.44-N-B.E.-Mecanical-Automation-Engineering-Sem-III-IV.pdf,2393111,Engineering Mathematics-III,4,1,
Half range Sine and Cosine Series,Properties of Eigen values and Eigen vectors. (No theorems/,6.44-N-B.E.-Mecanical-Automation-Engineering-Sem-III-IV.pdf,2393111,Engineering Mathematics-III,5,1,
Half range Sine and Cosine Series,Hamilton theorem (without proof): Application to find,6.44-N-B.E.-Mecanical-Automation-Engineering-Sem-III-IV.pdf,2393111,Engineering Mathematics-III,6,1,
Half range Sine and Cosine Series,"Similarity of matrices, Diagonalization of matrices",6.44-N-B.E.-Mecanical-Automation-Engineering-Sem-III-IV.pdf,2393111,Engineering Mathematics-III,7,1,
Half range Sine and Cosine Series,Module: Numerical methods for PDE,6.44-N-B.E.-Mecanical-Automation-Engineering-Sem-III-IV.pdf,2393111,Engineering Mathematics-III,8,1,
Half range Sine and Cosine Series,"Introduction of Partial Differential equations, method of separation",6.44-N-B.E.-Mecanical-Automation-Engineering-Sem-III-IV.pdf,2393111,Engineering Mathematics-III,9,1,
Half range Sine and Cosine Series,Crank Nicholson method,6.44-N-B.E.-Mecanical-Automation-Engineering-Sem-III-IV.pdf,2393111,Engineering Mathematics-III,10,1,
Half range Sine and Cosine Series,Bender Schmidt method,6.44-N-B.E.-Mecanical-Automation-Engineering-Sem-III-IV.pdf,2393111,Engineering Mathematics-III,11,1,
Half range Sine and Cosine Series,Analytical methods of solving two and three dimensional,6.44-N-B.E.-Mecanical-Automation-Engineering-Sem-III-IV.pdf,2393111,Engineering Mathematics-III,12,1,
Half range Sine and Cosine Series,University pattern for practicals,6.44-N-B.E.-Mecanical-Automation-Engineering-Sem-III-IV.pdf,2393111,Engineering Mathematics-III,13,1,
Half range Sine and Cosine Series,Students must be encouraged to write at least 6 class tutorials on entire syllabus,6.44-N-B.E.-Mecanical-Automation-Engineering-Sem-III-IV.pdf,2393111,Engineering Mathematics-III,14,1,
"Analytic function, necessary and sufficient conditions for f(z) to be",Riemann equations in cartesian coordinates,6.44-N-B.E.-Mecanical-Automation-Engineering-Sem-III-IV.pdf,2393111,Engineering Mathematics-III,1,1,
"Analytic function, necessary and sufficient conditions for f(z) to be","Harmonic function, Harmonic conjugate",6.44-N-B.E.-Mecanical-Automation-Engineering-Sem-III-IV.pdf,2393111,Engineering Mathematics-III,2,1,
"Analytic function, necessary and sufficient conditions for f(z) to be","Characteristic equation, Eigen values and Eigen vectors",6.44-N-B.E.-Mecanical-Automation-Engineering-Sem-III-IV.pdf,2393111,Engineering Mathematics-III,3,1,
"Analytic function, necessary and sufficient conditions for f(z) to be",Properties of Eigen values and Eigen vectors. (No theorems/,6.44-N-B.E.-Mecanical-Automation-Engineering-Sem-III-IV.pdf,2393111,Engineering Mathematics-III,4,1,
"Analytic function, necessary and sufficient conditions for f(z) to be",Hamilton theorem (without proof): Application to find,6.44-N-B.E.-Mecanical-Automation-Engineering-Sem-III-IV.pdf,2393111,Engineering Mathematics-III,5,1,
"Analytic function, necessary and sufficient conditions for f(z) to be","Similarity of matrices, Diagonalization of matrices",6.44-N-B.E.-Mecanical-Automation-Engineering-Sem-III-IV.pdf,2393111,Engineering Mathematics-III,6,1,
"Analytic function, necessary and sufficient conditions for f(z) to be",Module: Numerical methods for PDE,6.44-N-B.E.-Mecanical-Automation-Engineering-Sem-III-IV.pdf,2393111,Engineering Mathematics-III,7,1,
"Analytic function, necessary and sufficient conditions for f(z) to be","Introduction of Partial Differential equations, method of separation",6.44-N-B.E.-Mecanical-Automation-Engineering-Sem-III-IV.pdf,2393111,Engineering Mathematics-III,8,1,
"Analytic function, necessary and sufficient conditions for f(z) to be",Crank Nicholson method,6.44-N-B.E.-Mecanical-Automation-Engineering-Sem-III-IV.pdf,2393111,Engineering Mathematics-III,9,1,
"Analytic function, necessary and sufficient conditions for f(z) to be",Bender Schmidt method,6.44-N-B.E.-Mecanical-Automation-Engineering-Sem-III-IV.pdf,2393111,Engineering Mathematics-III,10,1,
"Analytic function, necessary and sufficient conditions for f(z) to be",Analytical methods of solving two and three dimensional,6.44-N-B.E.-Mecanical-Automation-Engineering-Sem-III-IV.pdf,2393111,Engineering Mathematics-III,11,1,
"Analytic function, necessary and sufficient conditions for f(z) to be",University pattern for practicals,6.44-N-B.E.-Mecanical-Automation-Engineering-Sem-III-IV.pdf,2393111,Engineering Mathematics-III,12,1,
"Analytic function, necessary and sufficient conditions for f(z) to be",Students must be encouraged to write at least 6 class tutorials on entire syllabus,6.44-N-B.E.-Mecanical-Automation-Engineering-Sem-III-IV.pdf,2393111,Engineering Mathematics-III,13,1,
"Analytic function, necessary and sufficient conditions for f(z) to be",Class Tutorials on entire syllabus,6.44-N-B.E.-Mecanical-Automation-Engineering-Sem-III-IV.pdf,2393111,Engineering Mathematics-III,14,1,
Riemann equations in cartesian coordinates,"Harmonic function, Harmonic conjugate",6.44-N-B.E.-Mecanical-Automation-Engineering-Sem-III-IV.pdf,2393111,Engineering Mathematics-III,1,1,
Riemann equations in cartesian coordinates,"Characteristic equation, Eigen values and Eigen vectors",6.44-N-B.E.-Mecanical-Automation-Engineering-Sem-III-IV.pdf,2393111,Engineering Mathematics-III,2,1,
Riemann equations in cartesian coordinates,Properties of Eigen values and Eigen vectors. (No theorems/,6.44-N-B.E.-Mecanical-Automation-Engineering-Sem-III-IV.pdf,2393111,Engineering Mathematics-III,3,1,
Riemann equations in cartesian coordinates,Hamilton theorem (without proof): Application to find,6.44-N-B.E.-Mecanical-Automation-Engineering-Sem-III-IV.pdf,2393111,Engineering Mathematics-III,4,1,
Riemann equations in cartesian coordinates,"Similarity of matrices, Diagonalization of matrices",6.44-N-B.E.-Mecanical-Automation-Engineering-Sem-III-IV.pdf,2393111,Engineering Mathematics-III,5,1,
Riemann equations in cartesian coordinates,Module: Numerical methods for PDE,6.44-N-B.E.-Mecanical-Automation-Engineering-Sem-III-IV.pdf,2393111,Engineering Mathematics-III,6,1,
Riemann equations in cartesian coordinates,"Introduction of Partial Differential equations, method of separation",6.44-N-B.E.-Mecanical-Automation-Engineering-Sem-III-IV.pdf,2393111,Engineering Mathematics-III,7,1,
Riemann equations in cartesian coordinates,Crank Nicholson method,6.44-N-B.E.-Mecanical-Automation-Engineering-Sem-III-IV.pdf,2393111,Engineering Mathematics-III,8,1,
Riemann equations in cartesian coordinates,Bender Schmidt method,6.44-N-B.E.-Mecanical-Automation-Engineering-Sem-III-IV.pdf,2393111,Engineering Mathematics-III,9,1,
Riemann equations in cartesian coordinates,Analytical methods of solving two and three dimensional,6.44-N-B.E.-Mecanical-Automation-Engineering-Sem-III-IV.pdf,2393111,Engineering Mathematics-III,10,1,
Riemann equations in cartesian coordinates,University pattern for practicals,6.44-N-B.E.-Mecanical-Automation-Engineering-Sem-III-IV.pdf,2393111,Engineering Mathematics-III,11,1,
Riemann equations in cartesian coordinates,Students must be encouraged to write at least 6 class tutorials on entire syllabus,6.44-N-B.E.-Mecanical-Automation-Engineering-Sem-III-IV.pdf,2393111,Engineering Mathematics-III,12,1,
Riemann equations in cartesian coordinates,Class Tutorials on entire syllabus,6.44-N-B.E.-Mecanical-Automation-Engineering-Sem-III-IV.pdf,2393111,Engineering Mathematics-III,13,1,
Riemann equations in cartesian coordinates,End Semester Theory Examination,6.44-N-B.E.-Mecanical-Automation-Engineering-Sem-III-IV.pdf,2393111,Engineering Mathematics-III,14,1,
"Harmonic function, Harmonic conjugate","Characteristic equation, Eigen values and Eigen vectors",6.44-N-B.E.-Mecanical-Automation-Engineering-Sem-III-IV.pdf,2393111,Engineering Mathematics-III,1,1,
"Harmonic function, Harmonic conjugate",Properties of Eigen values and Eigen vectors. (No theorems/,6.44-N-B.E.-Mecanical-Automation-Engineering-Sem-III-IV.pdf,2393111,Engineering Mathematics-III,2,1,
"Harmonic function, Harmonic conjugate",Hamilton theorem (without proof): Application to find,6.44-N-B.E.-Mecanical-Automation-Engineering-Sem-III-IV.pdf,2393111,Engineering Mathematics-III,3,1,
"Harmonic function, Harmonic conjugate","Similarity of matrices, Diagonalization of matrices",6.44-N-B.E.-Mecanical-Automation-Engineering-Sem-III-IV.pdf,2393111,Engineering Mathematics-III,4,1,
"Harmonic function, Harmonic conjugate",Module: Numerical methods for PDE,6.44-N-B.E.-Mecanical-Automation-Engineering-Sem-III-IV.pdf,2393111,Engineering Mathematics-III,5,1,
"Harmonic function, Harmonic conjugate","Introduction of Partial Differential equations, method of separation",6.44-N-B.E.-Mecanical-Automation-Engineering-Sem-III-IV.pdf,2393111,Engineering Mathematics-III,6,1,
"Harmonic function, Harmonic conjugate",Crank Nicholson method,6.44-N-B.E.-Mecanical-Automation-Engineering-Sem-III-IV.pdf,2393111,Engineering Mathematics-III,7,1,
"Harmonic function, Harmonic conjugate",Bender Schmidt method,6.44-N-B.E.-Mecanical-Automation-Engineering-Sem-III-IV.pdf,2393111,Engineering Mathematics-III,8,1,
"Harmonic function, Harmonic conjugate",Analytical methods of solving two and three dimensional,6.44-N-B.E.-Mecanical-Automation-Engineering-Sem-III-IV.pdf,2393111,Engineering Mathematics-III,9,1,
"Harmonic function, Harmonic conjugate",University pattern for practicals,6.44-N-B.E.-Mecanical-Automation-Engineering-Sem-III-IV.pdf,2393111,Engineering Mathematics-III,10,1,
"Harmonic function, Harmonic conjugate",Students must be encouraged to write at least 6 class tutorials on entire syllabus,6.44-N-B.E.-Mecanical-Automation-Engineering-Sem-III-IV.pdf,2393111,Engineering Mathematics-III,11,1,
"Harmonic function, Harmonic conjugate",Class Tutorials on entire syllabus,6.44-N-B.E.-Mecanical-Automation-Engineering-Sem-III-IV.pdf,2393111,Engineering Mathematics-III,12,1,
"Harmonic function, Harmonic conjugate",End Semester Theory Examination,6.44-N-B.E.-Mecanical-Automation-Engineering-Sem-III-IV.pdf,2393111,Engineering Mathematics-III,13,1,
"Characteristic equation, Eigen values and Eigen vectors",Properties of Eigen values and Eigen vectors. (No theorems/,6.44-N-B.E.-Mecanical-Automation-Engineering-Sem-III-IV.pdf,2393111,Engineering Mathematics-III,1,1,
"Characteristic equation, Eigen values and Eigen vectors",Hamilton theorem (without proof): Application to find,6.44-N-B.E.-Mecanical-Automation-Engineering-Sem-III-IV.pdf,2393111,Engineering Mathematics-III,2,1,
"Characteristic equation, Eigen values and Eigen vectors","Similarity of matrices, Diagonalization of matrices",6.44-N-B.E.-Mecanical-Automation-Engineering-Sem-III-IV.pdf,2393111,Engineering Mathematics-III,3,1,
"Characteristic equation, Eigen values and Eigen vectors",Module: Numerical methods for PDE,6.44-N-B.E.-Mecanical-Automation-Engineering-Sem-III-IV.pdf,2393111,Engineering Mathematics-III,4,1,
"Characteristic equation, Eigen values and Eigen vectors","Introduction of Partial Differential equations, method of separation",6.44-N-B.E.-Mecanical-Automation-Engineering-Sem-III-IV.pdf,2393111,Engineering Mathematics-III,5,1,
"Characteristic equation, Eigen values and Eigen vectors",Crank Nicholson method,6.44-N-B.E.-Mecanical-Automation-Engineering-Sem-III-IV.pdf,2393111,Engineering Mathematics-III,6,1,
"Characteristic equation, Eigen values and Eigen vectors",Bender Schmidt method,6.44-N-B.E.-Mecanical-Automation-Engineering-Sem-III-IV.pdf,2393111,Engineering Mathematics-III,7,1,
"Characteristic equation, Eigen values and Eigen vectors",Analytical methods of solving two and three dimensional,6.44-N-B.E.-Mecanical-Automation-Engineering-Sem-III-IV.pdf,2393111,Engineering Mathematics-III,8,1,
"Characteristic equation, Eigen values and Eigen vectors",University pattern for practicals,6.44-N-B.E.-Mecanical-Automation-Engineering-Sem-III-IV.pdf,2393111,Engineering Mathematics-III,9,1,
"Characteristic equation, Eigen values and Eigen vectors",Students must be encouraged to write at least 6 class tutorials on entire syllabus,6.44-N-B.E.-Mecanical-Automation-Engineering-Sem-III-IV.pdf,2393111,Engineering Mathematics-III,10,1,
"Characteristic equation, Eigen values and Eigen vectors",Class Tutorials on entire syllabus,6.44-N-B.E.-Mecanical-Automation-Engineering-Sem-III-IV.pdf,2393111,Engineering Mathematics-III,11,1,
"Characteristic equation, Eigen values and Eigen vectors",End Semester Theory Examination,6.44-N-B.E.-Mecanical-Automation-Engineering-Sem-III-IV.pdf,2393111,Engineering Mathematics-III,12,1,
Properties of Eigen values and Eigen vectors. (No theorems/,Hamilton theorem (without proof): Application to find,6.44-N-B.E.-Mecanical-Automation-Engineering-Sem-III-IV.pdf,2393111,Engineering Mathematics-III,1,1,
Properties of Eigen values and Eigen vectors. (No theorems/,"Similarity of matrices, Diagonalization of matrices",6.44-N-B.E.-Mecanical-Automation-Engineering-Sem-III-IV.pdf,2393111,Engineering Mathematics-III,2,1,
Properties of Eigen values and Eigen vectors. (No theorems/,Module: Numerical methods for PDE,6.44-N-B.E.-Mecanical-Automation-Engineering-Sem-III-IV.pdf,2393111,Engineering Mathematics-III,3,1,
Properties of Eigen values and Eigen vectors. (No theorems/,"Introduction of Partial Differential equations, method of separation",6.44-N-B.E.-Mecanical-Automation-Engineering-Sem-III-IV.pdf,2393111,Engineering Mathematics-III,4,1,
Properties of Eigen values and Eigen vectors. (No theorems/,Crank Nicholson method,6.44-N-B.E.-Mecanical-Automation-Engineering-Sem-III-IV.pdf,2393111,Engineering Mathematics-III,5,1,
Properties of Eigen values and Eigen vectors. (No theorems/,Bender Schmidt method,6.44-N-B.E.-Mecanical-Automation-Engineering-Sem-III-IV.pdf,2393111,Engineering Mathematics-III,6,1,
Properties of Eigen values and Eigen vectors. (No theorems/,Analytical methods of solving two and three dimensional,6.44-N-B.E.-Mecanical-Automation-Engineering-Sem-III-IV.pdf,2393111,Engineering Mathematics-III,7,1,
Properties of Eigen values and Eigen vectors. (No theorems/,University pattern for practicals,6.44-N-B.E.-Mecanical-Automation-Engineering-Sem-III-IV.pdf,2393111,Engineering Mathematics-III,8,1,
Properties of Eigen values and Eigen vectors. (No theorems/,Students must be encouraged to write at least 6 class tutorials on entire syllabus,6.44-N-B.E.-Mecanical-Automation-Engineering-Sem-III-IV.pdf,2393111,Engineering Mathematics-III,9,1,
Properties of Eigen values and Eigen vectors. (No theorems/,Class Tutorials on entire syllabus,6.44-N-B.E.-Mecanical-Automation-Engineering-Sem-III-IV.pdf,2393111,Engineering Mathematics-III,10,1,
Properties of Eigen values and Eigen vectors. (No theorems/,End Semester Theory Examination,6.44-N-B.E.-Mecanical-Automation-Engineering-Sem-III-IV.pdf,2393111,Engineering Mathematics-III,11,1,
Hamilton theorem (without proof): Application to find,"Similarity of matrices, Diagonalization of matrices",6.44-N-B.E.-Mecanical-Automation-Engineering-Sem-III-IV.pdf,2393111,Engineering Mathematics-III,1,1,
Hamilton theorem (without proof): Application to find,Module: Numerical methods for PDE,6.44-N-B.E.-Mecanical-Automation-Engineering-Sem-III-IV.pdf,2393111,Engineering Mathematics-III,2,1,
Hamilton theorem (without proof): Application to find,"Introduction of Partial Differential equations, method of separation",6.44-N-B.E.-Mecanical-Automation-Engineering-Sem-III-IV.pdf,2393111,Engineering Mathematics-III,3,1,
Hamilton theorem (without proof): Application to find,Crank Nicholson method,6.44-N-B.E.-Mecanical-Automation-Engineering-Sem-III-IV.pdf,2393111,Engineering Mathematics-III,4,1,
Hamilton theorem (without proof): Application to find,Bender Schmidt method,6.44-N-B.E.-Mecanical-Automation-Engineering-Sem-III-IV.pdf,2393111,Engineering Mathematics-III,5,1,
Hamilton theorem (without proof): Application to find,Analytical methods of solving two and three dimensional,6.44-N-B.E.-Mecanical-Automation-Engineering-Sem-III-IV.pdf,2393111,Engineering Mathematics-III,6,1,
Hamilton theorem (without proof): Application to find,University pattern for practicals,6.44-N-B.E.-Mecanical-Automation-Engineering-Sem-III-IV.pdf,2393111,Engineering Mathematics-III,7,1,
Hamilton theorem (without proof): Application to find,Students must be encouraged to write at least 6 class tutorials on entire syllabus,6.44-N-B.E.-Mecanical-Automation-Engineering-Sem-III-IV.pdf,2393111,Engineering Mathematics-III,8,1,
Hamilton theorem (without proof): Application to find,Class Tutorials on entire syllabus,6.44-N-B.E.-Mecanical-Automation-Engineering-Sem-III-IV.pdf,2393111,Engineering Mathematics-III,9,1,
Hamilton theorem (without proof): Application to find,End Semester Theory Examination,6.44-N-B.E.-Mecanical-Automation-Engineering-Sem-III-IV.pdf,2393111,Engineering Mathematics-III,10,1,
"Similarity of matrices, Diagonalization of matrices",Module: Numerical methods for PDE,6.44-N-B.E.-Mecanical-Automation-Engineering-Sem-III-IV.pdf,2393111,Engineering Mathematics-III,1,1,
"Similarity of matrices, Diagonalization of matrices","Introduction of Partial Differential equations, method of separation",6.44-N-B.E.-Mecanical-Automation-Engineering-Sem-III-IV.pdf,2393111,Engineering Mathematics-III,2,1,
"Similarity of matrices, Diagonalization of matrices",Crank Nicholson method,6.44-N-B.E.-Mecanical-Automation-Engineering-Sem-III-IV.pdf,2393111,Engineering Mathematics-III,3,1,
"Similarity of matrices, Diagonalization of matrices",Bender Schmidt method,6.44-N-B.E.-Mecanical-Automation-Engineering-Sem-III-IV.pdf,2393111,Engineering Mathematics-III,4,1,
"Similarity of matrices, Diagonalization of matrices",Analytical methods of solving two and three dimensional,6.44-N-B.E.-Mecanical-Automation-Engineering-Sem-III-IV.pdf,2393111,Engineering Mathematics-III,5,1,
"Similarity of matrices, Diagonalization of matrices",University pattern for practicals,6.44-N-B.E.-Mecanical-Automation-Engineering-Sem-III-IV.pdf,2393111,Engineering Mathematics-III,6,1,
"Similarity of matrices, Diagonalization of matrices",Students must be encouraged to write at least 6 class tutorials on entire syllabus,6.44-N-B.E.-Mecanical-Automation-Engineering-Sem-III-IV.pdf,2393111,Engineering Mathematics-III,7,1,
"Similarity of matrices, Diagonalization of matrices",Class Tutorials on entire syllabus,6.44-N-B.E.-Mecanical-Automation-Engineering-Sem-III-IV.pdf,2393111,Engineering Mathematics-III,8,1,
"Similarity of matrices, Diagonalization of matrices",End Semester Theory Examination,6.44-N-B.E.-Mecanical-Automation-Engineering-Sem-III-IV.pdf,2393111,Engineering Mathematics-III,9,1,
Module: Numerical methods for PDE,"Introduction of Partial Differential equations, method of separation",6.44-N-B.E.-Mecanical-Automation-Engineering-Sem-III-IV.pdf,2393111,Engineering Mathematics-III,1,1,
Module: Numerical methods for PDE,Crank Nicholson method,6.44-N-B.E.-Mecanical-Automation-Engineering-Sem-III-IV.pdf,2393111,Engineering Mathematics-III,2,1,
Module: Numerical methods for PDE,Bender Schmidt method,6.44-N-B.E.-Mecanical-Automation-Engineering-Sem-III-IV.pdf,2393111,Engineering Mathematics-III,3,1,
Module: Numerical methods for PDE,Analytical methods of solving two and three dimensional,6.44-N-B.E.-Mecanical-Automation-Engineering-Sem-III-IV.pdf,2393111,Engineering Mathematics-III,4,1,
Module: Numerical methods for PDE,University pattern for practicals,6.44-N-B.E.-Mecanical-Automation-Engineering-Sem-III-IV.pdf,2393111,Engineering Mathematics-III,5,1,
Module: Numerical methods for PDE,Students must be encouraged to write at least 6 class tutorials on entire syllabus,6.44-N-B.E.-Mecanical-Automation-Engineering-Sem-III-IV.pdf,2393111,Engineering Mathematics-III,6,1,
Module: Numerical methods for PDE,Class Tutorials on entire syllabus,6.44-N-B.E.-Mecanical-Automation-Engineering-Sem-III-IV.pdf,2393111,Engineering Mathematics-III,7,1,
Module: Numerical methods for PDE,End Semester Theory Examination,6.44-N-B.E.-Mecanical-Automation-Engineering-Sem-III-IV.pdf,2393111,Engineering Mathematics-III,8,1,
"Introduction of Partial Differential equations, method of separation",Crank Nicholson method,6.44-N-B.E.-Mecanical-Automation-Engineering-Sem-III-IV.pdf,2393111,Engineering Mathematics-III,1,1,
"Introduction of Partial Differential equations, method of separation",Bender Schmidt method,6.44-N-B.E.-Mecanical-Automation-Engineering-Sem-III-IV.pdf,2393111,Engineering Mathematics-III,2,1,
"Introduction of Partial Differential equations, method of separation",Analytical methods of solving two and three dimensional,6.44-N-B.E.-Mecanical-Automation-Engineering-Sem-III-IV.pdf,2393111,Engineering Mathematics-III,3,1,
"Introduction of Partial Differential equations, method of separation",University pattern for practicals,6.44-N-B.E.-Mecanical-Automation-Engineering-Sem-III-IV.pdf,2393111,Engineering Mathematics-III,4,1,
"Introduction of Partial Differential equations, method of separation",Students must be encouraged to write at least 6 class tutorials on entire syllabus,6.44-N-B.E.-Mecanical-Automation-Engineering-Sem-III-IV.pdf,2393111,Engineering Mathematics-III,5,1,
"Introduction of Partial Differential equations, method of separation",Class Tutorials on entire syllabus,6.44-N-B.E.-Mecanical-Automation-Engineering-Sem-III-IV.pdf,2393111,Engineering Mathematics-III,6,1,
"Introduction of Partial Differential equations, method of separation",End Semester Theory Examination,6.44-N-B.E.-Mecanical-Automation-Engineering-Sem-III-IV.pdf,2393111,Engineering Mathematics-III,7,1,
Crank Nicholson method,Bender Schmidt method,6.44-N-B.E.-Mecanical-Automation-Engineering-Sem-III-IV.pdf,2393111,Engineering Mathematics-III,1,1,
Crank Nicholson method,Analytical methods of solving two and three dimensional,6.44-N-B.E.-Mecanical-Automation-Engineering-Sem-III-IV.pdf,2393111,Engineering Mathematics-III,2,1,
Crank Nicholson method,University pattern for practicals,6.44-N-B.E.-Mecanical-Automation-Engineering-Sem-III-IV.pdf,2393111,Engineering Mathematics-III,3,1,
Crank Nicholson method,Students must be encouraged to write at least 6 class tutorials on entire syllabus,6.44-N-B.E.-Mecanical-Automation-Engineering-Sem-III-IV.pdf,2393111,Engineering Mathematics-III,4,1,
Crank Nicholson method,Class Tutorials on entire syllabus,6.44-N-B.E.-Mecanical-Automation-Engineering-Sem-III-IV.pdf,2393111,Engineering Mathematics-III,5,1,
Crank Nicholson method,End Semester Theory Examination,6.44-N-B.E.-Mecanical-Automation-Engineering-Sem-III-IV.pdf,2393111,Engineering Mathematics-III,6,1,
Bender Schmidt method,Analytical methods of solving two and three dimensional,6.44-N-B.E.-Mecanical-Automation-Engineering-Sem-III-IV.pdf,2393111,Engineering Mathematics-III,1,1,
Bender Schmidt method,University pattern for practicals,6.44-N-B.E.-Mecanical-Automation-Engineering-Sem-III-IV.pdf,2393111,Engineering Mathematics-III,2,1,
Bender Schmidt method,Students must be encouraged to write at least 6 class tutorials on entire syllabus,6.44-N-B.E.-Mecanical-Automation-Engineering-Sem-III-IV.pdf,2393111,Engineering Mathematics-III,3,1,
Bender Schmidt method,Class Tutorials on entire syllabus,6.44-N-B.E.-Mecanical-Automation-Engineering-Sem-III-IV.pdf,2393111,Engineering Mathematics-III,4,1,
Bender Schmidt method,End Semester Theory Examination,6.44-N-B.E.-Mecanical-Automation-Engineering-Sem-III-IV.pdf,2393111,Engineering Mathematics-III,5,1,
Analytical methods of solving two and three dimensional,University pattern for practicals,6.44-N-B.E.-Mecanical-Automation-Engineering-Sem-III-IV.pdf,2393111,Engineering Mathematics-III,1,1,
Analytical methods of solving two and three dimensional,Students must be encouraged to write at least 6 class tutorials on entire syllabus,6.44-N-B.E.-Mecanical-Automation-Engineering-Sem-III-IV.pdf,2393111,Engineering Mathematics-III,2,1,
Analytical methods of solving two and three dimensional,Class Tutorials on entire syllabus,6.44-N-B.E.-Mecanical-Automation-Engineering-Sem-III-IV.pdf,2393111,Engineering Mathematics-III,3,1,
Analytical methods of solving two and three dimensional,End Semester Theory Examination,6.44-N-B.E.-Mecanical-Automation-Engineering-Sem-III-IV.pdf,2393111,Engineering Mathematics-III,4,1,
University pattern for practicals,Students must be encouraged to write at least 6 class tutorials on entire syllabus,6.44-N-B.E.-Mecanical-Automation-Engineering-Sem-III-IV.pdf,2393111,Engineering Mathematics-III,1,1,
University pattern for practicals,Class Tutorials on entire syllabus,6.44-N-B.E.-Mecanical-Automation-Engineering-Sem-III-IV.pdf,2393111,Engineering Mathematics-III,2,1,
University pattern for practicals,End Semester Theory Examination,6.44-N-B.E.-Mecanical-Automation-Engineering-Sem-III-IV.pdf,2393111,Engineering Mathematics-III,3,1,
Students must be encouraged to write at least 6 class tutorials on entire syllabus,Class Tutorials on entire syllabus,6.44-N-B.E.-Mecanical-Automation-Engineering-Sem-III-IV.pdf,2393111,Engineering Mathematics-III,1,1,
Students must be encouraged to write at least 6 class tutorials on entire syllabus,End Semester Theory Examination,6.44-N-B.E.-Mecanical-Automation-Engineering-Sem-III-IV.pdf,2393111,Engineering Mathematics-III,2,1,
Class Tutorials on entire syllabus,End Semester Theory Examination,6.44-N-B.E.-Mecanical-Automation-Engineering-Sem-III-IV.pdf,2393111,Engineering Mathematics-III,1,1,
"Concepts of equilibrium in beams, support reactions",Concept of Stress,6.44-N-B.E.-Mecanical-Automation-Engineering-Sem-III-IV.pdf,2393112,Strength of Materials,1,1,
"Concepts of equilibrium in beams, support reactions",Area Moment of Inertia,6.44-N-B.E.-Mecanical-Automation-Engineering-Sem-III-IV.pdf,2393112,Strength of Materials,2,1,
"Concepts of equilibrium in beams, support reactions","Area Moment of Inertia about centroidal axes, Parallel Axes theorem, Polar",6.44-N-B.E.-Mecanical-Automation-Engineering-Sem-III-IV.pdf,2393112,Strength of Materials,3,1,
"Concepts of equilibrium in beams, support reactions",Moment of Inertia,6.44-N-B.E.-Mecanical-Automation-Engineering-Sem-III-IV.pdf,2393112,Strength of Materials,4,1,
"Concepts of equilibrium in beams, support reactions","Torsion equation, Torsion of circular shafts",6.44-N-B.E.-Mecanical-Automation-Engineering-Sem-III-IV.pdf,2393112,Strength of Materials,5,1,
"Concepts of equilibrium in beams, support reactions","Strain energy stored in the member due to gradual, sudden and impact loads",6.44-N-B.E.-Mecanical-Automation-Engineering-Sem-III-IV.pdf,2393112,Strength of Materials,6,1,
"Concepts of equilibrium in beams, support reactions",Strain energy due to bending and torsion,6.44-N-B.E.-Mecanical-Automation-Engineering-Sem-III-IV.pdf,2393112,Strength of Materials,7,1,
"Concepts of equilibrium in beams, support reactions","Introduction to types of beams, supports and loadings. Definition of bending",6.44-N-B.E.-Mecanical-Automation-Engineering-Sem-III-IV.pdf,2393112,Strength of Materials,8,1,
"Concepts of equilibrium in beams, support reactions",Stresses in Beams and Thin Shells,6.44-N-B.E.-Mecanical-Automation-Engineering-Sem-III-IV.pdf,2393112,Strength of Materials,9,1,
"Concepts of equilibrium in beams, support reactions",Bending and Shear Stresses in Beams,6.44-N-B.E.-Mecanical-Automation-Engineering-Sem-III-IV.pdf,2393112,Strength of Materials,10,1,
"Concepts of equilibrium in beams, support reactions","Theory of bending of beams, bending stress distribution, shear stress distribution",6.44-N-B.E.-Mecanical-Automation-Engineering-Sem-III-IV.pdf,2393112,Strength of Materials,11,1,
"Concepts of equilibrium in beams, support reactions",Deflection of Beams,6.44-N-B.E.-Mecanical-Automation-Engineering-Sem-III-IV.pdf,2393112,Strength of Materials,12,1,
"Concepts of equilibrium in beams, support reactions","Buckling load, Types of end conditions for column, Euler’s column theory",6.44-N-B.E.-Mecanical-Automation-Engineering-Sem-III-IV.pdf,2393112,Strength of Materials,13,1,
"Concepts of equilibrium in beams, support reactions",Consisting Two Compulsory Class Tests,6.44-N-B.E.-Mecanical-Automation-Engineering-Sem-III-IV.pdf,2393112,Strength of Materials,14,1,
Concept of Stress,Area Moment of Inertia,6.44-N-B.E.-Mecanical-Automation-Engineering-Sem-III-IV.pdf,2393112,Strength of Materials,1,1,
Concept of Stress,"Area Moment of Inertia about centroidal axes, Parallel Axes theorem, Polar",6.44-N-B.E.-Mecanical-Automation-Engineering-Sem-III-IV.pdf,2393112,Strength of Materials,2,1,
Concept of Stress,Moment of Inertia,6.44-N-B.E.-Mecanical-Automation-Engineering-Sem-III-IV.pdf,2393112,Strength of Materials,3,1,
Concept of Stress,"Torsion equation, Torsion of circular shafts",6.44-N-B.E.-Mecanical-Automation-Engineering-Sem-III-IV.pdf,2393112,Strength of Materials,4,1,
Concept of Stress,"Strain energy stored in the member due to gradual, sudden and impact loads",6.44-N-B.E.-Mecanical-Automation-Engineering-Sem-III-IV.pdf,2393112,Strength of Materials,5,1,
Concept of Stress,Strain energy due to bending and torsion,6.44-N-B.E.-Mecanical-Automation-Engineering-Sem-III-IV.pdf,2393112,Strength of Materials,6,1,
Concept of Stress,"Introduction to types of beams, supports and loadings. Definition of bending",6.44-N-B.E.-Mecanical-Automation-Engineering-Sem-III-IV.pdf,2393112,Strength of Materials,7,1,
Concept of Stress,Stresses in Beams and Thin Shells,6.44-N-B.E.-Mecanical-Automation-Engineering-Sem-III-IV.pdf,2393112,Strength of Materials,8,1,
Concept of Stress,Bending and Shear Stresses in Beams,6.44-N-B.E.-Mecanical-Automation-Engineering-Sem-III-IV.pdf,2393112,Strength of Materials,9,1,
Concept of Stress,"Theory of bending of beams, bending stress distribution, shear stress distribution",6.44-N-B.E.-Mecanical-Automation-Engineering-Sem-III-IV.pdf,2393112,Strength of Materials,10,1,
Concept of Stress,Deflection of Beams,6.44-N-B.E.-Mecanical-Automation-Engineering-Sem-III-IV.pdf,2393112,Strength of Materials,11,1,
Concept of Stress,"Buckling load, Types of end conditions for column, Euler’s column theory",6.44-N-B.E.-Mecanical-Automation-Engineering-Sem-III-IV.pdf,2393112,Strength of Materials,12,1,
Concept of Stress,Consisting Two Compulsory Class Tests,6.44-N-B.E.-Mecanical-Automation-Engineering-Sem-III-IV.pdf,2393112,Strength of Materials,13,1,
Concept of Stress,First test based on approximately 40% of contents and second test based on remaining contents,6.44-N-B.E.-Mecanical-Automation-Engineering-Sem-III-IV.pdf,2393112,Strength of Materials,14,1,
Area Moment of Inertia,"Area Moment of Inertia about centroidal axes, Parallel Axes theorem, Polar",6.44-N-B.E.-Mecanical-Automation-Engineering-Sem-III-IV.pdf,2393112,Strength of Materials,1,1,
Area Moment of Inertia,Moment of Inertia,6.44-N-B.E.-Mecanical-Automation-Engineering-Sem-III-IV.pdf,2393112,Strength of Materials,2,1,
Area Moment of Inertia,"Torsion equation, Torsion of circular shafts",6.44-N-B.E.-Mecanical-Automation-Engineering-Sem-III-IV.pdf,2393112,Strength of Materials,3,1,
Area Moment of Inertia,"Strain energy stored in the member due to gradual, sudden and impact loads",6.44-N-B.E.-Mecanical-Automation-Engineering-Sem-III-IV.pdf,2393112,Strength of Materials,4,1,
Area Moment of Inertia,Strain energy due to bending and torsion,6.44-N-B.E.-Mecanical-Automation-Engineering-Sem-III-IV.pdf,2393112,Strength of Materials,5,1,
Area Moment of Inertia,"Introduction to types of beams, supports and loadings. Definition of bending",6.44-N-B.E.-Mecanical-Automation-Engineering-Sem-III-IV.pdf,2393112,Strength of Materials,6,1,
Area Moment of Inertia,Stresses in Beams and Thin Shells,6.44-N-B.E.-Mecanical-Automation-Engineering-Sem-III-IV.pdf,2393112,Strength of Materials,7,1,
Area Moment of Inertia,Bending and Shear Stresses in Beams,6.44-N-B.E.-Mecanical-Automation-Engineering-Sem-III-IV.pdf,2393112,Strength of Materials,8,1,
Area Moment of Inertia,"Theory of bending of beams, bending stress distribution, shear stress distribution",6.44-N-B.E.-Mecanical-Automation-Engineering-Sem-III-IV.pdf,2393112,Strength of Materials,9,1,
Area Moment of Inertia,Deflection of Beams,6.44-N-B.E.-Mecanical-Automation-Engineering-Sem-III-IV.pdf,2393112,Strength of Materials,10,1,
Area Moment of Inertia,"Buckling load, Types of end conditions for column, Euler’s column theory",6.44-N-B.E.-Mecanical-Automation-Engineering-Sem-III-IV.pdf,2393112,Strength of Materials,11,1,
Area Moment of Inertia,Consisting Two Compulsory Class Tests,6.44-N-B.E.-Mecanical-Automation-Engineering-Sem-III-IV.pdf,2393112,Strength of Materials,12,1,
Area Moment of Inertia,First test based on approximately 40% of contents and second test based on remaining contents,6.44-N-B.E.-Mecanical-Automation-Engineering-Sem-III-IV.pdf,2393112,Strength of Materials,13,1,
Area Moment of Inertia,Only Four questions need to be solved,6.44-N-B.E.-Mecanical-Automation-Engineering-Sem-III-IV.pdf,2393112,Strength of Materials,14,1,
"Area Moment of Inertia about centroidal axes, Parallel Axes theorem, Polar",Moment of Inertia,6.44-N-B.E.-Mecanical-Automation-Engineering-Sem-III-IV.pdf,2393112,Strength of Materials,1,1,
"Area Moment of Inertia about centroidal axes, Parallel Axes theorem, Polar","Torsion equation, Torsion of circular shafts",6.44-N-B.E.-Mecanical-Automation-Engineering-Sem-III-IV.pdf,2393112,Strength of Materials,2,1,
"Area Moment of Inertia about centroidal axes, Parallel Axes theorem, Polar","Strain energy stored in the member due to gradual, sudden and impact loads",6.44-N-B.E.-Mecanical-Automation-Engineering-Sem-III-IV.pdf,2393112,Strength of Materials,3,1,
"Area Moment of Inertia about centroidal axes, Parallel Axes theorem, Polar",Strain energy due to bending and torsion,6.44-N-B.E.-Mecanical-Automation-Engineering-Sem-III-IV.pdf,2393112,Strength of Materials,4,1,
"Area Moment of Inertia about centroidal axes, Parallel Axes theorem, Polar","Introduction to types of beams, supports and loadings. Definition of bending",6.44-N-B.E.-Mecanical-Automation-Engineering-Sem-III-IV.pdf,2393112,Strength of Materials,5,1,
"Area Moment of Inertia about centroidal axes, Parallel Axes theorem, Polar",Stresses in Beams and Thin Shells,6.44-N-B.E.-Mecanical-Automation-Engineering-Sem-III-IV.pdf,2393112,Strength of Materials,6,1,
"Area Moment of Inertia about centroidal axes, Parallel Axes theorem, Polar",Bending and Shear Stresses in Beams,6.44-N-B.E.-Mecanical-Automation-Engineering-Sem-III-IV.pdf,2393112,Strength of Materials,7,1,
"Area Moment of Inertia about centroidal axes, Parallel Axes theorem, Polar","Theory of bending of beams, bending stress distribution, shear stress distribution",6.44-N-B.E.-Mecanical-Automation-Engineering-Sem-III-IV.pdf,2393112,Strength of Materials,8,1,
"Area Moment of Inertia about centroidal axes, Parallel Axes theorem, Polar",Deflection of Beams,6.44-N-B.E.-Mecanical-Automation-Engineering-Sem-III-IV.pdf,2393112,Strength of Materials,9,1,
"Area Moment of Inertia about centroidal axes, Parallel Axes theorem, Polar","Buckling load, Types of end conditions for column, Euler’s column theory",6.44-N-B.E.-Mecanical-Automation-Engineering-Sem-III-IV.pdf,2393112,Strength of Materials,10,1,
"Area Moment of Inertia about centroidal axes, Parallel Axes theorem, Polar",Consisting Two Compulsory Class Tests,6.44-N-B.E.-Mecanical-Automation-Engineering-Sem-III-IV.pdf,2393112,Strength of Materials,11,1,
"Area Moment of Inertia about centroidal axes, Parallel Axes theorem, Polar",First test based on approximately 40% of contents and second test based on remaining contents,6.44-N-B.E.-Mecanical-Automation-Engineering-Sem-III-IV.pdf,2393112,Strength of Materials,12,1,
"Area Moment of Inertia about centroidal axes, Parallel Axes theorem, Polar",Only Four questions need to be solved,6.44-N-B.E.-Mecanical-Automation-Engineering-Sem-III-IV.pdf,2393112,Strength of Materials,13,1,
Moment of Inertia,"Torsion equation, Torsion of circular shafts",6.44-N-B.E.-Mecanical-Automation-Engineering-Sem-III-IV.pdf,2393112,Strength of Materials,1,1,
Moment of Inertia,"Strain energy stored in the member due to gradual, sudden and impact loads",6.44-N-B.E.-Mecanical-Automation-Engineering-Sem-III-IV.pdf,2393112,Strength of Materials,2,1,
Moment of Inertia,Strain energy due to bending and torsion,6.44-N-B.E.-Mecanical-Automation-Engineering-Sem-III-IV.pdf,2393112,Strength of Materials,3,1,
Moment of Inertia,"Introduction to types of beams, supports and loadings. Definition of bending",6.44-N-B.E.-Mecanical-Automation-Engineering-Sem-III-IV.pdf,2393112,Strength of Materials,4,1,
Moment of Inertia,Stresses in Beams and Thin Shells,6.44-N-B.E.-Mecanical-Automation-Engineering-Sem-III-IV.pdf,2393112,Strength of Materials,5,1,
Moment of Inertia,Bending and Shear Stresses in Beams,6.44-N-B.E.-Mecanical-Automation-Engineering-Sem-III-IV.pdf,2393112,Strength of Materials,6,1,
Moment of Inertia,"Theory of bending of beams, bending stress distribution, shear stress distribution",6.44-N-B.E.-Mecanical-Automation-Engineering-Sem-III-IV.pdf,2393112,Strength of Materials,7,1,
Moment of Inertia,Deflection of Beams,6.44-N-B.E.-Mecanical-Automation-Engineering-Sem-III-IV.pdf,2393112,Strength of Materials,8,1,
Moment of Inertia,"Buckling load, Types of end conditions for column, Euler’s column theory",6.44-N-B.E.-Mecanical-Automation-Engineering-Sem-III-IV.pdf,2393112,Strength of Materials,9,1,
Moment of Inertia,Consisting Two Compulsory Class Tests,6.44-N-B.E.-Mecanical-Automation-Engineering-Sem-III-IV.pdf,2393112,Strength of Materials,10,1,
Moment of Inertia,First test based on approximately 40% of contents and second test based on remaining contents,6.44-N-B.E.-Mecanical-Automation-Engineering-Sem-III-IV.pdf,2393112,Strength of Materials,11,1,
Moment of Inertia,Only Four questions need to be solved,6.44-N-B.E.-Mecanical-Automation-Engineering-Sem-III-IV.pdf,2393112,Strength of Materials,12,1,
"Torsion equation, Torsion of circular shafts","Strain energy stored in the member due to gradual, sudden and impact loads",6.44-N-B.E.-Mecanical-Automation-Engineering-Sem-III-IV.pdf,2393112,Strength of Materials,1,1,
"Torsion equation, Torsion of circular shafts",Strain energy due to bending and torsion,6.44-N-B.E.-Mecanical-Automation-Engineering-Sem-III-IV.pdf,2393112,Strength of Materials,2,1,
"Torsion equation, Torsion of circular shafts","Introduction to types of beams, supports and loadings. Definition of bending",6.44-N-B.E.-Mecanical-Automation-Engineering-Sem-III-IV.pdf,2393112,Strength of Materials,3,1,
"Torsion equation, Torsion of circular shafts",Stresses in Beams and Thin Shells,6.44-N-B.E.-Mecanical-Automation-Engineering-Sem-III-IV.pdf,2393112,Strength of Materials,4,1,
"Torsion equation, Torsion of circular shafts",Bending and Shear Stresses in Beams,6.44-N-B.E.-Mecanical-Automation-Engineering-Sem-III-IV.pdf,2393112,Strength of Materials,5,1,
"Torsion equation, Torsion of circular shafts","Theory of bending of beams, bending stress distribution, shear stress distribution",6.44-N-B.E.-Mecanical-Automation-Engineering-Sem-III-IV.pdf,2393112,Strength of Materials,6,1,
"Torsion equation, Torsion of circular shafts",Deflection of Beams,6.44-N-B.E.-Mecanical-Automation-Engineering-Sem-III-IV.pdf,2393112,Strength of Materials,7,1,
"Torsion equation, Torsion of circular shafts","Buckling load, Types of end conditions for column, Euler’s column theory",6.44-N-B.E.-Mecanical-Automation-Engineering-Sem-III-IV.pdf,2393112,Strength of Materials,8,1,
"Torsion equation, Torsion of circular shafts",Consisting Two Compulsory Class Tests,6.44-N-B.E.-Mecanical-Automation-Engineering-Sem-III-IV.pdf,2393112,Strength of Materials,9,1,
"Torsion equation, Torsion of circular shafts",First test based on approximately 40% of contents and second test based on remaining contents,6.44-N-B.E.-Mecanical-Automation-Engineering-Sem-III-IV.pdf,2393112,Strength of Materials,10,1,
"Torsion equation, Torsion of circular shafts",Only Four questions need to be solved,6.44-N-B.E.-Mecanical-Automation-Engineering-Sem-III-IV.pdf,2393112,Strength of Materials,11,1,
"Strain energy stored in the member due to gradual, sudden and impact loads",Strain energy due to bending and torsion,6.44-N-B.E.-Mecanical-Automation-Engineering-Sem-III-IV.pdf,2393112,Strength of Materials,1,1,
"Strain energy stored in the member due to gradual, sudden and impact loads","Introduction to types of beams, supports and loadings. Definition of bending",6.44-N-B.E.-Mecanical-Automation-Engineering-Sem-III-IV.pdf,2393112,Strength of Materials,2,1,
"Strain energy stored in the member due to gradual, sudden and impact loads",Stresses in Beams and Thin Shells,6.44-N-B.E.-Mecanical-Automation-Engineering-Sem-III-IV.pdf,2393112,Strength of Materials,3,1,
"Strain energy stored in the member due to gradual, sudden and impact loads",Bending and Shear Stresses in Beams,6.44-N-B.E.-Mecanical-Automation-Engineering-Sem-III-IV.pdf,2393112,Strength of Materials,4,1,
"Strain energy stored in the member due to gradual, sudden and impact loads","Theory of bending of beams, bending stress distribution, shear stress distribution",6.44-N-B.E.-Mecanical-Automation-Engineering-Sem-III-IV.pdf,2393112,Strength of Materials,5,1,
"Strain energy stored in the member due to gradual, sudden and impact loads",Deflection of Beams,6.44-N-B.E.-Mecanical-Automation-Engineering-Sem-III-IV.pdf,2393112,Strength of Materials,6,1,
"Strain energy stored in the member due to gradual, sudden and impact loads","Buckling load, Types of end conditions for column, Euler’s column theory",6.44-N-B.E.-Mecanical-Automation-Engineering-Sem-III-IV.pdf,2393112,Strength of Materials,7,1,
"Strain energy stored in the member due to gradual, sudden and impact loads",Consisting Two Compulsory Class Tests,6.44-N-B.E.-Mecanical-Automation-Engineering-Sem-III-IV.pdf,2393112,Strength of Materials,8,1,
"Strain energy stored in the member due to gradual, sudden and impact loads",First test based on approximately 40% of contents and second test based on remaining contents,6.44-N-B.E.-Mecanical-Automation-Engineering-Sem-III-IV.pdf,2393112,Strength of Materials,9,1,
"Strain energy stored in the member due to gradual, sudden and impact loads",Only Four questions need to be solved,6.44-N-B.E.-Mecanical-Automation-Engineering-Sem-III-IV.pdf,2393112,Strength of Materials,10,1,
Strain energy due to bending and torsion,"Introduction to types of beams, supports and loadings. Definition of bending",6.44-N-B.E.-Mecanical-Automation-Engineering-Sem-III-IV.pdf,2393112,Strength of Materials,1,1,
Strain energy due to bending and torsion,Stresses in Beams and Thin Shells,6.44-N-B.E.-Mecanical-Automation-Engineering-Sem-III-IV.pdf,2393112,Strength of Materials,2,1,
Strain energy due to bending and torsion,Bending and Shear Stresses in Beams,6.44-N-B.E.-Mecanical-Automation-Engineering-Sem-III-IV.pdf,2393112,Strength of Materials,3,1,
Strain energy due to bending and torsion,"Theory of bending of beams, bending stress distribution, shear stress distribution",6.44-N-B.E.-Mecanical-Automation-Engineering-Sem-III-IV.pdf,2393112,Strength of Materials,4,1,
Strain energy due to bending and torsion,Deflection of Beams,6.44-N-B.E.-Mecanical-Automation-Engineering-Sem-III-IV.pdf,2393112,Strength of Materials,5,1,
Strain energy due to bending and torsion,"Buckling load, Types of end conditions for column, Euler’s column theory",6.44-N-B.E.-Mecanical-Automation-Engineering-Sem-III-IV.pdf,2393112,Strength of Materials,6,1,
Strain energy due to bending and torsion,Consisting Two Compulsory Class Tests,6.44-N-B.E.-Mecanical-Automation-Engineering-Sem-III-IV.pdf,2393112,Strength of Materials,7,1,
Strain energy due to bending and torsion,First test based on approximately 40% of contents and second test based on remaining contents,6.44-N-B.E.-Mecanical-Automation-Engineering-Sem-III-IV.pdf,2393112,Strength of Materials,8,1,
Strain energy due to bending and torsion,Only Four questions need to be solved,6.44-N-B.E.-Mecanical-Automation-Engineering-Sem-III-IV.pdf,2393112,Strength of Materials,9,1,
"Introduction to types of beams, supports and loadings. Definition of bending",Stresses in Beams and Thin Shells,6.44-N-B.E.-Mecanical-Automation-Engineering-Sem-III-IV.pdf,2393112,Strength of Materials,1,1,
"Introduction to types of beams, supports and loadings. Definition of bending",Bending and Shear Stresses in Beams,6.44-N-B.E.-Mecanical-Automation-Engineering-Sem-III-IV.pdf,2393112,Strength of Materials,2,1,
"Introduction to types of beams, supports and loadings. Definition of bending","Theory of bending of beams, bending stress distribution, shear stress distribution",6.44-N-B.E.-Mecanical-Automation-Engineering-Sem-III-IV.pdf,2393112,Strength of Materials,3,1,
"Introduction to types of beams, supports and loadings. Definition of bending",Deflection of Beams,6.44-N-B.E.-Mecanical-Automation-Engineering-Sem-III-IV.pdf,2393112,Strength of Materials,4,1,
"Introduction to types of beams, supports and loadings. Definition of bending","Buckling load, Types of end conditions for column, Euler’s column theory",6.44-N-B.E.-Mecanical-Automation-Engineering-Sem-III-IV.pdf,2393112,Strength of Materials,5,1,
"Introduction to types of beams, supports and loadings. Definition of bending",Consisting Two Compulsory Class Tests,6.44-N-B.E.-Mecanical-Automation-Engineering-Sem-III-IV.pdf,2393112,Strength of Materials,6,1,
"Introduction to types of beams, supports and loadings. Definition of bending",First test based on approximately 40% of contents and second test based on remaining contents,6.44-N-B.E.-Mecanical-Automation-Engineering-Sem-III-IV.pdf,2393112,Strength of Materials,7,1,
"Introduction to types of beams, supports and loadings. Definition of bending",Only Four questions need to be solved,6.44-N-B.E.-Mecanical-Automation-Engineering-Sem-III-IV.pdf,2393112,Strength of Materials,8,1,
Stresses in Beams and Thin Shells,Bending and Shear Stresses in Beams,6.44-N-B.E.-Mecanical-Automation-Engineering-Sem-III-IV.pdf,2393112,Strength of Materials,1,1,
Stresses in Beams and Thin Shells,"Theory of bending of beams, bending stress distribution, shear stress distribution",6.44-N-B.E.-Mecanical-Automation-Engineering-Sem-III-IV.pdf,2393112,Strength of Materials,2,1,
Stresses in Beams and Thin Shells,Deflection of Beams,6.44-N-B.E.-Mecanical-Automation-Engineering-Sem-III-IV.pdf,2393112,Strength of Materials,3,1,
Stresses in Beams and Thin Shells,"Buckling load, Types of end conditions for column, Euler’s column theory",6.44-N-B.E.-Mecanical-Automation-Engineering-Sem-III-IV.pdf,2393112,Strength of Materials,4,1,
Stresses in Beams and Thin Shells,Consisting Two Compulsory Class Tests,6.44-N-B.E.-Mecanical-Automation-Engineering-Sem-III-IV.pdf,2393112,Strength of Materials,5,1,
Stresses in Beams and Thin Shells,First test based on approximately 40% of contents and second test based on remaining contents,6.44-N-B.E.-Mecanical-Automation-Engineering-Sem-III-IV.pdf,2393112,Strength of Materials,6,1,
Stresses in Beams and Thin Shells,Only Four questions need to be solved,6.44-N-B.E.-Mecanical-Automation-Engineering-Sem-III-IV.pdf,2393112,Strength of Materials,7,1,
Bending and Shear Stresses in Beams,"Theory of bending of beams, bending stress distribution, shear stress distribution",6.44-N-B.E.-Mecanical-Automation-Engineering-Sem-III-IV.pdf,2393112,Strength of Materials,1,1,
Bending and Shear Stresses in Beams,Deflection of Beams,6.44-N-B.E.-Mecanical-Automation-Engineering-Sem-III-IV.pdf,2393112,Strength of Materials,2,1,
Bending and Shear Stresses in Beams,"Buckling load, Types of end conditions for column, Euler’s column theory",6.44-N-B.E.-Mecanical-Automation-Engineering-Sem-III-IV.pdf,2393112,Strength of Materials,3,1,
Bending and Shear Stresses in Beams,Consisting Two Compulsory Class Tests,6.44-N-B.E.-Mecanical-Automation-Engineering-Sem-III-IV.pdf,2393112,Strength of Materials,4,1,
Bending and Shear Stresses in Beams,First test based on approximately 40% of contents and second test based on remaining contents,6.44-N-B.E.-Mecanical-Automation-Engineering-Sem-III-IV.pdf,2393112,Strength of Materials,5,1,
Bending and Shear Stresses in Beams,Only Four questions need to be solved,6.44-N-B.E.-Mecanical-Automation-Engineering-Sem-III-IV.pdf,2393112,Strength of Materials,6,1,
"Theory of bending of beams, bending stress distribution, shear stress distribution",Deflection of Beams,6.44-N-B.E.-Mecanical-Automation-Engineering-Sem-III-IV.pdf,2393112,Strength of Materials,1,1,
"Theory of bending of beams, bending stress distribution, shear stress distribution","Buckling load, Types of end conditions for column, Euler’s column theory",6.44-N-B.E.-Mecanical-Automation-Engineering-Sem-III-IV.pdf,2393112,Strength of Materials,2,1,
"Theory of bending of beams, bending stress distribution, shear stress distribution",Consisting Two Compulsory Class Tests,6.44-N-B.E.-Mecanical-Automation-Engineering-Sem-III-IV.pdf,2393112,Strength of Materials,3,1,
"Theory of bending of beams, bending stress distribution, shear stress distribution",First test based on approximately 40% of contents and second test based on remaining contents,6.44-N-B.E.-Mecanical-Automation-Engineering-Sem-III-IV.pdf,2393112,Strength of Materials,4,1,
"Theory of bending of beams, bending stress distribution, shear stress distribution",Only Four questions need to be solved,6.44-N-B.E.-Mecanical-Automation-Engineering-Sem-III-IV.pdf,2393112,Strength of Materials,5,1,
Deflection of Beams,"Buckling load, Types of end conditions for column, Euler’s column theory",6.44-N-B.E.-Mecanical-Automation-Engineering-Sem-III-IV.pdf,2393112,Strength of Materials,1,1,
Deflection of Beams,Consisting Two Compulsory Class Tests,6.44-N-B.E.-Mecanical-Automation-Engineering-Sem-III-IV.pdf,2393112,Strength of Materials,2,1,
Deflection of Beams,First test based on approximately 40% of contents and second test based on remaining contents,6.44-N-B.E.-Mecanical-Automation-Engineering-Sem-III-IV.pdf,2393112,Strength of Materials,3,1,
Deflection of Beams,Only Four questions need to be solved,6.44-N-B.E.-Mecanical-Automation-Engineering-Sem-III-IV.pdf,2393112,Strength of Materials,4,1,
"Buckling load, Types of end conditions for column, Euler’s column theory",Consisting Two Compulsory Class Tests,6.44-N-B.E.-Mecanical-Automation-Engineering-Sem-III-IV.pdf,2393112,Strength of Materials,1,1,
"Buckling load, Types of end conditions for column, Euler’s column theory",First test based on approximately 40% of contents and second test based on remaining contents,6.44-N-B.E.-Mecanical-Automation-Engineering-Sem-III-IV.pdf,2393112,Strength of Materials,2,1,
"Buckling load, Types of end conditions for column, Euler’s column theory",Only Four questions need to be solved,6.44-N-B.E.-Mecanical-Automation-Engineering-Sem-III-IV.pdf,2393112,Strength of Materials,3,1,
Consisting Two Compulsory Class Tests,First test based on approximately 40% of contents and second test based on remaining contents,6.44-N-B.E.-Mecanical-Automation-Engineering-Sem-III-IV.pdf,2393112,Strength of Materials,1,1,
Consisting Two Compulsory Class Tests,Only Four questions need to be solved,6.44-N-B.E.-Mecanical-Automation-Engineering-Sem-III-IV.pdf,2393112,Strength of Materials,2,1,
First test based on approximately 40% of contents and second test based on remaining contents,Only Four questions need to be solved,6.44-N-B.E.-Mecanical-Automation-Engineering-Sem-III-IV.pdf,2393112,Strength of Materials,1,1,
Carnot cycle,Carnot theorem,6.44-N-B.E.-Mecanical-Automation-Engineering-Sem-III-IV.pdf,2393113,Thermodynamics,1,1,
Carnot cycle,Clausius theorem,6.44-N-B.E.-Mecanical-Automation-Engineering-Sem-III-IV.pdf,2393113,Thermodynamics,2,1,
Carnot cycle,Entropy is property of a system,6.44-N-B.E.-Mecanical-Automation-Engineering-Sem-III-IV.pdf,2393113,Thermodynamics,3,1,
Carnot cycle,Temperature-Entropy,6.44-N-B.E.-Mecanical-Automation-Engineering-Sem-III-IV.pdf,2393113,Thermodynamics,4,1,
Carnot cycle,Increase of entropy principle,6.44-N-B.E.-Mecanical-Automation-Engineering-Sem-III-IV.pdf,2393113,Thermodynamics,5,1,
Carnot theorem,Clausius theorem,6.44-N-B.E.-Mecanical-Automation-Engineering-Sem-III-IV.pdf,2393113,Thermodynamics,1,1,
Carnot theorem,Entropy is property of a system,6.44-N-B.E.-Mecanical-Automation-Engineering-Sem-III-IV.pdf,2393113,Thermodynamics,2,1,
Carnot theorem,Temperature-Entropy,6.44-N-B.E.-Mecanical-Automation-Engineering-Sem-III-IV.pdf,2393113,Thermodynamics,3,1,
Carnot theorem,Increase of entropy principle,6.44-N-B.E.-Mecanical-Automation-Engineering-Sem-III-IV.pdf,2393113,Thermodynamics,4,1,
Clausius theorem,Entropy is property of a system,6.44-N-B.E.-Mecanical-Automation-Engineering-Sem-III-IV.pdf,2393113,Thermodynamics,1,1,
Clausius theorem,Temperature-Entropy,6.44-N-B.E.-Mecanical-Automation-Engineering-Sem-III-IV.pdf,2393113,Thermodynamics,2,1,
Clausius theorem,Increase of entropy principle,6.44-N-B.E.-Mecanical-Automation-Engineering-Sem-III-IV.pdf,2393113,Thermodynamics,3,1,
Entropy is property of a system,Temperature-Entropy,6.44-N-B.E.-Mecanical-Automation-Engineering-Sem-III-IV.pdf,2393113,Thermodynamics,1,1,
Entropy is property of a system,Increase of entropy principle,6.44-N-B.E.-Mecanical-Automation-Engineering-Sem-III-IV.pdf,2393113,Thermodynamics,2,1,
Temperature-Entropy,Increase of entropy principle,6.44-N-B.E.-Mecanical-Automation-Engineering-Sem-III-IV.pdf,2393113,Thermodynamics,1,1,
Introduction to Crystals and Imperfections Classification of materials: Introduction to engineering,Concepts of crystals- Crystalline and Non-crystalline,6.44-N-B.E.-Mecanical-Automation-Engineering-Sem-III-IV.pdf,2393114,Material Science,1,1,
Introduction to Crystals and Imperfections Classification of materials: Introduction to engineering,Materials Unit cell,6.44-N-B.E.-Mecanical-Automation-Engineering-Sem-III-IV.pdf,2393114,Material Science,2,1,
Introduction to Crystals and Imperfections Classification of materials: Introduction to engineering,Crystal structures of metals,6.44-N-B.E.-Mecanical-Automation-Engineering-Sem-III-IV.pdf,2393114,Material Science,3,1,
Introduction to Crystals and Imperfections Classification of materials: Introduction to engineering,Defects: Crystal Imperfections-definition,6.44-N-B.E.-Mecanical-Automation-Engineering-Sem-III-IV.pdf,2393114,Material Science,4,1,
Concepts of crystals- Crystalline and Non-crystalline,Materials Unit cell,6.44-N-B.E.-Mecanical-Automation-Engineering-Sem-III-IV.pdf,2393114,Material Science,1,1,
Concepts of crystals- Crystalline and Non-crystalline,Crystal structures of metals,6.44-N-B.E.-Mecanical-Automation-Engineering-Sem-III-IV.pdf,2393114,Material Science,2,1,
Concepts of crystals- Crystalline and Non-crystalline,Defects: Crystal Imperfections-definition,6.44-N-B.E.-Mecanical-Automation-Engineering-Sem-III-IV.pdf,2393114,Material Science,3,1,
Materials Unit cell,Crystal structures of metals,6.44-N-B.E.-Mecanical-Automation-Engineering-Sem-III-IV.pdf,2393114,Material Science,1,1,
Materials Unit cell,Defects: Crystal Imperfections-definition,6.44-N-B.E.-Mecanical-Automation-Engineering-Sem-III-IV.pdf,2393114,Material Science,2,1,
Crystal structures of metals,Defects: Crystal Imperfections-definition,6.44-N-B.E.-Mecanical-Automation-Engineering-Sem-III-IV.pdf,2393114,Material Science,1,1,
Classification of various joining processes,Adhesive bonding,6.44-N-B.E.-Mecanical-Automation-Engineering-Sem-III-IV.pdf,2394112,Manufacturing Processes,1,1,
Classification of various joining processes,Mechanical Fastening; Welding,6.44-N-B.E.-Mecanical-Automation-Engineering-Sem-III-IV.pdf,2394112,Manufacturing Processes,2,1,
Classification of various joining processes,Hybrid joining processes,6.44-N-B.E.-Mecanical-Automation-Engineering-Sem-III-IV.pdf,2394112,Manufacturing Processes,3,1,
Classification of various joining processes,Solid State etc,6.44-N-B.E.-Mecanical-Automation-Engineering-Sem-III-IV.pdf,2394112,Manufacturing Processes,4,1,
Classification of various joining processes,III Metal Forming,6.44-N-B.E.-Mecanical-Automation-Engineering-Sem-III-IV.pdf,2394112,Manufacturing Processes,5,1,
Classification of various joining processes,Metal Forming Process,6.44-N-B.E.-Mecanical-Automation-Engineering-Sem-III-IV.pdf,2394112,Manufacturing Processes,6,1,
Classification of various joining processes,Defects in rolled and forged,6.44-N-B.E.-Mecanical-Automation-Engineering-Sem-III-IV.pdf,2394112,Manufacturing Processes,7,1,
Classification of various joining processes,Sheet metal working processes,6.44-N-B.E.-Mecanical-Automation-Engineering-Sem-III-IV.pdf,2394112,Manufacturing Processes,8,1,
Classification of various joining processes,Classification of Sheet metal operations,6.44-N-B.E.-Mecanical-Automation-Engineering-Sem-III-IV.pdf,2394112,Manufacturing Processes,9,1,
Classification of various joining processes,Presses used in sheet metal operations,6.44-N-B.E.-Mecanical-Automation-Engineering-Sem-III-IV.pdf,2394112,Manufacturing Processes,10,1,
Classification of various joining processes,Sheet metal,6.44-N-B.E.-Mecanical-Automation-Engineering-Sem-III-IV.pdf,2394112,Manufacturing Processes,11,1,
Adhesive bonding,Mechanical Fastening; Welding,6.44-N-B.E.-Mecanical-Automation-Engineering-Sem-III-IV.pdf,2394112,Manufacturing Processes,1,1,
Adhesive bonding,Hybrid joining processes,6.44-N-B.E.-Mecanical-Automation-Engineering-Sem-III-IV.pdf,2394112,Manufacturing Processes,2,1,
Adhesive bonding,Solid State etc,6.44-N-B.E.-Mecanical-Automation-Engineering-Sem-III-IV.pdf,2394112,Manufacturing Processes,3,1,
Adhesive bonding,III Metal Forming,6.44-N-B.E.-Mecanical-Automation-Engineering-Sem-III-IV.pdf,2394112,Manufacturing Processes,4,1,
Adhesive bonding,Metal Forming Process,6.44-N-B.E.-Mecanical-Automation-Engineering-Sem-III-IV.pdf,2394112,Manufacturing Processes,5,1,
Adhesive bonding,Defects in rolled and forged,6.44-N-B.E.-Mecanical-Automation-Engineering-Sem-III-IV.pdf,2394112,Manufacturing Processes,6,1,
Adhesive bonding,Sheet metal working processes,6.44-N-B.E.-Mecanical-Automation-Engineering-Sem-III-IV.pdf,2394112,Manufacturing Processes,7,1,
Adhesive bonding,Classification of Sheet metal operations,6.44-N-B.E.-Mecanical-Automation-Engineering-Sem-III-IV.pdf,2394112,Manufacturing Processes,8,1,
Adhesive bonding,Presses used in sheet metal operations,6.44-N-B.E.-Mecanical-Automation-Engineering-Sem-III-IV.pdf,2394112,Manufacturing Processes,9,1,
Adhesive bonding,Sheet metal,6.44-N-B.E.-Mecanical-Automation-Engineering-Sem-III-IV.pdf,2394112,Manufacturing Processes,10,1,
Mechanical Fastening; Welding,Hybrid joining processes,6.44-N-B.E.-Mecanical-Automation-Engineering-Sem-III-IV.pdf,2394112,Manufacturing Processes,1,1,
Mechanical Fastening; Welding,Solid State etc,6.44-N-B.E.-Mecanical-Automation-Engineering-Sem-III-IV.pdf,2394112,Manufacturing Processes,2,1,
Mechanical Fastening; Welding,III Metal Forming,6.44-N-B.E.-Mecanical-Automation-Engineering-Sem-III-IV.pdf,2394112,Manufacturing Processes,3,1,
Mechanical Fastening; Welding,Metal Forming Process,6.44-N-B.E.-Mecanical-Automation-Engineering-Sem-III-IV.pdf,2394112,Manufacturing Processes,4,1,
Mechanical Fastening; Welding,Defects in rolled and forged,6.44-N-B.E.-Mecanical-Automation-Engineering-Sem-III-IV.pdf,2394112,Manufacturing Processes,5,1,
Mechanical Fastening; Welding,Sheet metal working processes,6.44-N-B.E.-Mecanical-Automation-Engineering-Sem-III-IV.pdf,2394112,Manufacturing Processes,6,1,
Mechanical Fastening; Welding,Classification of Sheet metal operations,6.44-N-B.E.-Mecanical-Automation-Engineering-Sem-III-IV.pdf,2394112,Manufacturing Processes,7,1,
Mechanical Fastening; Welding,Presses used in sheet metal operations,6.44-N-B.E.-Mecanical-Automation-Engineering-Sem-III-IV.pdf,2394112,Manufacturing Processes,8,1,
Mechanical Fastening; Welding,Sheet metal,6.44-N-B.E.-Mecanical-Automation-Engineering-Sem-III-IV.pdf,2394112,Manufacturing Processes,9,1,
Hybrid joining processes,Solid State etc,6.44-N-B.E.-Mecanical-Automation-Engineering-Sem-III-IV.pdf,2394112,Manufacturing Processes,1,1,
Hybrid joining processes,III Metal Forming,6.44-N-B.E.-Mecanical-Automation-Engineering-Sem-III-IV.pdf,2394112,Manufacturing Processes,2,1,
Hybrid joining processes,Metal Forming Process,6.44-N-B.E.-Mecanical-Automation-Engineering-Sem-III-IV.pdf,2394112,Manufacturing Processes,3,1,
Hybrid joining processes,Defects in rolled and forged,6.44-N-B.E.-Mecanical-Automation-Engineering-Sem-III-IV.pdf,2394112,Manufacturing Processes,4,1,
Hybrid joining processes,Sheet metal working processes,6.44-N-B.E.-Mecanical-Automation-Engineering-Sem-III-IV.pdf,2394112,Manufacturing Processes,5,1,
Hybrid joining processes,Classification of Sheet metal operations,6.44-N-B.E.-Mecanical-Automation-Engineering-Sem-III-IV.pdf,2394112,Manufacturing Processes,6,1,
Hybrid joining processes,Presses used in sheet metal operations,6.44-N-B.E.-Mecanical-Automation-Engineering-Sem-III-IV.pdf,2394112,Manufacturing Processes,7,1,
Hybrid joining processes,Sheet metal,6.44-N-B.E.-Mecanical-Automation-Engineering-Sem-III-IV.pdf,2394112,Manufacturing Processes,8,1,
Solid State etc,III Metal Forming,6.44-N-B.E.-Mecanical-Automation-Engineering-Sem-III-IV.pdf,2394112,Manufacturing Processes,1,1,
Solid State etc,Metal Forming Process,6.44-N-B.E.-Mecanical-Automation-Engineering-Sem-III-IV.pdf,2394112,Manufacturing Processes,2,1,
Solid State etc,Defects in rolled and forged,6.44-N-B.E.-Mecanical-Automation-Engineering-Sem-III-IV.pdf,2394112,Manufacturing Processes,3,1,
Solid State etc,Sheet metal working processes,6.44-N-B.E.-Mecanical-Automation-Engineering-Sem-III-IV.pdf,2394112,Manufacturing Processes,4,1,
Solid State etc,Classification of Sheet metal operations,6.44-N-B.E.-Mecanical-Automation-Engineering-Sem-III-IV.pdf,2394112,Manufacturing Processes,5,1,
Solid State etc,Presses used in sheet metal operations,6.44-N-B.E.-Mecanical-Automation-Engineering-Sem-III-IV.pdf,2394112,Manufacturing Processes,6,1,
Solid State etc,Sheet metal,6.44-N-B.E.-Mecanical-Automation-Engineering-Sem-III-IV.pdf,2394112,Manufacturing Processes,7,1,
III Metal Forming,Metal Forming Process,6.44-N-B.E.-Mecanical-Automation-Engineering-Sem-III-IV.pdf,2394112,Manufacturing Processes,1,1,
III Metal Forming,Defects in rolled and forged,6.44-N-B.E.-Mecanical-Automation-Engineering-Sem-III-IV.pdf,2394112,Manufacturing Processes,2,1,
III Metal Forming,Sheet metal working processes,6.44-N-B.E.-Mecanical-Automation-Engineering-Sem-III-IV.pdf,2394112,Manufacturing Processes,3,1,
III Metal Forming,Classification of Sheet metal operations,6.44-N-B.E.-Mecanical-Automation-Engineering-Sem-III-IV.pdf,2394112,Manufacturing Processes,4,1,
III Metal Forming,Presses used in sheet metal operations,6.44-N-B.E.-Mecanical-Automation-Engineering-Sem-III-IV.pdf,2394112,Manufacturing Processes,5,1,
III Metal Forming,Sheet metal,6.44-N-B.E.-Mecanical-Automation-Engineering-Sem-III-IV.pdf,2394112,Manufacturing Processes,6,1,
Metal Forming Process,Defects in rolled and forged,6.44-N-B.E.-Mecanical-Automation-Engineering-Sem-III-IV.pdf,2394112,Manufacturing Processes,1,1,
Metal Forming Process,Sheet metal working processes,6.44-N-B.E.-Mecanical-Automation-Engineering-Sem-III-IV.pdf,2394112,Manufacturing Processes,2,1,
Metal Forming Process,Classification of Sheet metal operations,6.44-N-B.E.-Mecanical-Automation-Engineering-Sem-III-IV.pdf,2394112,Manufacturing Processes,3,1,
Metal Forming Process,Presses used in sheet metal operations,6.44-N-B.E.-Mecanical-Automation-Engineering-Sem-III-IV.pdf,2394112,Manufacturing Processes,4,1,
Metal Forming Process,Sheet metal,6.44-N-B.E.-Mecanical-Automation-Engineering-Sem-III-IV.pdf,2394112,Manufacturing Processes,5,1,
Defects in rolled and forged,Sheet metal working processes,6.44-N-B.E.-Mecanical-Automation-Engineering-Sem-III-IV.pdf,2394112,Manufacturing Processes,1,1,
Defects in rolled and forged,Classification of Sheet metal operations,6.44-N-B.E.-Mecanical-Automation-Engineering-Sem-III-IV.pdf,2394112,Manufacturing Processes,2,1,
Defects in rolled and forged,Presses used in sheet metal operations,6.44-N-B.E.-Mecanical-Automation-Engineering-Sem-III-IV.pdf,2394112,Manufacturing Processes,3,1,
Defects in rolled and forged,Sheet metal,6.44-N-B.E.-Mecanical-Automation-Engineering-Sem-III-IV.pdf,2394112,Manufacturing Processes,4,1,
Sheet metal working processes,Classification of Sheet metal operations,6.44-N-B.E.-Mecanical-Automation-Engineering-Sem-III-IV.pdf,2394112,Manufacturing Processes,1,1,
Sheet metal working processes,Presses used in sheet metal operations,6.44-N-B.E.-Mecanical-Automation-Engineering-Sem-III-IV.pdf,2394112,Manufacturing Processes,2,1,
Sheet metal working processes,Sheet metal,6.44-N-B.E.-Mecanical-Automation-Engineering-Sem-III-IV.pdf,2394112,Manufacturing Processes,3,1,
Classification of Sheet metal operations,Presses used in sheet metal operations,6.44-N-B.E.-Mecanical-Automation-Engineering-Sem-III-IV.pdf,2394112,Manufacturing Processes,1,1,
Classification of Sheet metal operations,Sheet metal,6.44-N-B.E.-Mecanical-Automation-Engineering-Sem-III-IV.pdf,2394112,Manufacturing Processes,2,1,
Presses used in sheet metal operations,Sheet metal,6.44-N-B.E.-Mecanical-Automation-Engineering-Sem-III-IV.pdf,2394112,Manufacturing Processes,1,1,
Usability Testing: Evaluation of the effectiveness and user,Create an empathy map for a target user group. Break them into four sections,6.44-N-B.E.-Mecanical-Automation-Engineering-Sem-III-IV.pdf,2394512,Design Thinking,1,1,
Usability Testing: Evaluation of the effectiveness and user,"Based on research, students will create user personas including demographic",6.44-N-B.E.-Mecanical-Automation-Engineering-Sem-III-IV.pdf,2394512,Design Thinking,2,1,
Usability Testing: Evaluation of the effectiveness and user,Consider 3 examples of real,6.44-N-B.E.-Mecanical-Automation-Engineering-Sem-III-IV.pdf,2394512,Design Thinking,3,1,
Usability Testing: Evaluation of the effectiveness and user,May take user survey to support your work,6.44-N-B.E.-Mecanical-Automation-Engineering-Sem-III-IV.pdf,2394512,Design Thinking,4,1,
Usability Testing: Evaluation of the effectiveness and user,Study any open,6.44-N-B.E.-Mecanical-Automation-Engineering-Sem-III-IV.pdf,2394512,Design Thinking,5,1,
Create an empathy map for a target user group. Break them into four sections,"Based on research, students will create user personas including demographic",6.44-N-B.E.-Mecanical-Automation-Engineering-Sem-III-IV.pdf,2394512,Design Thinking,1,1,
Create an empathy map for a target user group. Break them into four sections,Consider 3 examples of real,6.44-N-B.E.-Mecanical-Automation-Engineering-Sem-III-IV.pdf,2394512,Design Thinking,2,1,
Create an empathy map for a target user group. Break them into four sections,May take user survey to support your work,6.44-N-B.E.-Mecanical-Automation-Engineering-Sem-III-IV.pdf,2394512,Design Thinking,3,1,
Create an empathy map for a target user group. Break them into four sections,Study any open,6.44-N-B.E.-Mecanical-Automation-Engineering-Sem-III-IV.pdf,2394512,Design Thinking,4,1,
"Based on research, students will create user personas including demographic",Consider 3 examples of real,6.44-N-B.E.-Mecanical-Automation-Engineering-Sem-III-IV.pdf,2394512,Design Thinking,1,1,
"Based on research, students will create user personas including demographic",May take user survey to support your work,6.44-N-B.E.-Mecanical-Automation-Engineering-Sem-III-IV.pdf,2394512,Design Thinking,2,1,
"Based on research, students will create user personas including demographic",Study any open,6.44-N-B.E.-Mecanical-Automation-Engineering-Sem-III-IV.pdf,2394512,Design Thinking,3,1,
Consider 3 examples of real,May take user survey to support your work,6.44-N-B.E.-Mecanical-Automation-Engineering-Sem-III-IV.pdf,2394512,Design Thinking,1,1,
Consider 3 examples of real,Study any open,6.44-N-B.E.-Mecanical-Automation-Engineering-Sem-III-IV.pdf,2394512,Design Thinking,2,1,
May take user survey to support your work,Study any open,6.44-N-B.E.-Mecanical-Automation-Engineering-Sem-III-IV.pdf,2394512,Design Thinking,1,1,
Digital frequency meter,Voltage sensor,6.51N-B.E.-Electrical-Computer-EngineeringSem-III-IV.pdf,2213114,Measurements and Measuring Instruments,1,1,
Digital frequency meter,Verification of Truth Table of Logic Gates,6.51N-B.E.-Electrical-Computer-EngineeringSem-III-IV.pdf,2213114,Measurements and Measuring Instruments,2,1,
Digital frequency meter,Constructing Flip-Flops Using All NAND Gates,6.51N-B.E.-Electrical-Computer-EngineeringSem-III-IV.pdf,2213114,Measurements and Measuring Instruments,3,1,
Digital frequency meter,BJT and FET characteristics & analysis,6.51N-B.E.-Electrical-Computer-EngineeringSem-III-IV.pdf,2213114,Measurements and Measuring Instruments,4,1,
Digital frequency meter,Design of adjustable Voltage regulator based on LM317,6.51N-B.E.-Electrical-Computer-EngineeringSem-III-IV.pdf,2213114,Measurements and Measuring Instruments,5,1,
Voltage sensor,Verification of Truth Table of Logic Gates,6.51N-B.E.-Electrical-Computer-EngineeringSem-III-IV.pdf,2213114,Measurements and Measuring Instruments,1,1,
Voltage sensor,Constructing Flip-Flops Using All NAND Gates,6.51N-B.E.-Electrical-Computer-EngineeringSem-III-IV.pdf,2213114,Measurements and Measuring Instruments,2,1,
Voltage sensor,BJT and FET characteristics & analysis,6.51N-B.E.-Electrical-Computer-EngineeringSem-III-IV.pdf,2213114,Measurements and Measuring Instruments,3,1,
Voltage sensor,Design of adjustable Voltage regulator based on LM317,6.51N-B.E.-Electrical-Computer-EngineeringSem-III-IV.pdf,2213114,Measurements and Measuring Instruments,4,1,
Verification of Truth Table of Logic Gates,Constructing Flip-Flops Using All NAND Gates,6.51N-B.E.-Electrical-Computer-EngineeringSem-III-IV.pdf,2213114,Measurements and Measuring Instruments,1,1,
Verification of Truth Table of Logic Gates,BJT and FET characteristics & analysis,6.51N-B.E.-Electrical-Computer-EngineeringSem-III-IV.pdf,2213114,Measurements and Measuring Instruments,2,1,
Verification of Truth Table of Logic Gates,Design of adjustable Voltage regulator based on LM317,6.51N-B.E.-Electrical-Computer-EngineeringSem-III-IV.pdf,2213114,Measurements and Measuring Instruments,3,1,
Constructing Flip-Flops Using All NAND Gates,BJT and FET characteristics & analysis,6.51N-B.E.-Electrical-Computer-EngineeringSem-III-IV.pdf,2213114,Measurements and Measuring Instruments,1,1,
Constructing Flip-Flops Using All NAND Gates,Design of adjustable Voltage regulator based on LM317,6.51N-B.E.-Electrical-Computer-EngineeringSem-III-IV.pdf,2213114,Measurements and Measuring Instruments,2,1,
BJT and FET characteristics & analysis,Design of adjustable Voltage regulator based on LM317,6.51N-B.E.-Electrical-Computer-EngineeringSem-III-IV.pdf,2213114,Measurements and Measuring Instruments,1,1,
Modes of operation of silicon-controlled rectifier,Two transistor Analogy,6.51N-B.E.-Electrical-Computer-EngineeringSem-III-IV.pdf,2214113,Power Electronics Devices and Circuits,1,1,
Modes of operation of silicon-controlled rectifier,Thyristors voltage & current rating,6.51N-B.E.-Electrical-Computer-EngineeringSem-III-IV.pdf,2214113,Power Electronics Devices and Circuits,2,1,
Modes of operation of silicon-controlled rectifier,Firing circuits (R,6.51N-B.E.-Electrical-Computer-EngineeringSem-III-IV.pdf,2214113,Power Electronics Devices and Circuits,3,1,
Modes of operation of silicon-controlled rectifier,Protection circuit of SCR,6.51N-B.E.-Electrical-Computer-EngineeringSem-III-IV.pdf,2214113,Power Electronics Devices and Circuits,4,1,
Two transistor Analogy,Thyristors voltage & current rating,6.51N-B.E.-Electrical-Computer-EngineeringSem-III-IV.pdf,2214113,Power Electronics Devices and Circuits,1,1,
Two transistor Analogy,Firing circuits (R,6.51N-B.E.-Electrical-Computer-EngineeringSem-III-IV.pdf,2214113,Power Electronics Devices and Circuits,2,1,
Two transistor Analogy,Protection circuit of SCR,6.51N-B.E.-Electrical-Computer-EngineeringSem-III-IV.pdf,2214113,Power Electronics Devices and Circuits,3,1,
Thyristors voltage & current rating,Firing circuits (R,6.51N-B.E.-Electrical-Computer-EngineeringSem-III-IV.pdf,2214113,Power Electronics Devices and Circuits,1,1,
Thyristors voltage & current rating,Protection circuit of SCR,6.51N-B.E.-Electrical-Computer-EngineeringSem-III-IV.pdf,2214113,Power Electronics Devices and Circuits,2,1,
Firing circuits (R,Protection circuit of SCR,6.51N-B.E.-Electrical-Computer-EngineeringSem-III-IV.pdf,2214113,Power Electronics Devices and Circuits,1,1,
Propositional and Predicate Logic,Determining risk,6.54-N-B.E-Computer-Science-EngineeringSem-III-IV.pdf,2493112,Discrete Structures and Graph Theory,1,1,
Propositional and Predicate Logic,Taxes and tax brackets,6.54-N-B.E-Computer-Science-EngineeringSem-III-IV.pdf,2493112,Discrete Structures and Graph Theory,2,1,
Propositional and Predicate Logic,Vending machines,6.54-N-B.E-Computer-Science-EngineeringSem-III-IV.pdf,2493112,Discrete Structures and Graph Theory,3,1,
Propositional and Predicate Logic,"Counting Pigeonhole Principle, Inclusion-Exclusion Principle. Recurrence relations, Solving recurrence relations",6.54-N-B.E-Computer-Science-EngineeringSem-III-IV.pdf,2493112,Discrete Structures and Graph Theory,4,1,
Determining risk,Taxes and tax brackets,6.54-N-B.E-Computer-Science-EngineeringSem-III-IV.pdf,2493112,Discrete Structures and Graph Theory,1,1,
Determining risk,Vending machines,6.54-N-B.E-Computer-Science-EngineeringSem-III-IV.pdf,2493112,Discrete Structures and Graph Theory,2,1,
Determining risk,"Counting Pigeonhole Principle, Inclusion-Exclusion Principle. Recurrence relations, Solving recurrence relations",6.54-N-B.E-Computer-Science-EngineeringSem-III-IV.pdf,2493112,Discrete Structures and Graph Theory,3,1,
Taxes and tax brackets,Vending machines,6.54-N-B.E-Computer-Science-EngineeringSem-III-IV.pdf,2493112,Discrete Structures and Graph Theory,1,1,
Taxes and tax brackets,"Counting Pigeonhole Principle, Inclusion-Exclusion Principle. Recurrence relations, Solving recurrence relations",6.54-N-B.E-Computer-Science-EngineeringSem-III-IV.pdf,2493112,Discrete Structures and Graph Theory,2,1,
Vending machines,"Counting Pigeonhole Principle, Inclusion-Exclusion Principle. Recurrence relations, Solving recurrence relations",6.54-N-B.E-Computer-Science-EngineeringSem-III-IV.pdf,2493112,Discrete Structures and Graph Theory,1,1,
Regular operations,Arden's theorem,6.54-N-B.E-Computer-Science-EngineeringSem-III-IV.pdf,2494111,Computational,1,1,
Regular operations,Decision properties of RLs,6.54-N-B.E-Computer-Science-EngineeringSem-III-IV.pdf,2494111,Computational,2,1,
Regular operations,Pumping lemma for RLs,6.54-N-B.E-Computer-Science-EngineeringSem-III-IV.pdf,2494111,Computational,3,1,
Regular operations,RE in text search and replace,6.54-N-B.E-Computer-Science-EngineeringSem-III-IV.pdf,2494111,Computational,4,1,
Regular operations,Application of Regular,6.54-N-B.E-Computer-Science-EngineeringSem-III-IV.pdf,2494111,Computational,5,1,
Regular operations,Languages in Compiler Design,6.54-N-B.E-Computer-Science-EngineeringSem-III-IV.pdf,2494111,Computational,6,1,
Regular operations,Nondeterministic Finite Automata (NFA): Definitions,6.54-N-B.E-Computer-Science-EngineeringSem-III-IV.pdf,2494111,Computational,7,1,
Regular operations,Equivalence between NFA with and ϵ- transitions,6.54-N-B.E-Computer-Science-EngineeringSem-III-IV.pdf,2494111,Computational,8,1,
Regular operations,Minimization of DFA,6.54-N-B.E-Computer-Science-EngineeringSem-III-IV.pdf,2494111,Computational,9,1,
Arden's theorem,Decision properties of RLs,6.54-N-B.E-Computer-Science-EngineeringSem-III-IV.pdf,2494111,Computational,1,1,
Arden's theorem,Pumping lemma for RLs,6.54-N-B.E-Computer-Science-EngineeringSem-III-IV.pdf,2494111,Computational,2,1,
Arden's theorem,RE in text search and replace,6.54-N-B.E-Computer-Science-EngineeringSem-III-IV.pdf,2494111,Computational,3,1,
Arden's theorem,Application of Regular,6.54-N-B.E-Computer-Science-EngineeringSem-III-IV.pdf,2494111,Computational,4,1,
Arden's theorem,Languages in Compiler Design,6.54-N-B.E-Computer-Science-EngineeringSem-III-IV.pdf,2494111,Computational,5,1,
Arden's theorem,Nondeterministic Finite Automata (NFA): Definitions,6.54-N-B.E-Computer-Science-EngineeringSem-III-IV.pdf,2494111,Computational,6,1,
Arden's theorem,Equivalence between NFA with and ϵ- transitions,6.54-N-B.E-Computer-Science-EngineeringSem-III-IV.pdf,2494111,Computational,7,1,
Arden's theorem,Minimization of DFA,6.54-N-B.E-Computer-Science-EngineeringSem-III-IV.pdf,2494111,Computational,8,1,
Decision properties of RLs,Pumping lemma for RLs,6.54-N-B.E-Computer-Science-EngineeringSem-III-IV.pdf,2494111,Computational,1,1,
Decision properties of RLs,RE in text search and replace,6.54-N-B.E-Computer-Science-EngineeringSem-III-IV.pdf,2494111,Computational,2,1,
Decision properties of RLs,Application of Regular,6.54-N-B.E-Computer-Science-EngineeringSem-III-IV.pdf,2494111,Computational,3,1,
Decision properties of RLs,Languages in Compiler Design,6.54-N-B.E-Computer-Science-EngineeringSem-III-IV.pdf,2494111,Computational,4,1,
Decision properties of RLs,Nondeterministic Finite Automata (NFA): Definitions,6.54-N-B.E-Computer-Science-EngineeringSem-III-IV.pdf,2494111,Computational,5,1,
Decision properties of RLs,Equivalence between NFA with and ϵ- transitions,6.54-N-B.E-Computer-Science-EngineeringSem-III-IV.pdf,2494111,Computational,6,1,
Decision properties of RLs,Minimization of DFA,6.54-N-B.E-Computer-Science-EngineeringSem-III-IV.pdf,2494111,Computational,7,1,
Pumping lemma for RLs,RE in text search and replace,6.54-N-B.E-Computer-Science-EngineeringSem-III-IV.pdf,2494111,Computational,1,1,
Pumping lemma for RLs,Application of Regular,6.54-N-B.E-Computer-Science-EngineeringSem-III-IV.pdf,2494111,Computational,2,1,
Pumping lemma for RLs,Languages in Compiler Design,6.54-N-B.E-Computer-Science-EngineeringSem-III-IV.pdf,2494111,Computational,3,1,
Pumping lemma for RLs,Nondeterministic Finite Automata (NFA): Definitions,6.54-N-B.E-Computer-Science-EngineeringSem-III-IV.pdf,2494111,Computational,4,1,
Pumping lemma for RLs,Equivalence between NFA with and ϵ- transitions,6.54-N-B.E-Computer-Science-EngineeringSem-III-IV.pdf,2494111,Computational,5,1,
Pumping lemma for RLs,Minimization of DFA,6.54-N-B.E-Computer-Science-EngineeringSem-III-IV.pdf,2494111,Computational,6,1,
RE in text search and replace,Application of Regular,6.54-N-B.E-Computer-Science-EngineeringSem-III-IV.pdf,2494111,Computational,1,1,
RE in text search and replace,Languages in Compiler Design,6.54-N-B.E-Computer-Science-EngineeringSem-III-IV.pdf,2494111,Computational,2,1,
RE in text search and replace,Nondeterministic Finite Automata (NFA): Definitions,6.54-N-B.E-Computer-Science-EngineeringSem-III-IV.pdf,2494111,Computational,3,1,
RE in text search and replace,Equivalence between NFA with and ϵ- transitions,6.54-N-B.E-Computer-Science-EngineeringSem-III-IV.pdf,2494111,Computational,4,1,
RE in text search and replace,Minimization of DFA,6.54-N-B.E-Computer-Science-EngineeringSem-III-IV.pdf,2494111,Computational,5,1,
Application of Regular,Languages in Compiler Design,6.54-N-B.E-Computer-Science-EngineeringSem-III-IV.pdf,2494111,Computational,1,1,
Application of Regular,Nondeterministic Finite Automata (NFA): Definitions,6.54-N-B.E-Computer-Science-EngineeringSem-III-IV.pdf,2494111,Computational,2,1,
Application of Regular,Equivalence between NFA with and ϵ- transitions,6.54-N-B.E-Computer-Science-EngineeringSem-III-IV.pdf,2494111,Computational,3,1,
Application of Regular,Minimization of DFA,6.54-N-B.E-Computer-Science-EngineeringSem-III-IV.pdf,2494111,Computational,4,1,
Languages in Compiler Design,Nondeterministic Finite Automata (NFA): Definitions,6.54-N-B.E-Computer-Science-EngineeringSem-III-IV.pdf,2494111,Computational,1,1,
Languages in Compiler Design,Equivalence between NFA with and ϵ- transitions,6.54-N-B.E-Computer-Science-EngineeringSem-III-IV.pdf,2494111,Computational,2,1,
Languages in Compiler Design,Minimization of DFA,6.54-N-B.E-Computer-Science-EngineeringSem-III-IV.pdf,2494111,Computational,3,1,
Nondeterministic Finite Automata (NFA): Definitions,Equivalence between NFA with and ϵ- transitions,6.54-N-B.E-Computer-Science-EngineeringSem-III-IV.pdf,2494111,Computational,1,1,
Nondeterministic Finite Automata (NFA): Definitions,Minimization of DFA,6.54-N-B.E-Computer-Science-EngineeringSem-III-IV.pdf,2494111,Computational,2,1,
Equivalence between NFA with and ϵ- transitions,Minimization of DFA,6.54-N-B.E-Computer-Science-EngineeringSem-III-IV.pdf,2494111,Computational,1,1,
Relationship (EER) Model,"Generalization, Specialization and Aggregation",6.54-N-B.E-Computer-Science-EngineeringSem-III-IV.pdf,2494112,Database Management System,1,1,
Relationship (EER) Model,"Introduction to the Relational Model, relational",6.54-N-B.E-Computer-Science-EngineeringSem-III-IV.pdf,2494112,Database Management System,2,1,
Relationship (EER) Model,"EER Model to the Relational Model, Relational",6.54-N-B.E-Computer-Science-EngineeringSem-III-IV.pdf,2494112,Database Management System,3,1,
Relationship (EER) Model,"Overview of SQL, Data Definition Commands",6.54-N-B.E-Computer-Science-EngineeringSem-III-IV.pdf,2494112,Database Management System,4,1,
Relationship (EER) Model,"Integrity constraints: key constraints, Domain",6.54-N-B.E-Computer-Science-EngineeringSem-III-IV.pdf,2494112,Database Management System,5,1,
Relationship (EER) Model,"Triggers, Introduction to Pl/SQL Block Structure",6.54-N-B.E-Computer-Science-EngineeringSem-III-IV.pdf,2494112,Database Management System,6,1,
Relationship (EER) Model,"Pitfalls in relational database designs, Concept",6.54-N-B.E-Computer-Science-EngineeringSem-III-IV.pdf,2494112,Database Management System,7,1,
Relationship (EER) Model,"Concurrent Executions, Serializability",6.54-N-B.E-Computer-Science-EngineeringSem-III-IV.pdf,2494112,Database Management System,8,1,
Relationship (EER) Model,"Cloud Database, Introduction of Distributed",6.54-N-B.E-Computer-Science-EngineeringSem-III-IV.pdf,2494112,Database Management System,9,1,
"Generalization, Specialization and Aggregation","Introduction to the Relational Model, relational",6.54-N-B.E-Computer-Science-EngineeringSem-III-IV.pdf,2494112,Database Management System,1,1,
"Generalization, Specialization and Aggregation","EER Model to the Relational Model, Relational",6.54-N-B.E-Computer-Science-EngineeringSem-III-IV.pdf,2494112,Database Management System,2,1,
"Generalization, Specialization and Aggregation","Overview of SQL, Data Definition Commands",6.54-N-B.E-Computer-Science-EngineeringSem-III-IV.pdf,2494112,Database Management System,3,1,
"Generalization, Specialization and Aggregation","Integrity constraints: key constraints, Domain",6.54-N-B.E-Computer-Science-EngineeringSem-III-IV.pdf,2494112,Database Management System,4,1,
"Generalization, Specialization and Aggregation","Triggers, Introduction to Pl/SQL Block Structure",6.54-N-B.E-Computer-Science-EngineeringSem-III-IV.pdf,2494112,Database Management System,5,1,
"Generalization, Specialization and Aggregation","Pitfalls in relational database designs, Concept",6.54-N-B.E-Computer-Science-EngineeringSem-III-IV.pdf,2494112,Database Management System,6,1,
"Generalization, Specialization and Aggregation","Concurrent Executions, Serializability",6.54-N-B.E-Computer-Science-EngineeringSem-III-IV.pdf,2494112,Database Management System,7,1,
"Generalization, Specialization and Aggregation","Cloud Database, Introduction of Distributed",6.54-N-B.E-Computer-Science-EngineeringSem-III-IV.pdf,2494112,Database Management System,8,1,
"Introduction to the Relational Model, relational","EER Model to the Relational Model, Relational",6.54-N-B.E-Computer-Science-EngineeringSem-III-IV.pdf,2494112,Database Management System,1,1,
"Introduction to the Relational Model, relational","Overview of SQL, Data Definition Commands",6.54-N-B.E-Computer-Science-EngineeringSem-III-IV.pdf,2494112,Database Management System,2,1,
"Introduction to the Relational Model, relational","Integrity constraints: key constraints, Domain",6.54-N-B.E-Computer-Science-EngineeringSem-III-IV.pdf,2494112,Database Management System,3,1,
"Introduction to the Relational Model, relational","Triggers, Introduction to Pl/SQL Block Structure",6.54-N-B.E-Computer-Science-EngineeringSem-III-IV.pdf,2494112,Database Management System,4,1,
"Introduction to the Relational Model, relational","Pitfalls in relational database designs, Concept",6.54-N-B.E-Computer-Science-EngineeringSem-III-IV.pdf,2494112,Database Management System,5,1,
"Introduction to the Relational Model, relational","Concurrent Executions, Serializability",6.54-N-B.E-Computer-Science-EngineeringSem-III-IV.pdf,2494112,Database Management System,6,1,
"Introduction to the Relational Model, relational","Cloud Database, Introduction of Distributed",6.54-N-B.E-Computer-Science-EngineeringSem-III-IV.pdf,2494112,Database Management System,7,1,
"EER Model to the Relational Model, Relational","Overview of SQL, Data Definition Commands",6.54-N-B.E-Computer-Science-EngineeringSem-III-IV.pdf,2494112,Database Management System,1,1,
"EER Model to the Relational Model, Relational","Integrity constraints: key constraints, Domain",6.54-N-B.E-Computer-Science-EngineeringSem-III-IV.pdf,2494112,Database Management System,2,1,
"EER Model to the Relational Model, Relational","Triggers, Introduction to Pl/SQL Block Structure",6.54-N-B.E-Computer-Science-EngineeringSem-III-IV.pdf,2494112,Database Management System,3,1,
"EER Model to the Relational Model, Relational","Pitfalls in relational database designs, Concept",6.54-N-B.E-Computer-Science-EngineeringSem-III-IV.pdf,2494112,Database Management System,4,1,
"EER Model to the Relational Model, Relational","Concurrent Executions, Serializability",6.54-N-B.E-Computer-Science-EngineeringSem-III-IV.pdf,2494112,Database Management System,5,1,
"EER Model to the Relational Model, Relational","Cloud Database, Introduction of Distributed",6.54-N-B.E-Computer-Science-EngineeringSem-III-IV.pdf,2494112,Database Management System,6,1,
"Overview of SQL, Data Definition Commands","Integrity constraints: key constraints, Domain",6.54-N-B.E-Computer-Science-EngineeringSem-III-IV.pdf,2494112,Database Management System,1,1,
"Overview of SQL, Data Definition Commands","Triggers, Introduction to Pl/SQL Block Structure",6.54-N-B.E-Computer-Science-EngineeringSem-III-IV.pdf,2494112,Database Management System,2,1,
"Overview of SQL, Data Definition Commands","Pitfalls in relational database designs, Concept",6.54-N-B.E-Computer-Science-EngineeringSem-III-IV.pdf,2494112,Database Management System,3,1,
"Overview of SQL, Data Definition Commands","Concurrent Executions, Serializability",6.54-N-B.E-Computer-Science-EngineeringSem-III-IV.pdf,2494112,Database Management System,4,1,
"Overview of SQL, Data Definition Commands","Cloud Database, Introduction of Distributed",6.54-N-B.E-Computer-Science-EngineeringSem-III-IV.pdf,2494112,Database Management System,5,1,
"Integrity constraints: key constraints, Domain","Triggers, Introduction to Pl/SQL Block Structure",6.54-N-B.E-Computer-Science-EngineeringSem-III-IV.pdf,2494112,Database Management System,1,1,
"Integrity constraints: key constraints, Domain","Pitfalls in relational database designs, Concept",6.54-N-B.E-Computer-Science-EngineeringSem-III-IV.pdf,2494112,Database Management System,2,1,
"Integrity constraints: key constraints, Domain","Concurrent Executions, Serializability",6.54-N-B.E-Computer-Science-EngineeringSem-III-IV.pdf,2494112,Database Management System,3,1,
"Integrity constraints: key constraints, Domain","Cloud Database, Introduction of Distributed",6.54-N-B.E-Computer-Science-EngineeringSem-III-IV.pdf,2494112,Database Management System,4,1,
"Triggers, Introduction to Pl/SQL Block Structure","Pitfalls in relational database designs, Concept",6.54-N-B.E-Computer-Science-EngineeringSem-III-IV.pdf,2494112,Database Management System,1,1,
"Triggers, Introduction to Pl/SQL Block Structure","Concurrent Executions, Serializability",6.54-N-B.E-Computer-Science-EngineeringSem-III-IV.pdf,2494112,Database Management System,2,1,
"Triggers, Introduction to Pl/SQL Block Structure","Cloud Database, Introduction of Distributed",6.54-N-B.E-Computer-Science-EngineeringSem-III-IV.pdf,2494112,Database Management System,3,1,
"Pitfalls in relational database designs, Concept","Concurrent Executions, Serializability",6.54-N-B.E-Computer-Science-EngineeringSem-III-IV.pdf,2494112,Database Management System,1,1,
"Pitfalls in relational database designs, Concept","Cloud Database, Introduction of Distributed",6.54-N-B.E-Computer-Science-EngineeringSem-III-IV.pdf,2494112,Database Management System,2,1,
"Concurrent Executions, Serializability","Cloud Database, Introduction of Distributed",6.54-N-B.E-Computer-Science-EngineeringSem-III-IV.pdf,2494112,Database Management System,1,1,
Special-purpose,Open-source and Proprietary Operating System,6.54-N-B.E-Computer-Science-EngineeringSem-III-IV.pdf,2494113,Operating System,1,1,
Special-purpose,Fundamentals of Distributed Operating System,6.54-N-B.E-Computer-Science-EngineeringSem-III-IV.pdf,2494113,Operating System,2,1,
Special-purpose,Network Operating System,6.54-N-B.E-Computer-Science-EngineeringSem-III-IV.pdf,2494113,Operating System,3,1,
Special-purpose,Real-Time,6.54-N-B.E-Computer-Science-EngineeringSem-III-IV.pdf,2494113,Operating System,4,1,
Special-purpose,Mobile Operating System,6.54-N-B.E-Computer-Science-EngineeringSem-III-IV.pdf,2494113,Operating System,5,1,
Special-purpose,Special-purpose Operating Systems,6.54-N-B.E-Computer-Science-EngineeringSem-III-IV.pdf,2494113,Operating System,6,1,
Open-source and Proprietary Operating System,Fundamentals of Distributed Operating System,6.54-N-B.E-Computer-Science-EngineeringSem-III-IV.pdf,2494113,Operating System,1,1,
Open-source and Proprietary Operating System,Network Operating System,6.54-N-B.E-Computer-Science-EngineeringSem-III-IV.pdf,2494113,Operating System,2,1,
Open-source and Proprietary Operating System,Real-Time,6.54-N-B.E-Computer-Science-EngineeringSem-III-IV.pdf,2494113,Operating System,3,1,
Open-source and Proprietary Operating System,Mobile Operating System,6.54-N-B.E-Computer-Science-EngineeringSem-III-IV.pdf,2494113,Operating System,4,1,
Open-source and Proprietary Operating System,Special-purpose Operating Systems,6.54-N-B.E-Computer-Science-EngineeringSem-III-IV.pdf,2494113,Operating System,5,1,
Fundamentals of Distributed Operating System,Network Operating System,6.54-N-B.E-Computer-Science-EngineeringSem-III-IV.pdf,2494113,Operating System,1,1,
Fundamentals of Distributed Operating System,Real-Time,6.54-N-B.E-Computer-Science-EngineeringSem-III-IV.pdf,2494113,Operating System,2,1,
Fundamentals of Distributed Operating System,Mobile Operating System,6.54-N-B.E-Computer-Science-EngineeringSem-III-IV.pdf,2494113,Operating System,3,1,
Fundamentals of Distributed Operating System,Special-purpose Operating Systems,6.54-N-B.E-Computer-Science-EngineeringSem-III-IV.pdf,2494113,Operating System,4,1,
Network Operating System,Real-Time,6.54-N-B.E-Computer-Science-EngineeringSem-III-IV.pdf,2494113,Operating System,1,1,
Network Operating System,Mobile Operating System,6.54-N-B.E-Computer-Science-EngineeringSem-III-IV.pdf,2494113,Operating System,2,1,
Network Operating System,Special-purpose Operating Systems,6.54-N-B.E-Computer-Science-EngineeringSem-III-IV.pdf,2494113,Operating System,3,1,
Real-Time,Mobile Operating System,6.54-N-B.E-Computer-Science-EngineeringSem-III-IV.pdf,2494113,Operating System,1,1,
Real-Time,Special-purpose Operating Systems,6.54-N-B.E-Computer-Science-EngineeringSem-III-IV.pdf,2494113,Operating System,2,1,
Mobile Operating System,Special-purpose Operating Systems,6.54-N-B.E-Computer-Science-EngineeringSem-III-IV.pdf,2494113,Operating System,1,1,
"Testing: Functionality Testing, UI Testing",Testing: Principles of Agile Testers,SEM-V.pdf,2165113,Agile Software Development & DevOps,1,1,
"Testing: Functionality Testing, UI Testing","Automation, Test Automation Pyramid. Case",SEM-V.pdf,2165113,Agile Software Development & DevOps,2,1,
"Testing: Functionality Testing, UI Testing",Study – Selenium/ Jira,SEM-V.pdf,2165113,Agile Software Development & DevOps,3,1,
"Testing: Functionality Testing, UI Testing","Postman, and JMeter",SEM-V.pdf,2165113,Agile Software Development & DevOps,4,1,
"Testing: Functionality Testing, UI Testing","DevOps: Introduction, DevOps - Importance",SEM-V.pdf,2165113,Agile Software Development & DevOps,5,1,
"Testing: Functionality Testing, UI Testing",C’s of DevOps Lifecycle for Business,SEM-V.pdf,2165113,Agile Software Development & DevOps,6,1,
"Testing: Functionality Testing, UI Testing","Agility, DevOps and Continuous Testing",SEM-V.pdf,2165113,Agile Software Development & DevOps,7,1,
"Testing: Functionality Testing, UI Testing",Choosing the right DevOps tools and challenges,SEM-V.pdf,2165113,Agile Software Development & DevOps,8,1,
"Testing: Functionality Testing, UI Testing",Assessment. Study of various Open,SEM-V.pdf,2165113,Agile Software Development & DevOps,9,1,
"Testing: Functionality Testing, UI Testing",Source Tools in DevOps,SEM-V.pdf,2165113,Agile Software Development & DevOps,10,1,
Testing: Principles of Agile Testers,"Automation, Test Automation Pyramid. Case",SEM-V.pdf,2165113,Agile Software Development & DevOps,1,1,
Testing: Principles of Agile Testers,Study – Selenium/ Jira,SEM-V.pdf,2165113,Agile Software Development & DevOps,2,1,
Testing: Principles of Agile Testers,"Postman, and JMeter",SEM-V.pdf,2165113,Agile Software Development & DevOps,3,1,
Testing: Principles of Agile Testers,"DevOps: Introduction, DevOps - Importance",SEM-V.pdf,2165113,Agile Software Development & DevOps,4,1,
Testing: Principles of Agile Testers,C’s of DevOps Lifecycle for Business,SEM-V.pdf,2165113,Agile Software Development & DevOps,5,1,
Testing: Principles of Agile Testers,"Agility, DevOps and Continuous Testing",SEM-V.pdf,2165113,Agile Software Development & DevOps,6,1,
Testing: Principles of Agile Testers,Choosing the right DevOps tools and challenges,SEM-V.pdf,2165113,Agile Software Development & DevOps,7,1,
Testing: Principles of Agile Testers,Assessment. Study of various Open,SEM-V.pdf,2165113,Agile Software Development & DevOps,8,1,
Testing: Principles of Agile Testers,Source Tools in DevOps,SEM-V.pdf,2165113,Agile Software Development & DevOps,9,1,
"Automation, Test Automation Pyramid. Case",Study – Selenium/ Jira,SEM-V.pdf,2165113,Agile Software Development & DevOps,1,1,
"Automation, Test Automation Pyramid. Case","Postman, and JMeter",SEM-V.pdf,2165113,Agile Software Development & DevOps,2,1,
"Automation, Test Automation Pyramid. Case","DevOps: Introduction, DevOps - Importance",SEM-V.pdf,2165113,Agile Software Development & DevOps,3,1,
"Automation, Test Automation Pyramid. Case",C’s of DevOps Lifecycle for Business,SEM-V.pdf,2165113,Agile Software Development & DevOps,4,1,
"Automation, Test Automation Pyramid. Case","Agility, DevOps and Continuous Testing",SEM-V.pdf,2165113,Agile Software Development & DevOps,5,1,
"Automation, Test Automation Pyramid. Case",Choosing the right DevOps tools and challenges,SEM-V.pdf,2165113,Agile Software Development & DevOps,6,1,
"Automation, Test Automation Pyramid. Case",Assessment. Study of various Open,SEM-V.pdf,2165113,Agile Software Development & DevOps,7,1,
"Automation, Test Automation Pyramid. Case",Source Tools in DevOps,SEM-V.pdf,2165113,Agile Software Development & DevOps,8,1,
Study – Selenium/ Jira,"Postman, and JMeter",SEM-V.pdf,2165113,Agile Software Development & DevOps,1,1,
Study – Selenium/ Jira,"DevOps: Introduction, DevOps - Importance",SEM-V.pdf,2165113,Agile Software Development & DevOps,2,1,
Study – Selenium/ Jira,C’s of DevOps Lifecycle for Business,SEM-V.pdf,2165113,Agile Software Development & DevOps,3,1,
Study – Selenium/ Jira,"Agility, DevOps and Continuous Testing",SEM-V.pdf,2165113,Agile Software Development & DevOps,4,1,
Study – Selenium/ Jira,Choosing the right DevOps tools and challenges,SEM-V.pdf,2165113,Agile Software Development & DevOps,5,1,
Study – Selenium/ Jira,Assessment. Study of various Open,SEM-V.pdf,2165113,Agile Software Development & DevOps,6,1,
Study – Selenium/ Jira,Source Tools in DevOps,SEM-V.pdf,2165113,Agile Software Development & DevOps,7,1,
"Postman, and JMeter","DevOps: Introduction, DevOps - Importance",SEM-V.pdf,2165113,Agile Software Development & DevOps,1,1,
"Postman, and JMeter",C’s of DevOps Lifecycle for Business,SEM-V.pdf,2165113,Agile Software Development & DevOps,2,1,
"Postman, and JMeter","Agility, DevOps and Continuous Testing",SEM-V.pdf,2165113,Agile Software Development & DevOps,3,1,
"Postman, and JMeter",Choosing the right DevOps tools and challenges,SEM-V.pdf,2165113,Agile Software Development & DevOps,4,1,
"Postman, and JMeter",Assessment. Study of various Open,SEM-V.pdf,2165113,Agile Software Development & DevOps,5,1,
"Postman, and JMeter",Source Tools in DevOps,SEM-V.pdf,2165113,Agile Software Development & DevOps,6,1,
"DevOps: Introduction, DevOps - Importance",C’s of DevOps Lifecycle for Business,SEM-V.pdf,2165113,Agile Software Development & DevOps,1,1,
"DevOps: Introduction, DevOps - Importance","Agility, DevOps and Continuous Testing",SEM-V.pdf,2165113,Agile Software Development & DevOps,2,1,
"DevOps: Introduction, DevOps - Importance",Choosing the right DevOps tools and challenges,SEM-V.pdf,2165113,Agile Software Development & DevOps,3,1,
"DevOps: Introduction, DevOps - Importance",Assessment. Study of various Open,SEM-V.pdf,2165113,Agile Software Development & DevOps,4,1,
"DevOps: Introduction, DevOps - Importance",Source Tools in DevOps,SEM-V.pdf,2165113,Agile Software Development & DevOps,5,1,
C’s of DevOps Lifecycle for Business,"Agility, DevOps and Continuous Testing",SEM-V.pdf,2165113,Agile Software Development & DevOps,1,1,
C’s of DevOps Lifecycle for Business,Choosing the right DevOps tools and challenges,SEM-V.pdf,2165113,Agile Software Development & DevOps,2,1,
C’s of DevOps Lifecycle for Business,Assessment. Study of various Open,SEM-V.pdf,2165113,Agile Software Development & DevOps,3,1,
C’s of DevOps Lifecycle for Business,Source Tools in DevOps,SEM-V.pdf,2165113,Agile Software Development & DevOps,4,1,
"Agility, DevOps and Continuous Testing",Choosing the right DevOps tools and challenges,SEM-V.pdf,2165113,Agile Software Development & DevOps,1,1,
"Agility, DevOps and Continuous Testing",Assessment. Study of various Open,SEM-V.pdf,2165113,Agile Software Development & DevOps,2,1,
"Agility, DevOps and Continuous Testing",Source Tools in DevOps,SEM-V.pdf,2165113,Agile Software Development & DevOps,3,1,
Choosing the right DevOps tools and challenges,Assessment. Study of various Open,SEM-V.pdf,2165113,Agile Software Development & DevOps,1,1,
Choosing the right DevOps tools and challenges,Source Tools in DevOps,SEM-V.pdf,2165113,Agile Software Development & DevOps,2,1,
Assessment. Study of various Open,Source Tools in DevOps,SEM-V.pdf,2165113,Agile Software Development & DevOps,1,1,
"Pre-Requisite Topics Basic Concepts: HTML5, CSS3; JavaScript, Client-Server paradigm, Front-end and Back-end development",React DevTools,SEM-V.pdf,2165114,Web and Mobile Application,1,1,
"Pre-Requisite Topics Basic Concepts: HTML5, CSS3; JavaScript, Client-Server paradigm, Front-end and Back-end development",Custom Hooks creation,SEM-V.pdf,2165114,Web and Mobile Application,2,1,
"Pre-Requisite Topics Basic Concepts: HTML5, CSS3; JavaScript, Client-Server paradigm, Front-end and Back-end development",Low-code/No-code development,SEM-V.pdf,2165114,Web and Mobile Application,3,1,
React DevTools,Custom Hooks creation,SEM-V.pdf,2165114,Web and Mobile Application,1,1,
React DevTools,Low-code/No-code development,SEM-V.pdf,2165114,Web and Mobile Application,2,1,
Custom Hooks creation,Low-code/No-code development,SEM-V.pdf,2165114,Web and Mobile Application,1,1,
Applications of Swarm Intelligence in Machine,"Optimization, Particle Swarm Optimizer , ABC",SEM-V.pdf,2166111,Machine Learning and Swarm,1,1,
Applications of Swarm Intelligence in Machine,Algorithm  Bat Algorithm,SEM-V.pdf,2166111,Machine Learning and Swarm,2,1,
Applications of Swarm Intelligence in Machine,Learning : Quantum,SEM-V.pdf,2166111,Machine Learning and Swarm,3,1,
Applications of Swarm Intelligence in Machine,Inspired and Multi,SEM-V.pdf,2166111,Machine Learning and Swarm,4,1,
Applications of Swarm Intelligence in Machine,Objective Swarm Optimization,SEM-V.pdf,2166111,Machine Learning and Swarm,5,1,
"Optimization, Particle Swarm Optimizer , ABC",Algorithm  Bat Algorithm,SEM-V.pdf,2166111,Machine Learning and Swarm,1,1,
"Optimization, Particle Swarm Optimizer , ABC",Learning : Quantum,SEM-V.pdf,2166111,Machine Learning and Swarm,2,1,
"Optimization, Particle Swarm Optimizer , ABC",Inspired and Multi,SEM-V.pdf,2166111,Machine Learning and Swarm,3,1,
"Optimization, Particle Swarm Optimizer , ABC",Objective Swarm Optimization,SEM-V.pdf,2166111,Machine Learning and Swarm,4,1,
Algorithm  Bat Algorithm,Learning : Quantum,SEM-V.pdf,2166111,Machine Learning and Swarm,1,1,
Algorithm  Bat Algorithm,Inspired and Multi,SEM-V.pdf,2166111,Machine Learning and Swarm,2,1,
Algorithm  Bat Algorithm,Objective Swarm Optimization,SEM-V.pdf,2166111,Machine Learning and Swarm,3,1,
Learning : Quantum,Inspired and Multi,SEM-V.pdf,2166111,Machine Learning and Swarm,1,1,
Learning : Quantum,Objective Swarm Optimization,SEM-V.pdf,2166111,Machine Learning and Swarm,2,1,
Inspired and Multi,Objective Swarm Optimization,SEM-V.pdf,2166111,Machine Learning and Swarm,1,1,
Introduction to Data Analytics,Background and Overview of Data,SEM-V.pdf,2166112,Data Analytics and Visualization,1,1,
Introduction to Data Analytics,Analytics:  Key Roles for a Successful,SEM-V.pdf,2166112,Data Analytics and Visualization,2,1,
Introduction to Data Analytics,Data Analytics life cycle,SEM-V.pdf,2166112,Data Analytics and Visualization,3,1,
Introduction to Data Analytics,Types of analytics,SEM-V.pdf,2166112,Data Analytics and Visualization,4,1,
Introduction to Data Analytics,Roles in Industry,SEM-V.pdf,2166112,Data Analytics and Visualization,5,1,
Background and Overview of Data,Analytics:  Key Roles for a Successful,SEM-V.pdf,2166112,Data Analytics and Visualization,1,1,
Background and Overview of Data,Data Analytics life cycle,SEM-V.pdf,2166112,Data Analytics and Visualization,2,1,
Background and Overview of Data,Types of analytics,SEM-V.pdf,2166112,Data Analytics and Visualization,3,1,
Background and Overview of Data,Roles in Industry,SEM-V.pdf,2166112,Data Analytics and Visualization,4,1,
Analytics:  Key Roles for a Successful,Data Analytics life cycle,SEM-V.pdf,2166112,Data Analytics and Visualization,1,1,
Analytics:  Key Roles for a Successful,Types of analytics,SEM-V.pdf,2166112,Data Analytics and Visualization,2,1,
Analytics:  Key Roles for a Successful,Roles in Industry,SEM-V.pdf,2166112,Data Analytics and Visualization,3,1,
Data Analytics life cycle,Types of analytics,SEM-V.pdf,2166112,Data Analytics and Visualization,1,1,
Data Analytics life cycle,Roles in Industry,SEM-V.pdf,2166112,Data Analytics and Visualization,2,1,
Types of analytics,Roles in Industry,SEM-V.pdf,2166112,Data Analytics and Visualization,1,1,
Super-Simple,Metrics: Measuring performance,SEM-V.pdf,2166115,Nature- Inspired Optimization,1,1,
Super-Simple,Quality (Error Rate,SEM-V.pdf,2166115,Nature- Inspired Optimization,2,1,
Super-Simple,Applications and variants,SEM-V.pdf,2166115,Nature- Inspired Optimization,3,1,
Super-Simple,Edge Systems: Application in feature selection,SEM-V.pdf,2166115,Nature- Inspired Optimization,4,1,
Super-Simple,Edge resource optimization,SEM-V.pdf,2166115,Nature- Inspired Optimization,5,1,
Metrics: Measuring performance,Quality (Error Rate,SEM-V.pdf,2166115,Nature- Inspired Optimization,1,1,
Metrics: Measuring performance,Applications and variants,SEM-V.pdf,2166115,Nature- Inspired Optimization,2,1,
Metrics: Measuring performance,Edge Systems: Application in feature selection,SEM-V.pdf,2166115,Nature- Inspired Optimization,3,1,
Metrics: Measuring performance,Edge resource optimization,SEM-V.pdf,2166115,Nature- Inspired Optimization,4,1,
Quality (Error Rate,Applications and variants,SEM-V.pdf,2166115,Nature- Inspired Optimization,1,1,
Quality (Error Rate,Edge Systems: Application in feature selection,SEM-V.pdf,2166115,Nature- Inspired Optimization,2,1,
Quality (Error Rate,Edge resource optimization,SEM-V.pdf,2166115,Nature- Inspired Optimization,3,1,
Applications and variants,Edge Systems: Application in feature selection,SEM-V.pdf,2166115,Nature- Inspired Optimization,1,1,
Applications and variants,Edge resource optimization,SEM-V.pdf,2166115,Nature- Inspired Optimization,2,1,
Edge Systems: Application in feature selection,Edge resource optimization,SEM-V.pdf,2166115,Nature- Inspired Optimization,1,1,
"ERC721 Tokens, ICO: basics and related terms","Metaverse, Cryptocurrency wallets: Hot and cold",SEM-V.pdf,2166118,Blockchain Technology,1,1,
"ERC721 Tokens, ICO: basics and related terms","Blockchain, UTXO and double spending problem",SEM-V.pdf,2166118,Blockchain Technology,2,1,
"ERC721 Tokens, ICO: basics and related terms",Common security threats in Blockchain,SEM-V.pdf,2166118,Blockchain Technology,3,1,
"ERC721 Tokens, ICO: basics and related terms","Mitigating attacks: 51% attack, Sybil attack, replay",SEM-V.pdf,2166118,Blockchain Technology,4,1,
"ERC721 Tokens, ICO: basics and related terms",Cryptocurrency Valuation Models,SEM-V.pdf,2166118,Blockchain Technology,5,1,
"ERC721 Tokens, ICO: basics and related terms",Emerging trends,SEM-V.pdf,2166118,Blockchain Technology,6,1,
"ERC721 Tokens, ICO: basics and related terms",Models on Blockchain: decentralized AI,SEM-V.pdf,2166118,Blockchain Technology,7,1,
"ERC721 Tokens, ICO: basics and related terms","Case study: AI for transaction validation, fraud",SEM-V.pdf,2166118,Blockchain Technology,8,1,
"Metaverse, Cryptocurrency wallets: Hot and cold","Blockchain, UTXO and double spending problem",SEM-V.pdf,2166118,Blockchain Technology,1,1,
"Metaverse, Cryptocurrency wallets: Hot and cold",Common security threats in Blockchain,SEM-V.pdf,2166118,Blockchain Technology,2,1,
"Metaverse, Cryptocurrency wallets: Hot and cold","Mitigating attacks: 51% attack, Sybil attack, replay",SEM-V.pdf,2166118,Blockchain Technology,3,1,
"Metaverse, Cryptocurrency wallets: Hot and cold",Cryptocurrency Valuation Models,SEM-V.pdf,2166118,Blockchain Technology,4,1,
"Metaverse, Cryptocurrency wallets: Hot and cold",Emerging trends,SEM-V.pdf,2166118,Blockchain Technology,5,1,
"Metaverse, Cryptocurrency wallets: Hot and cold",Models on Blockchain: decentralized AI,SEM-V.pdf,2166118,Blockchain Technology,6,1,
"Metaverse, Cryptocurrency wallets: Hot and cold","Case study: AI for transaction validation, fraud",SEM-V.pdf,2166118,Blockchain Technology,7,1,
"Blockchain, UTXO and double spending problem",Common security threats in Blockchain,SEM-V.pdf,2166118,Blockchain Technology,1,1,
"Blockchain, UTXO and double spending problem","Mitigating attacks: 51% attack, Sybil attack, replay",SEM-V.pdf,2166118,Blockchain Technology,2,1,
"Blockchain, UTXO and double spending problem",Cryptocurrency Valuation Models,SEM-V.pdf,2166118,Blockchain Technology,3,1,
"Blockchain, UTXO and double spending problem",Emerging trends,SEM-V.pdf,2166118,Blockchain Technology,4,1,
"Blockchain, UTXO and double spending problem",Models on Blockchain: decentralized AI,SEM-V.pdf,2166118,Blockchain Technology,5,1,
"Blockchain, UTXO and double spending problem","Case study: AI for transaction validation, fraud",SEM-V.pdf,2166118,Blockchain Technology,6,1,
Common security threats in Blockchain,"Mitigating attacks: 51% attack, Sybil attack, replay",SEM-V.pdf,2166118,Blockchain Technology,1,1,
Common security threats in Blockchain,Cryptocurrency Valuation Models,SEM-V.pdf,2166118,Blockchain Technology,2,1,
Common security threats in Blockchain,Emerging trends,SEM-V.pdf,2166118,Blockchain Technology,3,1,
Common security threats in Blockchain,Models on Blockchain: decentralized AI,SEM-V.pdf,2166118,Blockchain Technology,4,1,
Common security threats in Blockchain,"Case study: AI for transaction validation, fraud",SEM-V.pdf,2166118,Blockchain Technology,5,1,
"Mitigating attacks: 51% attack, Sybil attack, replay",Cryptocurrency Valuation Models,SEM-V.pdf,2166118,Blockchain Technology,1,1,
"Mitigating attacks: 51% attack, Sybil attack, replay",Emerging trends,SEM-V.pdf,2166118,Blockchain Technology,2,1,
"Mitigating attacks: 51% attack, Sybil attack, replay",Models on Blockchain: decentralized AI,SEM-V.pdf,2166118,Blockchain Technology,3,1,
"Mitigating attacks: 51% attack, Sybil attack, replay","Case study: AI for transaction validation, fraud",SEM-V.pdf,2166118,Blockchain Technology,4,1,
Cryptocurrency Valuation Models,Emerging trends,SEM-V.pdf,2166118,Blockchain Technology,1,1,
Cryptocurrency Valuation Models,Models on Blockchain: decentralized AI,SEM-V.pdf,2166118,Blockchain Technology,2,1,
Cryptocurrency Valuation Models,"Case study: AI for transaction validation, fraud",SEM-V.pdf,2166118,Blockchain Technology,3,1,
Emerging trends,Models on Blockchain: decentralized AI,SEM-V.pdf,2166118,Blockchain Technology,1,1,
Emerging trends,"Case study: AI for transaction validation, fraud",SEM-V.pdf,2166118,Blockchain Technology,2,1,
Models on Blockchain: decentralized AI,"Case study: AI for transaction validation, fraud",SEM-V.pdf,2166118,Blockchain Technology,1,1,
