concept_a,concept_b,source_syllabus,Course_Code,course_name,order_delta,domain_match,label,embedding_similarity,keyword_overlap,suggested_label,reason
Cayley-Hamilton,Linear Algebra (Theory of Matrices) verification and reduction of higher degree polynomials,6.20N-B.E.-AI-DS.-Sem-III-IV.pdf,2013111,Mathematics for Computer Engineering,1,1,,0.318,0.0,1,Adjacent topics: delta=1 + sim=0.318
Cayley-Hamilton,Similarity of matrices,6.20N-B.E.-AI-DS.-Sem-III-IV.pdf,2013111,Mathematics for Computer Engineering,2,1,,0.2718,0.0,1,Adjacent topics: delta=2 + sim=0.272
Cayley-Hamilton,Quadratic forms,6.20N-B.E.-AI-DS.-Sem-III-IV.pdf,2013111,Mathematics for Computer Engineering,3,1,,0.1908,0.0,0,No signal: sim=0.191 delta=3 kw=0.000
Cayley-Hamilton,Linear and Non-Linear Programming Problems,6.20N-B.E.-AI-DS.-Sem-III-IV.pdf,2013111,Mathematics for Computer Engineering,4,1,,-0.0703,0.0,0,Low sim=-0.070
Cayley-Hamilton,Types of solutions,6.20N-B.E.-AI-DS.-Sem-III-IV.pdf,2013111,Mathematics for Computer Engineering,5,1,,0.0693,0.0,0,Low sim=0.069
Cayley-Hamilton,Standard and Canonical of LPP,6.20N-B.E.-AI-DS.-Sem-III-IV.pdf,2013111,Mathematics for Computer Engineering,6,1,,0.1027,0.0,0,Low sim=0.103
Cayley-Hamilton,Basic and Feasible solutions,6.20N-B.E.-AI-DS.-Sem-III-IV.pdf,2013111,Mathematics for Computer Engineering,7,1,,0.0012,0.0,0,Low sim=0.001
Cayley-Hamilton,Simplex method,6.20N-B.E.-AI-DS.-Sem-III-IV.pdf,2013111,Mathematics for Computer Engineering,8,1,,0.0414,0.0,0,Low sim=0.041
Cayley-Hamilton,Artificial variables,6.20N-B.E.-AI-DS.-Sem-III-IV.pdf,2013111,Mathematics for Computer Engineering,9,1,,0.0767,0.0,0,Low sim=0.077
Cayley-Hamilton,Kuhn-Tucker conditions,6.20N-B.E.-AI-DS.-Sem-III-IV.pdf,2013111,Mathematics for Computer Engineering,10,1,,0.0109,0.0,0,Low sim=0.011
Cayley-Hamilton,Introduction to Congruence,6.20N-B.E.-AI-DS.-Sem-III-IV.pdf,2013111,Mathematics for Computer Engineering,11,1,,0.1471,0.0,0,Low sim=0.147
Cayley-Hamilton,Linear congruence,6.20N-B.E.-AI-DS.-Sem-III-IV.pdf,2013111,Mathematics for Computer Engineering,12,1,,0.2145,0.0,0,Far apart: delta=12 + sim=0.214
Cayley-Hamilton,Application of congruence-RSA algorithm,6.20N-B.E.-AI-DS.-Sem-III-IV.pdf,2013111,Mathematics for Computer Engineering,13,1,,0.0894,0.0,0,Low sim=0.089
Cayley-Hamilton,Dirichlet’s conditions,6.20N-B.E.-AI-DS.-Sem-III-IV.pdf,2013111,Mathematics for Computer Engineering,14,1,,-0.0433,0.0,0,Low sim=-0.043
Linear Algebra (Theory of Matrices) verification and reduction of higher degree polynomials,Similarity of matrices,6.20N-B.E.-AI-DS.-Sem-III-IV.pdf,2013111,Mathematics for Computer Engineering,1,1,,0.378,0.1667,1,Foundational kw + sim=0.378 + delta=1
Linear Algebra (Theory of Matrices) verification and reduction of higher degree polynomials,Quadratic forms,6.20N-B.E.-AI-DS.-Sem-III-IV.pdf,2013111,Mathematics for Computer Engineering,2,1,,0.3275,0.0,1,Foundational kw + sim=0.327 + delta=2
Linear Algebra (Theory of Matrices) verification and reduction of higher degree polynomials,Linear and Non-Linear Programming Problems,6.20N-B.E.-AI-DS.-Sem-III-IV.pdf,2013111,Mathematics for Computer Engineering,3,1,,0.2021,0.1429,0,No signal: sim=0.202 delta=3 kw=0.143
Linear Algebra (Theory of Matrices) verification and reduction of higher degree polynomials,Types of solutions,6.20N-B.E.-AI-DS.-Sem-III-IV.pdf,2013111,Mathematics for Computer Engineering,4,1,,0.0988,0.0769,0,Low sim=0.099
Linear Algebra (Theory of Matrices) verification and reduction of higher degree polynomials,Standard and Canonical of LPP,6.20N-B.E.-AI-DS.-Sem-III-IV.pdf,2013111,Mathematics for Computer Engineering,5,1,,0.1691,0.1429,0,No signal: sim=0.169 delta=5 kw=0.143
Linear Algebra (Theory of Matrices) verification and reduction of higher degree polynomials,Basic and Feasible solutions,6.20N-B.E.-AI-DS.-Sem-III-IV.pdf,2013111,Mathematics for Computer Engineering,6,1,,0.1148,0.0714,0,Low sim=0.115
Linear Algebra (Theory of Matrices) verification and reduction of higher degree polynomials,Simplex method,6.20N-B.E.-AI-DS.-Sem-III-IV.pdf,2013111,Mathematics for Computer Engineering,7,1,,0.1524,0.0,0,No signal: sim=0.152 delta=7 kw=0.000
Linear Algebra (Theory of Matrices) verification and reduction of higher degree polynomials,Artificial variables,6.20N-B.E.-AI-DS.-Sem-III-IV.pdf,2013111,Mathematics for Computer Engineering,8,1,,0.0919,0.0,0,Low sim=0.092
Linear Algebra (Theory of Matrices) verification and reduction of higher degree polynomials,Kuhn-Tucker conditions,6.20N-B.E.-AI-DS.-Sem-III-IV.pdf,2013111,Mathematics for Computer Engineering,9,1,,0.0756,0.0,0,Low sim=0.076
Linear Algebra (Theory of Matrices) verification and reduction of higher degree polynomials,Introduction to Congruence,6.20N-B.E.-AI-DS.-Sem-III-IV.pdf,2013111,Mathematics for Computer Engineering,10,1,,0.0743,0.0,0,Low sim=0.074
Linear Algebra (Theory of Matrices) verification and reduction of higher degree polynomials,Linear congruence,6.20N-B.E.-AI-DS.-Sem-III-IV.pdf,2013111,Mathematics for Computer Engineering,11,1,,0.2843,0.0833,0,No signal: sim=0.284 delta=11 kw=0.083
Linear Algebra (Theory of Matrices) verification and reduction of higher degree polynomials,Application of congruence-RSA algorithm,6.20N-B.E.-AI-DS.-Sem-III-IV.pdf,2013111,Mathematics for Computer Engineering,12,1,,0.1457,0.0667,0,Low sim=0.146
Linear Algebra (Theory of Matrices) verification and reduction of higher degree polynomials,Dirichlet’s conditions,6.20N-B.E.-AI-DS.-Sem-III-IV.pdf,2013111,Mathematics for Computer Engineering,13,1,,-0.0551,0.0,0,Low sim=-0.055
Linear Algebra (Theory of Matrices) verification and reduction of higher degree polynomials,Fourier series of periodic,6.20N-B.E.-AI-DS.-Sem-III-IV.pdf,2013111,Mathematics for Computer Engineering,14,1,,0.0501,0.0714,0,Low sim=0.050
Similarity of matrices,Quadratic forms,6.20N-B.E.-AI-DS.-Sem-III-IV.pdf,2013111,Mathematics for Computer Engineering,1,1,,0.1835,0.0,0,No signal: sim=0.184 delta=1 kw=0.000
Similarity of matrices,Linear and Non-Linear Programming Problems,6.20N-B.E.-AI-DS.-Sem-III-IV.pdf,2013111,Mathematics for Computer Engineering,2,1,,0.0555,0.0,0,Low sim=0.056
Similarity of matrices,Types of solutions,6.20N-B.E.-AI-DS.-Sem-III-IV.pdf,2013111,Mathematics for Computer Engineering,3,1,,0.0718,0.2,0,Low sim=0.072
Similarity of matrices,Standard and Canonical of LPP,6.20N-B.E.-AI-DS.-Sem-III-IV.pdf,2013111,Mathematics for Computer Engineering,4,1,,0.0275,0.1429,0,Low sim=0.027
Similarity of matrices,Basic and Feasible solutions,6.20N-B.E.-AI-DS.-Sem-III-IV.pdf,2013111,Mathematics for Computer Engineering,5,1,,0.057,0.0,0,Low sim=0.057
Similarity of matrices,Simplex method,6.20N-B.E.-AI-DS.-Sem-III-IV.pdf,2013111,Mathematics for Computer Engineering,6,1,,0.0153,0.0,0,Low sim=0.015
Similarity of matrices,Artificial variables,6.20N-B.E.-AI-DS.-Sem-III-IV.pdf,2013111,Mathematics for Computer Engineering,7,1,,-0.0045,0.0,0,Low sim=-0.004
Similarity of matrices,Kuhn-Tucker conditions,6.20N-B.E.-AI-DS.-Sem-III-IV.pdf,2013111,Mathematics for Computer Engineering,8,1,,0.0595,0.0,0,Low sim=0.060
Similarity of matrices,Introduction to Congruence,6.20N-B.E.-AI-DS.-Sem-III-IV.pdf,2013111,Mathematics for Computer Engineering,9,1,,0.0499,0.0,0,Low sim=0.050
Similarity of matrices,Linear congruence,6.20N-B.E.-AI-DS.-Sem-III-IV.pdf,2013111,Mathematics for Computer Engineering,10,1,,0.1671,0.0,0,No signal: sim=0.167 delta=10 kw=0.000
Similarity of matrices,Application of congruence-RSA algorithm,6.20N-B.E.-AI-DS.-Sem-III-IV.pdf,2013111,Mathematics for Computer Engineering,11,1,,0.0755,0.1429,0,Low sim=0.075
Similarity of matrices,Dirichlet’s conditions,6.20N-B.E.-AI-DS.-Sem-III-IV.pdf,2013111,Mathematics for Computer Engineering,12,1,,-0.0128,0.0,0,Low sim=-0.013
Similarity of matrices,Fourier series of periodic,6.20N-B.E.-AI-DS.-Sem-III-IV.pdf,2013111,Mathematics for Computer Engineering,13,1,,0.0009,0.1667,0,Low sim=0.001
Similarity of matrices,Fourier series of even and odd functions,6.20N-B.E.-AI-DS.-Sem-III-IV.pdf,2013111,Mathematics for Computer Engineering,14,1,,-0.0637,0.1111,0,Low sim=-0.064
Quadratic forms,Linear and Non-Linear Programming Problems,6.20N-B.E.-AI-DS.-Sem-III-IV.pdf,2013111,Mathematics for Computer Engineering,1,1,,0.161,0.0,0,No signal: sim=0.161 delta=1 kw=0.000
Quadratic forms,Types of solutions,6.20N-B.E.-AI-DS.-Sem-III-IV.pdf,2013111,Mathematics for Computer Engineering,2,1,,0.2615,0.0,1,Adjacent topics: delta=2 + sim=0.262
Quadratic forms,Standard and Canonical of LPP,6.20N-B.E.-AI-DS.-Sem-III-IV.pdf,2013111,Mathematics for Computer Engineering,3,1,,0.1094,0.0,0,Low sim=0.109
Quadratic forms,Basic and Feasible solutions,6.20N-B.E.-AI-DS.-Sem-III-IV.pdf,2013111,Mathematics for Computer Engineering,4,1,,0.226,0.0,0,No signal: sim=0.226 delta=4 kw=0.000
Quadratic forms,Simplex method,6.20N-B.E.-AI-DS.-Sem-III-IV.pdf,2013111,Mathematics for Computer Engineering,5,1,,0.1793,0.0,0,No signal: sim=0.179 delta=5 kw=0.000
Quadratic forms,Artificial variables,6.20N-B.E.-AI-DS.-Sem-III-IV.pdf,2013111,Mathematics for Computer Engineering,6,1,,0.1713,0.0,0,No signal: sim=0.171 delta=6 kw=0.000
Quadratic forms,Kuhn-Tucker conditions,6.20N-B.E.-AI-DS.-Sem-III-IV.pdf,2013111,Mathematics for Computer Engineering,7,1,,0.2002,0.0,0,No signal: sim=0.200 delta=7 kw=0.000
Quadratic forms,Introduction to Congruence,6.20N-B.E.-AI-DS.-Sem-III-IV.pdf,2013111,Mathematics for Computer Engineering,8,1,,0.2168,0.0,0,No signal: sim=0.217 delta=8 kw=0.000
Quadratic forms,Linear congruence,6.20N-B.E.-AI-DS.-Sem-III-IV.pdf,2013111,Mathematics for Computer Engineering,9,1,,0.2821,0.0,0,No signal: sim=0.282 delta=9 kw=0.000
Quadratic forms,Application of congruence-RSA algorithm,6.20N-B.E.-AI-DS.-Sem-III-IV.pdf,2013111,Mathematics for Computer Engineering,10,1,,0.1161,0.0,0,Low sim=0.116
Quadratic forms,Dirichlet’s conditions,6.20N-B.E.-AI-DS.-Sem-III-IV.pdf,2013111,Mathematics for Computer Engineering,11,1,,0.1331,0.0,0,Low sim=0.133
Quadratic forms,Fourier series of periodic,6.20N-B.E.-AI-DS.-Sem-III-IV.pdf,2013111,Mathematics for Computer Engineering,12,1,,0.0328,0.0,0,Low sim=0.033
Quadratic forms,Fourier series of even and odd functions,6.20N-B.E.-AI-DS.-Sem-III-IV.pdf,2013111,Mathematics for Computer Engineering,13,1,,0.0468,0.0,0,Low sim=0.047
Quadratic forms,Complex form of Fourier Series,6.20N-B.E.-AI-DS.-Sem-III-IV.pdf,2013111,Mathematics for Computer Engineering,14,1,,0.1998,0.0,0,Far apart: delta=14 + sim=0.200
Linear and Non-Linear Programming Problems,Types of solutions,6.20N-B.E.-AI-DS.-Sem-III-IV.pdf,2013111,Mathematics for Computer Engineering,1,1,,0.2528,0.0,1,Adjacent topics: delta=1 + sim=0.253
Linear and Non-Linear Programming Problems,Standard and Canonical of LPP,6.20N-B.E.-AI-DS.-Sem-III-IV.pdf,2013111,Mathematics for Computer Engineering,2,1,,0.2497,0.1111,1,Adjacent topics: delta=2 + sim=0.250
Linear and Non-Linear Programming Problems,Basic and Feasible solutions,6.20N-B.E.-AI-DS.-Sem-III-IV.pdf,2013111,Mathematics for Computer Engineering,3,1,,0.575,0.125,1,sim=0.575>=0.45 + delta=3<=5
Linear and Non-Linear Programming Problems,Simplex method,6.20N-B.E.-AI-DS.-Sem-III-IV.pdf,2013111,Mathematics for Computer Engineering,4,1,,0.2234,0.0,0,No signal: sim=0.223 delta=4 kw=0.000
Linear and Non-Linear Programming Problems,Artificial variables,6.20N-B.E.-AI-DS.-Sem-III-IV.pdf,2013111,Mathematics for Computer Engineering,5,1,,0.3948,0.0,0,No signal: sim=0.395 delta=5 kw=0.000
Linear and Non-Linear Programming Problems,Kuhn-Tucker conditions,6.20N-B.E.-AI-DS.-Sem-III-IV.pdf,2013111,Mathematics for Computer Engineering,6,1,,0.2473,0.0,0,No signal: sim=0.247 delta=6 kw=0.000
Linear and Non-Linear Programming Problems,Introduction to Congruence,6.20N-B.E.-AI-DS.-Sem-III-IV.pdf,2013111,Mathematics for Computer Engineering,7,1,,-0.0405,0.0,0,Low sim=-0.041
Linear and Non-Linear Programming Problems,Linear congruence,6.20N-B.E.-AI-DS.-Sem-III-IV.pdf,2013111,Mathematics for Computer Engineering,8,1,,0.1338,0.1667,0,Low sim=0.134
Linear and Non-Linear Programming Problems,Application of congruence-RSA algorithm,6.20N-B.E.-AI-DS.-Sem-III-IV.pdf,2013111,Mathematics for Computer Engineering,9,1,,0.0412,0.0,0,Low sim=0.041
Linear and Non-Linear Programming Problems,Dirichlet’s conditions,6.20N-B.E.-AI-DS.-Sem-III-IV.pdf,2013111,Mathematics for Computer Engineering,10,1,,0.0428,0.0,0,Low sim=0.043
Linear and Non-Linear Programming Problems,Fourier series of periodic,6.20N-B.E.-AI-DS.-Sem-III-IV.pdf,2013111,Mathematics for Computer Engineering,11,1,,-0.127,0.0,0,Low sim=-0.127
Linear and Non-Linear Programming Problems,Fourier series of even and odd functions,6.20N-B.E.-AI-DS.-Sem-III-IV.pdf,2013111,Mathematics for Computer Engineering,12,1,,-0.0229,0.0909,0,Low sim=-0.023
Linear and Non-Linear Programming Problems,Complex form of Fourier Series,6.20N-B.E.-AI-DS.-Sem-III-IV.pdf,2013111,Mathematics for Computer Engineering,13,1,,-0.13,0.0,0,Low sim=-0.130
Linear and Non-Linear Programming Problems,Lines of regression,6.20N-B.E.-AI-DS.-Sem-III-IV.pdf,2013111,Mathematics for Computer Engineering,14,1,,0.2796,0.0,0,Far apart: delta=14 + sim=0.280
Types of solutions,Standard and Canonical of LPP,6.20N-B.E.-AI-DS.-Sem-III-IV.pdf,2013111,Mathematics for Computer Engineering,1,1,,0.1217,0.1429,0,Low sim=0.122
Types of solutions,Basic and Feasible solutions,6.20N-B.E.-AI-DS.-Sem-III-IV.pdf,2013111,Mathematics for Computer Engineering,2,1,,0.479,0.1667,1,sim=0.479>=0.45 + delta=2<=5
Types of solutions,Simplex method,6.20N-B.E.-AI-DS.-Sem-III-IV.pdf,2013111,Mathematics for Computer Engineering,3,1,,0.1297,0.0,0,Low sim=0.130
Types of solutions,Artificial variables,6.20N-B.E.-AI-DS.-Sem-III-IV.pdf,2013111,Mathematics for Computer Engineering,4,1,,0.2761,0.0,1,Foundational kw + sim=0.276 + delta=4
Types of solutions,Kuhn-Tucker conditions,6.20N-B.E.-AI-DS.-Sem-III-IV.pdf,2013111,Mathematics for Computer Engineering,5,1,,0.1889,0.0,0,No signal: sim=0.189 delta=5 kw=0.000
Types of solutions,Introduction to Congruence,6.20N-B.E.-AI-DS.-Sem-III-IV.pdf,2013111,Mathematics for Computer Engineering,6,1,,0.0776,0.0,0,Low sim=0.078
Types of solutions,Linear congruence,6.20N-B.E.-AI-DS.-Sem-III-IV.pdf,2013111,Mathematics for Computer Engineering,7,1,,0.1037,0.0,0,Low sim=0.104
Types of solutions,Application of congruence-RSA algorithm,6.20N-B.E.-AI-DS.-Sem-III-IV.pdf,2013111,Mathematics for Computer Engineering,8,1,,0.0485,0.1429,0,Low sim=0.049
Types of solutions,Dirichlet’s conditions,6.20N-B.E.-AI-DS.-Sem-III-IV.pdf,2013111,Mathematics for Computer Engineering,9,1,,0.1982,0.0,0,No signal: sim=0.198 delta=9 kw=0.000
Types of solutions,Fourier series of periodic,6.20N-B.E.-AI-DS.-Sem-III-IV.pdf,2013111,Mathematics for Computer Engineering,10,1,,0.0109,0.1667,0,Low sim=0.011
Types of solutions,Fourier series of even and odd functions,6.20N-B.E.-AI-DS.-Sem-III-IV.pdf,2013111,Mathematics for Computer Engineering,11,1,,0.0343,0.1111,0,Low sim=0.034
Types of solutions,Complex form of Fourier Series,6.20N-B.E.-AI-DS.-Sem-III-IV.pdf,2013111,Mathematics for Computer Engineering,12,1,,0.0521,0.1429,0,Low sim=0.052
Types of solutions,Lines of regression,6.20N-B.E.-AI-DS.-Sem-III-IV.pdf,2013111,Mathematics for Computer Engineering,13,1,,0.1037,0.2,0,Low sim=0.104
Types of solutions,Moment generating function,6.20N-B.E.-AI-DS.-Sem-III-IV.pdf,2013111,Mathematics for Computer Engineering,14,1,,0.0109,0.0,0,Low sim=0.011
Standard and Canonical of LPP,Basic and Feasible solutions,6.20N-B.E.-AI-DS.-Sem-III-IV.pdf,2013111,Mathematics for Computer Engineering,1,1,,0.224,0.125,1,Adjacent topics: delta=1 + sim=0.224
Standard and Canonical of LPP,Simplex method,6.20N-B.E.-AI-DS.-Sem-III-IV.pdf,2013111,Mathematics for Computer Engineering,2,1,,0.1656,0.0,0,No signal: sim=0.166 delta=2 kw=0.000
Standard and Canonical of LPP,Artificial variables,6.20N-B.E.-AI-DS.-Sem-III-IV.pdf,2013111,Mathematics for Computer Engineering,3,1,,0.1601,0.0,0,No signal: sim=0.160 delta=3 kw=0.000
Standard and Canonical of LPP,Kuhn-Tucker conditions,6.20N-B.E.-AI-DS.-Sem-III-IV.pdf,2013111,Mathematics for Computer Engineering,4,1,,0.0818,0.0,0,Low sim=0.082
Standard and Canonical of LPP,Introduction to Congruence,6.20N-B.E.-AI-DS.-Sem-III-IV.pdf,2013111,Mathematics for Computer Engineering,5,1,,0.0827,0.0,0,Low sim=0.083
Standard and Canonical of LPP,Linear congruence,6.20N-B.E.-AI-DS.-Sem-III-IV.pdf,2013111,Mathematics for Computer Engineering,6,1,,0.1686,0.0,0,No signal: sim=0.169 delta=6 kw=0.000
Standard and Canonical of LPP,Application of congruence-RSA algorithm,6.20N-B.E.-AI-DS.-Sem-III-IV.pdf,2013111,Mathematics for Computer Engineering,7,1,,0.0824,0.1111,0,Low sim=0.082
Standard and Canonical of LPP,Dirichlet’s conditions,6.20N-B.E.-AI-DS.-Sem-III-IV.pdf,2013111,Mathematics for Computer Engineering,8,1,,0.0865,0.0,0,Low sim=0.086
Standard and Canonical of LPP,Fourier series of periodic,6.20N-B.E.-AI-DS.-Sem-III-IV.pdf,2013111,Mathematics for Computer Engineering,9,1,,-0.0222,0.125,0,Low sim=-0.022
Standard and Canonical of LPP,Fourier series of even and odd functions,6.20N-B.E.-AI-DS.-Sem-III-IV.pdf,2013111,Mathematics for Computer Engineering,10,1,,0.0379,0.2,0,Low sim=0.038
Standard and Canonical of LPP,Complex form of Fourier Series,6.20N-B.E.-AI-DS.-Sem-III-IV.pdf,2013111,Mathematics for Computer Engineering,11,1,,0.0169,0.1111,0,Low sim=0.017
Standard and Canonical of LPP,Lines of regression,6.20N-B.E.-AI-DS.-Sem-III-IV.pdf,2013111,Mathematics for Computer Engineering,12,1,,0.1162,0.1429,0,Low sim=0.116
Standard and Canonical of LPP,Moment generating function,6.20N-B.E.-AI-DS.-Sem-III-IV.pdf,2013111,Mathematics for Computer Engineering,13,1,,0.0601,0.0,0,Low sim=0.060
Standard and Canonical of LPP,Raw moments,6.20N-B.E.-AI-DS.-Sem-III-IV.pdf,2013111,Mathematics for Computer Engineering,14,1,,0.0491,0.0,0,Low sim=0.049
Basic and Feasible solutions,Simplex method,6.20N-B.E.-AI-DS.-Sem-III-IV.pdf,2013111,Mathematics for Computer Engineering,1,1,,0.33,0.0,1,Foundational kw + sim=0.330 + delta=1
Basic and Feasible solutions,Artificial variables,6.20N-B.E.-AI-DS.-Sem-III-IV.pdf,2013111,Mathematics for Computer Engineering,2,1,,0.4269,0.0,1,Foundational kw + sim=0.427 + delta=2
Basic and Feasible solutions,Kuhn-Tucker conditions,6.20N-B.E.-AI-DS.-Sem-III-IV.pdf,2013111,Mathematics for Computer Engineering,3,1,,0.2568,0.0,1,Foundational kw + sim=0.257 + delta=3
Basic and Feasible solutions,Introduction to Congruence,6.20N-B.E.-AI-DS.-Sem-III-IV.pdf,2013111,Mathematics for Computer Engineering,4,1,,0.1335,0.0,0,Low sim=0.133
Basic and Feasible solutions,Linear congruence,6.20N-B.E.-AI-DS.-Sem-III-IV.pdf,2013111,Mathematics for Computer Engineering,5,1,,0.1608,0.0,0,No signal: sim=0.161 delta=5 kw=0.000
Basic and Feasible solutions,Application of congruence-RSA algorithm,6.20N-B.E.-AI-DS.-Sem-III-IV.pdf,2013111,Mathematics for Computer Engineering,6,1,,0.1536,0.0,0,No signal: sim=0.154 delta=6 kw=0.000
Basic and Feasible solutions,Dirichlet’s conditions,6.20N-B.E.-AI-DS.-Sem-III-IV.pdf,2013111,Mathematics for Computer Engineering,7,1,,0.143,0.0,0,Low sim=0.143
Basic and Feasible solutions,Fourier series of periodic,6.20N-B.E.-AI-DS.-Sem-III-IV.pdf,2013111,Mathematics for Computer Engineering,8,1,,-0.0731,0.0,0,Low sim=-0.073
Basic and Feasible solutions,Fourier series of even and odd functions,6.20N-B.E.-AI-DS.-Sem-III-IV.pdf,2013111,Mathematics for Computer Engineering,9,1,,-0.0582,0.1,0,Low sim=-0.058
Basic and Feasible solutions,Complex form of Fourier Series,6.20N-B.E.-AI-DS.-Sem-III-IV.pdf,2013111,Mathematics for Computer Engineering,10,1,,-0.0442,0.0,0,Low sim=-0.044
Basic and Feasible solutions,Lines of regression,6.20N-B.E.-AI-DS.-Sem-III-IV.pdf,2013111,Mathematics for Computer Engineering,11,1,,0.1566,0.0,0,No signal: sim=0.157 delta=11 kw=0.000
Basic and Feasible solutions,Moment generating function,6.20N-B.E.-AI-DS.-Sem-III-IV.pdf,2013111,Mathematics for Computer Engineering,12,1,,0.0337,0.0,0,Low sim=0.034
Basic and Feasible solutions,Raw moments,6.20N-B.E.-AI-DS.-Sem-III-IV.pdf,2013111,Mathematics for Computer Engineering,13,1,,0.0636,0.0,0,Low sim=0.064
Simplex method,Artificial variables,6.20N-B.E.-AI-DS.-Sem-III-IV.pdf,2013111,Mathematics for Computer Engineering,1,1,,0.267,0.0,1,Adjacent topics: delta=1 + sim=0.267
Simplex method,Kuhn-Tucker conditions,6.20N-B.E.-AI-DS.-Sem-III-IV.pdf,2013111,Mathematics for Computer Engineering,2,1,,0.0561,0.0,0,Low sim=0.056
Simplex method,Introduction to Congruence,6.20N-B.E.-AI-DS.-Sem-III-IV.pdf,2013111,Mathematics for Computer Engineering,3,1,,0.0279,0.0,0,Low sim=0.028
Simplex method,Linear congruence,6.20N-B.E.-AI-DS.-Sem-III-IV.pdf,2013111,Mathematics for Computer Engineering,4,1,,0.1412,0.0,0,Low sim=0.141
Simplex method,Application of congruence-RSA algorithm,6.20N-B.E.-AI-DS.-Sem-III-IV.pdf,2013111,Mathematics for Computer Engineering,5,1,,0.155,0.0,0,No signal: sim=0.155 delta=5 kw=0.000
Simplex method,Dirichlet’s conditions,6.20N-B.E.-AI-DS.-Sem-III-IV.pdf,2013111,Mathematics for Computer Engineering,6,1,,-0.0792,0.0,0,Low sim=-0.079
Simplex method,Fourier series of periodic,6.20N-B.E.-AI-DS.-Sem-III-IV.pdf,2013111,Mathematics for Computer Engineering,7,1,,0.0877,0.0,0,Low sim=0.088
Simplex method,Fourier series of even and odd functions,6.20N-B.E.-AI-DS.-Sem-III-IV.pdf,2013111,Mathematics for Computer Engineering,8,1,,0.1592,0.0,0,No signal: sim=0.159 delta=8 kw=0.000
Simplex method,Complex form of Fourier Series,6.20N-B.E.-AI-DS.-Sem-III-IV.pdf,2013111,Mathematics for Computer Engineering,9,1,,0.0717,0.0,0,Low sim=0.072
Simplex method,Lines of regression,6.20N-B.E.-AI-DS.-Sem-III-IV.pdf,2013111,Mathematics for Computer Engineering,10,1,,0.1042,0.0,0,Low sim=0.104
Simplex method,Moment generating function,6.20N-B.E.-AI-DS.-Sem-III-IV.pdf,2013111,Mathematics for Computer Engineering,11,1,,0.096,0.0,0,Low sim=0.096
Simplex method,Raw moments,6.20N-B.E.-AI-DS.-Sem-III-IV.pdf,2013111,Mathematics for Computer Engineering,12,1,,0.0617,0.0,0,Low sim=0.062
Artificial variables,Kuhn-Tucker conditions,6.20N-B.E.-AI-DS.-Sem-III-IV.pdf,2013111,Mathematics for Computer Engineering,1,1,,0.208,0.0,1,Adjacent topics: delta=1 + sim=0.208
Artificial variables,Introduction to Congruence,6.20N-B.E.-AI-DS.-Sem-III-IV.pdf,2013111,Mathematics for Computer Engineering,2,1,,0.0703,0.0,0,Low sim=0.070
Artificial variables,Linear congruence,6.20N-B.E.-AI-DS.-Sem-III-IV.pdf,2013111,Mathematics for Computer Engineering,3,1,,0.0242,0.0,0,Low sim=0.024
Artificial variables,Application of congruence-RSA algorithm,6.20N-B.E.-AI-DS.-Sem-III-IV.pdf,2013111,Mathematics for Computer Engineering,4,1,,0.1005,0.0,0,Low sim=0.101
Artificial variables,Dirichlet’s conditions,6.20N-B.E.-AI-DS.-Sem-III-IV.pdf,2013111,Mathematics for Computer Engineering,5,1,,0.0852,0.0,0,Low sim=0.085
Artificial variables,Fourier series of periodic,6.20N-B.E.-AI-DS.-Sem-III-IV.pdf,2013111,Mathematics for Computer Engineering,6,1,,-0.0556,0.0,0,Low sim=-0.056
Artificial variables,Fourier series of even and odd functions,6.20N-B.E.-AI-DS.-Sem-III-IV.pdf,2013111,Mathematics for Computer Engineering,7,1,,-0.0434,0.0,0,Low sim=-0.043
Artificial variables,Complex form of Fourier Series,6.20N-B.E.-AI-DS.-Sem-III-IV.pdf,2013111,Mathematics for Computer Engineering,8,1,,0.0469,0.0,0,Low sim=0.047
Artificial variables,Lines of regression,6.20N-B.E.-AI-DS.-Sem-III-IV.pdf,2013111,Mathematics for Computer Engineering,9,1,,0.3424,0.0,0,No signal: sim=0.342 delta=9 kw=0.000
Artificial variables,Moment generating function,6.20N-B.E.-AI-DS.-Sem-III-IV.pdf,2013111,Mathematics for Computer Engineering,10,1,,0.1467,0.0,0,Low sim=0.147
Artificial variables,Raw moments,6.20N-B.E.-AI-DS.-Sem-III-IV.pdf,2013111,Mathematics for Computer Engineering,11,1,,0.121,0.0,0,Low sim=0.121
Kuhn-Tucker conditions,Introduction to Congruence,6.20N-B.E.-AI-DS.-Sem-III-IV.pdf,2013111,Mathematics for Computer Engineering,1,1,,0.0039,0.0,0,Low sim=0.004
Kuhn-Tucker conditions,Linear congruence,6.20N-B.E.-AI-DS.-Sem-III-IV.pdf,2013111,Mathematics for Computer Engineering,2,1,,-0.0388,0.0,0,Low sim=-0.039
Kuhn-Tucker conditions,Application of congruence-RSA algorithm,6.20N-B.E.-AI-DS.-Sem-III-IV.pdf,2013111,Mathematics for Computer Engineering,3,1,,-0.0484,0.0,0,Low sim=-0.048
Kuhn-Tucker conditions,Dirichlet’s conditions,6.20N-B.E.-AI-DS.-Sem-III-IV.pdf,2013111,Mathematics for Computer Engineering,4,1,,0.4166,0.2,0,No signal: sim=0.417 delta=4 kw=0.200
Kuhn-Tucker conditions,Fourier series of periodic,6.20N-B.E.-AI-DS.-Sem-III-IV.pdf,2013111,Mathematics for Computer Engineering,5,1,,-0.0291,0.0,0,Low sim=-0.029
Kuhn-Tucker conditions,Fourier series of even and odd functions,6.20N-B.E.-AI-DS.-Sem-III-IV.pdf,2013111,Mathematics for Computer Engineering,6,1,,0.0022,0.0,0,Low sim=0.002
Kuhn-Tucker conditions,Complex form of Fourier Series,6.20N-B.E.-AI-DS.-Sem-III-IV.pdf,2013111,Mathematics for Computer Engineering,7,1,,0.057,0.0,0,Low sim=0.057
Kuhn-Tucker conditions,Lines of regression,6.20N-B.E.-AI-DS.-Sem-III-IV.pdf,2013111,Mathematics for Computer Engineering,8,1,,0.0916,0.0,0,Low sim=0.092
Kuhn-Tucker conditions,Moment generating function,6.20N-B.E.-AI-DS.-Sem-III-IV.pdf,2013111,Mathematics for Computer Engineering,9,1,,0.0264,0.0,0,Low sim=0.026
Kuhn-Tucker conditions,Raw moments,6.20N-B.E.-AI-DS.-Sem-III-IV.pdf,2013111,Mathematics for Computer Engineering,10,1,,0.1,0.0,0,Low sim=0.100
Introduction to Congruence,Linear congruence,6.20N-B.E.-AI-DS.-Sem-III-IV.pdf,2013111,Mathematics for Computer Engineering,1,1,,0.6781,0.25,1,High sim=0.678 + delta=1
Introduction to Congruence,Application of congruence-RSA algorithm,6.20N-B.E.-AI-DS.-Sem-III-IV.pdf,2013111,Mathematics for Computer Engineering,2,1,,0.6881,0.1429,1,High sim=0.688 + delta=2
Introduction to Congruence,Dirichlet’s conditions,6.20N-B.E.-AI-DS.-Sem-III-IV.pdf,2013111,Mathematics for Computer Engineering,3,1,,0.1547,0.0,0,No signal: sim=0.155 delta=3 kw=0.000
Introduction to Congruence,Fourier series of periodic,6.20N-B.E.-AI-DS.-Sem-III-IV.pdf,2013111,Mathematics for Computer Engineering,4,1,,0.1555,0.0,0,No signal: sim=0.155 delta=4 kw=0.000
Introduction to Congruence,Fourier series of even and odd functions,6.20N-B.E.-AI-DS.-Sem-III-IV.pdf,2013111,Mathematics for Computer Engineering,5,1,,0.0929,0.0,0,Low sim=0.093
Introduction to Congruence,Complex form of Fourier Series,6.20N-B.E.-AI-DS.-Sem-III-IV.pdf,2013111,Mathematics for Computer Engineering,6,1,,0.0916,0.0,0,Low sim=0.092
Introduction to Congruence,Lines of regression,6.20N-B.E.-AI-DS.-Sem-III-IV.pdf,2013111,Mathematics for Computer Engineering,7,1,,0.0511,0.0,0,Low sim=0.051
Introduction to Congruence,Moment generating function,6.20N-B.E.-AI-DS.-Sem-III-IV.pdf,2013111,Mathematics for Computer Engineering,8,1,,0.0546,0.0,0,Low sim=0.055
Introduction to Congruence,Raw moments,6.20N-B.E.-AI-DS.-Sem-III-IV.pdf,2013111,Mathematics for Computer Engineering,9,1,,0.0832,0.0,0,Low sim=0.083
Linear congruence,Application of congruence-RSA algorithm,6.20N-B.E.-AI-DS.-Sem-III-IV.pdf,2013111,Mathematics for Computer Engineering,1,1,,0.5786,0.1667,1,sim=0.579>=0.45 + delta=1<=5
Linear congruence,Dirichlet’s conditions,6.20N-B.E.-AI-DS.-Sem-III-IV.pdf,2013111,Mathematics for Computer Engineering,2,1,,0.027,0.0,0,Low sim=0.027
Linear congruence,Fourier series of periodic,6.20N-B.E.-AI-DS.-Sem-III-IV.pdf,2013111,Mathematics for Computer Engineering,3,1,,0.1968,0.0,0,No signal: sim=0.197 delta=3 kw=0.000
Linear congruence,Fourier series of even and odd functions,6.20N-B.E.-AI-DS.-Sem-III-IV.pdf,2013111,Mathematics for Computer Engineering,4,1,,0.0794,0.0,0,Low sim=0.079
Linear congruence,Complex form of Fourier Series,6.20N-B.E.-AI-DS.-Sem-III-IV.pdf,2013111,Mathematics for Computer Engineering,5,1,,0.0738,0.0,0,Low sim=0.074
Linear congruence,Lines of regression,6.20N-B.E.-AI-DS.-Sem-III-IV.pdf,2013111,Mathematics for Computer Engineering,6,1,,0.129,0.0,0,Low sim=0.129
Linear congruence,Moment generating function,6.20N-B.E.-AI-DS.-Sem-III-IV.pdf,2013111,Mathematics for Computer Engineering,7,1,,0.0302,0.0,0,Low sim=0.030
Linear congruence,Raw moments,6.20N-B.E.-AI-DS.-Sem-III-IV.pdf,2013111,Mathematics for Computer Engineering,8,1,,-0.0164,0.0,0,Low sim=-0.016
Application of congruence-RSA algorithm,Dirichlet’s conditions,6.20N-B.E.-AI-DS.-Sem-III-IV.pdf,2013111,Mathematics for Computer Engineering,1,1,,0.0264,0.0,0,Low sim=0.026
Application of congruence-RSA algorithm,Fourier series of periodic,6.20N-B.E.-AI-DS.-Sem-III-IV.pdf,2013111,Mathematics for Computer Engineering,2,1,,0.1624,0.125,0,No signal: sim=0.162 delta=2 kw=0.125
Application of congruence-RSA algorithm,Fourier series of even and odd functions,6.20N-B.E.-AI-DS.-Sem-III-IV.pdf,2013111,Mathematics for Computer Engineering,3,1,,0.0774,0.0909,0,Low sim=0.077
Application of congruence-RSA algorithm,Complex form of Fourier Series,6.20N-B.E.-AI-DS.-Sem-III-IV.pdf,2013111,Mathematics for Computer Engineering,4,1,,0.1121,0.1111,0,Low sim=0.112
Application of congruence-RSA algorithm,Lines of regression,6.20N-B.E.-AI-DS.-Sem-III-IV.pdf,2013111,Mathematics for Computer Engineering,5,1,,0.0278,0.1429,0,Low sim=0.028
Application of congruence-RSA algorithm,Moment generating function,6.20N-B.E.-AI-DS.-Sem-III-IV.pdf,2013111,Mathematics for Computer Engineering,6,1,,0.1798,0.0,0,No signal: sim=0.180 delta=6 kw=0.000
Application of congruence-RSA algorithm,Raw moments,6.20N-B.E.-AI-DS.-Sem-III-IV.pdf,2013111,Mathematics for Computer Engineering,7,1,,0.0321,0.0,0,Low sim=0.032
Dirichlet’s conditions,Fourier series of periodic,6.20N-B.E.-AI-DS.-Sem-III-IV.pdf,2013111,Mathematics for Computer Engineering,1,1,,0.1715,0.0,0,No signal: sim=0.171 delta=1 kw=0.000
Dirichlet’s conditions,Fourier series of even and odd functions,6.20N-B.E.-AI-DS.-Sem-III-IV.pdf,2013111,Mathematics for Computer Engineering,2,1,,0.1507,0.0,0,No signal: sim=0.151 delta=2 kw=0.000
Dirichlet’s conditions,Complex form of Fourier Series,6.20N-B.E.-AI-DS.-Sem-III-IV.pdf,2013111,Mathematics for Computer Engineering,3,1,,0.1255,0.0,0,Low sim=0.125
Dirichlet’s conditions,Lines of regression,6.20N-B.E.-AI-DS.-Sem-III-IV.pdf,2013111,Mathematics for Computer Engineering,4,1,,0.0011,0.0,0,Low sim=0.001
Dirichlet’s conditions,Moment generating function,6.20N-B.E.-AI-DS.-Sem-III-IV.pdf,2013111,Mathematics for Computer Engineering,5,1,,-0.0091,0.0,0,Low sim=-0.009
Dirichlet’s conditions,Raw moments,6.20N-B.E.-AI-DS.-Sem-III-IV.pdf,2013111,Mathematics for Computer Engineering,6,1,,0.1015,0.0,0,Low sim=0.101
Fourier series of periodic,Fourier series of even and odd functions,6.20N-B.E.-AI-DS.-Sem-III-IV.pdf,2013111,Mathematics for Computer Engineering,1,1,,0.7024,0.375,1,High sim=0.702 + delta=1
Fourier series of periodic,Complex form of Fourier Series,6.20N-B.E.-AI-DS.-Sem-III-IV.pdf,2013111,Mathematics for Computer Engineering,2,1,,0.7343,0.5,1,High sim=0.734 + delta=2
Fourier series of periodic,Lines of regression,6.20N-B.E.-AI-DS.-Sem-III-IV.pdf,2013111,Mathematics for Computer Engineering,3,1,,-0.0031,0.1667,0,Low sim=-0.003
Fourier series of periodic,Moment generating function,6.20N-B.E.-AI-DS.-Sem-III-IV.pdf,2013111,Mathematics for Computer Engineering,4,1,,0.1743,0.0,0,No signal: sim=0.174 delta=4 kw=0.000
Fourier series of periodic,Raw moments,6.20N-B.E.-AI-DS.-Sem-III-IV.pdf,2013111,Mathematics for Computer Engineering,5,1,,-0.0189,0.0,0,Low sim=-0.019
Fourier series of even and odd functions,Complex form of Fourier Series,6.20N-B.E.-AI-DS.-Sem-III-IV.pdf,2013111,Mathematics for Computer Engineering,1,1,,0.6314,0.3333,1,High sim=0.631 + delta=1
Fourier series of even and odd functions,Lines of regression,6.20N-B.E.-AI-DS.-Sem-III-IV.pdf,2013111,Mathematics for Computer Engineering,2,1,,-0.005,0.1111,0,Low sim=-0.005
Fourier series of even and odd functions,Moment generating function,6.20N-B.E.-AI-DS.-Sem-III-IV.pdf,2013111,Mathematics for Computer Engineering,3,1,,0.1755,0.0,0,No signal: sim=0.176 delta=3 kw=0.000
Fourier series of even and odd functions,Raw moments,6.20N-B.E.-AI-DS.-Sem-III-IV.pdf,2013111,Mathematics for Computer Engineering,4,1,,0.0454,0.0,0,Low sim=0.045
Complex form of Fourier Series,Lines of regression,6.20N-B.E.-AI-DS.-Sem-III-IV.pdf,2013111,Mathematics for Computer Engineering,1,1,,0.0088,0.1429,0,Low sim=0.009
Complex form of Fourier Series,Moment generating function,6.20N-B.E.-AI-DS.-Sem-III-IV.pdf,2013111,Mathematics for Computer Engineering,2,1,,0.2589,0.0,1,Adjacent topics: delta=2 + sim=0.259
Complex form of Fourier Series,Raw moments,6.20N-B.E.-AI-DS.-Sem-III-IV.pdf,2013111,Mathematics for Computer Engineering,3,1,,0.0211,0.0,0,Low sim=0.021
Lines of regression,Moment generating function,6.20N-B.E.-AI-DS.-Sem-III-IV.pdf,2013111,Mathematics for Computer Engineering,1,1,,0.0172,0.0,0,Low sim=0.017
Lines of regression,Raw moments,6.20N-B.E.-AI-DS.-Sem-III-IV.pdf,2013111,Mathematics for Computer Engineering,2,1,,0.0828,0.0,0,Low sim=0.083
Moment generating function,Raw moments,6.20N-B.E.-AI-DS.-Sem-III-IV.pdf,2013111,Mathematics for Computer Engineering,1,1,,0.4099,0.0,1,Adjacent topics: delta=1 + sim=0.410
Regular operations,Arden's theorem,6.20N-B.E.-AI-DS.-Sem-III-IV.pdf,2014111,Computational,1,1,,0.2053,0.0,1,Adjacent topics: delta=1 + sim=0.205
Regular operations,Decision properties of RLs,6.20N-B.E.-AI-DS.-Sem-III-IV.pdf,2014111,Computational,2,1,,0.1942,0.0,0,No signal: sim=0.194 delta=2 kw=0.000
Regular operations,Pumping lemma,6.20N-B.E.-AI-DS.-Sem-III-IV.pdf,2014111,Computational,3,1,,0.1283,0.0,0,Low sim=0.128
Regular operations,RE in text search and replace,6.20N-B.E.-AI-DS.-Sem-III-IV.pdf,2014111,Computational,4,1,,0.178,0.0,0,No signal: sim=0.178 delta=4 kw=0.000
Regular operations,Application of Regular,6.20N-B.E.-AI-DS.-Sem-III-IV.pdf,2014111,Computational,5,1,,0.6872,0.25,1,High sim=0.687 + delta=5
Regular operations,Languages in Compiler Design,6.20N-B.E.-AI-DS.-Sem-III-IV.pdf,2014111,Computational,6,1,,0.2045,0.0,0,No signal: sim=0.205 delta=6 kw=0.000
Regular operations,Nondeterministic Finite Automata (NFA): Definitions,6.20N-B.E.-AI-DS.-Sem-III-IV.pdf,2014111,Computational,7,1,,0.2046,0.0,0,No signal: sim=0.205 delta=7 kw=0.000
Regular operations,Equivalence between NFA with and ϵ- transitions,6.20N-B.E.-AI-DS.-Sem-III-IV.pdf,2014111,Computational,8,1,,0.0974,0.0,0,Low sim=0.097
Regular operations,Minimization of DFA,6.20N-B.E.-AI-DS.-Sem-III-IV.pdf,2014111,Computational,9,1,,0.2333,0.0,0,No signal: sim=0.233 delta=9 kw=0.000
Arden's theorem,Decision properties of RLs,6.20N-B.E.-AI-DS.-Sem-III-IV.pdf,2014111,Computational,1,1,,0.0956,0.0,0,Low sim=0.096
Arden's theorem,Pumping lemma,6.20N-B.E.-AI-DS.-Sem-III-IV.pdf,2014111,Computational,2,1,,0.3108,0.0,1,Adjacent topics: delta=2 + sim=0.311
Arden's theorem,RE in text search and replace,6.20N-B.E.-AI-DS.-Sem-III-IV.pdf,2014111,Computational,3,1,,0.0297,0.0,0,Low sim=0.030
Arden's theorem,Application of Regular,6.20N-B.E.-AI-DS.-Sem-III-IV.pdf,2014111,Computational,4,1,,0.2475,0.0,0,No signal: sim=0.248 delta=4 kw=0.000
Arden's theorem,Languages in Compiler Design,6.20N-B.E.-AI-DS.-Sem-III-IV.pdf,2014111,Computational,5,1,,0.0519,0.0,0,Low sim=0.052
Arden's theorem,Nondeterministic Finite Automata (NFA): Definitions,6.20N-B.E.-AI-DS.-Sem-III-IV.pdf,2014111,Computational,6,1,,0.074,0.0,0,Low sim=0.074
Arden's theorem,Equivalence between NFA with and ϵ- transitions,6.20N-B.E.-AI-DS.-Sem-III-IV.pdf,2014111,Computational,7,1,,0.1255,0.0,0,Low sim=0.125
Arden's theorem,Minimization of DFA,6.20N-B.E.-AI-DS.-Sem-III-IV.pdf,2014111,Computational,8,1,,0.0896,0.0,0,Low sim=0.090
Decision properties of RLs,Pumping lemma,6.20N-B.E.-AI-DS.-Sem-III-IV.pdf,2014111,Computational,1,1,,0.0197,0.0,0,Low sim=0.020
Decision properties of RLs,RE in text search and replace,6.20N-B.E.-AI-DS.-Sem-III-IV.pdf,2014111,Computational,2,1,,0.032,0.0,0,Low sim=0.032
Decision properties of RLs,Application of Regular,6.20N-B.E.-AI-DS.-Sem-III-IV.pdf,2014111,Computational,3,1,,0.1588,0.1667,0,No signal: sim=0.159 delta=3 kw=0.167
Decision properties of RLs,Languages in Compiler Design,6.20N-B.E.-AI-DS.-Sem-III-IV.pdf,2014111,Computational,4,1,,0.1739,0.0,0,No signal: sim=0.174 delta=4 kw=0.000
Decision properties of RLs,Nondeterministic Finite Automata (NFA): Definitions,6.20N-B.E.-AI-DS.-Sem-III-IV.pdf,2014111,Computational,5,1,,0.2488,0.0,0,No signal: sim=0.249 delta=5 kw=0.000
Decision properties of RLs,Equivalence between NFA with and ϵ- transitions,6.20N-B.E.-AI-DS.-Sem-III-IV.pdf,2014111,Computational,6,1,,0.1531,0.0,0,No signal: sim=0.153 delta=6 kw=0.000
Decision properties of RLs,Minimization of DFA,6.20N-B.E.-AI-DS.-Sem-III-IV.pdf,2014111,Computational,7,1,,0.1913,0.1667,0,No signal: sim=0.191 delta=7 kw=0.167
Pumping lemma,RE in text search and replace,6.20N-B.E.-AI-DS.-Sem-III-IV.pdf,2014111,Computational,1,1,,0.1683,0.0,0,No signal: sim=0.168 delta=1 kw=0.000
Pumping lemma,Application of Regular,6.20N-B.E.-AI-DS.-Sem-III-IV.pdf,2014111,Computational,2,1,,0.2143,0.0,1,Adjacent topics: delta=2 + sim=0.214
Pumping lemma,Languages in Compiler Design,6.20N-B.E.-AI-DS.-Sem-III-IV.pdf,2014111,Computational,3,1,,0.2239,0.0,0,No signal: sim=0.224 delta=3 kw=0.000
Pumping lemma,Nondeterministic Finite Automata (NFA): Definitions,6.20N-B.E.-AI-DS.-Sem-III-IV.pdf,2014111,Computational,4,1,,0.1155,0.0,0,Low sim=0.116
Pumping lemma,Equivalence between NFA with and ϵ- transitions,6.20N-B.E.-AI-DS.-Sem-III-IV.pdf,2014111,Computational,5,1,,0.1623,0.0,0,No signal: sim=0.162 delta=5 kw=0.000
Pumping lemma,Minimization of DFA,6.20N-B.E.-AI-DS.-Sem-III-IV.pdf,2014111,Computational,6,1,,0.1527,0.0,0,No signal: sim=0.153 delta=6 kw=0.000
RE in text search and replace,Application of Regular,6.20N-B.E.-AI-DS.-Sem-III-IV.pdf,2014111,Computational,1,1,,0.1369,0.0,0,Low sim=0.137
RE in text search and replace,Languages in Compiler Design,6.20N-B.E.-AI-DS.-Sem-III-IV.pdf,2014111,Computational,2,1,,0.0087,0.1111,0,Low sim=0.009
RE in text search and replace,Nondeterministic Finite Automata (NFA): Definitions,6.20N-B.E.-AI-DS.-Sem-III-IV.pdf,2014111,Computational,3,1,,0.0547,0.0,0,Low sim=0.055
RE in text search and replace,Equivalence between NFA with and ϵ- transitions,6.20N-B.E.-AI-DS.-Sem-III-IV.pdf,2014111,Computational,4,1,,0.0344,0.0833,0,Low sim=0.034
RE in text search and replace,Minimization of DFA,6.20N-B.E.-AI-DS.-Sem-III-IV.pdf,2014111,Computational,5,1,,0.056,0.0,0,Low sim=0.056
Application of Regular,Languages in Compiler Design,6.20N-B.E.-AI-DS.-Sem-III-IV.pdf,2014111,Computational,1,1,,0.127,0.0,0,Low sim=0.127
Application of Regular,Nondeterministic Finite Automata (NFA): Definitions,6.20N-B.E.-AI-DS.-Sem-III-IV.pdf,2014111,Computational,2,1,,0.2048,0.0,1,Adjacent topics: delta=2 + sim=0.205
Application of Regular,Equivalence between NFA with and ϵ- transitions,6.20N-B.E.-AI-DS.-Sem-III-IV.pdf,2014111,Computational,3,1,,0.1411,0.0,0,Low sim=0.141
Application of Regular,Minimization of DFA,6.20N-B.E.-AI-DS.-Sem-III-IV.pdf,2014111,Computational,4,1,,0.289,0.2,0,No signal: sim=0.289 delta=4 kw=0.200
Languages in Compiler Design,Nondeterministic Finite Automata (NFA): Definitions,6.20N-B.E.-AI-DS.-Sem-III-IV.pdf,2014111,Computational,1,1,,0.2147,0.0,1,Adjacent topics: delta=1 + sim=0.215
Languages in Compiler Design,Equivalence between NFA with and ϵ- transitions,6.20N-B.E.-AI-DS.-Sem-III-IV.pdf,2014111,Computational,2,1,,0.1073,0.0,0,Low sim=0.107
Languages in Compiler Design,Minimization of DFA,6.20N-B.E.-AI-DS.-Sem-III-IV.pdf,2014111,Computational,3,1,,0.146,0.0,0,Low sim=0.146
Nondeterministic Finite Automata (NFA): Definitions,Equivalence between NFA with and ϵ- transitions,6.20N-B.E.-AI-DS.-Sem-III-IV.pdf,2014111,Computational,1,1,,0.5904,0.0909,1,sim=0.590>=0.45 + delta=1<=5
Nondeterministic Finite Automata (NFA): Definitions,Minimization of DFA,6.20N-B.E.-AI-DS.-Sem-III-IV.pdf,2014111,Computational,2,1,,0.5158,0.0,1,sim=0.516>=0.45 + delta=2<=5
Equivalence between NFA with and ϵ- transitions,Minimization of DFA,6.20N-B.E.-AI-DS.-Sem-III-IV.pdf,2014111,Computational,1,1,,0.4193,0.0,1,Adjacent topics: delta=1 + sim=0.419
Special-purpose,Open-source and Proprietary Operating System,6.20N-B.E.-AI-DS.-Sem-III-IV.pdf,2014113,Operating System,1,1,,0.1526,0.0,0,No signal: sim=0.153 delta=1 kw=0.000
Special-purpose,Fundamentals of Distributed Operating System,6.20N-B.E.-AI-DS.-Sem-III-IV.pdf,2014113,Operating System,2,1,,0.1752,0.0,0,No signal: sim=0.175 delta=2 kw=0.000
Special-purpose,Network Operating System,6.20N-B.E.-AI-DS.-Sem-III-IV.pdf,2014113,Operating System,3,1,,0.1191,0.0,0,Low sim=0.119
Special-purpose,Real-Time,6.20N-B.E.-AI-DS.-Sem-III-IV.pdf,2014113,Operating System,4,1,,0.2769,0.0,0,No signal: sim=0.277 delta=4 kw=0.000
Special-purpose,Mobile Operating System,6.20N-B.E.-AI-DS.-Sem-III-IV.pdf,2014113,Operating System,5,1,,0.1539,0.0,0,No signal: sim=0.154 delta=5 kw=0.000
Special-purpose,Special-purpose Operating Systems,6.20N-B.E.-AI-DS.-Sem-III-IV.pdf,2014113,Operating System,6,1,,0.5603,0.5,1,Lexical containment + delta=6
Open-source and Proprietary Operating System,Fundamentals of Distributed Operating System,6.20N-B.E.-AI-DS.-Sem-III-IV.pdf,2014113,Operating System,1,1,,0.5654,0.2222,1,sim=0.565>=0.45 + delta=1<=5
Open-source and Proprietary Operating System,Network Operating System,6.20N-B.E.-AI-DS.-Sem-III-IV.pdf,2014113,Operating System,2,1,,0.5509,0.2857,1,sim=0.551>=0.45 + delta=2<=5
Open-source and Proprietary Operating System,Real-Time,6.20N-B.E.-AI-DS.-Sem-III-IV.pdf,2014113,Operating System,3,1,,0.2827,0.0,0,No signal: sim=0.283 delta=3 kw=0.000
Open-source and Proprietary Operating System,Mobile Operating System,6.20N-B.E.-AI-DS.-Sem-III-IV.pdf,2014113,Operating System,4,1,,0.531,0.2857,1,sim=0.531>=0.45 + delta=4<=5
Open-source and Proprietary Operating System,Special-purpose Operating Systems,6.20N-B.E.-AI-DS.-Sem-III-IV.pdf,2014113,Operating System,5,1,,0.6814,0.1111,1,High sim=0.681 + delta=5
Fundamentals of Distributed Operating System,Network Operating System,6.20N-B.E.-AI-DS.-Sem-III-IV.pdf,2014113,Operating System,1,1,,0.647,0.3333,1,High sim=0.647 + delta=1
Fundamentals of Distributed Operating System,Real-Time,6.20N-B.E.-AI-DS.-Sem-III-IV.pdf,2014113,Operating System,2,1,,0.2594,0.0,1,Foundational kw + sim=0.259 + delta=2
Fundamentals of Distributed Operating System,Mobile Operating System,6.20N-B.E.-AI-DS.-Sem-III-IV.pdf,2014113,Operating System,3,1,,0.5512,0.3333,1,sim=0.551>=0.45 + delta=3<=5
Fundamentals of Distributed Operating System,Special-purpose Operating Systems,6.20N-B.E.-AI-DS.-Sem-III-IV.pdf,2014113,Operating System,4,1,,0.6744,0.125,1,High sim=0.674 + delta=4
Network Operating System,Real-Time,6.20N-B.E.-AI-DS.-Sem-III-IV.pdf,2014113,Operating System,1,1,,0.2475,0.0,1,Adjacent topics: delta=1 + sim=0.248
Network Operating System,Mobile Operating System,6.20N-B.E.-AI-DS.-Sem-III-IV.pdf,2014113,Operating System,2,1,,0.6214,0.5,1,High sim=0.621 + delta=2
Network Operating System,Special-purpose Operating Systems,6.20N-B.E.-AI-DS.-Sem-III-IV.pdf,2014113,Operating System,3,1,,0.6075,0.1667,1,High sim=0.608 + delta=3
Real-Time,Mobile Operating System,6.20N-B.E.-AI-DS.-Sem-III-IV.pdf,2014113,Operating System,1,1,,0.2806,0.0,1,Adjacent topics: delta=1 + sim=0.281
Real-Time,Special-purpose Operating Systems,6.20N-B.E.-AI-DS.-Sem-III-IV.pdf,2014113,Operating System,2,1,,0.3042,0.0,1,Adjacent topics: delta=2 + sim=0.304
Mobile Operating System,Special-purpose Operating Systems,6.20N-B.E.-AI-DS.-Sem-III-IV.pdf,2014113,Operating System,1,1,,0.5923,0.1667,1,sim=0.592>=0.45 + delta=1<=5
Cayley-Hamilton,Linear Algebra (Theory of Matrices) verification and reduction of higher degree polynomials,6.21-N-B.E.-AI-ML-sem-III-IV.pdf,2023111,Mathematics for Computer Engineering,1,1,,0.318,0.0,1,Adjacent topics: delta=1 + sim=0.318
Cayley-Hamilton,Similarity of matrices,6.21-N-B.E.-AI-ML-sem-III-IV.pdf,2023111,Mathematics for Computer Engineering,2,1,,0.2718,0.0,1,Adjacent topics: delta=2 + sim=0.272
Cayley-Hamilton,Quadratic forms,6.21-N-B.E.-AI-ML-sem-III-IV.pdf,2023111,Mathematics for Computer Engineering,3,1,,0.1908,0.0,0,No signal: sim=0.191 delta=3 kw=0.000
Cayley-Hamilton,Linear and Non-Linear Programming Problems,6.21-N-B.E.-AI-ML-sem-III-IV.pdf,2023111,Mathematics for Computer Engineering,4,1,,-0.0703,0.0,0,Low sim=-0.070
Cayley-Hamilton,Types of solutions,6.21-N-B.E.-AI-ML-sem-III-IV.pdf,2023111,Mathematics for Computer Engineering,5,1,,0.0693,0.0,0,Low sim=0.069
Cayley-Hamilton,Standard and Canonical of LPP,6.21-N-B.E.-AI-ML-sem-III-IV.pdf,2023111,Mathematics for Computer Engineering,6,1,,0.1027,0.0,0,Low sim=0.103
Cayley-Hamilton,Basic and Feasible solutions,6.21-N-B.E.-AI-ML-sem-III-IV.pdf,2023111,Mathematics for Computer Engineering,7,1,,0.0012,0.0,0,Low sim=0.001
Cayley-Hamilton,Simplex method,6.21-N-B.E.-AI-ML-sem-III-IV.pdf,2023111,Mathematics for Computer Engineering,8,1,,0.0414,0.0,0,Low sim=0.041
Cayley-Hamilton,Artificial variables,6.21-N-B.E.-AI-ML-sem-III-IV.pdf,2023111,Mathematics for Computer Engineering,9,1,,0.0767,0.0,0,Low sim=0.077
Cayley-Hamilton,Kuhn-Tucker conditions,6.21-N-B.E.-AI-ML-sem-III-IV.pdf,2023111,Mathematics for Computer Engineering,10,1,,0.0109,0.0,0,Low sim=0.011
Cayley-Hamilton,Introduction to Congruence,6.21-N-B.E.-AI-ML-sem-III-IV.pdf,2023111,Mathematics for Computer Engineering,11,1,,0.1471,0.0,0,Low sim=0.147
Cayley-Hamilton,Linear congruence,6.21-N-B.E.-AI-ML-sem-III-IV.pdf,2023111,Mathematics for Computer Engineering,12,1,,0.2145,0.0,0,Far apart: delta=12 + sim=0.214
Cayley-Hamilton,Application of congruence-RSA algorithm,6.21-N-B.E.-AI-ML-sem-III-IV.pdf,2023111,Mathematics for Computer Engineering,13,1,,0.0894,0.0,0,Low sim=0.089
Cayley-Hamilton,Dirichlet’s conditions,6.21-N-B.E.-AI-ML-sem-III-IV.pdf,2023111,Mathematics for Computer Engineering,14,1,,-0.0433,0.0,0,Low sim=-0.043
Linear Algebra (Theory of Matrices) verification and reduction of higher degree polynomials,Similarity of matrices,6.21-N-B.E.-AI-ML-sem-III-IV.pdf,2023111,Mathematics for Computer Engineering,1,1,,0.378,0.1667,1,Foundational kw + sim=0.378 + delta=1
Linear Algebra (Theory of Matrices) verification and reduction of higher degree polynomials,Quadratic forms,6.21-N-B.E.-AI-ML-sem-III-IV.pdf,2023111,Mathematics for Computer Engineering,2,1,,0.3275,0.0,1,Foundational kw + sim=0.327 + delta=2
Linear Algebra (Theory of Matrices) verification and reduction of higher degree polynomials,Linear and Non-Linear Programming Problems,6.21-N-B.E.-AI-ML-sem-III-IV.pdf,2023111,Mathematics for Computer Engineering,3,1,,0.2021,0.1429,0,No signal: sim=0.202 delta=3 kw=0.143
Linear Algebra (Theory of Matrices) verification and reduction of higher degree polynomials,Types of solutions,6.21-N-B.E.-AI-ML-sem-III-IV.pdf,2023111,Mathematics for Computer Engineering,4,1,,0.0988,0.0769,0,Low sim=0.099
Linear Algebra (Theory of Matrices) verification and reduction of higher degree polynomials,Standard and Canonical of LPP,6.21-N-B.E.-AI-ML-sem-III-IV.pdf,2023111,Mathematics for Computer Engineering,5,1,,0.1691,0.1429,0,No signal: sim=0.169 delta=5 kw=0.143
Linear Algebra (Theory of Matrices) verification and reduction of higher degree polynomials,Basic and Feasible solutions,6.21-N-B.E.-AI-ML-sem-III-IV.pdf,2023111,Mathematics for Computer Engineering,6,1,,0.1148,0.0714,0,Low sim=0.115
Linear Algebra (Theory of Matrices) verification and reduction of higher degree polynomials,Simplex method,6.21-N-B.E.-AI-ML-sem-III-IV.pdf,2023111,Mathematics for Computer Engineering,7,1,,0.1524,0.0,0,No signal: sim=0.152 delta=7 kw=0.000
Linear Algebra (Theory of Matrices) verification and reduction of higher degree polynomials,Artificial variables,6.21-N-B.E.-AI-ML-sem-III-IV.pdf,2023111,Mathematics for Computer Engineering,8,1,,0.0919,0.0,0,Low sim=0.092
Linear Algebra (Theory of Matrices) verification and reduction of higher degree polynomials,Kuhn-Tucker conditions,6.21-N-B.E.-AI-ML-sem-III-IV.pdf,2023111,Mathematics for Computer Engineering,9,1,,0.0756,0.0,0,Low sim=0.076
Linear Algebra (Theory of Matrices) verification and reduction of higher degree polynomials,Introduction to Congruence,6.21-N-B.E.-AI-ML-sem-III-IV.pdf,2023111,Mathematics for Computer Engineering,10,1,,0.0743,0.0,0,Low sim=0.074
Linear Algebra (Theory of Matrices) verification and reduction of higher degree polynomials,Linear congruence,6.21-N-B.E.-AI-ML-sem-III-IV.pdf,2023111,Mathematics for Computer Engineering,11,1,,0.2843,0.0833,0,No signal: sim=0.284 delta=11 kw=0.083
Linear Algebra (Theory of Matrices) verification and reduction of higher degree polynomials,Application of congruence-RSA algorithm,6.21-N-B.E.-AI-ML-sem-III-IV.pdf,2023111,Mathematics for Computer Engineering,12,1,,0.1457,0.0667,0,Low sim=0.146
Linear Algebra (Theory of Matrices) verification and reduction of higher degree polynomials,Dirichlet’s conditions,6.21-N-B.E.-AI-ML-sem-III-IV.pdf,2023111,Mathematics for Computer Engineering,13,1,,-0.0551,0.0,0,Low sim=-0.055
Linear Algebra (Theory of Matrices) verification and reduction of higher degree polynomials,Fourier series of periodic,6.21-N-B.E.-AI-ML-sem-III-IV.pdf,2023111,Mathematics for Computer Engineering,14,1,,0.0501,0.0714,0,Low sim=0.050
Similarity of matrices,Quadratic forms,6.21-N-B.E.-AI-ML-sem-III-IV.pdf,2023111,Mathematics for Computer Engineering,1,1,,0.1835,0.0,0,No signal: sim=0.184 delta=1 kw=0.000
Similarity of matrices,Linear and Non-Linear Programming Problems,6.21-N-B.E.-AI-ML-sem-III-IV.pdf,2023111,Mathematics for Computer Engineering,2,1,,0.0555,0.0,0,Low sim=0.056
Similarity of matrices,Types of solutions,6.21-N-B.E.-AI-ML-sem-III-IV.pdf,2023111,Mathematics for Computer Engineering,3,1,,0.0718,0.2,0,Low sim=0.072
Similarity of matrices,Standard and Canonical of LPP,6.21-N-B.E.-AI-ML-sem-III-IV.pdf,2023111,Mathematics for Computer Engineering,4,1,,0.0275,0.1429,0,Low sim=0.027
Similarity of matrices,Basic and Feasible solutions,6.21-N-B.E.-AI-ML-sem-III-IV.pdf,2023111,Mathematics for Computer Engineering,5,1,,0.057,0.0,0,Low sim=0.057
Similarity of matrices,Simplex method,6.21-N-B.E.-AI-ML-sem-III-IV.pdf,2023111,Mathematics for Computer Engineering,6,1,,0.0153,0.0,0,Low sim=0.015
Similarity of matrices,Artificial variables,6.21-N-B.E.-AI-ML-sem-III-IV.pdf,2023111,Mathematics for Computer Engineering,7,1,,-0.0045,0.0,0,Low sim=-0.004
Similarity of matrices,Kuhn-Tucker conditions,6.21-N-B.E.-AI-ML-sem-III-IV.pdf,2023111,Mathematics for Computer Engineering,8,1,,0.0595,0.0,0,Low sim=0.060
Similarity of matrices,Introduction to Congruence,6.21-N-B.E.-AI-ML-sem-III-IV.pdf,2023111,Mathematics for Computer Engineering,9,1,,0.0499,0.0,0,Low sim=0.050
Similarity of matrices,Linear congruence,6.21-N-B.E.-AI-ML-sem-III-IV.pdf,2023111,Mathematics for Computer Engineering,10,1,,0.1671,0.0,0,No signal: sim=0.167 delta=10 kw=0.000
Similarity of matrices,Application of congruence-RSA algorithm,6.21-N-B.E.-AI-ML-sem-III-IV.pdf,2023111,Mathematics for Computer Engineering,11,1,,0.0755,0.1429,0,Low sim=0.075
Similarity of matrices,Dirichlet’s conditions,6.21-N-B.E.-AI-ML-sem-III-IV.pdf,2023111,Mathematics for Computer Engineering,12,1,,-0.0128,0.0,0,Low sim=-0.013
Similarity of matrices,Fourier series of periodic,6.21-N-B.E.-AI-ML-sem-III-IV.pdf,2023111,Mathematics for Computer Engineering,13,1,,0.0009,0.1667,0,Low sim=0.001
Similarity of matrices,Fourier series of even and odd functions,6.21-N-B.E.-AI-ML-sem-III-IV.pdf,2023111,Mathematics for Computer Engineering,14,1,,-0.0637,0.1111,0,Low sim=-0.064
Quadratic forms,Linear and Non-Linear Programming Problems,6.21-N-B.E.-AI-ML-sem-III-IV.pdf,2023111,Mathematics for Computer Engineering,1,1,,0.161,0.0,0,No signal: sim=0.161 delta=1 kw=0.000
Quadratic forms,Types of solutions,6.21-N-B.E.-AI-ML-sem-III-IV.pdf,2023111,Mathematics for Computer Engineering,2,1,,0.2615,0.0,1,Adjacent topics: delta=2 + sim=0.262
Quadratic forms,Standard and Canonical of LPP,6.21-N-B.E.-AI-ML-sem-III-IV.pdf,2023111,Mathematics for Computer Engineering,3,1,,0.1094,0.0,0,Low sim=0.109
Quadratic forms,Basic and Feasible solutions,6.21-N-B.E.-AI-ML-sem-III-IV.pdf,2023111,Mathematics for Computer Engineering,4,1,,0.226,0.0,0,No signal: sim=0.226 delta=4 kw=0.000
Quadratic forms,Simplex method,6.21-N-B.E.-AI-ML-sem-III-IV.pdf,2023111,Mathematics for Computer Engineering,5,1,,0.1793,0.0,0,No signal: sim=0.179 delta=5 kw=0.000
Quadratic forms,Artificial variables,6.21-N-B.E.-AI-ML-sem-III-IV.pdf,2023111,Mathematics for Computer Engineering,6,1,,0.1713,0.0,0,No signal: sim=0.171 delta=6 kw=0.000
Quadratic forms,Kuhn-Tucker conditions,6.21-N-B.E.-AI-ML-sem-III-IV.pdf,2023111,Mathematics for Computer Engineering,7,1,,0.2002,0.0,0,No signal: sim=0.200 delta=7 kw=0.000
Quadratic forms,Introduction to Congruence,6.21-N-B.E.-AI-ML-sem-III-IV.pdf,2023111,Mathematics for Computer Engineering,8,1,,0.2168,0.0,0,No signal: sim=0.217 delta=8 kw=0.000
Quadratic forms,Linear congruence,6.21-N-B.E.-AI-ML-sem-III-IV.pdf,2023111,Mathematics for Computer Engineering,9,1,,0.2821,0.0,0,No signal: sim=0.282 delta=9 kw=0.000
Quadratic forms,Application of congruence-RSA algorithm,6.21-N-B.E.-AI-ML-sem-III-IV.pdf,2023111,Mathematics for Computer Engineering,10,1,,0.1161,0.0,0,Low sim=0.116
Quadratic forms,Dirichlet’s conditions,6.21-N-B.E.-AI-ML-sem-III-IV.pdf,2023111,Mathematics for Computer Engineering,11,1,,0.1331,0.0,0,Low sim=0.133
Quadratic forms,Fourier series of periodic,6.21-N-B.E.-AI-ML-sem-III-IV.pdf,2023111,Mathematics for Computer Engineering,12,1,,0.0328,0.0,0,Low sim=0.033
Quadratic forms,Fourier series of even and odd functions,6.21-N-B.E.-AI-ML-sem-III-IV.pdf,2023111,Mathematics for Computer Engineering,13,1,,0.0468,0.0,0,Low sim=0.047
Quadratic forms,Complex form of Fourier Series,6.21-N-B.E.-AI-ML-sem-III-IV.pdf,2023111,Mathematics for Computer Engineering,14,1,,0.1998,0.0,0,Far apart: delta=14 + sim=0.200
Linear and Non-Linear Programming Problems,Types of solutions,6.21-N-B.E.-AI-ML-sem-III-IV.pdf,2023111,Mathematics for Computer Engineering,1,1,,0.2528,0.0,1,Adjacent topics: delta=1 + sim=0.253
Linear and Non-Linear Programming Problems,Standard and Canonical of LPP,6.21-N-B.E.-AI-ML-sem-III-IV.pdf,2023111,Mathematics for Computer Engineering,2,1,,0.2497,0.1111,1,Adjacent topics: delta=2 + sim=0.250
Linear and Non-Linear Programming Problems,Basic and Feasible solutions,6.21-N-B.E.-AI-ML-sem-III-IV.pdf,2023111,Mathematics for Computer Engineering,3,1,,0.575,0.125,1,sim=0.575>=0.45 + delta=3<=5
Linear and Non-Linear Programming Problems,Simplex method,6.21-N-B.E.-AI-ML-sem-III-IV.pdf,2023111,Mathematics for Computer Engineering,4,1,,0.2234,0.0,0,No signal: sim=0.223 delta=4 kw=0.000
Linear and Non-Linear Programming Problems,Artificial variables,6.21-N-B.E.-AI-ML-sem-III-IV.pdf,2023111,Mathematics for Computer Engineering,5,1,,0.3948,0.0,0,No signal: sim=0.395 delta=5 kw=0.000
Linear and Non-Linear Programming Problems,Kuhn-Tucker conditions,6.21-N-B.E.-AI-ML-sem-III-IV.pdf,2023111,Mathematics for Computer Engineering,6,1,,0.2473,0.0,0,No signal: sim=0.247 delta=6 kw=0.000
Linear and Non-Linear Programming Problems,Introduction to Congruence,6.21-N-B.E.-AI-ML-sem-III-IV.pdf,2023111,Mathematics for Computer Engineering,7,1,,-0.0405,0.0,0,Low sim=-0.041
Linear and Non-Linear Programming Problems,Linear congruence,6.21-N-B.E.-AI-ML-sem-III-IV.pdf,2023111,Mathematics for Computer Engineering,8,1,,0.1338,0.1667,0,Low sim=0.134
Linear and Non-Linear Programming Problems,Application of congruence-RSA algorithm,6.21-N-B.E.-AI-ML-sem-III-IV.pdf,2023111,Mathematics for Computer Engineering,9,1,,0.0412,0.0,0,Low sim=0.041
Linear and Non-Linear Programming Problems,Dirichlet’s conditions,6.21-N-B.E.-AI-ML-sem-III-IV.pdf,2023111,Mathematics for Computer Engineering,10,1,,0.0428,0.0,0,Low sim=0.043
Linear and Non-Linear Programming Problems,Fourier series of periodic,6.21-N-B.E.-AI-ML-sem-III-IV.pdf,2023111,Mathematics for Computer Engineering,11,1,,-0.127,0.0,0,Low sim=-0.127
Linear and Non-Linear Programming Problems,Fourier series of even and odd functions,6.21-N-B.E.-AI-ML-sem-III-IV.pdf,2023111,Mathematics for Computer Engineering,12,1,,-0.0229,0.0909,0,Low sim=-0.023
Linear and Non-Linear Programming Problems,Complex form of Fourier Series,6.21-N-B.E.-AI-ML-sem-III-IV.pdf,2023111,Mathematics for Computer Engineering,13,1,,-0.13,0.0,0,Low sim=-0.130
Linear and Non-Linear Programming Problems,Lines of regression,6.21-N-B.E.-AI-ML-sem-III-IV.pdf,2023111,Mathematics for Computer Engineering,14,1,,0.2796,0.0,0,Far apart: delta=14 + sim=0.280
Types of solutions,Standard and Canonical of LPP,6.21-N-B.E.-AI-ML-sem-III-IV.pdf,2023111,Mathematics for Computer Engineering,1,1,,0.1217,0.1429,0,Low sim=0.122
Types of solutions,Basic and Feasible solutions,6.21-N-B.E.-AI-ML-sem-III-IV.pdf,2023111,Mathematics for Computer Engineering,2,1,,0.479,0.1667,1,sim=0.479>=0.45 + delta=2<=5
Types of solutions,Simplex method,6.21-N-B.E.-AI-ML-sem-III-IV.pdf,2023111,Mathematics for Computer Engineering,3,1,,0.1297,0.0,0,Low sim=0.130
Types of solutions,Artificial variables,6.21-N-B.E.-AI-ML-sem-III-IV.pdf,2023111,Mathematics for Computer Engineering,4,1,,0.2761,0.0,1,Foundational kw + sim=0.276 + delta=4
Types of solutions,Kuhn-Tucker conditions,6.21-N-B.E.-AI-ML-sem-III-IV.pdf,2023111,Mathematics for Computer Engineering,5,1,,0.1889,0.0,0,No signal: sim=0.189 delta=5 kw=0.000
Types of solutions,Introduction to Congruence,6.21-N-B.E.-AI-ML-sem-III-IV.pdf,2023111,Mathematics for Computer Engineering,6,1,,0.0776,0.0,0,Low sim=0.078
Types of solutions,Linear congruence,6.21-N-B.E.-AI-ML-sem-III-IV.pdf,2023111,Mathematics for Computer Engineering,7,1,,0.1037,0.0,0,Low sim=0.104
Types of solutions,Application of congruence-RSA algorithm,6.21-N-B.E.-AI-ML-sem-III-IV.pdf,2023111,Mathematics for Computer Engineering,8,1,,0.0485,0.1429,0,Low sim=0.049
Types of solutions,Dirichlet’s conditions,6.21-N-B.E.-AI-ML-sem-III-IV.pdf,2023111,Mathematics for Computer Engineering,9,1,,0.1982,0.0,0,No signal: sim=0.198 delta=9 kw=0.000
Types of solutions,Fourier series of periodic,6.21-N-B.E.-AI-ML-sem-III-IV.pdf,2023111,Mathematics for Computer Engineering,10,1,,0.0109,0.1667,0,Low sim=0.011
Types of solutions,Fourier series of even and odd functions,6.21-N-B.E.-AI-ML-sem-III-IV.pdf,2023111,Mathematics for Computer Engineering,11,1,,0.0343,0.1111,0,Low sim=0.034
Types of solutions,Complex form of Fourier Series,6.21-N-B.E.-AI-ML-sem-III-IV.pdf,2023111,Mathematics for Computer Engineering,12,1,,0.0521,0.1429,0,Low sim=0.052
Types of solutions,Lines of regression,6.21-N-B.E.-AI-ML-sem-III-IV.pdf,2023111,Mathematics for Computer Engineering,13,1,,0.1037,0.2,0,Low sim=0.104
Types of solutions,Moment generating function,6.21-N-B.E.-AI-ML-sem-III-IV.pdf,2023111,Mathematics for Computer Engineering,14,1,,0.0109,0.0,0,Low sim=0.011
Standard and Canonical of LPP,Basic and Feasible solutions,6.21-N-B.E.-AI-ML-sem-III-IV.pdf,2023111,Mathematics for Computer Engineering,1,1,,0.224,0.125,1,Adjacent topics: delta=1 + sim=0.224
Standard and Canonical of LPP,Simplex method,6.21-N-B.E.-AI-ML-sem-III-IV.pdf,2023111,Mathematics for Computer Engineering,2,1,,0.1656,0.0,0,No signal: sim=0.166 delta=2 kw=0.000
Standard and Canonical of LPP,Artificial variables,6.21-N-B.E.-AI-ML-sem-III-IV.pdf,2023111,Mathematics for Computer Engineering,3,1,,0.1601,0.0,0,No signal: sim=0.160 delta=3 kw=0.000
Standard and Canonical of LPP,Kuhn-Tucker conditions,6.21-N-B.E.-AI-ML-sem-III-IV.pdf,2023111,Mathematics for Computer Engineering,4,1,,0.0818,0.0,0,Low sim=0.082
Standard and Canonical of LPP,Introduction to Congruence,6.21-N-B.E.-AI-ML-sem-III-IV.pdf,2023111,Mathematics for Computer Engineering,5,1,,0.0827,0.0,0,Low sim=0.083
Standard and Canonical of LPP,Linear congruence,6.21-N-B.E.-AI-ML-sem-III-IV.pdf,2023111,Mathematics for Computer Engineering,6,1,,0.1686,0.0,0,No signal: sim=0.169 delta=6 kw=0.000
Standard and Canonical of LPP,Application of congruence-RSA algorithm,6.21-N-B.E.-AI-ML-sem-III-IV.pdf,2023111,Mathematics for Computer Engineering,7,1,,0.0824,0.1111,0,Low sim=0.082
Standard and Canonical of LPP,Dirichlet’s conditions,6.21-N-B.E.-AI-ML-sem-III-IV.pdf,2023111,Mathematics for Computer Engineering,8,1,,0.0865,0.0,0,Low sim=0.086
Standard and Canonical of LPP,Fourier series of periodic,6.21-N-B.E.-AI-ML-sem-III-IV.pdf,2023111,Mathematics for Computer Engineering,9,1,,-0.0222,0.125,0,Low sim=-0.022
Standard and Canonical of LPP,Fourier series of even and odd functions,6.21-N-B.E.-AI-ML-sem-III-IV.pdf,2023111,Mathematics for Computer Engineering,10,1,,0.0379,0.2,0,Low sim=0.038
Standard and Canonical of LPP,Complex form of Fourier Series,6.21-N-B.E.-AI-ML-sem-III-IV.pdf,2023111,Mathematics for Computer Engineering,11,1,,0.0169,0.1111,0,Low sim=0.017
Standard and Canonical of LPP,Lines of regression,6.21-N-B.E.-AI-ML-sem-III-IV.pdf,2023111,Mathematics for Computer Engineering,12,1,,0.1162,0.1429,0,Low sim=0.116
Standard and Canonical of LPP,Moment generating function,6.21-N-B.E.-AI-ML-sem-III-IV.pdf,2023111,Mathematics for Computer Engineering,13,1,,0.0601,0.0,0,Low sim=0.060
Standard and Canonical of LPP,Raw moments,6.21-N-B.E.-AI-ML-sem-III-IV.pdf,2023111,Mathematics for Computer Engineering,14,1,,0.0491,0.0,0,Low sim=0.049
Basic and Feasible solutions,Simplex method,6.21-N-B.E.-AI-ML-sem-III-IV.pdf,2023111,Mathematics for Computer Engineering,1,1,,0.33,0.0,1,Foundational kw + sim=0.330 + delta=1
Basic and Feasible solutions,Artificial variables,6.21-N-B.E.-AI-ML-sem-III-IV.pdf,2023111,Mathematics for Computer Engineering,2,1,,0.4269,0.0,1,Foundational kw + sim=0.427 + delta=2
Basic and Feasible solutions,Kuhn-Tucker conditions,6.21-N-B.E.-AI-ML-sem-III-IV.pdf,2023111,Mathematics for Computer Engineering,3,1,,0.2568,0.0,1,Foundational kw + sim=0.257 + delta=3
Basic and Feasible solutions,Introduction to Congruence,6.21-N-B.E.-AI-ML-sem-III-IV.pdf,2023111,Mathematics for Computer Engineering,4,1,,0.1335,0.0,0,Low sim=0.133
Basic and Feasible solutions,Linear congruence,6.21-N-B.E.-AI-ML-sem-III-IV.pdf,2023111,Mathematics for Computer Engineering,5,1,,0.1608,0.0,0,No signal: sim=0.161 delta=5 kw=0.000
Basic and Feasible solutions,Application of congruence-RSA algorithm,6.21-N-B.E.-AI-ML-sem-III-IV.pdf,2023111,Mathematics for Computer Engineering,6,1,,0.1536,0.0,0,No signal: sim=0.154 delta=6 kw=0.000
Basic and Feasible solutions,Dirichlet’s conditions,6.21-N-B.E.-AI-ML-sem-III-IV.pdf,2023111,Mathematics for Computer Engineering,7,1,,0.143,0.0,0,Low sim=0.143
Basic and Feasible solutions,Fourier series of periodic,6.21-N-B.E.-AI-ML-sem-III-IV.pdf,2023111,Mathematics for Computer Engineering,8,1,,-0.0731,0.0,0,Low sim=-0.073
Basic and Feasible solutions,Fourier series of even and odd functions,6.21-N-B.E.-AI-ML-sem-III-IV.pdf,2023111,Mathematics for Computer Engineering,9,1,,-0.0582,0.1,0,Low sim=-0.058
Basic and Feasible solutions,Complex form of Fourier Series,6.21-N-B.E.-AI-ML-sem-III-IV.pdf,2023111,Mathematics for Computer Engineering,10,1,,-0.0442,0.0,0,Low sim=-0.044
Basic and Feasible solutions,Lines of regression,6.21-N-B.E.-AI-ML-sem-III-IV.pdf,2023111,Mathematics for Computer Engineering,11,1,,0.1566,0.0,0,No signal: sim=0.157 delta=11 kw=0.000
Basic and Feasible solutions,Moment generating function,6.21-N-B.E.-AI-ML-sem-III-IV.pdf,2023111,Mathematics for Computer Engineering,12,1,,0.0337,0.0,0,Low sim=0.034
Basic and Feasible solutions,Raw moments,6.21-N-B.E.-AI-ML-sem-III-IV.pdf,2023111,Mathematics for Computer Engineering,13,1,,0.0636,0.0,0,Low sim=0.064
Simplex method,Artificial variables,6.21-N-B.E.-AI-ML-sem-III-IV.pdf,2023111,Mathematics for Computer Engineering,1,1,,0.267,0.0,1,Adjacent topics: delta=1 + sim=0.267
Simplex method,Kuhn-Tucker conditions,6.21-N-B.E.-AI-ML-sem-III-IV.pdf,2023111,Mathematics for Computer Engineering,2,1,,0.0561,0.0,0,Low sim=0.056
Simplex method,Introduction to Congruence,6.21-N-B.E.-AI-ML-sem-III-IV.pdf,2023111,Mathematics for Computer Engineering,3,1,,0.0279,0.0,0,Low sim=0.028
Simplex method,Linear congruence,6.21-N-B.E.-AI-ML-sem-III-IV.pdf,2023111,Mathematics for Computer Engineering,4,1,,0.1412,0.0,0,Low sim=0.141
Simplex method,Application of congruence-RSA algorithm,6.21-N-B.E.-AI-ML-sem-III-IV.pdf,2023111,Mathematics for Computer Engineering,5,1,,0.155,0.0,0,No signal: sim=0.155 delta=5 kw=0.000
Simplex method,Dirichlet’s conditions,6.21-N-B.E.-AI-ML-sem-III-IV.pdf,2023111,Mathematics for Computer Engineering,6,1,,-0.0792,0.0,0,Low sim=-0.079
Simplex method,Fourier series of periodic,6.21-N-B.E.-AI-ML-sem-III-IV.pdf,2023111,Mathematics for Computer Engineering,7,1,,0.0877,0.0,0,Low sim=0.088
Simplex method,Fourier series of even and odd functions,6.21-N-B.E.-AI-ML-sem-III-IV.pdf,2023111,Mathematics for Computer Engineering,8,1,,0.1592,0.0,0,No signal: sim=0.159 delta=8 kw=0.000
Simplex method,Complex form of Fourier Series,6.21-N-B.E.-AI-ML-sem-III-IV.pdf,2023111,Mathematics for Computer Engineering,9,1,,0.0717,0.0,0,Low sim=0.072
Simplex method,Lines of regression,6.21-N-B.E.-AI-ML-sem-III-IV.pdf,2023111,Mathematics for Computer Engineering,10,1,,0.1042,0.0,0,Low sim=0.104
Simplex method,Moment generating function,6.21-N-B.E.-AI-ML-sem-III-IV.pdf,2023111,Mathematics for Computer Engineering,11,1,,0.096,0.0,0,Low sim=0.096
Simplex method,Raw moments,6.21-N-B.E.-AI-ML-sem-III-IV.pdf,2023111,Mathematics for Computer Engineering,12,1,,0.0617,0.0,0,Low sim=0.062
Artificial variables,Kuhn-Tucker conditions,6.21-N-B.E.-AI-ML-sem-III-IV.pdf,2023111,Mathematics for Computer Engineering,1,1,,0.208,0.0,1,Adjacent topics: delta=1 + sim=0.208
Artificial variables,Introduction to Congruence,6.21-N-B.E.-AI-ML-sem-III-IV.pdf,2023111,Mathematics for Computer Engineering,2,1,,0.0703,0.0,0,Low sim=0.070
Artificial variables,Linear congruence,6.21-N-B.E.-AI-ML-sem-III-IV.pdf,2023111,Mathematics for Computer Engineering,3,1,,0.0242,0.0,0,Low sim=0.024
Artificial variables,Application of congruence-RSA algorithm,6.21-N-B.E.-AI-ML-sem-III-IV.pdf,2023111,Mathematics for Computer Engineering,4,1,,0.1005,0.0,0,Low sim=0.101
Artificial variables,Dirichlet’s conditions,6.21-N-B.E.-AI-ML-sem-III-IV.pdf,2023111,Mathematics for Computer Engineering,5,1,,0.0852,0.0,0,Low sim=0.085
Artificial variables,Fourier series of periodic,6.21-N-B.E.-AI-ML-sem-III-IV.pdf,2023111,Mathematics for Computer Engineering,6,1,,-0.0556,0.0,0,Low sim=-0.056
Artificial variables,Fourier series of even and odd functions,6.21-N-B.E.-AI-ML-sem-III-IV.pdf,2023111,Mathematics for Computer Engineering,7,1,,-0.0434,0.0,0,Low sim=-0.043
Artificial variables,Complex form of Fourier Series,6.21-N-B.E.-AI-ML-sem-III-IV.pdf,2023111,Mathematics for Computer Engineering,8,1,,0.0469,0.0,0,Low sim=0.047
Artificial variables,Lines of regression,6.21-N-B.E.-AI-ML-sem-III-IV.pdf,2023111,Mathematics for Computer Engineering,9,1,,0.3424,0.0,0,No signal: sim=0.342 delta=9 kw=0.000
Artificial variables,Moment generating function,6.21-N-B.E.-AI-ML-sem-III-IV.pdf,2023111,Mathematics for Computer Engineering,10,1,,0.1467,0.0,0,Low sim=0.147
Artificial variables,Raw moments,6.21-N-B.E.-AI-ML-sem-III-IV.pdf,2023111,Mathematics for Computer Engineering,11,1,,0.121,0.0,0,Low sim=0.121
Kuhn-Tucker conditions,Introduction to Congruence,6.21-N-B.E.-AI-ML-sem-III-IV.pdf,2023111,Mathematics for Computer Engineering,1,1,,0.0039,0.0,0,Low sim=0.004
Kuhn-Tucker conditions,Linear congruence,6.21-N-B.E.-AI-ML-sem-III-IV.pdf,2023111,Mathematics for Computer Engineering,2,1,,-0.0388,0.0,0,Low sim=-0.039
Kuhn-Tucker conditions,Application of congruence-RSA algorithm,6.21-N-B.E.-AI-ML-sem-III-IV.pdf,2023111,Mathematics for Computer Engineering,3,1,,-0.0484,0.0,0,Low sim=-0.048
Kuhn-Tucker conditions,Dirichlet’s conditions,6.21-N-B.E.-AI-ML-sem-III-IV.pdf,2023111,Mathematics for Computer Engineering,4,1,,0.4166,0.2,0,No signal: sim=0.417 delta=4 kw=0.200
Kuhn-Tucker conditions,Fourier series of periodic,6.21-N-B.E.-AI-ML-sem-III-IV.pdf,2023111,Mathematics for Computer Engineering,5,1,,-0.0291,0.0,0,Low sim=-0.029
Kuhn-Tucker conditions,Fourier series of even and odd functions,6.21-N-B.E.-AI-ML-sem-III-IV.pdf,2023111,Mathematics for Computer Engineering,6,1,,0.0022,0.0,0,Low sim=0.002
Kuhn-Tucker conditions,Complex form of Fourier Series,6.21-N-B.E.-AI-ML-sem-III-IV.pdf,2023111,Mathematics for Computer Engineering,7,1,,0.057,0.0,0,Low sim=0.057
Kuhn-Tucker conditions,Lines of regression,6.21-N-B.E.-AI-ML-sem-III-IV.pdf,2023111,Mathematics for Computer Engineering,8,1,,0.0916,0.0,0,Low sim=0.092
Kuhn-Tucker conditions,Moment generating function,6.21-N-B.E.-AI-ML-sem-III-IV.pdf,2023111,Mathematics for Computer Engineering,9,1,,0.0264,0.0,0,Low sim=0.026
Kuhn-Tucker conditions,Raw moments,6.21-N-B.E.-AI-ML-sem-III-IV.pdf,2023111,Mathematics for Computer Engineering,10,1,,0.1,0.0,0,Low sim=0.100
Introduction to Congruence,Linear congruence,6.21-N-B.E.-AI-ML-sem-III-IV.pdf,2023111,Mathematics for Computer Engineering,1,1,,0.6781,0.25,1,High sim=0.678 + delta=1
Introduction to Congruence,Application of congruence-RSA algorithm,6.21-N-B.E.-AI-ML-sem-III-IV.pdf,2023111,Mathematics for Computer Engineering,2,1,,0.6881,0.1429,1,High sim=0.688 + delta=2
Introduction to Congruence,Dirichlet’s conditions,6.21-N-B.E.-AI-ML-sem-III-IV.pdf,2023111,Mathematics for Computer Engineering,3,1,,0.1547,0.0,0,No signal: sim=0.155 delta=3 kw=0.000
Introduction to Congruence,Fourier series of periodic,6.21-N-B.E.-AI-ML-sem-III-IV.pdf,2023111,Mathematics for Computer Engineering,4,1,,0.1555,0.0,0,No signal: sim=0.155 delta=4 kw=0.000
Introduction to Congruence,Fourier series of even and odd functions,6.21-N-B.E.-AI-ML-sem-III-IV.pdf,2023111,Mathematics for Computer Engineering,5,1,,0.0929,0.0,0,Low sim=0.093
Introduction to Congruence,Complex form of Fourier Series,6.21-N-B.E.-AI-ML-sem-III-IV.pdf,2023111,Mathematics for Computer Engineering,6,1,,0.0916,0.0,0,Low sim=0.092
Introduction to Congruence,Lines of regression,6.21-N-B.E.-AI-ML-sem-III-IV.pdf,2023111,Mathematics for Computer Engineering,7,1,,0.0511,0.0,0,Low sim=0.051
Introduction to Congruence,Moment generating function,6.21-N-B.E.-AI-ML-sem-III-IV.pdf,2023111,Mathematics for Computer Engineering,8,1,,0.0546,0.0,0,Low sim=0.055
Introduction to Congruence,Raw moments,6.21-N-B.E.-AI-ML-sem-III-IV.pdf,2023111,Mathematics for Computer Engineering,9,1,,0.0832,0.0,0,Low sim=0.083
Linear congruence,Application of congruence-RSA algorithm,6.21-N-B.E.-AI-ML-sem-III-IV.pdf,2023111,Mathematics for Computer Engineering,1,1,,0.5786,0.1667,1,sim=0.579>=0.45 + delta=1<=5
Linear congruence,Dirichlet’s conditions,6.21-N-B.E.-AI-ML-sem-III-IV.pdf,2023111,Mathematics for Computer Engineering,2,1,,0.027,0.0,0,Low sim=0.027
Linear congruence,Fourier series of periodic,6.21-N-B.E.-AI-ML-sem-III-IV.pdf,2023111,Mathematics for Computer Engineering,3,1,,0.1968,0.0,0,No signal: sim=0.197 delta=3 kw=0.000
Linear congruence,Fourier series of even and odd functions,6.21-N-B.E.-AI-ML-sem-III-IV.pdf,2023111,Mathematics for Computer Engineering,4,1,,0.0794,0.0,0,Low sim=0.079
Linear congruence,Complex form of Fourier Series,6.21-N-B.E.-AI-ML-sem-III-IV.pdf,2023111,Mathematics for Computer Engineering,5,1,,0.0738,0.0,0,Low sim=0.074
Linear congruence,Lines of regression,6.21-N-B.E.-AI-ML-sem-III-IV.pdf,2023111,Mathematics for Computer Engineering,6,1,,0.129,0.0,0,Low sim=0.129
Linear congruence,Moment generating function,6.21-N-B.E.-AI-ML-sem-III-IV.pdf,2023111,Mathematics for Computer Engineering,7,1,,0.0302,0.0,0,Low sim=0.030
Linear congruence,Raw moments,6.21-N-B.E.-AI-ML-sem-III-IV.pdf,2023111,Mathematics for Computer Engineering,8,1,,-0.0164,0.0,0,Low sim=-0.016
Application of congruence-RSA algorithm,Dirichlet’s conditions,6.21-N-B.E.-AI-ML-sem-III-IV.pdf,2023111,Mathematics for Computer Engineering,1,1,,0.0264,0.0,0,Low sim=0.026
Application of congruence-RSA algorithm,Fourier series of periodic,6.21-N-B.E.-AI-ML-sem-III-IV.pdf,2023111,Mathematics for Computer Engineering,2,1,,0.1624,0.125,0,No signal: sim=0.162 delta=2 kw=0.125
Application of congruence-RSA algorithm,Fourier series of even and odd functions,6.21-N-B.E.-AI-ML-sem-III-IV.pdf,2023111,Mathematics for Computer Engineering,3,1,,0.0774,0.0909,0,Low sim=0.077
Application of congruence-RSA algorithm,Complex form of Fourier Series,6.21-N-B.E.-AI-ML-sem-III-IV.pdf,2023111,Mathematics for Computer Engineering,4,1,,0.1121,0.1111,0,Low sim=0.112
Application of congruence-RSA algorithm,Lines of regression,6.21-N-B.E.-AI-ML-sem-III-IV.pdf,2023111,Mathematics for Computer Engineering,5,1,,0.0278,0.1429,0,Low sim=0.028
Application of congruence-RSA algorithm,Moment generating function,6.21-N-B.E.-AI-ML-sem-III-IV.pdf,2023111,Mathematics for Computer Engineering,6,1,,0.1798,0.0,0,No signal: sim=0.180 delta=6 kw=0.000
Application of congruence-RSA algorithm,Raw moments,6.21-N-B.E.-AI-ML-sem-III-IV.pdf,2023111,Mathematics for Computer Engineering,7,1,,0.0321,0.0,0,Low sim=0.032
Dirichlet’s conditions,Fourier series of periodic,6.21-N-B.E.-AI-ML-sem-III-IV.pdf,2023111,Mathematics for Computer Engineering,1,1,,0.1715,0.0,0,No signal: sim=0.171 delta=1 kw=0.000
Dirichlet’s conditions,Fourier series of even and odd functions,6.21-N-B.E.-AI-ML-sem-III-IV.pdf,2023111,Mathematics for Computer Engineering,2,1,,0.1507,0.0,0,No signal: sim=0.151 delta=2 kw=0.000
Dirichlet’s conditions,Complex form of Fourier Series,6.21-N-B.E.-AI-ML-sem-III-IV.pdf,2023111,Mathematics for Computer Engineering,3,1,,0.1255,0.0,0,Low sim=0.125
Dirichlet’s conditions,Lines of regression,6.21-N-B.E.-AI-ML-sem-III-IV.pdf,2023111,Mathematics for Computer Engineering,4,1,,0.0011,0.0,0,Low sim=0.001
Dirichlet’s conditions,Moment generating function,6.21-N-B.E.-AI-ML-sem-III-IV.pdf,2023111,Mathematics for Computer Engineering,5,1,,-0.0091,0.0,0,Low sim=-0.009
Dirichlet’s conditions,Raw moments,6.21-N-B.E.-AI-ML-sem-III-IV.pdf,2023111,Mathematics for Computer Engineering,6,1,,0.1015,0.0,0,Low sim=0.101
Fourier series of periodic,Fourier series of even and odd functions,6.21-N-B.E.-AI-ML-sem-III-IV.pdf,2023111,Mathematics for Computer Engineering,1,1,,0.7024,0.375,1,High sim=0.702 + delta=1
Fourier series of periodic,Complex form of Fourier Series,6.21-N-B.E.-AI-ML-sem-III-IV.pdf,2023111,Mathematics for Computer Engineering,2,1,,0.7343,0.5,1,High sim=0.734 + delta=2
Fourier series of periodic,Lines of regression,6.21-N-B.E.-AI-ML-sem-III-IV.pdf,2023111,Mathematics for Computer Engineering,3,1,,-0.0031,0.1667,0,Low sim=-0.003
Fourier series of periodic,Moment generating function,6.21-N-B.E.-AI-ML-sem-III-IV.pdf,2023111,Mathematics for Computer Engineering,4,1,,0.1743,0.0,0,No signal: sim=0.174 delta=4 kw=0.000
Fourier series of periodic,Raw moments,6.21-N-B.E.-AI-ML-sem-III-IV.pdf,2023111,Mathematics for Computer Engineering,5,1,,-0.0189,0.0,0,Low sim=-0.019
Fourier series of even and odd functions,Complex form of Fourier Series,6.21-N-B.E.-AI-ML-sem-III-IV.pdf,2023111,Mathematics for Computer Engineering,1,1,,0.6314,0.3333,1,High sim=0.631 + delta=1
Fourier series of even and odd functions,Lines of regression,6.21-N-B.E.-AI-ML-sem-III-IV.pdf,2023111,Mathematics for Computer Engineering,2,1,,-0.005,0.1111,0,Low sim=-0.005
Fourier series of even and odd functions,Moment generating function,6.21-N-B.E.-AI-ML-sem-III-IV.pdf,2023111,Mathematics for Computer Engineering,3,1,,0.1755,0.0,0,No signal: sim=0.176 delta=3 kw=0.000
Fourier series of even and odd functions,Raw moments,6.21-N-B.E.-AI-ML-sem-III-IV.pdf,2023111,Mathematics for Computer Engineering,4,1,,0.0454,0.0,0,Low sim=0.045
Complex form of Fourier Series,Lines of regression,6.21-N-B.E.-AI-ML-sem-III-IV.pdf,2023111,Mathematics for Computer Engineering,1,1,,0.0088,0.1429,0,Low sim=0.009
Complex form of Fourier Series,Moment generating function,6.21-N-B.E.-AI-ML-sem-III-IV.pdf,2023111,Mathematics for Computer Engineering,2,1,,0.2589,0.0,1,Adjacent topics: delta=2 + sim=0.259
Complex form of Fourier Series,Raw moments,6.21-N-B.E.-AI-ML-sem-III-IV.pdf,2023111,Mathematics for Computer Engineering,3,1,,0.0211,0.0,0,Low sim=0.021
Lines of regression,Moment generating function,6.21-N-B.E.-AI-ML-sem-III-IV.pdf,2023111,Mathematics for Computer Engineering,1,1,,0.0172,0.0,0,Low sim=0.017
Lines of regression,Raw moments,6.21-N-B.E.-AI-ML-sem-III-IV.pdf,2023111,Mathematics for Computer Engineering,2,1,,0.0828,0.0,0,Low sim=0.083
Moment generating function,Raw moments,6.21-N-B.E.-AI-ML-sem-III-IV.pdf,2023111,Mathematics for Computer Engineering,1,1,,0.4099,0.0,1,Adjacent topics: delta=1 + sim=0.410
Propositional and Predicate Logic,Determining risk,6.21-N-B.E.-AI-ML-sem-III-IV.pdf,2023112,Discrete Structures and Graph,1,1,,0.0908,0.0,0,Low sim=0.091
Propositional and Predicate Logic,Taxes and tax brackets,6.21-N-B.E.-AI-ML-sem-III-IV.pdf,2023112,Discrete Structures and Graph,2,1,,0.1498,0.1429,0,Low sim=0.150
Propositional and Predicate Logic,Vending machines,6.21-N-B.E.-AI-ML-sem-III-IV.pdf,2023112,Discrete Structures and Graph,3,1,,0.1332,0.0,0,Low sim=0.133
Propositional and Predicate Logic,"Counting Pigeonhole Principle, Inclusion-Exclusion Principle. Recurrence relations, Solving recurrence relations",6.21-N-B.E.-AI-ML-sem-III-IV.pdf,2023112,Discrete Structures and Graph,4,1,,0.0888,0.0,0,Low sim=0.089
Determining risk,Taxes and tax brackets,6.21-N-B.E.-AI-ML-sem-III-IV.pdf,2023112,Discrete Structures and Graph,1,1,,0.0822,0.0,0,Low sim=0.082
Determining risk,Vending machines,6.21-N-B.E.-AI-ML-sem-III-IV.pdf,2023112,Discrete Structures and Graph,2,1,,0.0863,0.0,0,Low sim=0.086
Determining risk,"Counting Pigeonhole Principle, Inclusion-Exclusion Principle. Recurrence relations, Solving recurrence relations",6.21-N-B.E.-AI-ML-sem-III-IV.pdf,2023112,Discrete Structures and Graph,3,1,,-0.0421,0.0,0,Low sim=-0.042
Taxes and tax brackets,Vending machines,6.21-N-B.E.-AI-ML-sem-III-IV.pdf,2023112,Discrete Structures and Graph,1,1,,0.0465,0.0,0,Low sim=0.047
Taxes and tax brackets,"Counting Pigeonhole Principle, Inclusion-Exclusion Principle. Recurrence relations, Solving recurrence relations",6.21-N-B.E.-AI-ML-sem-III-IV.pdf,2023112,Discrete Structures and Graph,2,1,,0.115,0.0,0,Low sim=0.115
Vending machines,"Counting Pigeonhole Principle, Inclusion-Exclusion Principle. Recurrence relations, Solving recurrence relations",6.21-N-B.E.-AI-ML-sem-III-IV.pdf,2023112,Discrete Structures and Graph,1,1,,0.2789,0.0,1,Adjacent topics: delta=1 + sim=0.279
RE in text search and replace,Application of Regular,6.21-N-B.E.-AI-ML-sem-III-IV.pdf,2024111,Computational,1,1,,0.1369,0.0,0,Low sim=0.137
RE in text search and replace,Languages in Compiler Design,6.21-N-B.E.-AI-ML-sem-III-IV.pdf,2024111,Computational,2,1,,0.0087,0.1111,0,Low sim=0.009
RE in text search and replace,Nondeterministic Finite Automata (NFA): Definitions,6.21-N-B.E.-AI-ML-sem-III-IV.pdf,2024111,Computational,3,1,,0.0547,0.0,0,Low sim=0.055
RE in text search and replace,Equivalence between NFA with and ϵ- transitions,6.21-N-B.E.-AI-ML-sem-III-IV.pdf,2024111,Computational,4,1,,0.0344,0.0833,0,Low sim=0.034
RE in text search and replace,Minimization of DFA,6.21-N-B.E.-AI-ML-sem-III-IV.pdf,2024111,Computational,5,1,,0.056,0.0,0,Low sim=0.056
Application of Regular,Languages in Compiler Design,6.21-N-B.E.-AI-ML-sem-III-IV.pdf,2024111,Computational,1,1,,0.127,0.0,0,Low sim=0.127
Application of Regular,Nondeterministic Finite Automata (NFA): Definitions,6.21-N-B.E.-AI-ML-sem-III-IV.pdf,2024111,Computational,2,1,,0.2048,0.0,1,Adjacent topics: delta=2 + sim=0.205
Application of Regular,Equivalence between NFA with and ϵ- transitions,6.21-N-B.E.-AI-ML-sem-III-IV.pdf,2024111,Computational,3,1,,0.1411,0.0,0,Low sim=0.141
Application of Regular,Minimization of DFA,6.21-N-B.E.-AI-ML-sem-III-IV.pdf,2024111,Computational,4,1,,0.289,0.2,0,No signal: sim=0.289 delta=4 kw=0.200
Languages in Compiler Design,Nondeterministic Finite Automata (NFA): Definitions,6.21-N-B.E.-AI-ML-sem-III-IV.pdf,2024111,Computational,1,1,,0.2147,0.0,1,Adjacent topics: delta=1 + sim=0.215
Languages in Compiler Design,Equivalence between NFA with and ϵ- transitions,6.21-N-B.E.-AI-ML-sem-III-IV.pdf,2024111,Computational,2,1,,0.1073,0.0,0,Low sim=0.107
Languages in Compiler Design,Minimization of DFA,6.21-N-B.E.-AI-ML-sem-III-IV.pdf,2024111,Computational,3,1,,0.146,0.0,0,Low sim=0.146
Nondeterministic Finite Automata (NFA): Definitions,Equivalence between NFA with and ϵ- transitions,6.21-N-B.E.-AI-ML-sem-III-IV.pdf,2024111,Computational,1,1,,0.5904,0.0909,1,sim=0.590>=0.45 + delta=1<=5
Nondeterministic Finite Automata (NFA): Definitions,Minimization of DFA,6.21-N-B.E.-AI-ML-sem-III-IV.pdf,2024111,Computational,2,1,,0.5158,0.0,1,sim=0.516>=0.45 + delta=2<=5
Equivalence between NFA with and ϵ- transitions,Minimization of DFA,6.21-N-B.E.-AI-ML-sem-III-IV.pdf,2024111,Computational,1,1,,0.4193,0.0,1,Adjacent topics: delta=1 + sim=0.419
Definition of Laplace transform,Condition of Existence,6.23-N-B.E.-Civil-Engineeing-Sem-III-IV.pdf,2093111,Applied Mathematics for Civil,1,1,,0.0414,0.1667,0,Low sim=0.041
Definition of Laplace transform,Laplace Transform (L) of Standard,6.23-N-B.E.-Civil-Engineeing-Sem-III-IV.pdf,2093111,Applied Mathematics for Civil,2,1,,0.7374,0.5,1,High sim=0.737 + delta=2
Definition of Laplace transform,Functions like 𝑒𝑎𝑡,6.23-N-B.E.-Civil-Engineeing-Sem-III-IV.pdf,2093111,Applied Mathematics for Civil,3,1,,0.1714,0.0,0,No signal: sim=0.171 delta=3 kw=0.000
Definition of Laplace transform,Properties of Laplace Transform: Linearity,6.23-N-B.E.-Civil-Engineeing-Sem-III-IV.pdf,2093111,Applied Mathematics for Civil,4,1,,0.6761,0.5,1,High sim=0.676 + delta=4
Definition of Laplace transform,Transform of Periodic functions,6.23-N-B.E.-Civil-Engineeing-Sem-III-IV.pdf,2093111,Applied Mathematics for Civil,5,1,,0.3702,0.3333,1,kw_overlap=0.333 + delta=5<=6
Definition of Laplace transform,Dirac Delta Function,6.23-N-B.E.-Civil-Engineeing-Sem-III-IV.pdf,2093111,Applied Mathematics for Civil,6,1,,0.3434,0.0,1,Foundational kw + sim=0.343 + delta=6
Definition of Laplace transform,Inverse Laplace Transform,6.23-N-B.E.-Civil-Engineeing-Sem-III-IV.pdf,2093111,Applied Mathematics for Civil,7,1,,0.7115,0.4,1,High sim=0.711 + delta=7
Definition of Laplace transform,Linearity property,6.23-N-B.E.-Civil-Engineeing-Sem-III-IV.pdf,2093111,Applied Mathematics for Civil,8,1,,0.0594,0.0,0,Low sim=0.059
Definition of Laplace transform,Partial fractions method & first shift property to find,6.23-N-B.E.-Civil-Engineeing-Sem-III-IV.pdf,2093111,Applied Mathematics for Civil,9,1,,0.1627,0.0,0,No signal: sim=0.163 delta=9 kw=0.000
Definition of Laplace transform,Inverse Laplace transform using Convolution theorem,6.23-N-B.E.-Civil-Engineeing-Sem-III-IV.pdf,2093111,Applied Mathematics for Civil,10,1,,0.5993,0.25,0,No signal: sim=0.599 delta=10 kw=0.250
Definition of Laplace transform,Dirichlet’s conditions,6.23-N-B.E.-Civil-Engineeing-Sem-III-IV.pdf,2093111,Applied Mathematics for Civil,11,1,,0.1287,0.0,0,Low sim=0.129
Definition of Laplace transform,Definition of Fourier series. Fourier,6.23-N-B.E.-Civil-Engineeing-Sem-III-IV.pdf,2093111,Applied Mathematics for Civil,12,1,,0.2509,0.3333,0,Far apart: delta=12 + sim=0.251
Definition of Laplace transform,Fourier series of even and odd functions. (No question,6.23-N-B.E.-Civil-Engineeing-Sem-III-IV.pdf,2093111,Applied Mathematics for Civil,13,1,,0.084,0.0833,0,Low sim=0.084
Definition of Laplace transform,Half range Sine and Cosine Series,6.23-N-B.E.-Civil-Engineeing-Sem-III-IV.pdf,2093111,Applied Mathematics for Civil,14,1,,0.1553,0.0,0,Far apart: delta=14 + sim=0.155
Condition of Existence,Laplace Transform (L) of Standard,6.23-N-B.E.-Civil-Engineeing-Sem-III-IV.pdf,2093111,Applied Mathematics for Civil,1,1,,-0.0052,0.1429,0,Low sim=-0.005
Condition of Existence,Functions like 𝑒𝑎𝑡,6.23-N-B.E.-Civil-Engineeing-Sem-III-IV.pdf,2093111,Applied Mathematics for Civil,2,1,,0.2017,0.0,1,Adjacent topics: delta=2 + sim=0.202
Condition of Existence,Properties of Laplace Transform: Linearity,6.23-N-B.E.-Civil-Engineeing-Sem-III-IV.pdf,2093111,Applied Mathematics for Civil,3,1,,0.1862,0.1429,0,No signal: sim=0.186 delta=3 kw=0.143
Condition of Existence,Transform of Periodic functions,6.23-N-B.E.-Civil-Engineeing-Sem-III-IV.pdf,2093111,Applied Mathematics for Civil,4,1,,0.0109,0.1667,0,Low sim=0.011
Condition of Existence,Dirac Delta Function,6.23-N-B.E.-Civil-Engineeing-Sem-III-IV.pdf,2093111,Applied Mathematics for Civil,5,1,,0.0616,0.0,0,Low sim=0.062
Condition of Existence,Inverse Laplace Transform,6.23-N-B.E.-Civil-Engineeing-Sem-III-IV.pdf,2093111,Applied Mathematics for Civil,6,1,,0.0255,0.0,0,Low sim=0.025
Condition of Existence,Linearity property,6.23-N-B.E.-Civil-Engineeing-Sem-III-IV.pdf,2093111,Applied Mathematics for Civil,7,1,,0.2623,0.0,0,No signal: sim=0.262 delta=7 kw=0.000
Condition of Existence,Partial fractions method & first shift property to find,6.23-N-B.E.-Civil-Engineeing-Sem-III-IV.pdf,2093111,Applied Mathematics for Civil,8,1,,-0.0219,0.0,0,Low sim=-0.022
Condition of Existence,Inverse Laplace transform using Convolution theorem,6.23-N-B.E.-Civil-Engineeing-Sem-III-IV.pdf,2093111,Applied Mathematics for Civil,9,1,,0.0474,0.0,0,Low sim=0.047
Condition of Existence,Dirichlet’s conditions,6.23-N-B.E.-Civil-Engineeing-Sem-III-IV.pdf,2093111,Applied Mathematics for Civil,10,1,,0.4506,0.0,0,No signal: sim=0.451 delta=10 kw=0.000
Condition of Existence,Definition of Fourier series. Fourier,6.23-N-B.E.-Civil-Engineeing-Sem-III-IV.pdf,2093111,Applied Mathematics for Civil,11,1,,0.0105,0.1667,0,Low sim=0.010
Condition of Existence,Fourier series of even and odd functions. (No question,6.23-N-B.E.-Civil-Engineeing-Sem-III-IV.pdf,2093111,Applied Mathematics for Civil,12,1,,0.0068,0.0909,0,Low sim=0.007
Condition of Existence,Half range Sine and Cosine Series,6.23-N-B.E.-Civil-Engineeing-Sem-III-IV.pdf,2093111,Applied Mathematics for Civil,13,1,,0.0085,0.0,0,Low sim=0.009
Condition of Existence,Parseval’s Identity,6.23-N-B.E.-Civil-Engineeing-Sem-III-IV.pdf,2093111,Applied Mathematics for Civil,14,1,,0.0262,0.0,0,Low sim=0.026
Laplace Transform (L) of Standard,Functions like 𝑒𝑎𝑡,6.23-N-B.E.-Civil-Engineeing-Sem-III-IV.pdf,2093111,Applied Mathematics for Civil,1,1,,0.1659,0.0,0,No signal: sim=0.166 delta=1 kw=0.000
Laplace Transform (L) of Standard,Properties of Laplace Transform: Linearity,6.23-N-B.E.-Civil-Engineeing-Sem-III-IV.pdf,2093111,Applied Mathematics for Civil,2,1,,0.656,0.4286,1,High sim=0.656 + delta=2
Laplace Transform (L) of Standard,Transform of Periodic functions,6.23-N-B.E.-Civil-Engineeing-Sem-III-IV.pdf,2093111,Applied Mathematics for Civil,3,1,,0.3718,0.2857,0,No signal: sim=0.372 delta=3 kw=0.286
Laplace Transform (L) of Standard,Dirac Delta Function,6.23-N-B.E.-Civil-Engineeing-Sem-III-IV.pdf,2093111,Applied Mathematics for Civil,4,1,,0.3753,0.0,0,No signal: sim=0.375 delta=4 kw=0.000
Laplace Transform (L) of Standard,Inverse Laplace Transform,6.23-N-B.E.-Civil-Engineeing-Sem-III-IV.pdf,2093111,Applied Mathematics for Civil,5,1,,0.7489,0.3333,1,High sim=0.749 + delta=5
Laplace Transform (L) of Standard,Linearity property,6.23-N-B.E.-Civil-Engineeing-Sem-III-IV.pdf,2093111,Applied Mathematics for Civil,6,1,,0.0608,0.0,0,Low sim=0.061
Laplace Transform (L) of Standard,Partial fractions method & first shift property to find,6.23-N-B.E.-Civil-Engineeing-Sem-III-IV.pdf,2093111,Applied Mathematics for Civil,7,1,,0.2416,0.0,0,No signal: sim=0.242 delta=7 kw=0.000
Laplace Transform (L) of Standard,Inverse Laplace transform using Convolution theorem,6.23-N-B.E.-Civil-Engineeing-Sem-III-IV.pdf,2093111,Applied Mathematics for Civil,8,1,,0.6463,0.2222,1,High sim=0.646 + delta=8
Laplace Transform (L) of Standard,Dirichlet’s conditions,6.23-N-B.E.-Civil-Engineeing-Sem-III-IV.pdf,2093111,Applied Mathematics for Civil,9,1,,0.086,0.0,0,Low sim=0.086
Laplace Transform (L) of Standard,Definition of Fourier series. Fourier,6.23-N-B.E.-Civil-Engineeing-Sem-III-IV.pdf,2093111,Applied Mathematics for Civil,10,1,,0.0834,0.125,0,Low sim=0.083
Laplace Transform (L) of Standard,Fourier series of even and odd functions. (No question,6.23-N-B.E.-Civil-Engineeing-Sem-III-IV.pdf,2093111,Applied Mathematics for Civil,11,1,,0.1862,0.0769,0,No signal: sim=0.186 delta=11 kw=0.077
Laplace Transform (L) of Standard,Half range Sine and Cosine Series,6.23-N-B.E.-Civil-Engineeing-Sem-III-IV.pdf,2093111,Applied Mathematics for Civil,12,1,,0.2012,0.0,0,Far apart: delta=12 + sim=0.201
Laplace Transform (L) of Standard,Parseval’s Identity,6.23-N-B.E.-Civil-Engineeing-Sem-III-IV.pdf,2093111,Applied Mathematics for Civil,13,1,,0.1506,0.0,0,Far apart: delta=13 + sim=0.151
Laplace Transform (L) of Standard,Function f(z) of complex variable,6.23-N-B.E.-Civil-Engineeing-Sem-III-IV.pdf,2093111,Applied Mathematics for Civil,14,1,,0.1311,0.1,0,Low sim=0.131
Functions like 𝑒𝑎𝑡,Properties of Laplace Transform: Linearity,6.23-N-B.E.-Civil-Engineeing-Sem-III-IV.pdf,2093111,Applied Mathematics for Civil,1,1,,0.1292,0.0,0,Low sim=0.129
Functions like 𝑒𝑎𝑡,Transform of Periodic functions,6.23-N-B.E.-Civil-Engineeing-Sem-III-IV.pdf,2093111,Applied Mathematics for Civil,2,1,,0.2504,0.1667,1,Adjacent topics: delta=2 + sim=0.250
Functions like 𝑒𝑎𝑡,Dirac Delta Function,6.23-N-B.E.-Civil-Engineeing-Sem-III-IV.pdf,2093111,Applied Mathematics for Civil,3,1,,0.217,0.0,0,No signal: sim=0.217 delta=3 kw=0.000
Functions like 𝑒𝑎𝑡,Inverse Laplace Transform,6.23-N-B.E.-Civil-Engineeing-Sem-III-IV.pdf,2093111,Applied Mathematics for Civil,4,1,,0.1337,0.0,0,Low sim=0.134
Functions like 𝑒𝑎𝑡,Linearity property,6.23-N-B.E.-Civil-Engineeing-Sem-III-IV.pdf,2093111,Applied Mathematics for Civil,5,1,,0.1066,0.0,0,Low sim=0.107
Functions like 𝑒𝑎𝑡,Partial fractions method & first shift property to find,6.23-N-B.E.-Civil-Engineeing-Sem-III-IV.pdf,2093111,Applied Mathematics for Civil,6,1,,0.0766,0.0,0,Low sim=0.077
Functions like 𝑒𝑎𝑡,Inverse Laplace transform using Convolution theorem,6.23-N-B.E.-Civil-Engineeing-Sem-III-IV.pdf,2093111,Applied Mathematics for Civil,7,1,,0.0601,0.0,0,Low sim=0.060
Functions like 𝑒𝑎𝑡,Dirichlet’s conditions,6.23-N-B.E.-Civil-Engineeing-Sem-III-IV.pdf,2093111,Applied Mathematics for Civil,8,1,,0.1081,0.0,0,Low sim=0.108
Functions like 𝑒𝑎𝑡,Definition of Fourier series. Fourier,6.23-N-B.E.-Civil-Engineeing-Sem-III-IV.pdf,2093111,Applied Mathematics for Civil,9,1,,0.1537,0.0,0,No signal: sim=0.154 delta=9 kw=0.000
Functions like 𝑒𝑎𝑡,Fourier series of even and odd functions. (No question,6.23-N-B.E.-Civil-Engineeing-Sem-III-IV.pdf,2093111,Applied Mathematics for Civil,10,1,,0.1815,0.0909,0,No signal: sim=0.182 delta=10 kw=0.091
Functions like 𝑒𝑎𝑡,Half range Sine and Cosine Series,6.23-N-B.E.-Civil-Engineeing-Sem-III-IV.pdf,2093111,Applied Mathematics for Civil,11,1,,0.1406,0.0,0,Low sim=0.141
Functions like 𝑒𝑎𝑡,Parseval’s Identity,6.23-N-B.E.-Civil-Engineeing-Sem-III-IV.pdf,2093111,Applied Mathematics for Civil,12,1,,0.0757,0.0,0,Low sim=0.076
Functions like 𝑒𝑎𝑡,Function f(z) of complex variable,6.23-N-B.E.-Civil-Engineeing-Sem-III-IV.pdf,2093111,Applied Mathematics for Civil,13,1,,0.2124,0.0,0,Far apart: delta=13 + sim=0.212
Functions like 𝑒𝑎𝑡,Analytic function,6.23-N-B.E.-Civil-Engineeing-Sem-III-IV.pdf,2093111,Applied Mathematics for Civil,14,1,,0.3048,0.0,0,Far apart: delta=14 + sim=0.305
Properties of Laplace Transform: Linearity,Transform of Periodic functions,6.23-N-B.E.-Civil-Engineeing-Sem-III-IV.pdf,2093111,Applied Mathematics for Civil,1,1,,0.4188,0.2857,1,Adjacent topics: delta=1 + sim=0.419
Properties of Laplace Transform: Linearity,Dirac Delta Function,6.23-N-B.E.-Civil-Engineeing-Sem-III-IV.pdf,2093111,Applied Mathematics for Civil,2,1,,0.3106,0.0,1,Adjacent topics: delta=2 + sim=0.311
Properties of Laplace Transform: Linearity,Inverse Laplace Transform,6.23-N-B.E.-Civil-Engineeing-Sem-III-IV.pdf,2093111,Applied Mathematics for Civil,3,1,,0.6128,0.3333,1,High sim=0.613 + delta=3
Properties of Laplace Transform: Linearity,Linearity property,6.23-N-B.E.-Civil-Engineeing-Sem-III-IV.pdf,2093111,Applied Mathematics for Civil,4,1,,0.5185,0.1667,1,sim=0.518>=0.45 + delta=4<=5
Properties of Laplace Transform: Linearity,Partial fractions method & first shift property to find,6.23-N-B.E.-Civil-Engineeing-Sem-III-IV.pdf,2093111,Applied Mathematics for Civil,5,1,,0.206,0.0,0,No signal: sim=0.206 delta=5 kw=0.000
Properties of Laplace Transform: Linearity,Inverse Laplace transform using Convolution theorem,6.23-N-B.E.-Civil-Engineeing-Sem-III-IV.pdf,2093111,Applied Mathematics for Civil,6,1,,0.5581,0.2222,0,No signal: sim=0.558 delta=6 kw=0.222
Properties of Laplace Transform: Linearity,Dirichlet’s conditions,6.23-N-B.E.-Civil-Engineeing-Sem-III-IV.pdf,2093111,Applied Mathematics for Civil,7,1,,0.286,0.0,0,No signal: sim=0.286 delta=7 kw=0.000
Properties of Laplace Transform: Linearity,Definition of Fourier series. Fourier,6.23-N-B.E.-Civil-Engineeing-Sem-III-IV.pdf,2093111,Applied Mathematics for Civil,8,1,,0.0917,0.125,0,Low sim=0.092
Properties of Laplace Transform: Linearity,Fourier series of even and odd functions. (No question,6.23-N-B.E.-Civil-Engineeing-Sem-III-IV.pdf,2093111,Applied Mathematics for Civil,9,1,,0.1614,0.0769,0,No signal: sim=0.161 delta=9 kw=0.077
Properties of Laplace Transform: Linearity,Half range Sine and Cosine Series,6.23-N-B.E.-Civil-Engineeing-Sem-III-IV.pdf,2093111,Applied Mathematics for Civil,10,1,,0.1409,0.0,0,Low sim=0.141
Properties of Laplace Transform: Linearity,Parseval’s Identity,6.23-N-B.E.-Civil-Engineeing-Sem-III-IV.pdf,2093111,Applied Mathematics for Civil,11,1,,0.1771,0.0,0,No signal: sim=0.177 delta=11 kw=0.000
Properties of Laplace Transform: Linearity,Function f(z) of complex variable,6.23-N-B.E.-Civil-Engineeing-Sem-III-IV.pdf,2093111,Applied Mathematics for Civil,12,1,,0.1231,0.1,0,Low sim=0.123
Properties of Laplace Transform: Linearity,Analytic function,6.23-N-B.E.-Civil-Engineeing-Sem-III-IV.pdf,2093111,Applied Mathematics for Civil,13,1,,0.2093,0.0,0,Far apart: delta=13 + sim=0.209
Properties of Laplace Transform: Linearity,Cauchy-Riemann  equations  in  cartesian  coordinates,6.23-N-B.E.-Civil-Engineeing-Sem-III-IV.pdf,2093111,Applied Mathematics for Civil,14,1,,0.1348,0.0,0,Low sim=0.135
Transform of Periodic functions,Dirac Delta Function,6.23-N-B.E.-Civil-Engineeing-Sem-III-IV.pdf,2093111,Applied Mathematics for Civil,1,1,,0.2472,0.0,1,Adjacent topics: delta=1 + sim=0.247
Transform of Periodic functions,Inverse Laplace Transform,6.23-N-B.E.-Civil-Engineeing-Sem-III-IV.pdf,2093111,Applied Mathematics for Civil,2,1,,0.3497,0.1667,1,Adjacent topics: delta=2 + sim=0.350
Transform of Periodic functions,Linearity property,6.23-N-B.E.-Civil-Engineeing-Sem-III-IV.pdf,2093111,Applied Mathematics for Civil,3,1,,0.1381,0.0,0,Low sim=0.138
Transform of Periodic functions,Partial fractions method & first shift property to find,6.23-N-B.E.-Civil-Engineeing-Sem-III-IV.pdf,2093111,Applied Mathematics for Civil,4,1,,0.1875,0.0,0,No signal: sim=0.188 delta=4 kw=0.000
Transform of Periodic functions,Inverse Laplace transform using Convolution theorem,6.23-N-B.E.-Civil-Engineeing-Sem-III-IV.pdf,2093111,Applied Mathematics for Civil,5,1,,0.3531,0.1111,0,No signal: sim=0.353 delta=5 kw=0.111
Transform of Periodic functions,Dirichlet’s conditions,6.23-N-B.E.-Civil-Engineeing-Sem-III-IV.pdf,2093111,Applied Mathematics for Civil,6,1,,0.1615,0.0,0,No signal: sim=0.162 delta=6 kw=0.000
Transform of Periodic functions,Definition of Fourier series. Fourier,6.23-N-B.E.-Civil-Engineeing-Sem-III-IV.pdf,2093111,Applied Mathematics for Civil,7,1,,0.3351,0.1429,0,No signal: sim=0.335 delta=7 kw=0.143
Transform of Periodic functions,Fourier series of even and odd functions. (No question,6.23-N-B.E.-Civil-Engineeing-Sem-III-IV.pdf,2093111,Applied Mathematics for Civil,8,1,,0.3898,0.1818,0,No signal: sim=0.390 delta=8 kw=0.182
Transform of Periodic functions,Half range Sine and Cosine Series,6.23-N-B.E.-Civil-Engineeing-Sem-III-IV.pdf,2093111,Applied Mathematics for Civil,9,1,,0.2925,0.0,0,No signal: sim=0.292 delta=9 kw=0.000
Transform of Periodic functions,Parseval’s Identity,6.23-N-B.E.-Civil-Engineeing-Sem-III-IV.pdf,2093111,Applied Mathematics for Civil,10,1,,0.1797,0.0,0,No signal: sim=0.180 delta=10 kw=0.000
Transform of Periodic functions,Function f(z) of complex variable,6.23-N-B.E.-Civil-Engineeing-Sem-III-IV.pdf,2093111,Applied Mathematics for Civil,11,1,,0.301,0.1111,0,No signal: sim=0.301 delta=11 kw=0.111
Transform of Periodic functions,Analytic function,6.23-N-B.E.-Civil-Engineeing-Sem-III-IV.pdf,2093111,Applied Mathematics for Civil,12,1,,0.274,0.0,0,Far apart: delta=12 + sim=0.274
Transform of Periodic functions,Cauchy-Riemann  equations  in  cartesian  coordinates,6.23-N-B.E.-Civil-Engineeing-Sem-III-IV.pdf,2093111,Applied Mathematics for Civil,13,1,,0.1774,0.0,0,Far apart: delta=13 + sim=0.177
Transform of Periodic functions,Harmonic function,6.23-N-B.E.-Civil-Engineeing-Sem-III-IV.pdf,2093111,Applied Mathematics for Civil,14,1,,0.3985,0.0,0,Far apart: delta=14 + sim=0.398
Dirac Delta Function,Inverse Laplace Transform,6.23-N-B.E.-Civil-Engineeing-Sem-III-IV.pdf,2093111,Applied Mathematics for Civil,1,1,,0.3593,0.0,1,Adjacent topics: delta=1 + sim=0.359
Dirac Delta Function,Linearity property,6.23-N-B.E.-Civil-Engineeing-Sem-III-IV.pdf,2093111,Applied Mathematics for Civil,2,1,,-0.001,0.0,0,Low sim=-0.001
Dirac Delta Function,Partial fractions method & first shift property to find,6.23-N-B.E.-Civil-Engineeing-Sem-III-IV.pdf,2093111,Applied Mathematics for Civil,3,1,,0.0847,0.0,0,Low sim=0.085
Dirac Delta Function,Inverse Laplace transform using Convolution theorem,6.23-N-B.E.-Civil-Engineeing-Sem-III-IV.pdf,2093111,Applied Mathematics for Civil,4,1,,0.3381,0.0,0,No signal: sim=0.338 delta=4 kw=0.000
Dirac Delta Function,Dirichlet’s conditions,6.23-N-B.E.-Civil-Engineeing-Sem-III-IV.pdf,2093111,Applied Mathematics for Civil,5,1,,0.2852,0.0,0,No signal: sim=0.285 delta=5 kw=0.000
Dirac Delta Function,Definition of Fourier series. Fourier,6.23-N-B.E.-Civil-Engineeing-Sem-III-IV.pdf,2093111,Applied Mathematics for Civil,6,1,,0.1226,0.0,0,Low sim=0.123
Dirac Delta Function,Fourier series of even and odd functions. (No question,6.23-N-B.E.-Civil-Engineeing-Sem-III-IV.pdf,2093111,Applied Mathematics for Civil,7,1,,0.1907,0.0,0,No signal: sim=0.191 delta=7 kw=0.000
Dirac Delta Function,Half range Sine and Cosine Series,6.23-N-B.E.-Civil-Engineeing-Sem-III-IV.pdf,2093111,Applied Mathematics for Civil,8,1,,0.1726,0.0,0,No signal: sim=0.173 delta=8 kw=0.000
Dirac Delta Function,Parseval’s Identity,6.23-N-B.E.-Civil-Engineeing-Sem-III-IV.pdf,2093111,Applied Mathematics for Civil,9,1,,0.1608,0.0,0,No signal: sim=0.161 delta=9 kw=0.000
Dirac Delta Function,Function f(z) of complex variable,6.23-N-B.E.-Civil-Engineeing-Sem-III-IV.pdf,2093111,Applied Mathematics for Civil,10,1,,0.2106,0.125,0,No signal: sim=0.211 delta=10 kw=0.125
Dirac Delta Function,Analytic function,6.23-N-B.E.-Civil-Engineeing-Sem-III-IV.pdf,2093111,Applied Mathematics for Civil,11,1,,0.2396,0.25,0,No signal: sim=0.240 delta=11 kw=0.250
Dirac Delta Function,Cauchy-Riemann  equations  in  cartesian  coordinates,6.23-N-B.E.-Civil-Engineeing-Sem-III-IV.pdf,2093111,Applied Mathematics for Civil,12,1,,0.1656,0.0,0,Far apart: delta=12 + sim=0.166
Dirac Delta Function,Harmonic function,6.23-N-B.E.-Civil-Engineeing-Sem-III-IV.pdf,2093111,Applied Mathematics for Civil,13,1,,0.3863,0.25,0,Far apart: delta=13 + sim=0.386
Dirac Delta Function,Harmonic conjugate,6.23-N-B.E.-Civil-Engineeing-Sem-III-IV.pdf,2093111,Applied Mathematics for Civil,14,1,,0.2107,0.0,0,Far apart: delta=14 + sim=0.211
Inverse Laplace Transform,Linearity property,6.23-N-B.E.-Civil-Engineeing-Sem-III-IV.pdf,2093111,Applied Mathematics for Civil,1,1,,0.0276,0.0,0,Low sim=0.028
Inverse Laplace Transform,Partial fractions method & first shift property to find,6.23-N-B.E.-Civil-Engineeing-Sem-III-IV.pdf,2093111,Applied Mathematics for Civil,2,1,,0.3154,0.0,1,Adjacent topics: delta=2 + sim=0.315
Inverse Laplace Transform,Inverse Laplace transform using Convolution theorem,6.23-N-B.E.-Civil-Engineeing-Sem-III-IV.pdf,2093111,Applied Mathematics for Civil,3,1,,0.8542,0.5,1,Lexical containment + delta=3
Inverse Laplace Transform,Dirichlet’s conditions,6.23-N-B.E.-Civil-Engineeing-Sem-III-IV.pdf,2093111,Applied Mathematics for Civil,4,1,,0.0934,0.0,0,Low sim=0.093
Inverse Laplace Transform,Definition of Fourier series. Fourier,6.23-N-B.E.-Civil-Engineeing-Sem-III-IV.pdf,2093111,Applied Mathematics for Civil,5,1,,-0.0089,0.0,0,Low sim=-0.009
Inverse Laplace Transform,Fourier series of even and odd functions. (No question,6.23-N-B.E.-Civil-Engineeing-Sem-III-IV.pdf,2093111,Applied Mathematics for Civil,6,1,,0.0791,0.0,0,Low sim=0.079
Inverse Laplace Transform,Half range Sine and Cosine Series,6.23-N-B.E.-Civil-Engineeing-Sem-III-IV.pdf,2093111,Applied Mathematics for Civil,7,1,,0.2105,0.0,0,No signal: sim=0.211 delta=7 kw=0.000
Inverse Laplace Transform,Parseval’s Identity,6.23-N-B.E.-Civil-Engineeing-Sem-III-IV.pdf,2093111,Applied Mathematics for Civil,8,1,,0.1166,0.0,0,Low sim=0.117
Inverse Laplace Transform,Function f(z) of complex variable,6.23-N-B.E.-Civil-Engineeing-Sem-III-IV.pdf,2093111,Applied Mathematics for Civil,9,1,,0.1706,0.0,0,No signal: sim=0.171 delta=9 kw=0.000
Inverse Laplace Transform,Analytic function,6.23-N-B.E.-Civil-Engineeing-Sem-III-IV.pdf,2093111,Applied Mathematics for Civil,10,1,,0.267,0.0,0,No signal: sim=0.267 delta=10 kw=0.000
Inverse Laplace Transform,Cauchy-Riemann  equations  in  cartesian  coordinates,6.23-N-B.E.-Civil-Engineeing-Sem-III-IV.pdf,2093111,Applied Mathematics for Civil,11,1,,0.0955,0.0,0,Low sim=0.095
Inverse Laplace Transform,Harmonic function,6.23-N-B.E.-Civil-Engineeing-Sem-III-IV.pdf,2093111,Applied Mathematics for Civil,12,1,,0.321,0.0,0,Far apart: delta=12 + sim=0.321
Inverse Laplace Transform,Harmonic conjugate,6.23-N-B.E.-Civil-Engineeing-Sem-III-IV.pdf,2093111,Applied Mathematics for Civil,13,1,,0.2166,0.0,0,Far apart: delta=13 + sim=0.217
Inverse Laplace Transform,Conformal mapping,6.23-N-B.E.-Civil-Engineeing-Sem-III-IV.pdf,2093111,Applied Mathematics for Civil,14,1,,0.1936,0.0,0,Far apart: delta=14 + sim=0.194
Linearity property,Partial fractions method & first shift property to find,6.23-N-B.E.-Civil-Engineeing-Sem-III-IV.pdf,2093111,Applied Mathematics for Civil,1,1,,0.0762,0.1111,0,Low sim=0.076
Linearity property,Inverse Laplace transform using Convolution theorem,6.23-N-B.E.-Civil-Engineeing-Sem-III-IV.pdf,2093111,Applied Mathematics for Civil,2,1,,0.051,0.0,0,Low sim=0.051
Linearity property,Dirichlet’s conditions,6.23-N-B.E.-Civil-Engineeing-Sem-III-IV.pdf,2093111,Applied Mathematics for Civil,3,1,,0.0782,0.0,0,Low sim=0.078
Linearity property,Definition of Fourier series. Fourier,6.23-N-B.E.-Civil-Engineeing-Sem-III-IV.pdf,2093111,Applied Mathematics for Civil,4,1,,0.0781,0.0,0,Low sim=0.078
Linearity property,Fourier series of even and odd functions. (No question,6.23-N-B.E.-Civil-Engineeing-Sem-III-IV.pdf,2093111,Applied Mathematics for Civil,5,1,,-0.0074,0.0,0,Low sim=-0.007
Linearity property,Half range Sine and Cosine Series,6.23-N-B.E.-Civil-Engineeing-Sem-III-IV.pdf,2093111,Applied Mathematics for Civil,6,1,,-0.0499,0.0,0,Low sim=-0.050
Linearity property,Parseval’s Identity,6.23-N-B.E.-Civil-Engineeing-Sem-III-IV.pdf,2093111,Applied Mathematics for Civil,7,1,,0.1092,0.0,0,Low sim=0.109
Linearity property,Function f(z) of complex variable,6.23-N-B.E.-Civil-Engineeing-Sem-III-IV.pdf,2093111,Applied Mathematics for Civil,8,1,,0.008,0.0,0,Low sim=0.008
Linearity property,Analytic function,6.23-N-B.E.-Civil-Engineeing-Sem-III-IV.pdf,2093111,Applied Mathematics for Civil,9,1,,0.013,0.0,0,Low sim=0.013
Linearity property,Cauchy-Riemann  equations  in  cartesian  coordinates,6.23-N-B.E.-Civil-Engineeing-Sem-III-IV.pdf,2093111,Applied Mathematics for Civil,10,1,,0.0021,0.0,0,Low sim=0.002
Linearity property,Harmonic function,6.23-N-B.E.-Civil-Engineeing-Sem-III-IV.pdf,2093111,Applied Mathematics for Civil,11,1,,0.0714,0.0,0,Low sim=0.071
Linearity property,Harmonic conjugate,6.23-N-B.E.-Civil-Engineeing-Sem-III-IV.pdf,2093111,Applied Mathematics for Civil,12,1,,0.1139,0.0,0,Low sim=0.114
Linearity property,Conformal mapping,6.23-N-B.E.-Civil-Engineeing-Sem-III-IV.pdf,2093111,Applied Mathematics for Civil,13,1,,0.0272,0.0,0,Low sim=0.027
Partial fractions method & first shift property to find,Inverse Laplace transform using Convolution theorem,6.23-N-B.E.-Civil-Engineeing-Sem-III-IV.pdf,2093111,Applied Mathematics for Civil,1,1,,0.2436,0.0,1,Adjacent topics: delta=1 + sim=0.244
Partial fractions method & first shift property to find,Dirichlet’s conditions,6.23-N-B.E.-Civil-Engineeing-Sem-III-IV.pdf,2093111,Applied Mathematics for Civil,2,1,,0.0687,0.0,0,Low sim=0.069
Partial fractions method & first shift property to find,Definition of Fourier series. Fourier,6.23-N-B.E.-Civil-Engineeing-Sem-III-IV.pdf,2093111,Applied Mathematics for Civil,3,1,,-0.1012,0.0,0,Low sim=-0.101
Partial fractions method & first shift property to find,Fourier series of even and odd functions. (No question,6.23-N-B.E.-Civil-Engineeing-Sem-III-IV.pdf,2093111,Applied Mathematics for Civil,4,1,,0.0355,0.0,0,Low sim=0.036
Partial fractions method & first shift property to find,Half range Sine and Cosine Series,6.23-N-B.E.-Civil-Engineeing-Sem-III-IV.pdf,2093111,Applied Mathematics for Civil,5,1,,0.237,0.0,0,No signal: sim=0.237 delta=5 kw=0.000
Partial fractions method & first shift property to find,Parseval’s Identity,6.23-N-B.E.-Civil-Engineeing-Sem-III-IV.pdf,2093111,Applied Mathematics for Civil,6,1,,0.1212,0.0,0,Low sim=0.121
Partial fractions method & first shift property to find,Function f(z) of complex variable,6.23-N-B.E.-Civil-Engineeing-Sem-III-IV.pdf,2093111,Applied Mathematics for Civil,7,1,,0.0571,0.0,0,Low sim=0.057
Partial fractions method & first shift property to find,Analytic function,6.23-N-B.E.-Civil-Engineeing-Sem-III-IV.pdf,2093111,Applied Mathematics for Civil,8,1,,0.1206,0.0,0,Low sim=0.121
Partial fractions method & first shift property to find,Cauchy-Riemann  equations  in  cartesian  coordinates,6.23-N-B.E.-Civil-Engineeing-Sem-III-IV.pdf,2093111,Applied Mathematics for Civil,9,1,,0.1427,0.0,0,Low sim=0.143
Partial fractions method & first shift property to find,Harmonic function,6.23-N-B.E.-Civil-Engineeing-Sem-III-IV.pdf,2093111,Applied Mathematics for Civil,10,1,,0.1947,0.0,0,No signal: sim=0.195 delta=10 kw=0.000
Partial fractions method & first shift property to find,Harmonic conjugate,6.23-N-B.E.-Civil-Engineeing-Sem-III-IV.pdf,2093111,Applied Mathematics for Civil,11,1,,0.1367,0.0,0,Low sim=0.137
Partial fractions method & first shift property to find,Conformal mapping,6.23-N-B.E.-Civil-Engineeing-Sem-III-IV.pdf,2093111,Applied Mathematics for Civil,12,1,,0.0863,0.0,0,Low sim=0.086
Inverse Laplace transform using Convolution theorem,Dirichlet’s conditions,6.23-N-B.E.-Civil-Engineeing-Sem-III-IV.pdf,2093111,Applied Mathematics for Civil,1,1,,0.0937,0.0,0,Low sim=0.094
Inverse Laplace transform using Convolution theorem,Definition of Fourier series. Fourier,6.23-N-B.E.-Civil-Engineeing-Sem-III-IV.pdf,2093111,Applied Mathematics for Civil,2,1,,0.0223,0.0,0,Low sim=0.022
Inverse Laplace transform using Convolution theorem,Fourier series of even and odd functions. (No question,6.23-N-B.E.-Civil-Engineeing-Sem-III-IV.pdf,2093111,Applied Mathematics for Civil,3,1,,0.0985,0.0,0,Low sim=0.098
Inverse Laplace transform using Convolution theorem,Half range Sine and Cosine Series,6.23-N-B.E.-Civil-Engineeing-Sem-III-IV.pdf,2093111,Applied Mathematics for Civil,4,1,,0.124,0.0,0,Low sim=0.124
Inverse Laplace transform using Convolution theorem,Parseval’s Identity,6.23-N-B.E.-Civil-Engineeing-Sem-III-IV.pdf,2093111,Applied Mathematics for Civil,5,1,,0.1526,0.0,0,No signal: sim=0.153 delta=5 kw=0.000
Inverse Laplace transform using Convolution theorem,Function f(z) of complex variable,6.23-N-B.E.-Civil-Engineeing-Sem-III-IV.pdf,2093111,Applied Mathematics for Civil,6,1,,0.17,0.0,0,No signal: sim=0.170 delta=6 kw=0.000
Inverse Laplace transform using Convolution theorem,Analytic function,6.23-N-B.E.-Civil-Engineeing-Sem-III-IV.pdf,2093111,Applied Mathematics for Civil,7,1,,0.2174,0.0,0,No signal: sim=0.217 delta=7 kw=0.000
Inverse Laplace transform using Convolution theorem,Cauchy-Riemann  equations  in  cartesian  coordinates,6.23-N-B.E.-Civil-Engineeing-Sem-III-IV.pdf,2093111,Applied Mathematics for Civil,8,1,,0.1053,0.0,0,Low sim=0.105
Inverse Laplace transform using Convolution theorem,Harmonic function,6.23-N-B.E.-Civil-Engineeing-Sem-III-IV.pdf,2093111,Applied Mathematics for Civil,9,1,,0.3161,0.0,0,No signal: sim=0.316 delta=9 kw=0.000
Inverse Laplace transform using Convolution theorem,Harmonic conjugate,6.23-N-B.E.-Civil-Engineeing-Sem-III-IV.pdf,2093111,Applied Mathematics for Civil,10,1,,0.2808,0.0,0,No signal: sim=0.281 delta=10 kw=0.000
Inverse Laplace transform using Convolution theorem,Conformal mapping,6.23-N-B.E.-Civil-Engineeing-Sem-III-IV.pdf,2093111,Applied Mathematics for Civil,11,1,,0.1761,0.0,0,No signal: sim=0.176 delta=11 kw=0.000
Dirichlet’s conditions,Definition of Fourier series. Fourier,6.23-N-B.E.-Civil-Engineeing-Sem-III-IV.pdf,2093111,Applied Mathematics for Civil,1,1,,0.0793,0.0,0,Low sim=0.079
Dirichlet’s conditions,Fourier series of even and odd functions. (No question,6.23-N-B.E.-Civil-Engineeing-Sem-III-IV.pdf,2093111,Applied Mathematics for Civil,2,1,,0.1489,0.0,0,Low sim=0.149
Dirichlet’s conditions,Half range Sine and Cosine Series,6.23-N-B.E.-Civil-Engineeing-Sem-III-IV.pdf,2093111,Applied Mathematics for Civil,3,1,,0.103,0.0,0,Low sim=0.103
Dirichlet’s conditions,Parseval’s Identity,6.23-N-B.E.-Civil-Engineeing-Sem-III-IV.pdf,2093111,Applied Mathematics for Civil,4,1,,0.1053,0.2,0,Low sim=0.105
Dirichlet’s conditions,Function f(z) of complex variable,6.23-N-B.E.-Civil-Engineeing-Sem-III-IV.pdf,2093111,Applied Mathematics for Civil,5,1,,0.0556,0.0,0,Low sim=0.056
Dirichlet’s conditions,Analytic function,6.23-N-B.E.-Civil-Engineeing-Sem-III-IV.pdf,2093111,Applied Mathematics for Civil,6,1,,0.1837,0.0,0,No signal: sim=0.184 delta=6 kw=0.000
Dirichlet’s conditions,Cauchy-Riemann  equations  in  cartesian  coordinates,6.23-N-B.E.-Civil-Engineeing-Sem-III-IV.pdf,2093111,Applied Mathematics for Civil,7,1,,0.2113,0.0,0,No signal: sim=0.211 delta=7 kw=0.000
Dirichlet’s conditions,Harmonic function,6.23-N-B.E.-Civil-Engineeing-Sem-III-IV.pdf,2093111,Applied Mathematics for Civil,8,1,,0.3004,0.0,0,No signal: sim=0.300 delta=8 kw=0.000
Dirichlet’s conditions,Harmonic conjugate,6.23-N-B.E.-Civil-Engineeing-Sem-III-IV.pdf,2093111,Applied Mathematics for Civil,9,1,,0.2695,0.0,0,No signal: sim=0.269 delta=9 kw=0.000
Dirichlet’s conditions,Conformal mapping,6.23-N-B.E.-Civil-Engineeing-Sem-III-IV.pdf,2093111,Applied Mathematics for Civil,10,1,,0.1608,0.0,0,No signal: sim=0.161 delta=10 kw=0.000
Definition of Fourier series. Fourier,Fourier series of even and odd functions. (No question,6.23-N-B.E.-Civil-Engineeing-Sem-III-IV.pdf,2093111,Applied Mathematics for Civil,1,1,,0.5977,0.3,1,sim=0.598>=0.45 + delta=1<=5
Definition of Fourier series. Fourier,Half range Sine and Cosine Series,6.23-N-B.E.-Civil-Engineeing-Sem-III-IV.pdf,2093111,Applied Mathematics for Civil,2,1,,0.3203,0.1111,1,Foundational kw + sim=0.320 + delta=2
Definition of Fourier series. Fourier,Parseval’s Identity,6.23-N-B.E.-Civil-Engineeing-Sem-III-IV.pdf,2093111,Applied Mathematics for Civil,3,1,,0.0874,0.0,0,Low sim=0.087
Definition of Fourier series. Fourier,Function f(z) of complex variable,6.23-N-B.E.-Civil-Engineeing-Sem-III-IV.pdf,2093111,Applied Mathematics for Civil,4,1,,0.0919,0.1111,0,Low sim=0.092
Definition of Fourier series. Fourier,Analytic function,6.23-N-B.E.-Civil-Engineeing-Sem-III-IV.pdf,2093111,Applied Mathematics for Civil,5,1,,0.1395,0.0,0,Low sim=0.140
Definition of Fourier series. Fourier,Cauchy-Riemann  equations  in  cartesian  coordinates,6.23-N-B.E.-Civil-Engineeing-Sem-III-IV.pdf,2093111,Applied Mathematics for Civil,6,1,,0.0069,0.0,0,Low sim=0.007
Definition of Fourier series. Fourier,Harmonic function,6.23-N-B.E.-Civil-Engineeing-Sem-III-IV.pdf,2093111,Applied Mathematics for Civil,7,1,,0.1931,0.0,0,No signal: sim=0.193 delta=7 kw=0.000
Definition of Fourier series. Fourier,Harmonic conjugate,6.23-N-B.E.-Civil-Engineeing-Sem-III-IV.pdf,2093111,Applied Mathematics for Civil,8,1,,0.0848,0.0,0,Low sim=0.085
Definition of Fourier series. Fourier,Conformal mapping,6.23-N-B.E.-Civil-Engineeing-Sem-III-IV.pdf,2093111,Applied Mathematics for Civil,9,1,,-0.0045,0.0,0,Low sim=-0.004
Fourier series of even and odd functions. (No question,Half range Sine and Cosine Series,6.23-N-B.E.-Civil-Engineeing-Sem-III-IV.pdf,2093111,Applied Mathematics for Civil,1,1,,0.4936,0.1538,1,sim=0.494>=0.45 + delta=1<=5
Fourier series of even and odd functions. (No question,Parseval’s Identity,6.23-N-B.E.-Civil-Engineeing-Sem-III-IV.pdf,2093111,Applied Mathematics for Civil,2,1,,0.2501,0.0,1,Adjacent topics: delta=2 + sim=0.250
Fourier series of even and odd functions. (No question,Function f(z) of complex variable,6.23-N-B.E.-Civil-Engineeing-Sem-III-IV.pdf,2093111,Applied Mathematics for Civil,3,1,,0.1313,0.0714,0,Low sim=0.131
Fourier series of even and odd functions. (No question,Analytic function,6.23-N-B.E.-Civil-Engineeing-Sem-III-IV.pdf,2093111,Applied Mathematics for Civil,4,1,,0.2384,0.0,0,No signal: sim=0.238 delta=4 kw=0.000
Fourier series of even and odd functions. (No question,Cauchy-Riemann  equations  in  cartesian  coordinates,6.23-N-B.E.-Civil-Engineeing-Sem-III-IV.pdf,2093111,Applied Mathematics for Civil,5,1,,0.0168,0.0,0,Low sim=0.017
Fourier series of even and odd functions. (No question,Harmonic function,6.23-N-B.E.-Civil-Engineeing-Sem-III-IV.pdf,2093111,Applied Mathematics for Civil,6,1,,0.3043,0.0,0,No signal: sim=0.304 delta=6 kw=0.000
Fourier series of even and odd functions. (No question,Harmonic conjugate,6.23-N-B.E.-Civil-Engineeing-Sem-III-IV.pdf,2093111,Applied Mathematics for Civil,7,1,,0.111,0.0,0,Low sim=0.111
Fourier series of even and odd functions. (No question,Conformal mapping,6.23-N-B.E.-Civil-Engineeing-Sem-III-IV.pdf,2093111,Applied Mathematics for Civil,8,1,,0.0483,0.0,0,Low sim=0.048
Half range Sine and Cosine Series,Parseval’s Identity,6.23-N-B.E.-Civil-Engineeing-Sem-III-IV.pdf,2093111,Applied Mathematics for Civil,1,1,,0.1386,0.0,0,Low sim=0.139
Half range Sine and Cosine Series,Function f(z) of complex variable,6.23-N-B.E.-Civil-Engineeing-Sem-III-IV.pdf,2093111,Applied Mathematics for Civil,2,1,,0.0835,0.0,0,Low sim=0.083
Half range Sine and Cosine Series,Analytic function,6.23-N-B.E.-Civil-Engineeing-Sem-III-IV.pdf,2093111,Applied Mathematics for Civil,3,1,,0.1691,0.0,0,No signal: sim=0.169 delta=3 kw=0.000
Half range Sine and Cosine Series,Cauchy-Riemann  equations  in  cartesian  coordinates,6.23-N-B.E.-Civil-Engineeing-Sem-III-IV.pdf,2093111,Applied Mathematics for Civil,4,1,,0.1058,0.0,0,Low sim=0.106
Half range Sine and Cosine Series,Harmonic function,6.23-N-B.E.-Civil-Engineeing-Sem-III-IV.pdf,2093111,Applied Mathematics for Civil,5,1,,0.3266,0.0,0,No signal: sim=0.327 delta=5 kw=0.000
Half range Sine and Cosine Series,Harmonic conjugate,6.23-N-B.E.-Civil-Engineeing-Sem-III-IV.pdf,2093111,Applied Mathematics for Civil,6,1,,0.1973,0.0,0,No signal: sim=0.197 delta=6 kw=0.000
Half range Sine and Cosine Series,Conformal mapping,6.23-N-B.E.-Civil-Engineeing-Sem-III-IV.pdf,2093111,Applied Mathematics for Civil,7,1,,0.1041,0.0,0,Low sim=0.104
Parseval’s Identity,Function f(z) of complex variable,6.23-N-B.E.-Civil-Engineeing-Sem-III-IV.pdf,2093111,Applied Mathematics for Civil,1,1,,0.0787,0.0,0,Low sim=0.079
Parseval’s Identity,Analytic function,6.23-N-B.E.-Civil-Engineeing-Sem-III-IV.pdf,2093111,Applied Mathematics for Civil,2,1,,0.096,0.0,0,Low sim=0.096
Parseval’s Identity,Cauchy-Riemann  equations  in  cartesian  coordinates,6.23-N-B.E.-Civil-Engineeing-Sem-III-IV.pdf,2093111,Applied Mathematics for Civil,3,1,,0.0613,0.0,0,Low sim=0.061
Parseval’s Identity,Harmonic function,6.23-N-B.E.-Civil-Engineeing-Sem-III-IV.pdf,2093111,Applied Mathematics for Civil,4,1,,0.104,0.0,0,Low sim=0.104
Parseval’s Identity,Harmonic conjugate,6.23-N-B.E.-Civil-Engineeing-Sem-III-IV.pdf,2093111,Applied Mathematics for Civil,5,1,,0.2489,0.0,0,No signal: sim=0.249 delta=5 kw=0.000
Parseval’s Identity,Conformal mapping,6.23-N-B.E.-Civil-Engineeing-Sem-III-IV.pdf,2093111,Applied Mathematics for Civil,6,1,,0.1221,0.0,0,Low sim=0.122
Function f(z) of complex variable,Analytic function,6.23-N-B.E.-Civil-Engineeing-Sem-III-IV.pdf,2093111,Applied Mathematics for Civil,1,1,,0.6766,0.1429,1,High sim=0.677 + delta=1
Function f(z) of complex variable,Cauchy-Riemann  equations  in  cartesian  coordinates,6.23-N-B.E.-Civil-Engineeing-Sem-III-IV.pdf,2093111,Applied Mathematics for Civil,2,1,,0.2702,0.0,1,Adjacent topics: delta=2 + sim=0.270
Function f(z) of complex variable,Harmonic function,6.23-N-B.E.-Civil-Engineeing-Sem-III-IV.pdf,2093111,Applied Mathematics for Civil,3,1,,0.4026,0.1429,0,No signal: sim=0.403 delta=3 kw=0.143
Function f(z) of complex variable,Harmonic conjugate,6.23-N-B.E.-Civil-Engineeing-Sem-III-IV.pdf,2093111,Applied Mathematics for Civil,4,1,,0.1618,0.0,0,No signal: sim=0.162 delta=4 kw=0.000
Function f(z) of complex variable,Conformal mapping,6.23-N-B.E.-Civil-Engineeing-Sem-III-IV.pdf,2093111,Applied Mathematics for Civil,5,1,,0.3386,0.0,0,No signal: sim=0.339 delta=5 kw=0.000
Analytic function,Cauchy-Riemann  equations  in  cartesian  coordinates,6.23-N-B.E.-Civil-Engineeing-Sem-III-IV.pdf,2093111,Applied Mathematics for Civil,1,1,,0.2441,0.0,1,Adjacent topics: delta=1 + sim=0.244
Analytic function,Harmonic function,6.23-N-B.E.-Civil-Engineeing-Sem-III-IV.pdf,2093111,Applied Mathematics for Civil,2,1,,0.4965,0.3333,1,sim=0.496>=0.45 + delta=2<=5
Analytic function,Harmonic conjugate,6.23-N-B.E.-Civil-Engineeing-Sem-III-IV.pdf,2093111,Applied Mathematics for Civil,3,1,,0.2308,0.0,0,No signal: sim=0.231 delta=3 kw=0.000
Analytic function,Conformal mapping,6.23-N-B.E.-Civil-Engineeing-Sem-III-IV.pdf,2093111,Applied Mathematics for Civil,4,1,,0.3526,0.0,0,No signal: sim=0.353 delta=4 kw=0.000
Cauchy-Riemann  equations  in  cartesian  coordinates,Harmonic function,6.23-N-B.E.-Civil-Engineeing-Sem-III-IV.pdf,2093111,Applied Mathematics for Civil,1,1,,0.2333,0.0,1,Adjacent topics: delta=1 + sim=0.233
Cauchy-Riemann  equations  in  cartesian  coordinates,Harmonic conjugate,6.23-N-B.E.-Civil-Engineeing-Sem-III-IV.pdf,2093111,Applied Mathematics for Civil,2,1,,0.2024,0.0,1,Adjacent topics: delta=2 + sim=0.202
Cauchy-Riemann  equations  in  cartesian  coordinates,Conformal mapping,6.23-N-B.E.-Civil-Engineeing-Sem-III-IV.pdf,2093111,Applied Mathematics for Civil,3,1,,0.3462,0.0,0,No signal: sim=0.346 delta=3 kw=0.000
Harmonic function,Harmonic conjugate,6.23-N-B.E.-Civil-Engineeing-Sem-III-IV.pdf,2093111,Applied Mathematics for Civil,1,1,,0.582,0.3333,1,sim=0.582>=0.45 + delta=1<=5
Harmonic function,Conformal mapping,6.23-N-B.E.-Civil-Engineeing-Sem-III-IV.pdf,2093111,Applied Mathematics for Civil,2,1,,0.2623,0.0,1,Adjacent topics: delta=2 + sim=0.262
Harmonic conjugate,Conformal mapping,6.23-N-B.E.-Civil-Engineeing-Sem-III-IV.pdf,2093111,Applied Mathematics for Civil,1,1,,0.3735,0.0,1,Adjacent topics: delta=1 + sim=0.373
Properties of Fluids,Mass density,6.23-N-B.E.-Civil-Engineeing-Sem-III-IV.pdf,2093112,Fluid Mechanics,1,1,,0.269,0.0,1,Adjacent topics: delta=1 + sim=0.269
Properties of Fluids,Surface tension,6.23-N-B.E.-Civil-Engineeing-Sem-III-IV.pdf,2093112,Fluid Mechanics,2,1,,0.2969,0.0,1,Adjacent topics: delta=2 + sim=0.297
Properties of Fluids,Types of fluids,6.23-N-B.E.-Civil-Engineeing-Sem-III-IV.pdf,2093112,Fluid Mechanics,3,1,,0.7819,0.5,1,High sim=0.782 + delta=3
Properties of Fluids,Pascal’s law,6.23-N-B.E.-Civil-Engineeing-Sem-III-IV.pdf,2093112,Fluid Mechanics,4,1,,0.0605,0.0,0,Low sim=0.060
Properties of Fluids,Measurement of pressure using U tube differential,6.23-N-B.E.-Civil-Engineeing-Sem-III-IV.pdf,2093112,Fluid Mechanics,5,1,,0.2714,0.1111,0,No signal: sim=0.271 delta=5 kw=0.111
Properties of Fluids,Hydrostatic force on surfaces,6.23-N-B.E.-Civil-Engineeing-Sem-III-IV.pdf,2093112,Fluid Mechanics,6,1,,0.4121,0.0,0,No signal: sim=0.412 delta=6 kw=0.000
Properties of Fluids,Buoyancy and floatation,6.23-N-B.E.-Civil-Engineeing-Sem-III-IV.pdf,2093112,Fluid Mechanics,7,1,,0.3533,0.0,0,No signal: sim=0.353 delta=7 kw=0.000
Properties of Fluids,Meta-Centre,6.23-N-B.E.-Civil-Engineeing-Sem-III-IV.pdf,2093112,Fluid Mechanics,8,1,,-0.0218,0.0,0,Low sim=-0.022
Properties of Fluids,Experimental method to find metacentric height,6.23-N-B.E.-Civil-Engineeing-Sem-III-IV.pdf,2093112,Fluid Mechanics,9,1,,0.03,0.0,0,Low sim=0.030
Properties of Fluids,Types of fluid flow,6.23-N-B.E.-Civil-Engineeing-Sem-III-IV.pdf,2093112,Fluid Mechanics,10,1,,0.5728,0.1667,0,No signal: sim=0.573 delta=10 kw=0.167
Properties of Fluids,Eulerian method,6.23-N-B.E.-Civil-Engineeing-Sem-III-IV.pdf,2093112,Fluid Mechanics,11,1,,0.058,0.0,0,Low sim=0.058
Properties of Fluids,Forces acting on fluid,6.23-N-B.E.-Civil-Engineeing-Sem-III-IV.pdf,2093112,Fluid Mechanics,12,1,,0.6058,0.0,1,High sim=0.606 + delta=12
Properties of Fluids,Navier Stokes Equation,6.23-N-B.E.-Civil-Engineeing-Sem-III-IV.pdf,2093112,Fluid Mechanics,13,1,,0.3522,0.0,0,Far apart: delta=13 + sim=0.352
Properties of Fluids,Integration of Euler’s equations of motion,6.23-N-B.E.-Civil-Engineeing-Sem-III-IV.pdf,2093112,Fluid Mechanics,14,1,,0.1296,0.125,0,Low sim=0.130
Mass density,Surface tension,6.23-N-B.E.-Civil-Engineeing-Sem-III-IV.pdf,2093112,Fluid Mechanics,1,1,,0.1433,0.0,0,Low sim=0.143
Mass density,Types of fluids,6.23-N-B.E.-Civil-Engineeing-Sem-III-IV.pdf,2093112,Fluid Mechanics,2,1,,0.2064,0.0,1,Adjacent topics: delta=2 + sim=0.206
Mass density,Pascal’s law,6.23-N-B.E.-Civil-Engineeing-Sem-III-IV.pdf,2093112,Fluid Mechanics,3,1,,0.258,0.0,0,No signal: sim=0.258 delta=3 kw=0.000
Mass density,Measurement of pressure using U tube differential,6.23-N-B.E.-Civil-Engineeing-Sem-III-IV.pdf,2093112,Fluid Mechanics,4,1,,0.05,0.0,0,Low sim=0.050
Mass density,Hydrostatic force on surfaces,6.23-N-B.E.-Civil-Engineeing-Sem-III-IV.pdf,2093112,Fluid Mechanics,5,1,,0.1897,0.0,0,No signal: sim=0.190 delta=5 kw=0.000
Mass density,Buoyancy and floatation,6.23-N-B.E.-Civil-Engineeing-Sem-III-IV.pdf,2093112,Fluid Mechanics,6,1,,0.358,0.0,0,No signal: sim=0.358 delta=6 kw=0.000
Mass density,Meta-Centre,6.23-N-B.E.-Civil-Engineeing-Sem-III-IV.pdf,2093112,Fluid Mechanics,7,1,,0.1171,0.0,0,Low sim=0.117
Mass density,Experimental method to find metacentric height,6.23-N-B.E.-Civil-Engineeing-Sem-III-IV.pdf,2093112,Fluid Mechanics,8,1,,0.0793,0.0,0,Low sim=0.079
Mass density,Types of fluid flow,6.23-N-B.E.-Civil-Engineeing-Sem-III-IV.pdf,2093112,Fluid Mechanics,9,1,,0.1519,0.0,0,No signal: sim=0.152 delta=9 kw=0.000
Mass density,Eulerian method,6.23-N-B.E.-Civil-Engineeing-Sem-III-IV.pdf,2093112,Fluid Mechanics,10,1,,0.0845,0.0,0,Low sim=0.084
Mass density,Forces acting on fluid,6.23-N-B.E.-Civil-Engineeing-Sem-III-IV.pdf,2093112,Fluid Mechanics,11,1,,0.2305,0.0,0,No signal: sim=0.230 delta=11 kw=0.000
Mass density,Navier Stokes Equation,6.23-N-B.E.-Civil-Engineeing-Sem-III-IV.pdf,2093112,Fluid Mechanics,12,1,,0.158,0.0,0,Far apart: delta=12 + sim=0.158
Mass density,Integration of Euler’s equations of motion,6.23-N-B.E.-Civil-Engineeing-Sem-III-IV.pdf,2093112,Fluid Mechanics,13,1,,0.1152,0.0,0,Low sim=0.115
Mass density,Bernoulli’s Theorem and its derivation,6.23-N-B.E.-Civil-Engineeing-Sem-III-IV.pdf,2093112,Fluid Mechanics,14,1,,0.1279,0.0,0,Low sim=0.128
Surface tension,Types of fluids,6.23-N-B.E.-Civil-Engineeing-Sem-III-IV.pdf,2093112,Fluid Mechanics,1,1,,0.205,0.0,1,Adjacent topics: delta=1 + sim=0.205
Surface tension,Pascal’s law,6.23-N-B.E.-Civil-Engineeing-Sem-III-IV.pdf,2093112,Fluid Mechanics,2,1,,0.0296,0.0,0,Low sim=0.030
Surface tension,Measurement of pressure using U tube differential,6.23-N-B.E.-Civil-Engineeing-Sem-III-IV.pdf,2093112,Fluid Mechanics,3,1,,0.1983,0.0,0,No signal: sim=0.198 delta=3 kw=0.000
Surface tension,Hydrostatic force on surfaces,6.23-N-B.E.-Civil-Engineeing-Sem-III-IV.pdf,2093112,Fluid Mechanics,4,1,,0.5517,0.0,1,sim=0.552>=0.45 + delta=4<=5
Surface tension,Buoyancy and floatation,6.23-N-B.E.-Civil-Engineeing-Sem-III-IV.pdf,2093112,Fluid Mechanics,5,1,,0.3022,0.0,0,No signal: sim=0.302 delta=5 kw=0.000
Surface tension,Meta-Centre,6.23-N-B.E.-Civil-Engineeing-Sem-III-IV.pdf,2093112,Fluid Mechanics,6,1,,0.1067,0.0,0,Low sim=0.107
Surface tension,Experimental method to find metacentric height,6.23-N-B.E.-Civil-Engineeing-Sem-III-IV.pdf,2093112,Fluid Mechanics,7,1,,0.1878,0.0,0,No signal: sim=0.188 delta=7 kw=0.000
Surface tension,Types of fluid flow,6.23-N-B.E.-Civil-Engineeing-Sem-III-IV.pdf,2093112,Fluid Mechanics,8,1,,0.177,0.0,0,No signal: sim=0.177 delta=8 kw=0.000
Surface tension,Eulerian method,6.23-N-B.E.-Civil-Engineeing-Sem-III-IV.pdf,2093112,Fluid Mechanics,9,1,,0.1495,0.0,0,Low sim=0.149
Surface tension,Forces acting on fluid,6.23-N-B.E.-Civil-Engineeing-Sem-III-IV.pdf,2093112,Fluid Mechanics,10,1,,0.4391,0.0,0,No signal: sim=0.439 delta=10 kw=0.000
Surface tension,Navier Stokes Equation,6.23-N-B.E.-Civil-Engineeing-Sem-III-IV.pdf,2093112,Fluid Mechanics,11,1,,0.2565,0.0,0,No signal: sim=0.257 delta=11 kw=0.000
Surface tension,Integration of Euler’s equations of motion,6.23-N-B.E.-Civil-Engineeing-Sem-III-IV.pdf,2093112,Fluid Mechanics,12,1,,0.1675,0.0,0,Far apart: delta=12 + sim=0.168
Surface tension,Bernoulli’s Theorem and its derivation,6.23-N-B.E.-Civil-Engineeing-Sem-III-IV.pdf,2093112,Fluid Mechanics,13,1,,0.0557,0.0,0,Low sim=0.056
Surface tension,Venturimeter and Orificemeter,6.23-N-B.E.-Civil-Engineeing-Sem-III-IV.pdf,2093112,Fluid Mechanics,14,1,,0.1131,0.0,0,Low sim=0.113
Types of fluids,Pascal’s law,6.23-N-B.E.-Civil-Engineeing-Sem-III-IV.pdf,2093112,Fluid Mechanics,1,1,,-0.0274,0.0,0,Low sim=-0.027
Types of fluids,Measurement of pressure using U tube differential,6.23-N-B.E.-Civil-Engineeing-Sem-III-IV.pdf,2093112,Fluid Mechanics,2,1,,0.1851,0.1111,0,No signal: sim=0.185 delta=2 kw=0.111
Types of fluids,Hydrostatic force on surfaces,6.23-N-B.E.-Civil-Engineeing-Sem-III-IV.pdf,2093112,Fluid Mechanics,3,1,,0.3384,0.0,1,Foundational kw + sim=0.338 + delta=3
Types of fluids,Buoyancy and floatation,6.23-N-B.E.-Civil-Engineeing-Sem-III-IV.pdf,2093112,Fluid Mechanics,4,1,,0.2794,0.0,1,Foundational kw + sim=0.279 + delta=4
Types of fluids,Meta-Centre,6.23-N-B.E.-Civil-Engineeing-Sem-III-IV.pdf,2093112,Fluid Mechanics,5,1,,-0.0436,0.0,0,Low sim=-0.044
Types of fluids,Experimental method to find metacentric height,6.23-N-B.E.-Civil-Engineeing-Sem-III-IV.pdf,2093112,Fluid Mechanics,6,1,,-0.048,0.0,0,Low sim=-0.048
Types of fluids,Types of fluid flow,6.23-N-B.E.-Civil-Engineeing-Sem-III-IV.pdf,2093112,Fluid Mechanics,7,1,,0.7955,0.4,1,High sim=0.795 + delta=7
Types of fluids,Eulerian method,6.23-N-B.E.-Civil-Engineeing-Sem-III-IV.pdf,2093112,Fluid Mechanics,8,1,,0.0942,0.0,0,Low sim=0.094
Types of fluids,Forces acting on fluid,6.23-N-B.E.-Civil-Engineeing-Sem-III-IV.pdf,2093112,Fluid Mechanics,9,1,,0.5383,0.0,0,No signal: sim=0.538 delta=9 kw=0.000
Types of fluids,Navier Stokes Equation,6.23-N-B.E.-Civil-Engineeing-Sem-III-IV.pdf,2093112,Fluid Mechanics,10,1,,0.3047,0.0,0,No signal: sim=0.305 delta=10 kw=0.000
Types of fluids,Integration of Euler’s equations of motion,6.23-N-B.E.-Civil-Engineeing-Sem-III-IV.pdf,2093112,Fluid Mechanics,11,1,,0.0864,0.125,0,Low sim=0.086
Types of fluids,Bernoulli’s Theorem and its derivation,6.23-N-B.E.-Civil-Engineeing-Sem-III-IV.pdf,2093112,Fluid Mechanics,12,1,,0.0544,0.0,0,Low sim=0.054
Types of fluids,Venturimeter and Orificemeter,6.23-N-B.E.-Civil-Engineeing-Sem-III-IV.pdf,2093112,Fluid Mechanics,13,1,,0.1737,0.0,0,Far apart: delta=13 + sim=0.174
Pascal’s law,Measurement of pressure using U tube differential,6.23-N-B.E.-Civil-Engineeing-Sem-III-IV.pdf,2093112,Fluid Mechanics,1,1,,0.0545,0.0,0,Low sim=0.054
Pascal’s law,Hydrostatic force on surfaces,6.23-N-B.E.-Civil-Engineeing-Sem-III-IV.pdf,2093112,Fluid Mechanics,2,1,,-0.0175,0.0,0,Low sim=-0.018
Pascal’s law,Buoyancy and floatation,6.23-N-B.E.-Civil-Engineeing-Sem-III-IV.pdf,2093112,Fluid Mechanics,3,1,,0.1481,0.0,0,Low sim=0.148
Pascal’s law,Meta-Centre,6.23-N-B.E.-Civil-Engineeing-Sem-III-IV.pdf,2093112,Fluid Mechanics,4,1,,-0.0098,0.0,0,Low sim=-0.010
Pascal’s law,Experimental method to find metacentric height,6.23-N-B.E.-Civil-Engineeing-Sem-III-IV.pdf,2093112,Fluid Mechanics,5,1,,-0.0385,0.0,0,Low sim=-0.038
Pascal’s law,Types of fluid flow,6.23-N-B.E.-Civil-Engineeing-Sem-III-IV.pdf,2093112,Fluid Mechanics,6,1,,0.0015,0.0,0,Low sim=0.002
Pascal’s law,Eulerian method,6.23-N-B.E.-Civil-Engineeing-Sem-III-IV.pdf,2093112,Fluid Mechanics,7,1,,0.1226,0.0,0,Low sim=0.123
Pascal’s law,Forces acting on fluid,6.23-N-B.E.-Civil-Engineeing-Sem-III-IV.pdf,2093112,Fluid Mechanics,8,1,,0.1285,0.0,0,Low sim=0.128
Pascal’s law,Navier Stokes Equation,6.23-N-B.E.-Civil-Engineeing-Sem-III-IV.pdf,2093112,Fluid Mechanics,9,1,,-0.0455,0.0,0,Low sim=-0.045
Pascal’s law,Integration of Euler’s equations of motion,6.23-N-B.E.-Civil-Engineeing-Sem-III-IV.pdf,2093112,Fluid Mechanics,10,1,,0.0361,0.125,0,Low sim=0.036
Pascal’s law,Bernoulli’s Theorem and its derivation,6.23-N-B.E.-Civil-Engineeing-Sem-III-IV.pdf,2093112,Fluid Mechanics,11,1,,0.4088,0.125,0,No signal: sim=0.409 delta=11 kw=0.125
Pascal’s law,Venturimeter and Orificemeter,6.23-N-B.E.-Civil-Engineeing-Sem-III-IV.pdf,2093112,Fluid Mechanics,12,1,,0.0635,0.0,0,Low sim=0.064
Measurement of pressure using U tube differential,Hydrostatic force on surfaces,6.23-N-B.E.-Civil-Engineeing-Sem-III-IV.pdf,2093112,Fluid Mechanics,1,1,,0.1552,0.0,0,No signal: sim=0.155 delta=1 kw=0.000
Measurement of pressure using U tube differential,Buoyancy and floatation,6.23-N-B.E.-Civil-Engineeing-Sem-III-IV.pdf,2093112,Fluid Mechanics,2,1,,0.0698,0.0,0,Low sim=0.070
Measurement of pressure using U tube differential,Meta-Centre,6.23-N-B.E.-Civil-Engineeing-Sem-III-IV.pdf,2093112,Fluid Mechanics,3,1,,-0.0706,0.0,0,Low sim=-0.071
Measurement of pressure using U tube differential,Experimental method to find metacentric height,6.23-N-B.E.-Civil-Engineeing-Sem-III-IV.pdf,2093112,Fluid Mechanics,4,1,,0.112,0.0,0,Low sim=0.112
Measurement of pressure using U tube differential,Types of fluid flow,6.23-N-B.E.-Civil-Engineeing-Sem-III-IV.pdf,2093112,Fluid Mechanics,5,1,,0.1772,0.1,0,No signal: sim=0.177 delta=5 kw=0.100
Measurement of pressure using U tube differential,Eulerian method,6.23-N-B.E.-Civil-Engineeing-Sem-III-IV.pdf,2093112,Fluid Mechanics,6,1,,0.161,0.0,0,No signal: sim=0.161 delta=6 kw=0.000
Measurement of pressure using U tube differential,Forces acting on fluid,6.23-N-B.E.-Civil-Engineeing-Sem-III-IV.pdf,2093112,Fluid Mechanics,7,1,,0.2189,0.0,0,No signal: sim=0.219 delta=7 kw=0.000
Measurement of pressure using U tube differential,Navier Stokes Equation,6.23-N-B.E.-Civil-Engineeing-Sem-III-IV.pdf,2093112,Fluid Mechanics,8,1,,0.1624,0.0,0,No signal: sim=0.162 delta=8 kw=0.000
Measurement of pressure using U tube differential,Integration of Euler’s equations of motion,6.23-N-B.E.-Civil-Engineeing-Sem-III-IV.pdf,2093112,Fluid Mechanics,9,1,,0.0974,0.0833,0,Low sim=0.097
Measurement of pressure using U tube differential,Bernoulli’s Theorem and its derivation,6.23-N-B.E.-Civil-Engineeing-Sem-III-IV.pdf,2093112,Fluid Mechanics,10,1,,0.1345,0.0,0,Low sim=0.134
Measurement of pressure using U tube differential,Venturimeter and Orificemeter,6.23-N-B.E.-Civil-Engineeing-Sem-III-IV.pdf,2093112,Fluid Mechanics,11,1,,0.362,0.0,0,No signal: sim=0.362 delta=11 kw=0.000
Hydrostatic force on surfaces,Buoyancy and floatation,6.23-N-B.E.-Civil-Engineeing-Sem-III-IV.pdf,2093112,Fluid Mechanics,1,1,,0.3606,0.0,1,Adjacent topics: delta=1 + sim=0.361
Hydrostatic force on surfaces,Meta-Centre,6.23-N-B.E.-Civil-Engineeing-Sem-III-IV.pdf,2093112,Fluid Mechanics,2,1,,0.0358,0.0,0,Low sim=0.036
Hydrostatic force on surfaces,Experimental method to find metacentric height,6.23-N-B.E.-Civil-Engineeing-Sem-III-IV.pdf,2093112,Fluid Mechanics,3,1,,0.161,0.0,0,No signal: sim=0.161 delta=3 kw=0.000
Hydrostatic force on surfaces,Types of fluid flow,6.23-N-B.E.-Civil-Engineeing-Sem-III-IV.pdf,2093112,Fluid Mechanics,4,1,,0.2469,0.0,0,No signal: sim=0.247 delta=4 kw=0.000
Hydrostatic force on surfaces,Eulerian method,6.23-N-B.E.-Civil-Engineeing-Sem-III-IV.pdf,2093112,Fluid Mechanics,5,1,,0.1274,0.0,0,Low sim=0.127
Hydrostatic force on surfaces,Forces acting on fluid,6.23-N-B.E.-Civil-Engineeing-Sem-III-IV.pdf,2093112,Fluid Mechanics,6,1,,0.631,0.1429,1,High sim=0.631 + delta=6
Hydrostatic force on surfaces,Navier Stokes Equation,6.23-N-B.E.-Civil-Engineeing-Sem-III-IV.pdf,2093112,Fluid Mechanics,7,1,,0.2448,0.0,0,No signal: sim=0.245 delta=7 kw=0.000
Hydrostatic force on surfaces,Integration of Euler’s equations of motion,6.23-N-B.E.-Civil-Engineeing-Sem-III-IV.pdf,2093112,Fluid Mechanics,8,1,,0.1238,0.0,0,Low sim=0.124
Hydrostatic force on surfaces,Bernoulli’s Theorem and its derivation,6.23-N-B.E.-Civil-Engineeing-Sem-III-IV.pdf,2093112,Fluid Mechanics,9,1,,0.1108,0.0,0,Low sim=0.111
Hydrostatic force on surfaces,Venturimeter and Orificemeter,6.23-N-B.E.-Civil-Engineeing-Sem-III-IV.pdf,2093112,Fluid Mechanics,10,1,,0.0078,0.0,0,Low sim=0.008
Buoyancy and floatation,Meta-Centre,6.23-N-B.E.-Civil-Engineeing-Sem-III-IV.pdf,2093112,Fluid Mechanics,1,1,,0.1357,0.0,0,Low sim=0.136
Buoyancy and floatation,Experimental method to find metacentric height,6.23-N-B.E.-Civil-Engineeing-Sem-III-IV.pdf,2093112,Fluid Mechanics,2,1,,0.164,0.0,0,No signal: sim=0.164 delta=2 kw=0.000
Buoyancy and floatation,Types of fluid flow,6.23-N-B.E.-Civil-Engineeing-Sem-III-IV.pdf,2093112,Fluid Mechanics,3,1,,0.2998,0.0,0,No signal: sim=0.300 delta=3 kw=0.000
Buoyancy and floatation,Eulerian method,6.23-N-B.E.-Civil-Engineeing-Sem-III-IV.pdf,2093112,Fluid Mechanics,4,1,,0.0806,0.0,0,Low sim=0.081
Buoyancy and floatation,Forces acting on fluid,6.23-N-B.E.-Civil-Engineeing-Sem-III-IV.pdf,2093112,Fluid Mechanics,5,1,,0.3767,0.0,0,No signal: sim=0.377 delta=5 kw=0.000
Buoyancy and floatation,Navier Stokes Equation,6.23-N-B.E.-Civil-Engineeing-Sem-III-IV.pdf,2093112,Fluid Mechanics,6,1,,0.1863,0.0,0,No signal: sim=0.186 delta=6 kw=0.000
Buoyancy and floatation,Integration of Euler’s equations of motion,6.23-N-B.E.-Civil-Engineeing-Sem-III-IV.pdf,2093112,Fluid Mechanics,7,1,,0.0777,0.0,0,Low sim=0.078
Buoyancy and floatation,Bernoulli’s Theorem and its derivation,6.23-N-B.E.-Civil-Engineeing-Sem-III-IV.pdf,2093112,Fluid Mechanics,8,1,,0.0897,0.125,0,Low sim=0.090
Buoyancy and floatation,Venturimeter and Orificemeter,6.23-N-B.E.-Civil-Engineeing-Sem-III-IV.pdf,2093112,Fluid Mechanics,9,1,,0.1585,0.2,0,No signal: sim=0.159 delta=9 kw=0.200
Meta-Centre,Experimental method to find metacentric height,6.23-N-B.E.-Civil-Engineeing-Sem-III-IV.pdf,2093112,Fluid Mechanics,1,1,,0.2982,0.0,1,Adjacent topics: delta=1 + sim=0.298
Meta-Centre,Types of fluid flow,6.23-N-B.E.-Civil-Engineeing-Sem-III-IV.pdf,2093112,Fluid Mechanics,2,1,,0.0053,0.0,0,Low sim=0.005
Meta-Centre,Eulerian method,6.23-N-B.E.-Civil-Engineeing-Sem-III-IV.pdf,2093112,Fluid Mechanics,3,1,,-0.0286,0.0,0,Low sim=-0.029
Meta-Centre,Forces acting on fluid,6.23-N-B.E.-Civil-Engineeing-Sem-III-IV.pdf,2093112,Fluid Mechanics,4,1,,0.0332,0.0,0,Low sim=0.033
Meta-Centre,Navier Stokes Equation,6.23-N-B.E.-Civil-Engineeing-Sem-III-IV.pdf,2093112,Fluid Mechanics,5,1,,-0.0101,0.0,0,Low sim=-0.010
Meta-Centre,Integration of Euler’s equations of motion,6.23-N-B.E.-Civil-Engineeing-Sem-III-IV.pdf,2093112,Fluid Mechanics,6,1,,-0.0357,0.0,0,Low sim=-0.036
Meta-Centre,Bernoulli’s Theorem and its derivation,6.23-N-B.E.-Civil-Engineeing-Sem-III-IV.pdf,2093112,Fluid Mechanics,7,1,,-0.0232,0.0,0,Low sim=-0.023
Meta-Centre,Venturimeter and Orificemeter,6.23-N-B.E.-Civil-Engineeing-Sem-III-IV.pdf,2093112,Fluid Mechanics,8,1,,-0.0185,0.0,0,Low sim=-0.019
Experimental method to find metacentric height,Types of fluid flow,6.23-N-B.E.-Civil-Engineeing-Sem-III-IV.pdf,2093112,Fluid Mechanics,1,1,,0.0078,0.0,0,Low sim=0.008
Experimental method to find metacentric height,Eulerian method,6.23-N-B.E.-Civil-Engineeing-Sem-III-IV.pdf,2093112,Fluid Mechanics,2,1,,0.1613,0.1429,0,No signal: sim=0.161 delta=2 kw=0.143
Experimental method to find metacentric height,Forces acting on fluid,6.23-N-B.E.-Civil-Engineeing-Sem-III-IV.pdf,2093112,Fluid Mechanics,3,1,,0.0231,0.0,0,Low sim=0.023
Experimental method to find metacentric height,Navier Stokes Equation,6.23-N-B.E.-Civil-Engineeing-Sem-III-IV.pdf,2093112,Fluid Mechanics,4,1,,0.0154,0.0,0,Low sim=0.015
Experimental method to find metacentric height,Integration of Euler’s equations of motion,6.23-N-B.E.-Civil-Engineeing-Sem-III-IV.pdf,2093112,Fluid Mechanics,5,1,,0.0714,0.0,0,Low sim=0.071
Experimental method to find metacentric height,Bernoulli’s Theorem and its derivation,6.23-N-B.E.-Civil-Engineeing-Sem-III-IV.pdf,2093112,Fluid Mechanics,6,1,,-0.045,0.0,0,Low sim=-0.045
Experimental method to find metacentric height,Venturimeter and Orificemeter,6.23-N-B.E.-Civil-Engineeing-Sem-III-IV.pdf,2093112,Fluid Mechanics,7,1,,0.084,0.0,0,Low sim=0.084
Types of fluid flow,Eulerian method,6.23-N-B.E.-Civil-Engineeing-Sem-III-IV.pdf,2093112,Fluid Mechanics,1,1,,0.1576,0.0,0,No signal: sim=0.158 delta=1 kw=0.000
Types of fluid flow,Forces acting on fluid,6.23-N-B.E.-Civil-Engineeing-Sem-III-IV.pdf,2093112,Fluid Mechanics,2,1,,0.4979,0.1429,1,sim=0.498>=0.45 + delta=2<=5
Types of fluid flow,Navier Stokes Equation,6.23-N-B.E.-Civil-Engineeing-Sem-III-IV.pdf,2093112,Fluid Mechanics,3,1,,0.3494,0.0,1,Foundational kw + sim=0.349 + delta=3
Types of fluid flow,Integration of Euler’s equations of motion,6.23-N-B.E.-Civil-Engineeing-Sem-III-IV.pdf,2093112,Fluid Mechanics,4,1,,0.1253,0.1111,0,Low sim=0.125
Types of fluid flow,Bernoulli’s Theorem and its derivation,6.23-N-B.E.-Civil-Engineeing-Sem-III-IV.pdf,2093112,Fluid Mechanics,5,1,,0.1276,0.0,0,Low sim=0.128
Types of fluid flow,Venturimeter and Orificemeter,6.23-N-B.E.-Civil-Engineeing-Sem-III-IV.pdf,2093112,Fluid Mechanics,6,1,,0.2808,0.0,1,Foundational kw + sim=0.281 + delta=6
Eulerian method,Forces acting on fluid,6.23-N-B.E.-Civil-Engineeing-Sem-III-IV.pdf,2093112,Fluid Mechanics,1,1,,0.0986,0.0,0,Low sim=0.099
Eulerian method,Navier Stokes Equation,6.23-N-B.E.-Civil-Engineeing-Sem-III-IV.pdf,2093112,Fluid Mechanics,2,1,,0.2771,0.0,1,Adjacent topics: delta=2 + sim=0.277
Eulerian method,Integration of Euler’s equations of motion,6.23-N-B.E.-Civil-Engineeing-Sem-III-IV.pdf,2093112,Fluid Mechanics,3,1,,0.5647,0.0,1,sim=0.565>=0.45 + delta=3<=5
Eulerian method,Bernoulli’s Theorem and its derivation,6.23-N-B.E.-Civil-Engineeing-Sem-III-IV.pdf,2093112,Fluid Mechanics,4,1,,0.2425,0.0,0,No signal: sim=0.243 delta=4 kw=0.000
Eulerian method,Venturimeter and Orificemeter,6.23-N-B.E.-Civil-Engineeing-Sem-III-IV.pdf,2093112,Fluid Mechanics,5,1,,0.079,0.0,0,Low sim=0.079
Forces acting on fluid,Navier Stokes Equation,6.23-N-B.E.-Civil-Engineeing-Sem-III-IV.pdf,2093112,Fluid Mechanics,1,1,,0.339,0.0,1,Adjacent topics: delta=1 + sim=0.339
Forces acting on fluid,Integration of Euler’s equations of motion,6.23-N-B.E.-Civil-Engineeing-Sem-III-IV.pdf,2093112,Fluid Mechanics,2,1,,0.1964,0.0,0,No signal: sim=0.196 delta=2 kw=0.000
Forces acting on fluid,Bernoulli’s Theorem and its derivation,6.23-N-B.E.-Civil-Engineeing-Sem-III-IV.pdf,2093112,Fluid Mechanics,3,1,,0.1511,0.0,0,No signal: sim=0.151 delta=3 kw=0.000
Forces acting on fluid,Venturimeter and Orificemeter,6.23-N-B.E.-Civil-Engineeing-Sem-III-IV.pdf,2093112,Fluid Mechanics,4,1,,0.1397,0.0,0,Low sim=0.140
Navier Stokes Equation,Integration of Euler’s equations of motion,6.23-N-B.E.-Civil-Engineeing-Sem-III-IV.pdf,2093112,Fluid Mechanics,1,1,,0.2866,0.0,1,Adjacent topics: delta=1 + sim=0.287
Navier Stokes Equation,Bernoulli’s Theorem and its derivation,6.23-N-B.E.-Civil-Engineeing-Sem-III-IV.pdf,2093112,Fluid Mechanics,2,1,,0.0685,0.0,0,Low sim=0.068
Navier Stokes Equation,Venturimeter and Orificemeter,6.23-N-B.E.-Civil-Engineeing-Sem-III-IV.pdf,2093112,Fluid Mechanics,3,1,,0.1703,0.0,0,No signal: sim=0.170 delta=3 kw=0.000
Integration of Euler’s equations of motion,Bernoulli’s Theorem and its derivation,6.23-N-B.E.-Civil-Engineeing-Sem-III-IV.pdf,2093112,Fluid Mechanics,1,1,,0.223,0.0909,1,Adjacent topics: delta=1 + sim=0.223
Integration of Euler’s equations of motion,Venturimeter and Orificemeter,6.23-N-B.E.-Civil-Engineeing-Sem-III-IV.pdf,2093112,Fluid Mechanics,2,1,,0.057,0.0,0,Low sim=0.057
Bernoulli’s Theorem and its derivation,Venturimeter and Orificemeter,6.23-N-B.E.-Civil-Engineeing-Sem-III-IV.pdf,2093112,Fluid Mechanics,1,1,,0.0545,0.125,0,Low sim=0.054
Building Materials-1,Stones: Classification and properties of building stones,6.23-N-B.E.-Civil-Engineeing-Sem-III-IV.pdf,2093113,Building Materials and Concrete,1,1,,0.4643,0.125,1,sim=0.464>=0.45 + delta=1<=5
Building Materials-1,Bricks and Blocks: Burnt clay bricks: raw materials,6.23-N-B.E.-Civil-Engineeing-Sem-III-IV.pdf,2093113,Building Materials and Concrete,2,1,,0.4313,0.1111,1,Adjacent topics: delta=2 + sim=0.431
Building Materials-1,Autoclaved Aerated Concrete (AAC) blocks,6.23-N-B.E.-Civil-Engineeing-Sem-III-IV.pdf,2093113,Building Materials and Concrete,3,1,,0.2461,0.0,0,No signal: sim=0.246 delta=3 kw=0.000
Building Materials-1,Light Weight Concrete (CLC) blocks and ceramic tiles,6.23-N-B.E.-Civil-Engineeing-Sem-III-IV.pdf,2093113,Building Materials and Concrete,4,1,,0.3392,0.0,0,No signal: sim=0.339 delta=4 kw=0.000
Building Materials-1,Timber: Types of natural wood and artificial wood,6.23-N-B.E.-Civil-Engineeing-Sem-III-IV.pdf,2093113,Building Materials and Concrete,5,1,,0.3254,0.0,0,No signal: sim=0.325 delta=5 kw=0.000
Building Materials-1,Building Materials-2,6.23-N-B.E.-Civil-Engineeing-Sem-III-IV.pdf,2093113,Building Materials and Concrete,6,1,,0.9371,0.5,1,High sim=0.937 + delta=6
Building Materials-1,Classification and bonding of stone. Masonry finishes,6.23-N-B.E.-Civil-Engineeing-Sem-III-IV.pdf,2093113,Building Materials and Concrete,7,1,,0.4159,0.0,0,No signal: sim=0.416 delta=7 kw=0.000
Building Materials-1,Classification and bonding of Bricks,6.23-N-B.E.-Civil-Engineeing-Sem-III-IV.pdf,2093113,Building Materials and Concrete,8,1,,0.4398,0.0,0,No signal: sim=0.440 delta=8 kw=0.000
Building Materials-1,Damp proofing,6.23-N-B.E.-Civil-Engineeing-Sem-III-IV.pdf,2093113,Building Materials and Concrete,9,1,,0.2094,0.0,0,No signal: sim=0.209 delta=9 kw=0.000
Building Materials-1,Constituents of Concrete,6.23-N-B.E.-Civil-Engineeing-Sem-III-IV.pdf,2093113,Building Materials and Concrete,10,1,,0.4163,0.0,0,No signal: sim=0.416 delta=10 kw=0.000
Building Materials-1,Fine and Coarse Aggregates: Classification,6.23-N-B.E.-Civil-Engineeing-Sem-III-IV.pdf,2093113,Building Materials and Concrete,11,1,,0.2511,0.0,0,No signal: sim=0.251 delta=11 kw=0.000
Building Materials-1,Alkali  aggregate  reaction,6.23-N-B.E.-Civil-Engineeing-Sem-III-IV.pdf,2093113,Building Materials and Concrete,12,1,,0.1685,0.0,0,Far apart: delta=12 + sim=0.169
Stones: Classification and properties of building stones,Bricks and Blocks: Burnt clay bricks: raw materials,6.23-N-B.E.-Civil-Engineeing-Sem-III-IV.pdf,2093113,Building Materials and Concrete,1,1,,0.4402,0.0833,1,Foundational kw + sim=0.440 + delta=1
Stones: Classification and properties of building stones,Autoclaved Aerated Concrete (AAC) blocks,6.23-N-B.E.-Civil-Engineeing-Sem-III-IV.pdf,2093113,Building Materials and Concrete,2,1,,0.1924,0.0,0,No signal: sim=0.192 delta=2 kw=0.000
Stones: Classification and properties of building stones,Light Weight Concrete (CLC) blocks and ceramic tiles,6.23-N-B.E.-Civil-Engineeing-Sem-III-IV.pdf,2093113,Building Materials and Concrete,3,1,,0.376,0.0769,1,Foundational kw + sim=0.376 + delta=3
Stones: Classification and properties of building stones,Timber: Types of natural wood and artificial wood,6.23-N-B.E.-Civil-Engineeing-Sem-III-IV.pdf,2093113,Building Materials and Concrete,4,1,,0.3319,0.1818,1,Foundational kw + sim=0.332 + delta=4
Stones: Classification and properties of building stones,Building Materials-2,6.23-N-B.E.-Civil-Engineeing-Sem-III-IV.pdf,2093113,Building Materials and Concrete,5,1,,0.4764,0.125,1,sim=0.476>=0.45 + delta=5<=5
Stones: Classification and properties of building stones,Classification and bonding of stone. Masonry finishes,6.23-N-B.E.-Civil-Engineeing-Sem-III-IV.pdf,2093113,Building Materials and Concrete,6,1,,0.7057,0.3,1,High sim=0.706 + delta=6
Stones: Classification and properties of building stones,Classification and bonding of Bricks,6.23-N-B.E.-Civil-Engineeing-Sem-III-IV.pdf,2093113,Building Materials and Concrete,7,1,,0.4058,0.375,1,Foundational kw + sim=0.406 + delta=7
Stones: Classification and properties of building stones,Damp proofing,6.23-N-B.E.-Civil-Engineeing-Sem-III-IV.pdf,2093113,Building Materials and Concrete,8,1,,0.1053,0.0,0,Low sim=0.105
Stones: Classification and properties of building stones,Constituents of Concrete,6.23-N-B.E.-Civil-Engineeing-Sem-III-IV.pdf,2093113,Building Materials and Concrete,9,1,,0.3631,0.125,0,No signal: sim=0.363 delta=9 kw=0.125
Stones: Classification and properties of building stones,Fine and Coarse Aggregates: Classification,6.23-N-B.E.-Civil-Engineeing-Sem-III-IV.pdf,2093113,Building Materials and Concrete,10,1,,0.1859,0.2222,0,No signal: sim=0.186 delta=10 kw=0.222
Stones: Classification and properties of building stones,Alkali  aggregate  reaction,6.23-N-B.E.-Civil-Engineeing-Sem-III-IV.pdf,2093113,Building Materials and Concrete,11,1,,0.0479,0.0,0,Low sim=0.048
Bricks and Blocks: Burnt clay bricks: raw materials,Autoclaved Aerated Concrete (AAC) blocks,6.23-N-B.E.-Civil-Engineeing-Sem-III-IV.pdf,2093113,Building Materials and Concrete,1,1,,0.2168,0.0909,1,Adjacent topics: delta=1 + sim=0.217
Bricks and Blocks: Burnt clay bricks: raw materials,Light Weight Concrete (CLC) blocks and ceramic tiles,6.23-N-B.E.-Civil-Engineeing-Sem-III-IV.pdf,2093113,Building Materials and Concrete,2,1,,0.3625,0.1538,1,Adjacent topics: delta=2 + sim=0.363
Bricks and Blocks: Burnt clay bricks: raw materials,Timber: Types of natural wood and artificial wood,6.23-N-B.E.-Civil-Engineeing-Sem-III-IV.pdf,2093113,Building Materials and Concrete,3,1,,0.3624,0.0769,0,No signal: sim=0.362 delta=3 kw=0.077
Bricks and Blocks: Burnt clay bricks: raw materials,Building Materials-2,6.23-N-B.E.-Civil-Engineeing-Sem-III-IV.pdf,2093113,Building Materials and Concrete,4,1,,0.4338,0.1111,0,No signal: sim=0.434 delta=4 kw=0.111
Bricks and Blocks: Burnt clay bricks: raw materials,Classification and bonding of stone. Masonry finishes,6.23-N-B.E.-Civil-Engineeing-Sem-III-IV.pdf,2093113,Building Materials and Concrete,5,1,,0.4343,0.0769,0,No signal: sim=0.434 delta=5 kw=0.077
Bricks and Blocks: Burnt clay bricks: raw materials,Classification and bonding of Bricks,6.23-N-B.E.-Civil-Engineeing-Sem-III-IV.pdf,2093113,Building Materials and Concrete,6,1,,0.5346,0.2,0,No signal: sim=0.535 delta=6 kw=0.200
Bricks and Blocks: Burnt clay bricks: raw materials,Damp proofing,6.23-N-B.E.-Civil-Engineeing-Sem-III-IV.pdf,2093113,Building Materials and Concrete,7,1,,0.0516,0.0,0,Low sim=0.052
Bricks and Blocks: Burnt clay bricks: raw materials,Constituents of Concrete,6.23-N-B.E.-Civil-Engineeing-Sem-III-IV.pdf,2093113,Building Materials and Concrete,8,1,,0.3456,0.0,0,No signal: sim=0.346 delta=8 kw=0.000
Bricks and Blocks: Burnt clay bricks: raw materials,Fine and Coarse Aggregates: Classification,6.23-N-B.E.-Civil-Engineeing-Sem-III-IV.pdf,2093113,Building Materials and Concrete,9,1,,0.1196,0.0909,0,Low sim=0.120
Bricks and Blocks: Burnt clay bricks: raw materials,Alkali  aggregate  reaction,6.23-N-B.E.-Civil-Engineeing-Sem-III-IV.pdf,2093113,Building Materials and Concrete,10,1,,0.0978,0.0,0,Low sim=0.098
Autoclaved Aerated Concrete (AAC) blocks,Light Weight Concrete (CLC) blocks and ceramic tiles,6.23-N-B.E.-Civil-Engineeing-Sem-III-IV.pdf,2093113,Building Materials and Concrete,1,1,,0.4484,0.1818,1,Adjacent topics: delta=1 + sim=0.448
Autoclaved Aerated Concrete (AAC) blocks,Timber: Types of natural wood and artificial wood,6.23-N-B.E.-Civil-Engineeing-Sem-III-IV.pdf,2093113,Building Materials and Concrete,2,1,,0.1083,0.0,0,Low sim=0.108
Autoclaved Aerated Concrete (AAC) blocks,Building Materials-2,6.23-N-B.E.-Civil-Engineeing-Sem-III-IV.pdf,2093113,Building Materials and Concrete,3,1,,0.2496,0.0,0,No signal: sim=0.250 delta=3 kw=0.000
Autoclaved Aerated Concrete (AAC) blocks,Classification and bonding of stone. Masonry finishes,6.23-N-B.E.-Civil-Engineeing-Sem-III-IV.pdf,2093113,Building Materials and Concrete,4,1,,0.3418,0.0,0,No signal: sim=0.342 delta=4 kw=0.000
Autoclaved Aerated Concrete (AAC) blocks,Classification and bonding of Bricks,6.23-N-B.E.-Civil-Engineeing-Sem-III-IV.pdf,2093113,Building Materials and Concrete,5,1,,0.3033,0.0,0,No signal: sim=0.303 delta=5 kw=0.000
Autoclaved Aerated Concrete (AAC) blocks,Damp proofing,6.23-N-B.E.-Civil-Engineeing-Sem-III-IV.pdf,2093113,Building Materials and Concrete,6,1,,0.2016,0.0,0,No signal: sim=0.202 delta=6 kw=0.000
Autoclaved Aerated Concrete (AAC) blocks,Constituents of Concrete,6.23-N-B.E.-Civil-Engineeing-Sem-III-IV.pdf,2093113,Building Materials and Concrete,7,1,,0.3498,0.1429,0,No signal: sim=0.350 delta=7 kw=0.143
Autoclaved Aerated Concrete (AAC) blocks,Fine and Coarse Aggregates: Classification,6.23-N-B.E.-Civil-Engineeing-Sem-III-IV.pdf,2093113,Building Materials and Concrete,8,1,,0.0747,0.0,0,Low sim=0.075
Autoclaved Aerated Concrete (AAC) blocks,Alkali  aggregate  reaction,6.23-N-B.E.-Civil-Engineeing-Sem-III-IV.pdf,2093113,Building Materials and Concrete,9,1,,0.2685,0.0,0,No signal: sim=0.269 delta=9 kw=0.000
Light Weight Concrete (CLC) blocks and ceramic tiles,Timber: Types of natural wood and artificial wood,6.23-N-B.E.-Civil-Engineeing-Sem-III-IV.pdf,2093113,Building Materials and Concrete,1,1,,0.149,0.0714,0,Low sim=0.149
Light Weight Concrete (CLC) blocks and ceramic tiles,Building Materials-2,6.23-N-B.E.-Civil-Engineeing-Sem-III-IV.pdf,2093113,Building Materials and Concrete,2,1,,0.3444,0.0,1,Adjacent topics: delta=2 + sim=0.344
Light Weight Concrete (CLC) blocks and ceramic tiles,Classification and bonding of stone. Masonry finishes,6.23-N-B.E.-Civil-Engineeing-Sem-III-IV.pdf,2093113,Building Materials and Concrete,3,1,,0.4103,0.0714,0,No signal: sim=0.410 delta=3 kw=0.071
Light Weight Concrete (CLC) blocks and ceramic tiles,Classification and bonding of Bricks,6.23-N-B.E.-Civil-Engineeing-Sem-III-IV.pdf,2093113,Building Materials and Concrete,4,1,,0.3805,0.0833,0,No signal: sim=0.380 delta=4 kw=0.083
Light Weight Concrete (CLC) blocks and ceramic tiles,Damp proofing,6.23-N-B.E.-Civil-Engineeing-Sem-III-IV.pdf,2093113,Building Materials and Concrete,5,1,,0.1561,0.0,0,No signal: sim=0.156 delta=5 kw=0.000
Light Weight Concrete (CLC) blocks and ceramic tiles,Constituents of Concrete,6.23-N-B.E.-Civil-Engineeing-Sem-III-IV.pdf,2093113,Building Materials and Concrete,6,1,,0.4344,0.1,0,No signal: sim=0.434 delta=6 kw=0.100
Light Weight Concrete (CLC) blocks and ceramic tiles,Fine and Coarse Aggregates: Classification,6.23-N-B.E.-Civil-Engineeing-Sem-III-IV.pdf,2093113,Building Materials and Concrete,7,1,,0.0649,0.0833,0,Low sim=0.065
Light Weight Concrete (CLC) blocks and ceramic tiles,Alkali  aggregate  reaction,6.23-N-B.E.-Civil-Engineeing-Sem-III-IV.pdf,2093113,Building Materials and Concrete,8,1,,0.1215,0.0,0,Low sim=0.122
Timber: Types of natural wood and artificial wood,Building Materials-2,6.23-N-B.E.-Civil-Engineeing-Sem-III-IV.pdf,2093113,Building Materials and Concrete,1,1,,0.351,0.0,1,Foundational kw + sim=0.351 + delta=1
Timber: Types of natural wood and artificial wood,Classification and bonding of stone. Masonry finishes,6.23-N-B.E.-Civil-Engineeing-Sem-III-IV.pdf,2093113,Building Materials and Concrete,2,1,,0.2498,0.1667,1,Adjacent topics: delta=2 + sim=0.250
Timber: Types of natural wood and artificial wood,Classification and bonding of Bricks,6.23-N-B.E.-Civil-Engineeing-Sem-III-IV.pdf,2093113,Building Materials and Concrete,3,1,,0.2398,0.2,0,No signal: sim=0.240 delta=3 kw=0.200
Timber: Types of natural wood and artificial wood,Damp proofing,6.23-N-B.E.-Civil-Engineeing-Sem-III-IV.pdf,2093113,Building Materials and Concrete,4,1,,0.0105,0.0,0,Low sim=0.010
Timber: Types of natural wood and artificial wood,Constituents of Concrete,6.23-N-B.E.-Civil-Engineeing-Sem-III-IV.pdf,2093113,Building Materials and Concrete,5,1,,0.2145,0.1111,0,No signal: sim=0.214 delta=5 kw=0.111
Timber: Types of natural wood and artificial wood,Fine and Coarse Aggregates: Classification,6.23-N-B.E.-Civil-Engineeing-Sem-III-IV.pdf,2093113,Building Materials and Concrete,6,1,,0.1854,0.0909,0,No signal: sim=0.185 delta=6 kw=0.091
Timber: Types of natural wood and artificial wood,Alkali  aggregate  reaction,6.23-N-B.E.-Civil-Engineeing-Sem-III-IV.pdf,2093113,Building Materials and Concrete,7,1,,0.0275,0.0,0,Low sim=0.027
Building Materials-2,Classification and bonding of stone. Masonry finishes,6.23-N-B.E.-Civil-Engineeing-Sem-III-IV.pdf,2093113,Building Materials and Concrete,1,1,,0.4222,0.0,1,Adjacent topics: delta=1 + sim=0.422
Building Materials-2,Classification and bonding of Bricks,6.23-N-B.E.-Civil-Engineeing-Sem-III-IV.pdf,2093113,Building Materials and Concrete,2,1,,0.4314,0.0,1,Adjacent topics: delta=2 + sim=0.431
Building Materials-2,Damp proofing,6.23-N-B.E.-Civil-Engineeing-Sem-III-IV.pdf,2093113,Building Materials and Concrete,3,1,,0.2031,0.0,0,No signal: sim=0.203 delta=3 kw=0.000
Building Materials-2,Constituents of Concrete,6.23-N-B.E.-Civil-Engineeing-Sem-III-IV.pdf,2093113,Building Materials and Concrete,4,1,,0.4161,0.0,0,No signal: sim=0.416 delta=4 kw=0.000
Building Materials-2,Fine and Coarse Aggregates: Classification,6.23-N-B.E.-Civil-Engineeing-Sem-III-IV.pdf,2093113,Building Materials and Concrete,5,1,,0.2237,0.0,0,No signal: sim=0.224 delta=5 kw=0.000
Building Materials-2,Alkali  aggregate  reaction,6.23-N-B.E.-Civil-Engineeing-Sem-III-IV.pdf,2093113,Building Materials and Concrete,6,1,,0.1847,0.0,0,No signal: sim=0.185 delta=6 kw=0.000
Classification and bonding of stone. Masonry finishes,Classification and bonding of Bricks,6.23-N-B.E.-Civil-Engineeing-Sem-III-IV.pdf,2093113,Building Materials and Concrete,1,1,,0.6661,0.5,1,High sim=0.666 + delta=1
Classification and bonding of stone. Masonry finishes,Damp proofing,6.23-N-B.E.-Civil-Engineeing-Sem-III-IV.pdf,2093113,Building Materials and Concrete,2,1,,0.1288,0.0,0,Low sim=0.129
Classification and bonding of stone. Masonry finishes,Constituents of Concrete,6.23-N-B.E.-Civil-Engineeing-Sem-III-IV.pdf,2093113,Building Materials and Concrete,3,1,,0.4169,0.1111,1,Foundational kw + sim=0.417 + delta=3
Classification and bonding of stone. Masonry finishes,Fine and Coarse Aggregates: Classification,6.23-N-B.E.-Civil-Engineeing-Sem-III-IV.pdf,2093113,Building Materials and Concrete,4,1,,0.1813,0.2,0,No signal: sim=0.181 delta=4 kw=0.200
Classification and bonding of stone. Masonry finishes,Alkali  aggregate  reaction,6.23-N-B.E.-Civil-Engineeing-Sem-III-IV.pdf,2093113,Building Materials and Concrete,5,1,,0.2075,0.0,0,No signal: sim=0.207 delta=5 kw=0.000
Classification and bonding of Bricks,Damp proofing,6.23-N-B.E.-Civil-Engineeing-Sem-III-IV.pdf,2093113,Building Materials and Concrete,1,1,,0.1477,0.0,0,Low sim=0.148
Classification and bonding of Bricks,Constituents of Concrete,6.23-N-B.E.-Civil-Engineeing-Sem-III-IV.pdf,2093113,Building Materials and Concrete,2,1,,0.4397,0.1429,1,Foundational kw + sim=0.440 + delta=2
Classification and bonding of Bricks,Fine and Coarse Aggregates: Classification,6.23-N-B.E.-Civil-Engineeing-Sem-III-IV.pdf,2093113,Building Materials and Concrete,3,1,,0.2501,0.25,1,Foundational kw + sim=0.250 + delta=3
Classification and bonding of Bricks,Alkali  aggregate  reaction,6.23-N-B.E.-Civil-Engineeing-Sem-III-IV.pdf,2093113,Building Materials and Concrete,4,1,,0.1711,0.0,0,No signal: sim=0.171 delta=4 kw=0.000
Damp proofing,Constituents of Concrete,6.23-N-B.E.-Civil-Engineeing-Sem-III-IV.pdf,2093113,Building Materials and Concrete,1,1,,0.1075,0.0,0,Low sim=0.108
Damp proofing,Fine and Coarse Aggregates: Classification,6.23-N-B.E.-Civil-Engineeing-Sem-III-IV.pdf,2093113,Building Materials and Concrete,2,1,,0.1034,0.0,0,Low sim=0.103
Damp proofing,Alkali  aggregate  reaction,6.23-N-B.E.-Civil-Engineeing-Sem-III-IV.pdf,2093113,Building Materials and Concrete,3,1,,0.0381,0.0,0,Low sim=0.038
Constituents of Concrete,Fine and Coarse Aggregates: Classification,6.23-N-B.E.-Civil-Engineeing-Sem-III-IV.pdf,2093113,Building Materials and Concrete,1,1,,0.2184,0.0,1,Adjacent topics: delta=1 + sim=0.218
Constituents of Concrete,Alkali  aggregate  reaction,6.23-N-B.E.-Civil-Engineeing-Sem-III-IV.pdf,2093113,Building Materials and Concrete,2,1,,0.335,0.0,1,Adjacent topics: delta=2 + sim=0.335
Fine and Coarse Aggregates: Classification,Alkali  aggregate  reaction,6.23-N-B.E.-Civil-Engineeing-Sem-III-IV.pdf,2093113,Building Materials and Concrete,1,1,,0.2475,0.0,1,Adjacent topics: delta=1 + sim=0.248
Stresses and Strains in Elastic members,Types of Stresses and Strains,6.23-N-B.E.-Civil-Engineeing-Sem-III-IV.pdf,2093114,Mechanics of Structures,1,1,,0.7699,0.375,1,High sim=0.770 + delta=1
Stresses and Strains in Elastic members,Three-dimensional stress and strain,6.23-N-B.E.-Civil-Engineeing-Sem-III-IV.pdf,2093114,Mechanics of Structures,2,1,,0.7001,0.1,1,High sim=0.700 + delta=2
Stresses and Strains in Elastic members,Poisson’s ratio,6.23-N-B.E.-Civil-Engineeing-Sem-III-IV.pdf,2093114,Mechanics of Structures,3,1,,0.1065,0.0,0,Low sim=0.106
Stresses and Strains in Elastic members,Bars of varying sections,6.23-N-B.E.-Civil-Engineeing-Sem-III-IV.pdf,2093114,Mechanics of Structures,4,1,,0.2692,0.0,0,No signal: sim=0.269 delta=4 kw=0.000
Stresses and Strains in Elastic members,Analysis of beams and portal frames,6.23-N-B.E.-Civil-Engineeing-Sem-III-IV.pdf,2093114,Mechanics of Structures,5,1,,0.1423,0.0909,0,Low sim=0.142
Stresses and Strains in Elastic members,Concept of Axial Force,6.23-N-B.E.-Civil-Engineeing-Sem-III-IV.pdf,2093114,Mechanics of Structures,6,1,,0.2016,0.0,0,No signal: sim=0.202 delta=6 kw=0.000
Stresses and Strains in Elastic members,SF and BM Diagrams for statically determinate beams,6.23-N-B.E.-Civil-Engineeing-Sem-III-IV.pdf,2093114,Mechanics of Structures,7,1,,0.2119,0.0769,0,No signal: sim=0.212 delta=7 kw=0.077
Stresses and Strains in Elastic members,SF and BM Diagrams for statically determinate three,6.23-N-B.E.-Civil-Engineeing-Sem-III-IV.pdf,2093114,Mechanics of Structures,8,1,,0.1517,0.0769,0,No signal: sim=0.152 delta=8 kw=0.077
Stresses and Strains in Elastic members,"Area moment of inertia, Bending and Shear stresses in beams",6.23-N-B.E.-Civil-Engineeing-Sem-III-IV.pdf,2093114,Mechanics of Structures,9,1,,0.4492,0.2308,0,No signal: sim=0.449 delta=9 kw=0.231
Stresses and Strains in Elastic members,Area moment of inertia,6.23-N-B.E.-Civil-Engineeing-Sem-III-IV.pdf,2093114,Mechanics of Structures,10,1,,0.1246,0.0,0,Low sim=0.125
Stresses and Strains in Elastic members,Torsion in Shafts and Stresses in Columns,6.23-N-B.E.-Civil-Engineeing-Sem-III-IV.pdf,2093114,Mechanics of Structures,11,1,,0.4532,0.3333,0,No signal: sim=0.453 delta=11 kw=0.333
Stresses and Strains in Elastic members,Torsion in solid and hollow circular shafts,6.23-N-B.E.-Civil-Engineeing-Sem-III-IV.pdf,2093114,Mechanics of Structures,12,1,,0.2791,0.1818,0,Far apart: delta=12 + sim=0.279
Stresses and Strains in Elastic members,Direct and bending stresses in columns,6.23-N-B.E.-Civil-Engineeing-Sem-III-IV.pdf,2093114,Mechanics of Structures,13,1,,0.543,0.3333,0,No signal: sim=0.543 delta=13 kw=0.333
Stresses and Strains in Elastic members,Core of section,6.23-N-B.E.-Civil-Engineeing-Sem-III-IV.pdf,2093114,Mechanics of Structures,14,1,,0.2258,0.0,0,Far apart: delta=14 + sim=0.226
Types of Stresses and Strains,Three-dimensional stress and strain,6.23-N-B.E.-Civil-Engineeing-Sem-III-IV.pdf,2093114,Mechanics of Structures,1,1,,0.6842,0.1111,1,High sim=0.684 + delta=1
Types of Stresses and Strains,Poisson’s ratio,6.23-N-B.E.-Civil-Engineeing-Sem-III-IV.pdf,2093114,Mechanics of Structures,2,1,,0.0562,0.0,0,Low sim=0.056
Types of Stresses and Strains,Bars of varying sections,6.23-N-B.E.-Civil-Engineeing-Sem-III-IV.pdf,2093114,Mechanics of Structures,3,1,,0.2358,0.125,0,No signal: sim=0.236 delta=3 kw=0.125
Types of Stresses and Strains,Analysis of beams and portal frames,6.23-N-B.E.-Civil-Engineeing-Sem-III-IV.pdf,2093114,Mechanics of Structures,4,1,,0.0505,0.2222,0,Low sim=0.051
Types of Stresses and Strains,Concept of Axial Force,6.23-N-B.E.-Civil-Engineeing-Sem-III-IV.pdf,2093114,Mechanics of Structures,5,1,,0.1654,0.125,0,No signal: sim=0.165 delta=5 kw=0.125
Types of Stresses and Strains,SF and BM Diagrams for statically determinate beams,6.23-N-B.E.-Civil-Engineeing-Sem-III-IV.pdf,2093114,Mechanics of Structures,6,1,,0.1892,0.0833,0,No signal: sim=0.189 delta=6 kw=0.083
Types of Stresses and Strains,SF and BM Diagrams for statically determinate three,6.23-N-B.E.-Civil-Engineeing-Sem-III-IV.pdf,2093114,Mechanics of Structures,7,1,,0.1954,0.0833,0,No signal: sim=0.195 delta=7 kw=0.083
Types of Stresses and Strains,"Area moment of inertia, Bending and Shear stresses in beams",6.23-N-B.E.-Civil-Engineeing-Sem-III-IV.pdf,2093114,Mechanics of Structures,8,1,,0.3202,0.25,1,Foundational kw + sim=0.320 + delta=8
Types of Stresses and Strains,Area moment of inertia,6.23-N-B.E.-Civil-Engineeing-Sem-III-IV.pdf,2093114,Mechanics of Structures,9,1,,0.0248,0.125,0,Low sim=0.025
Types of Stresses and Strains,Torsion in Shafts and Stresses in Columns,6.23-N-B.E.-Civil-Engineeing-Sem-III-IV.pdf,2093114,Mechanics of Structures,10,1,,0.3997,0.2222,0,No signal: sim=0.400 delta=10 kw=0.222
Types of Stresses and Strains,Torsion in solid and hollow circular shafts,6.23-N-B.E.-Civil-Engineeing-Sem-III-IV.pdf,2093114,Mechanics of Structures,11,1,,0.2009,0.0909,0,No signal: sim=0.201 delta=11 kw=0.091
Types of Stresses and Strains,Direct and bending stresses in columns,6.23-N-B.E.-Civil-Engineeing-Sem-III-IV.pdf,2093114,Mechanics of Structures,12,1,,0.5269,0.2222,0,No signal: sim=0.527 delta=12 kw=0.222
Types of Stresses and Strains,Core of section,6.23-N-B.E.-Civil-Engineeing-Sem-III-IV.pdf,2093114,Mechanics of Structures,13,1,,0.2057,0.1429,0,Far apart: delta=13 + sim=0.206
Types of Stresses and Strains,Buckling of Columns,6.23-N-B.E.-Civil-Engineeing-Sem-III-IV.pdf,2093114,Mechanics of Structures,14,1,,0.1598,0.1429,0,Far apart: delta=14 + sim=0.160
Three-dimensional stress and strain,Poisson’s ratio,6.23-N-B.E.-Civil-Engineeing-Sem-III-IV.pdf,2093114,Mechanics of Structures,1,1,,0.0529,0.0,0,Low sim=0.053
Three-dimensional stress and strain,Bars of varying sections,6.23-N-B.E.-Civil-Engineeing-Sem-III-IV.pdf,2093114,Mechanics of Structures,2,1,,0.2645,0.0,1,Adjacent topics: delta=2 + sim=0.264
Three-dimensional stress and strain,Analysis of beams and portal frames,6.23-N-B.E.-Civil-Engineeing-Sem-III-IV.pdf,2093114,Mechanics of Structures,3,1,,0.1693,0.1,0,No signal: sim=0.169 delta=3 kw=0.100
Three-dimensional stress and strain,Concept of Axial Force,6.23-N-B.E.-Civil-Engineeing-Sem-III-IV.pdf,2093114,Mechanics of Structures,4,1,,0.2787,0.0,0,No signal: sim=0.279 delta=4 kw=0.000
Three-dimensional stress and strain,SF and BM Diagrams for statically determinate beams,6.23-N-B.E.-Civil-Engineeing-Sem-III-IV.pdf,2093114,Mechanics of Structures,5,1,,0.1826,0.0833,0,No signal: sim=0.183 delta=5 kw=0.083
Three-dimensional stress and strain,SF and BM Diagrams for statically determinate three,6.23-N-B.E.-Civil-Engineeing-Sem-III-IV.pdf,2093114,Mechanics of Structures,6,1,,0.2609,0.1818,0,No signal: sim=0.261 delta=6 kw=0.182
Three-dimensional stress and strain,"Area moment of inertia, Bending and Shear stresses in beams",6.23-N-B.E.-Civil-Engineeing-Sem-III-IV.pdf,2093114,Mechanics of Structures,7,1,,0.3917,0.0714,0,No signal: sim=0.392 delta=7 kw=0.071
Three-dimensional stress and strain,Area moment of inertia,6.23-N-B.E.-Civil-Engineeing-Sem-III-IV.pdf,2093114,Mechanics of Structures,8,1,,0.1359,0.0,0,Low sim=0.136
Three-dimensional stress and strain,Torsion in Shafts and Stresses in Columns,6.23-N-B.E.-Civil-Engineeing-Sem-III-IV.pdf,2093114,Mechanics of Structures,9,1,,0.4676,0.1,0,No signal: sim=0.468 delta=9 kw=0.100
Three-dimensional stress and strain,Torsion in solid and hollow circular shafts,6.23-N-B.E.-Civil-Engineeing-Sem-III-IV.pdf,2093114,Mechanics of Structures,10,1,,0.2727,0.0909,0,No signal: sim=0.273 delta=10 kw=0.091
Three-dimensional stress and strain,Direct and bending stresses in columns,6.23-N-B.E.-Civil-Engineeing-Sem-III-IV.pdf,2093114,Mechanics of Structures,11,1,,0.5983,0.1,0,No signal: sim=0.598 delta=11 kw=0.100
Three-dimensional stress and strain,Core of section,6.23-N-B.E.-Civil-Engineeing-Sem-III-IV.pdf,2093114,Mechanics of Structures,12,1,,0.0769,0.0,0,Low sim=0.077
Three-dimensional stress and strain,Buckling of Columns,6.23-N-B.E.-Civil-Engineeing-Sem-III-IV.pdf,2093114,Mechanics of Structures,13,1,,0.2995,0.0,0,Far apart: delta=13 + sim=0.299
Three-dimensional stress and strain,Members subjected to axial loading,6.23-N-B.E.-Civil-Engineeing-Sem-III-IV.pdf,2093114,Mechanics of Structures,14,1,,0.4029,0.0,0,Far apart: delta=14 + sim=0.403
Poisson’s ratio,Bars of varying sections,6.23-N-B.E.-Civil-Engineeing-Sem-III-IV.pdf,2093114,Mechanics of Structures,1,1,,0.1491,0.0,0,Low sim=0.149
Poisson’s ratio,Analysis of beams and portal frames,6.23-N-B.E.-Civil-Engineeing-Sem-III-IV.pdf,2093114,Mechanics of Structures,2,1,,0.0626,0.0,0,Low sim=0.063
Poisson’s ratio,Concept of Axial Force,6.23-N-B.E.-Civil-Engineeing-Sem-III-IV.pdf,2093114,Mechanics of Structures,3,1,,0.0391,0.0,0,Low sim=0.039
Poisson’s ratio,SF and BM Diagrams for statically determinate beams,6.23-N-B.E.-Civil-Engineeing-Sem-III-IV.pdf,2093114,Mechanics of Structures,4,1,,-0.0541,0.0,0,Low sim=-0.054
Poisson’s ratio,SF and BM Diagrams for statically determinate three,6.23-N-B.E.-Civil-Engineeing-Sem-III-IV.pdf,2093114,Mechanics of Structures,5,1,,-0.0588,0.0,0,Low sim=-0.059
Poisson’s ratio,"Area moment of inertia, Bending and Shear stresses in beams",6.23-N-B.E.-Civil-Engineeing-Sem-III-IV.pdf,2093114,Mechanics of Structures,6,1,,0.0672,0.0,0,Low sim=0.067
Poisson’s ratio,Area moment of inertia,6.23-N-B.E.-Civil-Engineeing-Sem-III-IV.pdf,2093114,Mechanics of Structures,7,1,,0.1501,0.0,0,No signal: sim=0.150 delta=7 kw=0.000
Poisson’s ratio,Torsion in Shafts and Stresses in Columns,6.23-N-B.E.-Civil-Engineeing-Sem-III-IV.pdf,2093114,Mechanics of Structures,8,1,,0.0369,0.0,0,Low sim=0.037
Poisson’s ratio,Torsion in solid and hollow circular shafts,6.23-N-B.E.-Civil-Engineeing-Sem-III-IV.pdf,2093114,Mechanics of Structures,9,1,,0.049,0.0,0,Low sim=0.049
Poisson’s ratio,Direct and bending stresses in columns,6.23-N-B.E.-Civil-Engineeing-Sem-III-IV.pdf,2093114,Mechanics of Structures,10,1,,0.0116,0.0,0,Low sim=0.012
Poisson’s ratio,Core of section,6.23-N-B.E.-Civil-Engineeing-Sem-III-IV.pdf,2093114,Mechanics of Structures,11,1,,0.0311,0.0,0,Low sim=0.031
Poisson’s ratio,Buckling of Columns,6.23-N-B.E.-Civil-Engineeing-Sem-III-IV.pdf,2093114,Mechanics of Structures,12,1,,0.0489,0.0,0,Low sim=0.049
Poisson’s ratio,Members subjected to axial loading,6.23-N-B.E.-Civil-Engineeing-Sem-III-IV.pdf,2093114,Mechanics of Structures,13,1,,0.1188,0.0,0,Low sim=0.119
Poisson’s ratio,Euler’s and Rankine’s formula,6.23-N-B.E.-Civil-Engineeing-Sem-III-IV.pdf,2093114,Mechanics of Structures,14,1,,0.3082,0.1429,0,Far apart: delta=14 + sim=0.308
Bars of varying sections,Analysis of beams and portal frames,6.23-N-B.E.-Civil-Engineeing-Sem-III-IV.pdf,2093114,Mechanics of Structures,1,1,,0.1836,0.1111,0,No signal: sim=0.184 delta=1 kw=0.111
Bars of varying sections,Concept of Axial Force,6.23-N-B.E.-Civil-Engineeing-Sem-III-IV.pdf,2093114,Mechanics of Structures,2,1,,0.0723,0.1429,0,Low sim=0.072
Bars of varying sections,SF and BM Diagrams for statically determinate beams,6.23-N-B.E.-Civil-Engineeing-Sem-III-IV.pdf,2093114,Mechanics of Structures,3,1,,0.2265,0.0,0,No signal: sim=0.227 delta=3 kw=0.000
Bars of varying sections,SF and BM Diagrams for statically determinate three,6.23-N-B.E.-Civil-Engineeing-Sem-III-IV.pdf,2093114,Mechanics of Structures,4,1,,0.2634,0.0,0,No signal: sim=0.263 delta=4 kw=0.000
Bars of varying sections,"Area moment of inertia, Bending and Shear stresses in beams",6.23-N-B.E.-Civil-Engineeing-Sem-III-IV.pdf,2093114,Mechanics of Structures,5,1,,0.1987,0.0769,0,No signal: sim=0.199 delta=5 kw=0.077
Bars of varying sections,Area moment of inertia,6.23-N-B.E.-Civil-Engineeing-Sem-III-IV.pdf,2093114,Mechanics of Structures,6,1,,0.1121,0.1429,0,Low sim=0.112
Bars of varying sections,Torsion in Shafts and Stresses in Columns,6.23-N-B.E.-Civil-Engineeing-Sem-III-IV.pdf,2093114,Mechanics of Structures,7,1,,0.1987,0.0,0,No signal: sim=0.199 delta=7 kw=0.000
Bars of varying sections,Torsion in solid and hollow circular shafts,6.23-N-B.E.-Civil-Engineeing-Sem-III-IV.pdf,2093114,Mechanics of Structures,8,1,,0.1272,0.0,0,Low sim=0.127
Bars of varying sections,Direct and bending stresses in columns,6.23-N-B.E.-Civil-Engineeing-Sem-III-IV.pdf,2093114,Mechanics of Structures,9,1,,0.2499,0.0,0,No signal: sim=0.250 delta=9 kw=0.000
Bars of varying sections,Core of section,6.23-N-B.E.-Civil-Engineeing-Sem-III-IV.pdf,2093114,Mechanics of Structures,10,1,,0.3583,0.1667,0,No signal: sim=0.358 delta=10 kw=0.167
Bars of varying sections,Buckling of Columns,6.23-N-B.E.-Civil-Engineeing-Sem-III-IV.pdf,2093114,Mechanics of Structures,11,1,,0.2781,0.1667,0,No signal: sim=0.278 delta=11 kw=0.167
Bars of varying sections,Members subjected to axial loading,6.23-N-B.E.-Civil-Engineeing-Sem-III-IV.pdf,2093114,Mechanics of Structures,12,1,,0.296,0.0,0,Far apart: delta=12 + sim=0.296
Bars of varying sections,Euler’s and Rankine’s formula,6.23-N-B.E.-Civil-Engineeing-Sem-III-IV.pdf,2093114,Mechanics of Structures,13,1,,0.096,0.0,0,Low sim=0.096
Bars of varying sections,General equation for transformation of stress,6.23-N-B.E.-Civil-Engineeing-Sem-III-IV.pdf,2093114,Mechanics of Structures,14,1,,0.1355,0.1111,0,Low sim=0.135
Analysis of beams and portal frames,Concept of Axial Force,6.23-N-B.E.-Civil-Engineeing-Sem-III-IV.pdf,2093114,Mechanics of Structures,1,1,,0.2648,0.1111,1,Adjacent topics: delta=1 + sim=0.265
Analysis of beams and portal frames,SF and BM Diagrams for statically determinate beams,6.23-N-B.E.-Civil-Engineeing-Sem-III-IV.pdf,2093114,Mechanics of Structures,2,1,,0.471,0.1667,1,sim=0.471>=0.45 + delta=2<=5
Analysis of beams and portal frames,SF and BM Diagrams for statically determinate three,6.23-N-B.E.-Civil-Engineeing-Sem-III-IV.pdf,2093114,Mechanics of Structures,3,1,,0.1839,0.0769,0,No signal: sim=0.184 delta=3 kw=0.077
Analysis of beams and portal frames,"Area moment of inertia, Bending and Shear stresses in beams",6.23-N-B.E.-Civil-Engineeing-Sem-III-IV.pdf,2093114,Mechanics of Structures,4,1,,0.41,0.2308,0,No signal: sim=0.410 delta=4 kw=0.231
Analysis of beams and portal frames,Area moment of inertia,6.23-N-B.E.-Civil-Engineeing-Sem-III-IV.pdf,2093114,Mechanics of Structures,5,1,,0.1147,0.1111,0,Low sim=0.115
Analysis of beams and portal frames,Torsion in Shafts and Stresses in Columns,6.23-N-B.E.-Civil-Engineeing-Sem-III-IV.pdf,2093114,Mechanics of Structures,6,1,,0.2378,0.0909,0,No signal: sim=0.238 delta=6 kw=0.091
Analysis of beams and portal frames,Torsion in solid and hollow circular shafts,6.23-N-B.E.-Civil-Engineeing-Sem-III-IV.pdf,2093114,Mechanics of Structures,7,1,,0.1996,0.0833,0,No signal: sim=0.200 delta=7 kw=0.083
Analysis of beams and portal frames,Direct and bending stresses in columns,6.23-N-B.E.-Civil-Engineeing-Sem-III-IV.pdf,2093114,Mechanics of Structures,8,1,,0.243,0.0909,0,No signal: sim=0.243 delta=8 kw=0.091
Analysis of beams and portal frames,Core of section,6.23-N-B.E.-Civil-Engineeing-Sem-III-IV.pdf,2093114,Mechanics of Structures,9,1,,0.0882,0.125,0,Low sim=0.088
Analysis of beams and portal frames,Buckling of Columns,6.23-N-B.E.-Civil-Engineeing-Sem-III-IV.pdf,2093114,Mechanics of Structures,10,1,,0.1492,0.125,0,Low sim=0.149
Analysis of beams and portal frames,Members subjected to axial loading,6.23-N-B.E.-Civil-Engineeing-Sem-III-IV.pdf,2093114,Mechanics of Structures,11,1,,0.3579,0.0,0,No signal: sim=0.358 delta=11 kw=0.000
Analysis of beams and portal frames,Euler’s and Rankine’s formula,6.23-N-B.E.-Civil-Engineeing-Sem-III-IV.pdf,2093114,Mechanics of Structures,12,1,,0.0275,0.1,0,Low sim=0.027
Analysis of beams and portal frames,General equation for transformation of stress,6.23-N-B.E.-Civil-Engineeing-Sem-III-IV.pdf,2093114,Mechanics of Structures,13,1,,0.0794,0.0909,0,Low sim=0.079
Analysis of beams and portal frames,Trusses and three hinged parabolic arches,6.23-N-B.E.-Civil-Engineeing-Sem-III-IV.pdf,2093114,Mechanics of Structures,14,1,,0.3435,0.0909,0,Far apart: delta=14 + sim=0.343
Concept of Axial Force,SF and BM Diagrams for statically determinate beams,6.23-N-B.E.-Civil-Engineeing-Sem-III-IV.pdf,2093114,Mechanics of Structures,1,1,,0.2171,0.0,1,Adjacent topics: delta=1 + sim=0.217
Concept of Axial Force,SF and BM Diagrams for statically determinate three,6.23-N-B.E.-Civil-Engineeing-Sem-III-IV.pdf,2093114,Mechanics of Structures,2,1,,0.1442,0.0,0,Low sim=0.144
Concept of Axial Force,"Area moment of inertia, Bending and Shear stresses in beams",6.23-N-B.E.-Civil-Engineeing-Sem-III-IV.pdf,2093114,Mechanics of Structures,3,1,,0.3211,0.0769,1,Foundational kw + sim=0.321 + delta=3
Concept of Axial Force,Area moment of inertia,6.23-N-B.E.-Civil-Engineeing-Sem-III-IV.pdf,2093114,Mechanics of Structures,4,1,,0.2421,0.1429,0,No signal: sim=0.242 delta=4 kw=0.143
Concept of Axial Force,Torsion in Shafts and Stresses in Columns,6.23-N-B.E.-Civil-Engineeing-Sem-III-IV.pdf,2093114,Mechanics of Structures,5,1,,0.3665,0.0,1,Foundational kw + sim=0.366 + delta=5
Concept of Axial Force,Torsion in solid and hollow circular shafts,6.23-N-B.E.-Civil-Engineeing-Sem-III-IV.pdf,2093114,Mechanics of Structures,6,1,,0.3081,0.0,1,Foundational kw + sim=0.308 + delta=6
Concept of Axial Force,Direct and bending stresses in columns,6.23-N-B.E.-Civil-Engineeing-Sem-III-IV.pdf,2093114,Mechanics of Structures,7,1,,0.319,0.0,1,Foundational kw + sim=0.319 + delta=7
Concept of Axial Force,Core of section,6.23-N-B.E.-Civil-Engineeing-Sem-III-IV.pdf,2093114,Mechanics of Structures,8,1,,0.1528,0.1667,0,No signal: sim=0.153 delta=8 kw=0.167
Concept of Axial Force,Buckling of Columns,6.23-N-B.E.-Civil-Engineeing-Sem-III-IV.pdf,2093114,Mechanics of Structures,9,1,,0.2222,0.1667,0,No signal: sim=0.222 delta=9 kw=0.167
Concept of Axial Force,Members subjected to axial loading,6.23-N-B.E.-Civil-Engineeing-Sem-III-IV.pdf,2093114,Mechanics of Structures,10,1,,0.5544,0.125,0,No signal: sim=0.554 delta=10 kw=0.125
Concept of Axial Force,Euler’s and Rankine’s formula,6.23-N-B.E.-Civil-Engineeing-Sem-III-IV.pdf,2093114,Mechanics of Structures,11,1,,0.0887,0.0,0,Low sim=0.089
Concept of Axial Force,General equation for transformation of stress,6.23-N-B.E.-Civil-Engineeing-Sem-III-IV.pdf,2093114,Mechanics of Structures,12,1,,0.1994,0.1111,0,Far apart: delta=12 + sim=0.199
Concept of Axial Force,Trusses and three hinged parabolic arches,6.23-N-B.E.-Civil-Engineeing-Sem-III-IV.pdf,2093114,Mechanics of Structures,13,1,,0.2912,0.0,0,Far apart: delta=13 + sim=0.291
Concept of Axial Force,Three hinged arches: Determination of normal thrust,6.23-N-B.E.-Civil-Engineeing-Sem-III-IV.pdf,2093114,Mechanics of Structures,14,1,,0.366,0.1,0,Far apart: delta=14 + sim=0.366
SF and BM Diagrams for statically determinate beams,SF and BM Diagrams for statically determinate three,6.23-N-B.E.-Civil-Engineeing-Sem-III-IV.pdf,2093114,Mechanics of Structures,1,1,,0.7758,0.7778,1,High sim=0.776 + delta=1
SF and BM Diagrams for statically determinate beams,"Area moment of inertia, Bending and Shear stresses in beams",6.23-N-B.E.-Civil-Engineeing-Sem-III-IV.pdf,2093114,Mechanics of Structures,2,1,,0.4013,0.125,1,Adjacent topics: delta=2 + sim=0.401
SF and BM Diagrams for statically determinate beams,Area moment of inertia,6.23-N-B.E.-Civil-Engineeing-Sem-III-IV.pdf,2093114,Mechanics of Structures,3,1,,0.0978,0.0,0,Low sim=0.098
SF and BM Diagrams for statically determinate beams,Torsion in Shafts and Stresses in Columns,6.23-N-B.E.-Civil-Engineeing-Sem-III-IV.pdf,2093114,Mechanics of Structures,4,1,,0.1584,0.0769,0,No signal: sim=0.158 delta=4 kw=0.077
SF and BM Diagrams for statically determinate beams,Torsion in solid and hollow circular shafts,6.23-N-B.E.-Civil-Engineeing-Sem-III-IV.pdf,2093114,Mechanics of Structures,5,1,,0.1443,0.0714,0,Low sim=0.144
SF and BM Diagrams for statically determinate beams,Direct and bending stresses in columns,6.23-N-B.E.-Civil-Engineeing-Sem-III-IV.pdf,2093114,Mechanics of Structures,6,1,,0.2174,0.0769,0,No signal: sim=0.217 delta=6 kw=0.077
SF and BM Diagrams for statically determinate beams,Core of section,6.23-N-B.E.-Civil-Engineeing-Sem-III-IV.pdf,2093114,Mechanics of Structures,7,1,,0.1042,0.0,0,Low sim=0.104
SF and BM Diagrams for statically determinate beams,Buckling of Columns,6.23-N-B.E.-Civil-Engineeing-Sem-III-IV.pdf,2093114,Mechanics of Structures,8,1,,0.0884,0.0,0,Low sim=0.088
SF and BM Diagrams for statically determinate beams,Members subjected to axial loading,6.23-N-B.E.-Civil-Engineeing-Sem-III-IV.pdf,2093114,Mechanics of Structures,9,1,,0.2834,0.0,0,No signal: sim=0.283 delta=9 kw=0.000
SF and BM Diagrams for statically determinate beams,Euler’s and Rankine’s formula,6.23-N-B.E.-Civil-Engineeing-Sem-III-IV.pdf,2093114,Mechanics of Structures,10,1,,0.0495,0.0833,0,Low sim=0.049
SF and BM Diagrams for statically determinate beams,General equation for transformation of stress,6.23-N-B.E.-Civil-Engineeing-Sem-III-IV.pdf,2093114,Mechanics of Structures,11,1,,0.1696,0.0769,0,No signal: sim=0.170 delta=11 kw=0.077
SF and BM Diagrams for statically determinate beams,Trusses and three hinged parabolic arches,6.23-N-B.E.-Civil-Engineeing-Sem-III-IV.pdf,2093114,Mechanics of Structures,12,1,,0.2942,0.0769,0,Far apart: delta=12 + sim=0.294
SF and BM Diagrams for statically determinate beams,Three hinged arches: Determination of normal thrust,6.23-N-B.E.-Civil-Engineeing-Sem-III-IV.pdf,2093114,Mechanics of Structures,13,1,,0.2955,0.0,0,Far apart: delta=13 + sim=0.296
SF and BM Diagrams for statically determinate three,"Area moment of inertia, Bending and Shear stresses in beams",6.23-N-B.E.-Civil-Engineeing-Sem-III-IV.pdf,2093114,Mechanics of Structures,1,1,,0.1076,0.0588,0,Low sim=0.108
SF and BM Diagrams for statically determinate three,Area moment of inertia,6.23-N-B.E.-Civil-Engineeing-Sem-III-IV.pdf,2093114,Mechanics of Structures,2,1,,0.0496,0.0,0,Low sim=0.050
SF and BM Diagrams for statically determinate three,Torsion in Shafts and Stresses in Columns,6.23-N-B.E.-Civil-Engineeing-Sem-III-IV.pdf,2093114,Mechanics of Structures,3,1,,0.0813,0.0769,0,Low sim=0.081
SF and BM Diagrams for statically determinate three,Torsion in solid and hollow circular shafts,6.23-N-B.E.-Civil-Engineeing-Sem-III-IV.pdf,2093114,Mechanics of Structures,4,1,,0.1072,0.0714,0,Low sim=0.107
SF and BM Diagrams for statically determinate three,Direct and bending stresses in columns,6.23-N-B.E.-Civil-Engineeing-Sem-III-IV.pdf,2093114,Mechanics of Structures,5,1,,0.1385,0.0769,0,Low sim=0.139
SF and BM Diagrams for statically determinate three,Core of section,6.23-N-B.E.-Civil-Engineeing-Sem-III-IV.pdf,2093114,Mechanics of Structures,6,1,,0.1389,0.0,0,Low sim=0.139
SF and BM Diagrams for statically determinate three,Buckling of Columns,6.23-N-B.E.-Civil-Engineeing-Sem-III-IV.pdf,2093114,Mechanics of Structures,7,1,,0.0525,0.0,0,Low sim=0.052
SF and BM Diagrams for statically determinate three,Members subjected to axial loading,6.23-N-B.E.-Civil-Engineeing-Sem-III-IV.pdf,2093114,Mechanics of Structures,8,1,,0.1622,0.0,0,No signal: sim=0.162 delta=8 kw=0.000
SF and BM Diagrams for statically determinate three,Euler’s and Rankine’s formula,6.23-N-B.E.-Civil-Engineeing-Sem-III-IV.pdf,2093114,Mechanics of Structures,9,1,,0.0583,0.0833,0,Low sim=0.058
SF and BM Diagrams for statically determinate three,General equation for transformation of stress,6.23-N-B.E.-Civil-Engineeing-Sem-III-IV.pdf,2093114,Mechanics of Structures,10,1,,0.1338,0.0769,0,Low sim=0.134
SF and BM Diagrams for statically determinate three,Trusses and three hinged parabolic arches,6.23-N-B.E.-Civil-Engineeing-Sem-III-IV.pdf,2093114,Mechanics of Structures,11,1,,0.3013,0.1667,0,No signal: sim=0.301 delta=11 kw=0.167
SF and BM Diagrams for statically determinate three,Three hinged arches: Determination of normal thrust,6.23-N-B.E.-Civil-Engineeing-Sem-III-IV.pdf,2093114,Mechanics of Structures,12,1,,0.2188,0.0714,0,Far apart: delta=12 + sim=0.219
"Area moment of inertia, Bending and Shear stresses in beams",Area moment of inertia,6.23-N-B.E.-Civil-Engineeing-Sem-III-IV.pdf,2093114,Mechanics of Structures,1,1,,0.6295,0.4,1,High sim=0.629 + delta=1
"Area moment of inertia, Bending and Shear stresses in beams",Torsion in Shafts and Stresses in Columns,6.23-N-B.E.-Civil-Engineeing-Sem-III-IV.pdf,2093114,Mechanics of Structures,2,1,,0.4382,0.2308,1,Adjacent topics: delta=2 + sim=0.438
"Area moment of inertia, Bending and Shear stresses in beams",Torsion in solid and hollow circular shafts,6.23-N-B.E.-Civil-Engineeing-Sem-III-IV.pdf,2093114,Mechanics of Structures,3,1,,0.3407,0.1333,0,No signal: sim=0.341 delta=3 kw=0.133
"Area moment of inertia, Bending and Shear stresses in beams",Direct and bending stresses in columns,6.23-N-B.E.-Civil-Engineeing-Sem-III-IV.pdf,2093114,Mechanics of Structures,4,1,,0.4285,0.3333,1,kw_overlap=0.333 + delta=4<=6
"Area moment of inertia, Bending and Shear stresses in beams",Core of section,6.23-N-B.E.-Civil-Engineeing-Sem-III-IV.pdf,2093114,Mechanics of Structures,5,1,,0.176,0.0833,0,No signal: sim=0.176 delta=5 kw=0.083
"Area moment of inertia, Bending and Shear stresses in beams",Buckling of Columns,6.23-N-B.E.-Civil-Engineeing-Sem-III-IV.pdf,2093114,Mechanics of Structures,6,1,,0.189,0.0833,0,No signal: sim=0.189 delta=6 kw=0.083
"Area moment of inertia, Bending and Shear stresses in beams",Members subjected to axial loading,6.23-N-B.E.-Civil-Engineeing-Sem-III-IV.pdf,2093114,Mechanics of Structures,7,1,,0.3651,0.0,0,No signal: sim=0.365 delta=7 kw=0.000
"Area moment of inertia, Bending and Shear stresses in beams",Euler’s and Rankine’s formula,6.23-N-B.E.-Civil-Engineeing-Sem-III-IV.pdf,2093114,Mechanics of Structures,8,1,,0.0965,0.0714,0,Low sim=0.097
"Area moment of inertia, Bending and Shear stresses in beams",General equation for transformation of stress,6.23-N-B.E.-Civil-Engineeing-Sem-III-IV.pdf,2093114,Mechanics of Structures,9,1,,0.373,0.0667,0,No signal: sim=0.373 delta=9 kw=0.067
"Area moment of inertia, Bending and Shear stresses in beams",Trusses and three hinged parabolic arches,6.23-N-B.E.-Civil-Engineeing-Sem-III-IV.pdf,2093114,Mechanics of Structures,10,1,,0.2405,0.0667,0,No signal: sim=0.241 delta=10 kw=0.067
"Area moment of inertia, Bending and Shear stresses in beams",Three hinged arches: Determination of normal thrust,6.23-N-B.E.-Civil-Engineeing-Sem-III-IV.pdf,2093114,Mechanics of Structures,11,1,,0.2844,0.0625,0,No signal: sim=0.284 delta=11 kw=0.062
Area moment of inertia,Torsion in Shafts and Stresses in Columns,6.23-N-B.E.-Civil-Engineeing-Sem-III-IV.pdf,2093114,Mechanics of Structures,1,1,,0.1843,0.0,0,No signal: sim=0.184 delta=1 kw=0.000
Area moment of inertia,Torsion in solid and hollow circular shafts,6.23-N-B.E.-Civil-Engineeing-Sem-III-IV.pdf,2093114,Mechanics of Structures,2,1,,0.232,0.0,1,Adjacent topics: delta=2 + sim=0.232
Area moment of inertia,Direct and bending stresses in columns,6.23-N-B.E.-Civil-Engineeing-Sem-III-IV.pdf,2093114,Mechanics of Structures,3,1,,0.0676,0.0,0,Low sim=0.068
Area moment of inertia,Core of section,6.23-N-B.E.-Civil-Engineeing-Sem-III-IV.pdf,2093114,Mechanics of Structures,4,1,,0.184,0.1667,0,No signal: sim=0.184 delta=4 kw=0.167
Area moment of inertia,Buckling of Columns,6.23-N-B.E.-Civil-Engineeing-Sem-III-IV.pdf,2093114,Mechanics of Structures,5,1,,0.036,0.1667,0,Low sim=0.036
Area moment of inertia,Members subjected to axial loading,6.23-N-B.E.-Civil-Engineeing-Sem-III-IV.pdf,2093114,Mechanics of Structures,6,1,,0.1099,0.0,0,Low sim=0.110
Area moment of inertia,Euler’s and Rankine’s formula,6.23-N-B.E.-Civil-Engineeing-Sem-III-IV.pdf,2093114,Mechanics of Structures,7,1,,0.1007,0.0,0,Low sim=0.101
Area moment of inertia,General equation for transformation of stress,6.23-N-B.E.-Civil-Engineeing-Sem-III-IV.pdf,2093114,Mechanics of Structures,8,1,,0.1448,0.1111,0,Low sim=0.145
Area moment of inertia,Trusses and three hinged parabolic arches,6.23-N-B.E.-Civil-Engineeing-Sem-III-IV.pdf,2093114,Mechanics of Structures,9,1,,0.0668,0.0,0,Low sim=0.067
Area moment of inertia,Three hinged arches: Determination of normal thrust,6.23-N-B.E.-Civil-Engineeing-Sem-III-IV.pdf,2093114,Mechanics of Structures,10,1,,0.188,0.1,0,No signal: sim=0.188 delta=10 kw=0.100
Torsion in Shafts and Stresses in Columns,Torsion in solid and hollow circular shafts,6.23-N-B.E.-Civil-Engineeing-Sem-III-IV.pdf,2093114,Mechanics of Structures,1,1,,0.8004,0.4444,1,High sim=0.800 + delta=1
Torsion in Shafts and Stresses in Columns,Direct and bending stresses in columns,6.23-N-B.E.-Civil-Engineeing-Sem-III-IV.pdf,2093114,Mechanics of Structures,2,1,,0.6609,0.5,1,High sim=0.661 + delta=2
Torsion in Shafts and Stresses in Columns,Core of section,6.23-N-B.E.-Civil-Engineeing-Sem-III-IV.pdf,2093114,Mechanics of Structures,3,1,,0.0742,0.0,0,Low sim=0.074
Torsion in Shafts and Stresses in Columns,Buckling of Columns,6.23-N-B.E.-Civil-Engineeing-Sem-III-IV.pdf,2093114,Mechanics of Structures,4,1,,0.5224,0.125,1,sim=0.522>=0.45 + delta=4<=5
Torsion in Shafts and Stresses in Columns,Members subjected to axial loading,6.23-N-B.E.-Civil-Engineeing-Sem-III-IV.pdf,2093114,Mechanics of Structures,5,1,,0.4762,0.0,1,sim=0.476>=0.45 + delta=5<=5
Torsion in Shafts and Stresses in Columns,Euler’s and Rankine’s formula,6.23-N-B.E.-Civil-Engineeing-Sem-III-IV.pdf,2093114,Mechanics of Structures,6,1,,0.0932,0.1,0,Low sim=0.093
Torsion in Shafts and Stresses in Columns,General equation for transformation of stress,6.23-N-B.E.-Civil-Engineeing-Sem-III-IV.pdf,2093114,Mechanics of Structures,7,1,,0.3667,0.0,0,No signal: sim=0.367 delta=7 kw=0.000
Torsion in Shafts and Stresses in Columns,Trusses and three hinged parabolic arches,6.23-N-B.E.-Civil-Engineeing-Sem-III-IV.pdf,2093114,Mechanics of Structures,8,1,,0.3226,0.0909,0,No signal: sim=0.323 delta=8 kw=0.091
Torsion in Shafts and Stresses in Columns,Three hinged arches: Determination of normal thrust,6.23-N-B.E.-Civil-Engineeing-Sem-III-IV.pdf,2093114,Mechanics of Structures,9,1,,0.3448,0.0,0,No signal: sim=0.345 delta=9 kw=0.000
Torsion in solid and hollow circular shafts,Direct and bending stresses in columns,6.23-N-B.E.-Civil-Engineeing-Sem-III-IV.pdf,2093114,Mechanics of Structures,1,1,,0.3253,0.1818,1,Adjacent topics: delta=1 + sim=0.325
Torsion in solid and hollow circular shafts,Core of section,6.23-N-B.E.-Civil-Engineeing-Sem-III-IV.pdf,2093114,Mechanics of Structures,2,1,,0.0812,0.0,0,Low sim=0.081
Torsion in solid and hollow circular shafts,Buckling of Columns,6.23-N-B.E.-Civil-Engineeing-Sem-III-IV.pdf,2093114,Mechanics of Structures,3,1,,0.2931,0.0,0,No signal: sim=0.293 delta=3 kw=0.000
Torsion in solid and hollow circular shafts,Members subjected to axial loading,6.23-N-B.E.-Civil-Engineeing-Sem-III-IV.pdf,2093114,Mechanics of Structures,4,1,,0.3908,0.0,0,No signal: sim=0.391 delta=4 kw=0.000
Torsion in solid and hollow circular shafts,Euler’s and Rankine’s formula,6.23-N-B.E.-Civil-Engineeing-Sem-III-IV.pdf,2093114,Mechanics of Structures,5,1,,0.0789,0.0909,0,Low sim=0.079
Torsion in solid and hollow circular shafts,General equation for transformation of stress,6.23-N-B.E.-Civil-Engineeing-Sem-III-IV.pdf,2093114,Mechanics of Structures,6,1,,0.1908,0.0,0,No signal: sim=0.191 delta=6 kw=0.000
Torsion in solid and hollow circular shafts,Trusses and three hinged parabolic arches,6.23-N-B.E.-Civil-Engineeing-Sem-III-IV.pdf,2093114,Mechanics of Structures,7,1,,0.2916,0.0833,0,No signal: sim=0.292 delta=7 kw=0.083
Torsion in solid and hollow circular shafts,Three hinged arches: Determination of normal thrust,6.23-N-B.E.-Civil-Engineeing-Sem-III-IV.pdf,2093114,Mechanics of Structures,8,1,,0.3499,0.0,0,No signal: sim=0.350 delta=8 kw=0.000
Direct and bending stresses in columns,Core of section,6.23-N-B.E.-Civil-Engineeing-Sem-III-IV.pdf,2093114,Mechanics of Structures,1,1,,0.1474,0.0,0,Low sim=0.147
Direct and bending stresses in columns,Buckling of Columns,6.23-N-B.E.-Civil-Engineeing-Sem-III-IV.pdf,2093114,Mechanics of Structures,2,1,,0.6499,0.125,1,High sim=0.650 + delta=2
Direct and bending stresses in columns,Members subjected to axial loading,6.23-N-B.E.-Civil-Engineeing-Sem-III-IV.pdf,2093114,Mechanics of Structures,3,1,,0.4547,0.0,1,sim=0.455>=0.45 + delta=3<=5
Direct and bending stresses in columns,Euler’s and Rankine’s formula,6.23-N-B.E.-Civil-Engineeing-Sem-III-IV.pdf,2093114,Mechanics of Structures,4,1,,0.1244,0.1,0,Low sim=0.124
Direct and bending stresses in columns,General equation for transformation of stress,6.23-N-B.E.-Civil-Engineeing-Sem-III-IV.pdf,2093114,Mechanics of Structures,5,1,,0.4937,0.0,1,sim=0.494>=0.45 + delta=5<=5
Direct and bending stresses in columns,Trusses and three hinged parabolic arches,6.23-N-B.E.-Civil-Engineeing-Sem-III-IV.pdf,2093114,Mechanics of Structures,6,1,,0.3414,0.0909,0,No signal: sim=0.341 delta=6 kw=0.091
Direct and bending stresses in columns,Three hinged arches: Determination of normal thrust,6.23-N-B.E.-Civil-Engineeing-Sem-III-IV.pdf,2093114,Mechanics of Structures,7,1,,0.2603,0.0,0,No signal: sim=0.260 delta=7 kw=0.000
Core of section,Buckling of Columns,6.23-N-B.E.-Civil-Engineeing-Sem-III-IV.pdf,2093114,Mechanics of Structures,1,1,,0.0916,0.2,0,Low sim=0.092
Core of section,Members subjected to axial loading,6.23-N-B.E.-Civil-Engineeing-Sem-III-IV.pdf,2093114,Mechanics of Structures,2,1,,0.2232,0.0,1,Adjacent topics: delta=2 + sim=0.223
Core of section,Euler’s and Rankine’s formula,6.23-N-B.E.-Civil-Engineeing-Sem-III-IV.pdf,2093114,Mechanics of Structures,3,1,,0.1699,0.0,0,No signal: sim=0.170 delta=3 kw=0.000
Core of section,General equation for transformation of stress,6.23-N-B.E.-Civil-Engineeing-Sem-III-IV.pdf,2093114,Mechanics of Structures,4,1,,0.0782,0.125,0,Low sim=0.078
Core of section,Trusses and three hinged parabolic arches,6.23-N-B.E.-Civil-Engineeing-Sem-III-IV.pdf,2093114,Mechanics of Structures,5,1,,0.2126,0.0,0,No signal: sim=0.213 delta=5 kw=0.000
Core of section,Three hinged arches: Determination of normal thrust,6.23-N-B.E.-Civil-Engineeing-Sem-III-IV.pdf,2093114,Mechanics of Structures,6,1,,0.1183,0.1111,0,Low sim=0.118
Buckling of Columns,Members subjected to axial loading,6.23-N-B.E.-Civil-Engineeing-Sem-III-IV.pdf,2093114,Mechanics of Structures,1,1,,0.3919,0.0,1,Adjacent topics: delta=1 + sim=0.392
Buckling of Columns,Euler’s and Rankine’s formula,6.23-N-B.E.-Civil-Engineeing-Sem-III-IV.pdf,2093114,Mechanics of Structures,2,1,,0.0357,0.0,0,Low sim=0.036
Buckling of Columns,General equation for transformation of stress,6.23-N-B.E.-Civil-Engineeing-Sem-III-IV.pdf,2093114,Mechanics of Structures,3,1,,0.2111,0.125,0,No signal: sim=0.211 delta=3 kw=0.125
Buckling of Columns,Trusses and three hinged parabolic arches,6.23-N-B.E.-Civil-Engineeing-Sem-III-IV.pdf,2093114,Mechanics of Structures,4,1,,0.2642,0.0,0,No signal: sim=0.264 delta=4 kw=0.000
Buckling of Columns,Three hinged arches: Determination of normal thrust,6.23-N-B.E.-Civil-Engineeing-Sem-III-IV.pdf,2093114,Mechanics of Structures,5,1,,0.2012,0.1111,0,No signal: sim=0.201 delta=5 kw=0.111
Members subjected to axial loading,Euler’s and Rankine’s formula,6.23-N-B.E.-Civil-Engineeing-Sem-III-IV.pdf,2093114,Mechanics of Structures,1,1,,0.0862,0.0,0,Low sim=0.086
Members subjected to axial loading,General equation for transformation of stress,6.23-N-B.E.-Civil-Engineeing-Sem-III-IV.pdf,2093114,Mechanics of Structures,2,1,,0.2756,0.0,1,Adjacent topics: delta=2 + sim=0.276
Members subjected to axial loading,Trusses and three hinged parabolic arches,6.23-N-B.E.-Civil-Engineeing-Sem-III-IV.pdf,2093114,Mechanics of Structures,3,1,,0.3873,0.0,0,No signal: sim=0.387 delta=3 kw=0.000
Members subjected to axial loading,Three hinged arches: Determination of normal thrust,6.23-N-B.E.-Civil-Engineeing-Sem-III-IV.pdf,2093114,Mechanics of Structures,4,1,,0.3744,0.0,0,No signal: sim=0.374 delta=4 kw=0.000
Euler’s and Rankine’s formula,General equation for transformation of stress,6.23-N-B.E.-Civil-Engineeing-Sem-III-IV.pdf,2093114,Mechanics of Structures,1,1,,0.2514,0.0,1,Adjacent topics: delta=1 + sim=0.251
Euler’s and Rankine’s formula,Trusses and three hinged parabolic arches,6.23-N-B.E.-Civil-Engineeing-Sem-III-IV.pdf,2093114,Mechanics of Structures,2,1,,0.0175,0.1,0,Low sim=0.018
Euler’s and Rankine’s formula,Three hinged arches: Determination of normal thrust,6.23-N-B.E.-Civil-Engineeing-Sem-III-IV.pdf,2093114,Mechanics of Structures,3,1,,0.0122,0.0,0,Low sim=0.012
General equation for transformation of stress,Trusses and three hinged parabolic arches,6.23-N-B.E.-Civil-Engineeing-Sem-III-IV.pdf,2093114,Mechanics of Structures,1,1,,0.1879,0.0,0,No signal: sim=0.188 delta=1 kw=0.000
General equation for transformation of stress,Three hinged arches: Determination of normal thrust,6.23-N-B.E.-Civil-Engineeing-Sem-III-IV.pdf,2093114,Mechanics of Structures,2,1,,0.1226,0.0833,0,Low sim=0.123
Trusses and three hinged parabolic arches,Three hinged arches: Determination of normal thrust,6.23-N-B.E.-Civil-Engineeing-Sem-III-IV.pdf,2093114,Mechanics of Structures,1,1,,0.6398,0.3,1,High sim=0.640 + delta=1
Solenoidal and irrotational (conservative) vector fields,Line integrals – definition and problems,6.23-N-B.E.-Civil-Engineeing-Sem-III-IV.pdf,2094111,Applied Mathematics for Civil,1,1,,0.2782,0.1,1,Adjacent topics: delta=1 + sim=0.278
Solenoidal and irrotational (conservative) vector fields,Green’s theorem (without proof) in a plane,6.23-N-B.E.-Civil-Engineeing-Sem-III-IV.pdf,2094111,Applied Mathematics for Civil,2,1,,0.1575,0.0,0,No signal: sim=0.157 delta=2 kw=0.000
Solenoidal and irrotational (conservative) vector fields,Divergence theorem (without proof) and problems (only,6.23-N-B.E.-Civil-Engineeing-Sem-III-IV.pdf,2094111,Applied Mathematics for Civil,3,1,,0.2479,0.0833,0,No signal: sim=0.248 delta=3 kw=0.083
Solenoidal and irrotational (conservative) vector fields,Self- Learning Topics,6.23-N-B.E.-Civil-Engineeing-Sem-III-IV.pdf,2094111,Applied Mathematics for Civil,4,1,,0.0591,0.0,0,Low sim=0.059
Solenoidal and irrotational (conservative) vector fields,Identities connecting Gradient,6.23-N-B.E.-Civil-Engineeing-Sem-III-IV.pdf,2094111,Applied Mathematics for Civil,5,1,,0.3038,0.0,0,No signal: sim=0.304 delta=5 kw=0.000
Solenoidal and irrotational (conservative) vector fields,Divergence and Curl,6.23-N-B.E.-Civil-Engineeing-Sem-III-IV.pdf,2094111,Applied Mathematics for Civil,6,1,,0.377,0.125,0,No signal: sim=0.377 delta=6 kw=0.125
Solenoidal and irrotational (conservative) vector fields,Green’s theorem,6.23-N-B.E.-Civil-Engineeing-Sem-III-IV.pdf,2094111,Applied Mathematics for Civil,7,1,,0.1704,0.0,0,No signal: sim=0.170 delta=7 kw=0.000
Solenoidal and irrotational (conservative) vector fields,Cauchy’s Integral theorem for simple,6.23-N-B.E.-Civil-Engineeing-Sem-III-IV.pdf,2094111,Applied Mathematics for Civil,8,1,,0.0384,0.0,0,Low sim=0.038
Solenoidal and irrotational (conservative) vector fields,Definition of Singularity,6.23-N-B.E.-Civil-Engineeing-Sem-III-IV.pdf,2094111,Applied Mathematics for Civil,9,1,,0.078,0.0,0,Low sim=0.078
Solenoidal and irrotational (conservative) vector fields,Spearman’s Rank correlation coefficient (R) (Repeated,6.23-N-B.E.-Civil-Engineeing-Sem-III-IV.pdf,2094111,Applied Mathematics for Civil,10,1,,-0.0136,0.0,0,Low sim=-0.014
Solenoidal and irrotational (conservative) vector fields,Lines of regression,6.23-N-B.E.-Civil-Engineeing-Sem-III-IV.pdf,2094111,Applied Mathematics for Civil,11,1,,0.0709,0.0,0,Low sim=0.071
Solenoidal and irrotational (conservative) vector fields,Fitting of first and second degree curves,6.23-N-B.E.-Civil-Engineeing-Sem-III-IV.pdf,2094111,Applied Mathematics for Civil,12,1,,0.1512,0.0833,0,Far apart: delta=12 + sim=0.151
Solenoidal and irrotational (conservative) vector fields,Discrete and Continuous random variables,6.23-N-B.E.-Civil-Engineeing-Sem-III-IV.pdf,2094111,Applied Mathematics for Civil,13,1,,-0.0219,0.1,0,Low sim=-0.022
Solenoidal and irrotational (conservative) vector fields,Moment generating functions,6.23-N-B.E.-Civil-Engineeing-Sem-III-IV.pdf,2094111,Applied Mathematics for Civil,14,1,,0.1095,0.0,0,Low sim=0.109
Line integrals – definition and problems,Green’s theorem (without proof) in a plane,6.23-N-B.E.-Civil-Engineeing-Sem-III-IV.pdf,2094111,Applied Mathematics for Civil,1,1,,0.3567,0.0,1,Foundational kw + sim=0.357 + delta=1
Line integrals – definition and problems,Divergence theorem (without proof) and problems (only,6.23-N-B.E.-Civil-Engineeing-Sem-III-IV.pdf,2094111,Applied Mathematics for Civil,2,1,,0.3268,0.2,1,Foundational kw + sim=0.327 + delta=2
Line integrals – definition and problems,Self- Learning Topics,6.23-N-B.E.-Civil-Engineeing-Sem-III-IV.pdf,2094111,Applied Mathematics for Civil,3,1,,-0.0009,0.0,0,Low sim=-0.001
Line integrals – definition and problems,Identities connecting Gradient,6.23-N-B.E.-Civil-Engineeing-Sem-III-IV.pdf,2094111,Applied Mathematics for Civil,4,1,,0.3099,0.0,1,Foundational kw + sim=0.310 + delta=4
Line integrals – definition and problems,Divergence and Curl,6.23-N-B.E.-Civil-Engineeing-Sem-III-IV.pdf,2094111,Applied Mathematics for Civil,5,1,,0.3109,0.1429,1,Foundational kw + sim=0.311 + delta=5
Line integrals – definition and problems,Green’s theorem,6.23-N-B.E.-Civil-Engineeing-Sem-III-IV.pdf,2094111,Applied Mathematics for Civil,6,1,,0.3446,0.0,1,Foundational kw + sim=0.345 + delta=6
Line integrals – definition and problems,Cauchy’s Integral theorem for simple,6.23-N-B.E.-Civil-Engineeing-Sem-III-IV.pdf,2094111,Applied Mathematics for Civil,7,1,,0.3854,0.0,1,Foundational kw + sim=0.385 + delta=7
Line integrals – definition and problems,Definition of Singularity,6.23-N-B.E.-Civil-Engineeing-Sem-III-IV.pdf,2094111,Applied Mathematics for Civil,8,1,,0.0425,0.1429,0,Low sim=0.043
Line integrals – definition and problems,Spearman’s Rank correlation coefficient (R) (Repeated,6.23-N-B.E.-Civil-Engineeing-Sem-III-IV.pdf,2094111,Applied Mathematics for Civil,9,1,,-0.0564,0.0,0,Low sim=-0.056
Line integrals – definition and problems,Lines of regression,6.23-N-B.E.-Civil-Engineeing-Sem-III-IV.pdf,2094111,Applied Mathematics for Civil,10,1,,0.3971,0.0,0,No signal: sim=0.397 delta=10 kw=0.000
Line integrals – definition and problems,Fitting of first and second degree curves,6.23-N-B.E.-Civil-Engineeing-Sem-III-IV.pdf,2094111,Applied Mathematics for Civil,11,1,,0.2773,0.0909,0,No signal: sim=0.277 delta=11 kw=0.091
Line integrals – definition and problems,Discrete and Continuous random variables,6.23-N-B.E.-Civil-Engineeing-Sem-III-IV.pdf,2094111,Applied Mathematics for Civil,12,1,,0.0956,0.1111,0,Low sim=0.096
Line integrals – definition and problems,Moment generating functions,6.23-N-B.E.-Civil-Engineeing-Sem-III-IV.pdf,2094111,Applied Mathematics for Civil,13,1,,0.1501,0.0,0,Far apart: delta=13 + sim=0.150
Line integrals – definition and problems,Self- learning Topics: Conditional probability,6.23-N-B.E.-Civil-Engineeing-Sem-III-IV.pdf,2094111,Applied Mathematics for Civil,14,1,,0.0199,0.0,0,Low sim=0.020
Green’s theorem (without proof) in a plane,Divergence theorem (without proof) and problems (only,6.23-N-B.E.-Civil-Engineeing-Sem-III-IV.pdf,2094111,Applied Mathematics for Civil,1,1,,0.3968,0.25,1,Adjacent topics: delta=1 + sim=0.397
Green’s theorem (without proof) in a plane,Self- Learning Topics,6.23-N-B.E.-Civil-Engineeing-Sem-III-IV.pdf,2094111,Applied Mathematics for Civil,2,1,,0.0366,0.0,0,Low sim=0.037
Green’s theorem (without proof) in a plane,Identities connecting Gradient,6.23-N-B.E.-Civil-Engineeing-Sem-III-IV.pdf,2094111,Applied Mathematics for Civil,3,1,,0.2659,0.0,0,No signal: sim=0.266 delta=3 kw=0.000
Green’s theorem (without proof) in a plane,Divergence and Curl,6.23-N-B.E.-Civil-Engineeing-Sem-III-IV.pdf,2094111,Applied Mathematics for Civil,4,1,,0.2278,0.0,0,No signal: sim=0.228 delta=4 kw=0.000
Green’s theorem (without proof) in a plane,Green’s theorem,6.23-N-B.E.-Civil-Engineeing-Sem-III-IV.pdf,2094111,Applied Mathematics for Civil,5,1,,0.8774,0.375,1,High sim=0.877 + delta=5
Green’s theorem (without proof) in a plane,Cauchy’s Integral theorem for simple,6.23-N-B.E.-Civil-Engineeing-Sem-III-IV.pdf,2094111,Applied Mathematics for Civil,6,1,,0.3255,0.1667,0,No signal: sim=0.326 delta=6 kw=0.167
Green’s theorem (without proof) in a plane,Definition of Singularity,6.23-N-B.E.-Civil-Engineeing-Sem-III-IV.pdf,2094111,Applied Mathematics for Civil,7,1,,0.0615,0.0,0,Low sim=0.062
Green’s theorem (without proof) in a plane,Spearman’s Rank correlation coefficient (R) (Repeated,6.23-N-B.E.-Civil-Engineeing-Sem-III-IV.pdf,2094111,Applied Mathematics for Civil,8,1,,0.0152,0.0714,0,Low sim=0.015
Green’s theorem (without proof) in a plane,Lines of regression,6.23-N-B.E.-Civil-Engineeing-Sem-III-IV.pdf,2094111,Applied Mathematics for Civil,9,1,,0.1248,0.0,0,Low sim=0.125
Green’s theorem (without proof) in a plane,Fitting of first and second degree curves,6.23-N-B.E.-Civil-Engineeing-Sem-III-IV.pdf,2094111,Applied Mathematics for Civil,10,1,,0.034,0.0,0,Low sim=0.034
Green’s theorem (without proof) in a plane,Discrete and Continuous random variables,6.23-N-B.E.-Civil-Engineeing-Sem-III-IV.pdf,2094111,Applied Mathematics for Civil,11,1,,0.0373,0.0,0,Low sim=0.037
Green’s theorem (without proof) in a plane,Moment generating functions,6.23-N-B.E.-Civil-Engineeing-Sem-III-IV.pdf,2094111,Applied Mathematics for Civil,12,1,,-0.0023,0.0,0,Low sim=-0.002
Green’s theorem (without proof) in a plane,Self- learning Topics: Conditional probability,6.23-N-B.E.-Civil-Engineeing-Sem-III-IV.pdf,2094111,Applied Mathematics for Civil,13,1,,0.025,0.0,0,Low sim=0.025
Green’s theorem (without proof) in a plane,Probability Distribution: Poisson and Normal distribution,6.23-N-B.E.-Civil-Engineeing-Sem-III-IV.pdf,2094111,Applied Mathematics for Civil,14,1,,-0.0365,0.0,0,Low sim=-0.036
Divergence theorem (without proof) and problems (only,Self- Learning Topics,6.23-N-B.E.-Civil-Engineeing-Sem-III-IV.pdf,2094111,Applied Mathematics for Civil,1,1,,0.1128,0.0,0,Low sim=0.113
Divergence theorem (without proof) and problems (only,Identities connecting Gradient,6.23-N-B.E.-Civil-Engineeing-Sem-III-IV.pdf,2094111,Applied Mathematics for Civil,2,1,,0.3564,0.0,1,Adjacent topics: delta=2 + sim=0.356
Divergence theorem (without proof) and problems (only,Divergence and Curl,6.23-N-B.E.-Civil-Engineeing-Sem-III-IV.pdf,2094111,Applied Mathematics for Civil,3,1,,0.6285,0.25,1,High sim=0.628 + delta=3
Divergence theorem (without proof) and problems (only,Green’s theorem,6.23-N-B.E.-Civil-Engineeing-Sem-III-IV.pdf,2094111,Applied Mathematics for Civil,4,1,,0.3517,0.1111,0,No signal: sim=0.352 delta=4 kw=0.111
Divergence theorem (without proof) and problems (only,Cauchy’s Integral theorem for simple,6.23-N-B.E.-Civil-Engineeing-Sem-III-IV.pdf,2094111,Applied Mathematics for Civil,5,1,,0.312,0.0833,0,No signal: sim=0.312 delta=5 kw=0.083
Divergence theorem (without proof) and problems (only,Definition of Singularity,6.23-N-B.E.-Civil-Engineeing-Sem-III-IV.pdf,2094111,Applied Mathematics for Civil,6,1,,-0.0047,0.0,0,Low sim=-0.005
Divergence theorem (without proof) and problems (only,Spearman’s Rank correlation coefficient (R) (Repeated,6.23-N-B.E.-Civil-Engineeing-Sem-III-IV.pdf,2094111,Applied Mathematics for Civil,7,1,,-0.0396,0.0,0,Low sim=-0.040
Divergence theorem (without proof) and problems (only,Lines of regression,6.23-N-B.E.-Civil-Engineeing-Sem-III-IV.pdf,2094111,Applied Mathematics for Civil,8,1,,0.0651,0.0,0,Low sim=0.065
Divergence theorem (without proof) and problems (only,Fitting of first and second degree curves,6.23-N-B.E.-Civil-Engineeing-Sem-III-IV.pdf,2094111,Applied Mathematics for Civil,9,1,,-0.0028,0.0769,0,Low sim=-0.003
Divergence theorem (without proof) and problems (only,Discrete and Continuous random variables,6.23-N-B.E.-Civil-Engineeing-Sem-III-IV.pdf,2094111,Applied Mathematics for Civil,10,1,,0.0599,0.0909,0,Low sim=0.060
Divergence theorem (without proof) and problems (only,Moment generating functions,6.23-N-B.E.-Civil-Engineeing-Sem-III-IV.pdf,2094111,Applied Mathematics for Civil,11,1,,0.1186,0.0,0,Low sim=0.119
Divergence theorem (without proof) and problems (only,Self- learning Topics: Conditional probability,6.23-N-B.E.-Civil-Engineeing-Sem-III-IV.pdf,2094111,Applied Mathematics for Civil,12,1,,0.1143,0.0,0,Low sim=0.114
Divergence theorem (without proof) and problems (only,Probability Distribution: Poisson and Normal distribution,6.23-N-B.E.-Civil-Engineeing-Sem-III-IV.pdf,2094111,Applied Mathematics for Civil,13,1,,0.0456,0.0909,0,Low sim=0.046
Divergence theorem (without proof) and problems (only,Sampling distribution,6.23-N-B.E.-Civil-Engineeing-Sem-III-IV.pdf,2094111,Applied Mathematics for Civil,14,1,,0.0335,0.0,0,Low sim=0.034
Self- Learning Topics,Identities connecting Gradient,6.23-N-B.E.-Civil-Engineeing-Sem-III-IV.pdf,2094111,Applied Mathematics for Civil,1,1,,0.0255,0.0,0,Low sim=0.025
Self- Learning Topics,Divergence and Curl,6.23-N-B.E.-Civil-Engineeing-Sem-III-IV.pdf,2094111,Applied Mathematics for Civil,2,1,,0.0705,0.0,0,Low sim=0.071
Self- Learning Topics,Green’s theorem,6.23-N-B.E.-Civil-Engineeing-Sem-III-IV.pdf,2094111,Applied Mathematics for Civil,3,1,,0.062,0.0,0,Low sim=0.062
Self- Learning Topics,Cauchy’s Integral theorem for simple,6.23-N-B.E.-Civil-Engineeing-Sem-III-IV.pdf,2094111,Applied Mathematics for Civil,4,1,,0.0118,0.0,0,Low sim=0.012
Self- Learning Topics,Definition of Singularity,6.23-N-B.E.-Civil-Engineeing-Sem-III-IV.pdf,2094111,Applied Mathematics for Civil,5,1,,0.0669,0.0,0,Low sim=0.067
Self- Learning Topics,Spearman’s Rank correlation coefficient (R) (Repeated,6.23-N-B.E.-Civil-Engineeing-Sem-III-IV.pdf,2094111,Applied Mathematics for Civil,6,1,,0.0184,0.0,0,Low sim=0.018
Self- Learning Topics,Lines of regression,6.23-N-B.E.-Civil-Engineeing-Sem-III-IV.pdf,2094111,Applied Mathematics for Civil,7,1,,0.0566,0.0,0,Low sim=0.057
Self- Learning Topics,Fitting of first and second degree curves,6.23-N-B.E.-Civil-Engineeing-Sem-III-IV.pdf,2094111,Applied Mathematics for Civil,8,1,,0.035,0.0,0,Low sim=0.035
Self- Learning Topics,Discrete and Continuous random variables,6.23-N-B.E.-Civil-Engineeing-Sem-III-IV.pdf,2094111,Applied Mathematics for Civil,9,1,,0.086,0.0,0,Low sim=0.086
Self- Learning Topics,Moment generating functions,6.23-N-B.E.-Civil-Engineeing-Sem-III-IV.pdf,2094111,Applied Mathematics for Civil,10,1,,0.0009,0.0,0,Low sim=0.001
Self- Learning Topics,Self- learning Topics: Conditional probability,6.23-N-B.E.-Civil-Engineeing-Sem-III-IV.pdf,2094111,Applied Mathematics for Civil,11,1,,0.7752,0.6,1,High sim=0.775 + delta=11
Self- Learning Topics,Probability Distribution: Poisson and Normal distribution,6.23-N-B.E.-Civil-Engineeing-Sem-III-IV.pdf,2094111,Applied Mathematics for Civil,12,1,,-0.0013,0.0,0,Low sim=-0.001
Self- Learning Topics,Sampling distribution,6.23-N-B.E.-Civil-Engineeing-Sem-III-IV.pdf,2094111,Applied Mathematics for Civil,13,1,,0.0885,0.0,0,Low sim=0.089
Self- Learning Topics,Test of Hypothesis,6.23-N-B.E.-Civil-Engineeing-Sem-III-IV.pdf,2094111,Applied Mathematics for Civil,14,1,,0.0325,0.0,0,Low sim=0.032
Identities connecting Gradient,Divergence and Curl,6.23-N-B.E.-Civil-Engineeing-Sem-III-IV.pdf,2094111,Applied Mathematics for Civil,1,1,,0.4348,0.0,1,Adjacent topics: delta=1 + sim=0.435
Identities connecting Gradient,Green’s theorem,6.23-N-B.E.-Civil-Engineeing-Sem-III-IV.pdf,2094111,Applied Mathematics for Civil,2,1,,0.22,0.0,1,Adjacent topics: delta=2 + sim=0.220
Identities connecting Gradient,Cauchy’s Integral theorem for simple,6.23-N-B.E.-Civil-Engineeing-Sem-III-IV.pdf,2094111,Applied Mathematics for Civil,3,1,,0.0542,0.0,0,Low sim=0.054
Identities connecting Gradient,Definition of Singularity,6.23-N-B.E.-Civil-Engineeing-Sem-III-IV.pdf,2094111,Applied Mathematics for Civil,4,1,,-0.0446,0.0,0,Low sim=-0.045
Identities connecting Gradient,Spearman’s Rank correlation coefficient (R) (Repeated,6.23-N-B.E.-Civil-Engineeing-Sem-III-IV.pdf,2094111,Applied Mathematics for Civil,5,1,,0.0587,0.0,0,Low sim=0.059
Identities connecting Gradient,Lines of regression,6.23-N-B.E.-Civil-Engineeing-Sem-III-IV.pdf,2094111,Applied Mathematics for Civil,6,1,,0.2203,0.0,0,No signal: sim=0.220 delta=6 kw=0.000
Identities connecting Gradient,Fitting of first and second degree curves,6.23-N-B.E.-Civil-Engineeing-Sem-III-IV.pdf,2094111,Applied Mathematics for Civil,7,1,,0.0979,0.0,0,Low sim=0.098
Identities connecting Gradient,Discrete and Continuous random variables,6.23-N-B.E.-Civil-Engineeing-Sem-III-IV.pdf,2094111,Applied Mathematics for Civil,8,1,,0.0141,0.0,0,Low sim=0.014
Identities connecting Gradient,Moment generating functions,6.23-N-B.E.-Civil-Engineeing-Sem-III-IV.pdf,2094111,Applied Mathematics for Civil,9,1,,0.2049,0.0,0,No signal: sim=0.205 delta=9 kw=0.000
Identities connecting Gradient,Self- learning Topics: Conditional probability,6.23-N-B.E.-Civil-Engineeing-Sem-III-IV.pdf,2094111,Applied Mathematics for Civil,10,1,,0.0154,0.0,0,Low sim=0.015
Identities connecting Gradient,Probability Distribution: Poisson and Normal distribution,6.23-N-B.E.-Civil-Engineeing-Sem-III-IV.pdf,2094111,Applied Mathematics for Civil,11,1,,0.0052,0.0,0,Low sim=0.005
Identities connecting Gradient,Sampling distribution,6.23-N-B.E.-Civil-Engineeing-Sem-III-IV.pdf,2094111,Applied Mathematics for Civil,12,1,,-0.0816,0.0,0,Low sim=-0.082
Identities connecting Gradient,Test of Hypothesis,6.23-N-B.E.-Civil-Engineeing-Sem-III-IV.pdf,2094111,Applied Mathematics for Civil,13,1,,-0.0358,0.0,0,Low sim=-0.036
Identities connecting Gradient,Critical region,6.23-N-B.E.-Civil-Engineeing-Sem-III-IV.pdf,2094111,Applied Mathematics for Civil,14,1,,0.0931,0.0,0,Low sim=0.093
Divergence and Curl,Green’s theorem,6.23-N-B.E.-Civil-Engineeing-Sem-III-IV.pdf,2094111,Applied Mathematics for Civil,1,1,,0.2422,0.0,1,Adjacent topics: delta=1 + sim=0.242
Divergence and Curl,Cauchy’s Integral theorem for simple,6.23-N-B.E.-Civil-Engineeing-Sem-III-IV.pdf,2094111,Applied Mathematics for Civil,2,1,,0.1833,0.0,0,No signal: sim=0.183 delta=2 kw=0.000
Divergence and Curl,Definition of Singularity,6.23-N-B.E.-Civil-Engineeing-Sem-III-IV.pdf,2094111,Applied Mathematics for Civil,3,1,,0.0538,0.0,0,Low sim=0.054
Divergence and Curl,Spearman’s Rank correlation coefficient (R) (Repeated,6.23-N-B.E.-Civil-Engineeing-Sem-III-IV.pdf,2094111,Applied Mathematics for Civil,4,1,,-0.0004,0.0,0,Low sim=-0.000
Divergence and Curl,Lines of regression,6.23-N-B.E.-Civil-Engineeing-Sem-III-IV.pdf,2094111,Applied Mathematics for Civil,5,1,,0.103,0.0,0,Low sim=0.103
Divergence and Curl,Fitting of first and second degree curves,6.23-N-B.E.-Civil-Engineeing-Sem-III-IV.pdf,2094111,Applied Mathematics for Civil,6,1,,0.0369,0.1111,0,Low sim=0.037
Divergence and Curl,Discrete and Continuous random variables,6.23-N-B.E.-Civil-Engineeing-Sem-III-IV.pdf,2094111,Applied Mathematics for Civil,7,1,,0.0643,0.1429,0,Low sim=0.064
Divergence and Curl,Moment generating functions,6.23-N-B.E.-Civil-Engineeing-Sem-III-IV.pdf,2094111,Applied Mathematics for Civil,8,1,,0.127,0.0,0,Low sim=0.127
Divergence and Curl,Self- learning Topics: Conditional probability,6.23-N-B.E.-Civil-Engineeing-Sem-III-IV.pdf,2094111,Applied Mathematics for Civil,9,1,,0.07,0.0,0,Low sim=0.070
Divergence and Curl,Probability Distribution: Poisson and Normal distribution,6.23-N-B.E.-Civil-Engineeing-Sem-III-IV.pdf,2094111,Applied Mathematics for Civil,10,1,,0.0737,0.1429,0,Low sim=0.074
Divergence and Curl,Sampling distribution,6.23-N-B.E.-Civil-Engineeing-Sem-III-IV.pdf,2094111,Applied Mathematics for Civil,11,1,,0.0589,0.0,0,Low sim=0.059
Divergence and Curl,Test of Hypothesis,6.23-N-B.E.-Civil-Engineeing-Sem-III-IV.pdf,2094111,Applied Mathematics for Civil,12,1,,0.1422,0.0,0,Low sim=0.142
Divergence and Curl,Critical region,6.23-N-B.E.-Civil-Engineeing-Sem-III-IV.pdf,2094111,Applied Mathematics for Civil,13,1,,0.1316,0.0,0,Low sim=0.132
Divergence and Curl,One-tailed,6.23-N-B.E.-Civil-Engineeing-Sem-III-IV.pdf,2094111,Applied Mathematics for Civil,14,1,,0.0793,0.0,0,Low sim=0.079
Green’s theorem,Cauchy’s Integral theorem for simple,6.23-N-B.E.-Civil-Engineeing-Sem-III-IV.pdf,2094111,Applied Mathematics for Civil,1,1,,0.3445,0.2857,1,Adjacent topics: delta=1 + sim=0.345
Green’s theorem,Definition of Singularity,6.23-N-B.E.-Civil-Engineeing-Sem-III-IV.pdf,2094111,Applied Mathematics for Civil,2,1,,0.044,0.0,0,Low sim=0.044
Green’s theorem,Spearman’s Rank correlation coefficient (R) (Repeated,6.23-N-B.E.-Civil-Engineeing-Sem-III-IV.pdf,2094111,Applied Mathematics for Civil,3,1,,0.0667,0.1111,0,Low sim=0.067
Green’s theorem,Lines of regression,6.23-N-B.E.-Civil-Engineeing-Sem-III-IV.pdf,2094111,Applied Mathematics for Civil,4,1,,0.1097,0.0,0,Low sim=0.110
Green’s theorem,Fitting of first and second degree curves,6.23-N-B.E.-Civil-Engineeing-Sem-III-IV.pdf,2094111,Applied Mathematics for Civil,5,1,,0.0982,0.0,0,Low sim=0.098
Green’s theorem,Discrete and Continuous random variables,6.23-N-B.E.-Civil-Engineeing-Sem-III-IV.pdf,2094111,Applied Mathematics for Civil,6,1,,0.1222,0.0,0,Low sim=0.122
Green’s theorem,Moment generating functions,6.23-N-B.E.-Civil-Engineeing-Sem-III-IV.pdf,2094111,Applied Mathematics for Civil,7,1,,0.0543,0.0,0,Low sim=0.054
Green’s theorem,Self- learning Topics: Conditional probability,6.23-N-B.E.-Civil-Engineeing-Sem-III-IV.pdf,2094111,Applied Mathematics for Civil,8,1,,0.0591,0.0,0,Low sim=0.059
Green’s theorem,Probability Distribution: Poisson and Normal distribution,6.23-N-B.E.-Civil-Engineeing-Sem-III-IV.pdf,2094111,Applied Mathematics for Civil,9,1,,0.0243,0.0,0,Low sim=0.024
Green’s theorem,Sampling distribution,6.23-N-B.E.-Civil-Engineeing-Sem-III-IV.pdf,2094111,Applied Mathematics for Civil,10,1,,0.0077,0.0,0,Low sim=0.008
Green’s theorem,Test of Hypothesis,6.23-N-B.E.-Civil-Engineeing-Sem-III-IV.pdf,2094111,Applied Mathematics for Civil,11,1,,0.1433,0.0,0,Low sim=0.143
Green’s theorem,Critical region,6.23-N-B.E.-Civil-Engineeing-Sem-III-IV.pdf,2094111,Applied Mathematics for Civil,12,1,,0.1856,0.0,0,Far apart: delta=12 + sim=0.186
Green’s theorem,One-tailed,6.23-N-B.E.-Civil-Engineeing-Sem-III-IV.pdf,2094111,Applied Mathematics for Civil,13,1,,0.1274,0.0,0,Low sim=0.127
Cauchy’s Integral theorem for simple,Definition of Singularity,6.23-N-B.E.-Civil-Engineeing-Sem-III-IV.pdf,2094111,Applied Mathematics for Civil,1,1,,0.1818,0.0,0,No signal: sim=0.182 delta=1 kw=0.000
Cauchy’s Integral theorem for simple,Spearman’s Rank correlation coefficient (R) (Repeated,6.23-N-B.E.-Civil-Engineeing-Sem-III-IV.pdf,2094111,Applied Mathematics for Civil,2,1,,-0.0523,0.0833,0,Low sim=-0.052
Cauchy’s Integral theorem for simple,Lines of regression,6.23-N-B.E.-Civil-Engineeing-Sem-III-IV.pdf,2094111,Applied Mathematics for Civil,3,1,,-0.0108,0.0,0,Low sim=-0.011
Cauchy’s Integral theorem for simple,Fitting of first and second degree curves,6.23-N-B.E.-Civil-Engineeing-Sem-III-IV.pdf,2094111,Applied Mathematics for Civil,4,1,,0.0693,0.0,0,Low sim=0.069
Cauchy’s Integral theorem for simple,Discrete and Continuous random variables,6.23-N-B.E.-Civil-Engineeing-Sem-III-IV.pdf,2094111,Applied Mathematics for Civil,5,1,,0.0364,0.0,0,Low sim=0.036
Cauchy’s Integral theorem for simple,Moment generating functions,6.23-N-B.E.-Civil-Engineeing-Sem-III-IV.pdf,2094111,Applied Mathematics for Civil,6,1,,0.0401,0.0,0,Low sim=0.040
Cauchy’s Integral theorem for simple,Self- learning Topics: Conditional probability,6.23-N-B.E.-Civil-Engineeing-Sem-III-IV.pdf,2094111,Applied Mathematics for Civil,7,1,,0.0388,0.0,0,Low sim=0.039
Cauchy’s Integral theorem for simple,Probability Distribution: Poisson and Normal distribution,6.23-N-B.E.-Civil-Engineeing-Sem-III-IV.pdf,2094111,Applied Mathematics for Civil,8,1,,-0.0105,0.0,0,Low sim=-0.010
Cauchy’s Integral theorem for simple,Sampling distribution,6.23-N-B.E.-Civil-Engineeing-Sem-III-IV.pdf,2094111,Applied Mathematics for Civil,9,1,,0.0293,0.0,0,Low sim=0.029
Cauchy’s Integral theorem for simple,Test of Hypothesis,6.23-N-B.E.-Civil-Engineeing-Sem-III-IV.pdf,2094111,Applied Mathematics for Civil,10,1,,0.1026,0.0,0,Low sim=0.103
Cauchy’s Integral theorem for simple,Critical region,6.23-N-B.E.-Civil-Engineeing-Sem-III-IV.pdf,2094111,Applied Mathematics for Civil,11,1,,0.1194,0.0,0,Low sim=0.119
Cauchy’s Integral theorem for simple,One-tailed,6.23-N-B.E.-Civil-Engineeing-Sem-III-IV.pdf,2094111,Applied Mathematics for Civil,12,1,,0.0492,0.0,0,Low sim=0.049
Definition of Singularity,Spearman’s Rank correlation coefficient (R) (Repeated,6.23-N-B.E.-Civil-Engineeing-Sem-III-IV.pdf,2094111,Applied Mathematics for Civil,1,1,,-0.0104,0.0,0,Low sim=-0.010
Definition of Singularity,Lines of regression,6.23-N-B.E.-Civil-Engineeing-Sem-III-IV.pdf,2094111,Applied Mathematics for Civil,2,1,,0.0718,0.2,0,Low sim=0.072
Definition of Singularity,Fitting of first and second degree curves,6.23-N-B.E.-Civil-Engineeing-Sem-III-IV.pdf,2094111,Applied Mathematics for Civil,3,1,,-0.0104,0.1111,0,Low sim=-0.010
Definition of Singularity,Discrete and Continuous random variables,6.23-N-B.E.-Civil-Engineeing-Sem-III-IV.pdf,2094111,Applied Mathematics for Civil,4,1,,-0.0118,0.0,0,Low sim=-0.012
Definition of Singularity,Moment generating functions,6.23-N-B.E.-Civil-Engineeing-Sem-III-IV.pdf,2094111,Applied Mathematics for Civil,5,1,,-0.0528,0.0,0,Low sim=-0.053
Definition of Singularity,Self- learning Topics: Conditional probability,6.23-N-B.E.-Civil-Engineeing-Sem-III-IV.pdf,2094111,Applied Mathematics for Civil,6,1,,0.0463,0.0,0,Low sim=0.046
Definition of Singularity,Probability Distribution: Poisson and Normal distribution,6.23-N-B.E.-Civil-Engineeing-Sem-III-IV.pdf,2094111,Applied Mathematics for Civil,7,1,,-0.0602,0.0,0,Low sim=-0.060
Definition of Singularity,Sampling distribution,6.23-N-B.E.-Civil-Engineeing-Sem-III-IV.pdf,2094111,Applied Mathematics for Civil,8,1,,-0.0828,0.0,0,Low sim=-0.083
Definition of Singularity,Test of Hypothesis,6.23-N-B.E.-Civil-Engineeing-Sem-III-IV.pdf,2094111,Applied Mathematics for Civil,9,1,,0.0251,0.2,0,Low sim=0.025
Definition of Singularity,Critical region,6.23-N-B.E.-Civil-Engineeing-Sem-III-IV.pdf,2094111,Applied Mathematics for Civil,10,1,,0.1641,0.0,0,No signal: sim=0.164 delta=10 kw=0.000
Definition of Singularity,One-tailed,6.23-N-B.E.-Civil-Engineeing-Sem-III-IV.pdf,2094111,Applied Mathematics for Civil,11,1,,0.1563,0.0,0,No signal: sim=0.156 delta=11 kw=0.000
Spearman’s Rank correlation coefficient (R) (Repeated,Lines of regression,6.23-N-B.E.-Civil-Engineeing-Sem-III-IV.pdf,2094111,Applied Mathematics for Civil,1,1,,0.1095,0.0,0,Low sim=0.109
Spearman’s Rank correlation coefficient (R) (Repeated,Fitting of first and second degree curves,6.23-N-B.E.-Civil-Engineeing-Sem-III-IV.pdf,2094111,Applied Mathematics for Civil,2,1,,0.1421,0.0,0,Low sim=0.142
Spearman’s Rank correlation coefficient (R) (Repeated,Discrete and Continuous random variables,6.23-N-B.E.-Civil-Engineeing-Sem-III-IV.pdf,2094111,Applied Mathematics for Civil,3,1,,0.0906,0.0,0,Low sim=0.091
Spearman’s Rank correlation coefficient (R) (Repeated,Moment generating functions,6.23-N-B.E.-Civil-Engineeing-Sem-III-IV.pdf,2094111,Applied Mathematics for Civil,4,1,,0.0883,0.0,0,Low sim=0.088
Spearman’s Rank correlation coefficient (R) (Repeated,Self- learning Topics: Conditional probability,6.23-N-B.E.-Civil-Engineeing-Sem-III-IV.pdf,2094111,Applied Mathematics for Civil,5,1,,0.0299,0.0,0,Low sim=0.030
Spearman’s Rank correlation coefficient (R) (Repeated,Probability Distribution: Poisson and Normal distribution,6.23-N-B.E.-Civil-Engineeing-Sem-III-IV.pdf,2094111,Applied Mathematics for Civil,6,1,,0.0084,0.0,0,Low sim=0.008
Spearman’s Rank correlation coefficient (R) (Repeated,Sampling distribution,6.23-N-B.E.-Civil-Engineeing-Sem-III-IV.pdf,2094111,Applied Mathematics for Civil,7,1,,0.0463,0.0,0,Low sim=0.046
Spearman’s Rank correlation coefficient (R) (Repeated,Test of Hypothesis,6.23-N-B.E.-Civil-Engineeing-Sem-III-IV.pdf,2094111,Applied Mathematics for Civil,8,1,,0.0975,0.0,0,Low sim=0.097
Spearman’s Rank correlation coefficient (R) (Repeated,Critical region,6.23-N-B.E.-Civil-Engineeing-Sem-III-IV.pdf,2094111,Applied Mathematics for Civil,9,1,,-0.0163,0.0,0,Low sim=-0.016
Spearman’s Rank correlation coefficient (R) (Repeated,One-tailed,6.23-N-B.E.-Civil-Engineeing-Sem-III-IV.pdf,2094111,Applied Mathematics for Civil,10,1,,0.1128,0.0,0,Low sim=0.113
Lines of regression,Fitting of first and second degree curves,6.23-N-B.E.-Civil-Engineeing-Sem-III-IV.pdf,2094111,Applied Mathematics for Civil,1,1,,0.3745,0.1111,1,Adjacent topics: delta=1 + sim=0.375
Lines of regression,Discrete and Continuous random variables,6.23-N-B.E.-Civil-Engineeing-Sem-III-IV.pdf,2094111,Applied Mathematics for Civil,2,1,,0.1436,0.0,0,Low sim=0.144
Lines of regression,Moment generating functions,6.23-N-B.E.-Civil-Engineeing-Sem-III-IV.pdf,2094111,Applied Mathematics for Civil,3,1,,0.0294,0.0,0,Low sim=0.029
Lines of regression,Self- learning Topics: Conditional probability,6.23-N-B.E.-Civil-Engineeing-Sem-III-IV.pdf,2094111,Applied Mathematics for Civil,4,1,,0.0933,0.0,0,Low sim=0.093
Lines of regression,Probability Distribution: Poisson and Normal distribution,6.23-N-B.E.-Civil-Engineeing-Sem-III-IV.pdf,2094111,Applied Mathematics for Civil,5,1,,0.0594,0.0,0,Low sim=0.059
Lines of regression,Sampling distribution,6.23-N-B.E.-Civil-Engineeing-Sem-III-IV.pdf,2094111,Applied Mathematics for Civil,6,1,,0.0891,0.0,0,Low sim=0.089
Lines of regression,Test of Hypothesis,6.23-N-B.E.-Civil-Engineeing-Sem-III-IV.pdf,2094111,Applied Mathematics for Civil,7,1,,0.1897,0.2,0,No signal: sim=0.190 delta=7 kw=0.200
Lines of regression,Critical region,6.23-N-B.E.-Civil-Engineeing-Sem-III-IV.pdf,2094111,Applied Mathematics for Civil,8,1,,0.1864,0.0,0,No signal: sim=0.186 delta=8 kw=0.000
Lines of regression,One-tailed,6.23-N-B.E.-Civil-Engineeing-Sem-III-IV.pdf,2094111,Applied Mathematics for Civil,9,1,,0.1196,0.0,0,Low sim=0.120
Fitting of first and second degree curves,Discrete and Continuous random variables,6.23-N-B.E.-Civil-Engineeing-Sem-III-IV.pdf,2094111,Applied Mathematics for Civil,1,1,,-0.062,0.0909,0,Low sim=-0.062
Fitting of first and second degree curves,Moment generating functions,6.23-N-B.E.-Civil-Engineeing-Sem-III-IV.pdf,2094111,Applied Mathematics for Civil,2,1,,-0.0265,0.0,0,Low sim=-0.026
Fitting of first and second degree curves,Self- learning Topics: Conditional probability,6.23-N-B.E.-Civil-Engineeing-Sem-III-IV.pdf,2094111,Applied Mathematics for Civil,3,1,,-0.0055,0.0,0,Low sim=-0.005
Fitting of first and second degree curves,Probability Distribution: Poisson and Normal distribution,6.23-N-B.E.-Civil-Engineeing-Sem-III-IV.pdf,2094111,Applied Mathematics for Civil,4,1,,-0.089,0.0909,0,Low sim=-0.089
Fitting of first and second degree curves,Sampling distribution,6.23-N-B.E.-Civil-Engineeing-Sem-III-IV.pdf,2094111,Applied Mathematics for Civil,5,1,,0.0025,0.0,0,Low sim=0.002
Fitting of first and second degree curves,Test of Hypothesis,6.23-N-B.E.-Civil-Engineeing-Sem-III-IV.pdf,2094111,Applied Mathematics for Civil,6,1,,-0.0171,0.1111,0,Low sim=-0.017
Fitting of first and second degree curves,Critical region,6.23-N-B.E.-Civil-Engineeing-Sem-III-IV.pdf,2094111,Applied Mathematics for Civil,7,1,,0.1181,0.0,0,Low sim=0.118
Fitting of first and second degree curves,One-tailed,6.23-N-B.E.-Civil-Engineeing-Sem-III-IV.pdf,2094111,Applied Mathematics for Civil,8,1,,0.0341,0.0,0,Low sim=0.034
Discrete and Continuous random variables,Moment generating functions,6.23-N-B.E.-Civil-Engineeing-Sem-III-IV.pdf,2094111,Applied Mathematics for Civil,1,1,,0.2704,0.0,1,Adjacent topics: delta=1 + sim=0.270
Discrete and Continuous random variables,Self- learning Topics: Conditional probability,6.23-N-B.E.-Civil-Engineeing-Sem-III-IV.pdf,2094111,Applied Mathematics for Civil,2,1,,0.2181,0.0,1,Adjacent topics: delta=2 + sim=0.218
Discrete and Continuous random variables,Probability Distribution: Poisson and Normal distribution,6.23-N-B.E.-Civil-Engineeing-Sem-III-IV.pdf,2094111,Applied Mathematics for Civil,3,1,,0.4303,0.1111,0,No signal: sim=0.430 delta=3 kw=0.111
Discrete and Continuous random variables,Sampling distribution,6.23-N-B.E.-Civil-Engineeing-Sem-III-IV.pdf,2094111,Applied Mathematics for Civil,4,1,,0.3343,0.0,0,No signal: sim=0.334 delta=4 kw=0.000
Discrete and Continuous random variables,Test of Hypothesis,6.23-N-B.E.-Civil-Engineeing-Sem-III-IV.pdf,2094111,Applied Mathematics for Civil,5,1,,0.136,0.0,0,Low sim=0.136
Discrete and Continuous random variables,Critical region,6.23-N-B.E.-Civil-Engineeing-Sem-III-IV.pdf,2094111,Applied Mathematics for Civil,6,1,,0.1075,0.0,0,Low sim=0.108
Discrete and Continuous random variables,One-tailed,6.23-N-B.E.-Civil-Engineeing-Sem-III-IV.pdf,2094111,Applied Mathematics for Civil,7,1,,0.0876,0.0,0,Low sim=0.088
Moment generating functions,Self- learning Topics: Conditional probability,6.23-N-B.E.-Civil-Engineeing-Sem-III-IV.pdf,2094111,Applied Mathematics for Civil,1,1,,0.0536,0.0,0,Low sim=0.054
Moment generating functions,Probability Distribution: Poisson and Normal distribution,6.23-N-B.E.-Civil-Engineeing-Sem-III-IV.pdf,2094111,Applied Mathematics for Civil,2,1,,0.2666,0.0,1,Adjacent topics: delta=2 + sim=0.267
Moment generating functions,Sampling distribution,6.23-N-B.E.-Civil-Engineeing-Sem-III-IV.pdf,2094111,Applied Mathematics for Civil,3,1,,0.2619,0.0,0,No signal: sim=0.262 delta=3 kw=0.000
Moment generating functions,Test of Hypothesis,6.23-N-B.E.-Civil-Engineeing-Sem-III-IV.pdf,2094111,Applied Mathematics for Civil,4,1,,0.114,0.0,0,Low sim=0.114
Moment generating functions,Critical region,6.23-N-B.E.-Civil-Engineeing-Sem-III-IV.pdf,2094111,Applied Mathematics for Civil,5,1,,0.0393,0.0,0,Low sim=0.039
Moment generating functions,One-tailed,6.23-N-B.E.-Civil-Engineeing-Sem-III-IV.pdf,2094111,Applied Mathematics for Civil,6,1,,0.0844,0.0,0,Low sim=0.084
Self- learning Topics: Conditional probability,Probability Distribution: Poisson and Normal distribution,6.23-N-B.E.-Civil-Engineeing-Sem-III-IV.pdf,2094111,Applied Mathematics for Civil,1,1,,0.1486,0.1111,0,Low sim=0.149
Self- learning Topics: Conditional probability,Sampling distribution,6.23-N-B.E.-Civil-Engineeing-Sem-III-IV.pdf,2094111,Applied Mathematics for Civil,2,1,,0.1729,0.0,0,No signal: sim=0.173 delta=2 kw=0.000
Self- learning Topics: Conditional probability,Test of Hypothesis,6.23-N-B.E.-Civil-Engineeing-Sem-III-IV.pdf,2094111,Applied Mathematics for Civil,3,1,,0.114,0.0,0,Low sim=0.114
Self- learning Topics: Conditional probability,Critical region,6.23-N-B.E.-Civil-Engineeing-Sem-III-IV.pdf,2094111,Applied Mathematics for Civil,4,1,,0.0894,0.0,0,Low sim=0.089
Self- learning Topics: Conditional probability,One-tailed,6.23-N-B.E.-Civil-Engineeing-Sem-III-IV.pdf,2094111,Applied Mathematics for Civil,5,1,,0.1863,0.0,0,No signal: sim=0.186 delta=5 kw=0.000
Probability Distribution: Poisson and Normal distribution,Sampling distribution,6.23-N-B.E.-Civil-Engineeing-Sem-III-IV.pdf,2094111,Applied Mathematics for Civil,1,1,,0.4359,0.1667,1,Adjacent topics: delta=1 + sim=0.436
Probability Distribution: Poisson and Normal distribution,Test of Hypothesis,6.23-N-B.E.-Civil-Engineeing-Sem-III-IV.pdf,2094111,Applied Mathematics for Civil,2,1,,0.2582,0.0,1,Adjacent topics: delta=2 + sim=0.258
Probability Distribution: Poisson and Normal distribution,Critical region,6.23-N-B.E.-Civil-Engineeing-Sem-III-IV.pdf,2094111,Applied Mathematics for Civil,3,1,,0.0175,0.0,0,Low sim=0.018
Probability Distribution: Poisson and Normal distribution,One-tailed,6.23-N-B.E.-Civil-Engineeing-Sem-III-IV.pdf,2094111,Applied Mathematics for Civil,4,1,,0.1004,0.0,0,Low sim=0.100
Sampling distribution,Test of Hypothesis,6.23-N-B.E.-Civil-Engineeing-Sem-III-IV.pdf,2094111,Applied Mathematics for Civil,1,1,,0.2893,0.0,1,Adjacent topics: delta=1 + sim=0.289
Sampling distribution,Critical region,6.23-N-B.E.-Civil-Engineeing-Sem-III-IV.pdf,2094111,Applied Mathematics for Civil,2,1,,0.0658,0.0,0,Low sim=0.066
Sampling distribution,One-tailed,6.23-N-B.E.-Civil-Engineeing-Sem-III-IV.pdf,2094111,Applied Mathematics for Civil,3,1,,0.1683,0.0,0,No signal: sim=0.168 delta=3 kw=0.000
Test of Hypothesis,Critical region,6.23-N-B.E.-Civil-Engineeing-Sem-III-IV.pdf,2094111,Applied Mathematics for Civil,1,1,,0.1606,0.0,0,No signal: sim=0.161 delta=1 kw=0.000
Test of Hypothesis,One-tailed,6.23-N-B.E.-Civil-Engineeing-Sem-III-IV.pdf,2094111,Applied Mathematics for Civil,2,1,,0.2761,0.0,1,Adjacent topics: delta=2 + sim=0.276
Critical region,One-tailed,6.23-N-B.E.-Civil-Engineeing-Sem-III-IV.pdf,2094111,Applied Mathematics for Civil,1,1,,0.2056,0.0,1,Adjacent topics: delta=1 + sim=0.206
Introduction to Survey of India Department; Department,Maharashtra. Role of revenue,6.23-N-B.E.-Civil-Engineeing-Sem-III-IV.pdf,2094112,Surveying,1,1,,0.4686,0.1111,1,sim=0.469>=0.45 + delta=1<=5
Introduction to Survey of India Department; Department,Ranging and offsetting: Definitions,6.23-N-B.E.-Civil-Engineeing-Sem-III-IV.pdf,2094112,Surveying,2,1,,0.0551,0.0,0,Low sim=0.055
Introduction to Survey of India Department; Department,Instruments required,6.23-N-B.E.-Civil-Engineeing-Sem-III-IV.pdf,2094112,Surveying,3,1,,0.1493,0.0,0,Low sim=0.149
Introduction to Survey of India Department; Department,Levelling and Contouring,6.23-N-B.E.-Civil-Engineeing-Sem-III-IV.pdf,2094112,Surveying,4,1,,0.1574,0.0,0,No signal: sim=0.157 delta=4 kw=0.000
Maharashtra. Role of revenue,Ranging and offsetting: Definitions,6.23-N-B.E.-Civil-Engineeing-Sem-III-IV.pdf,2094112,Surveying,1,1,,0.0667,0.0,0,Low sim=0.067
Maharashtra. Role of revenue,Instruments required,6.23-N-B.E.-Civil-Engineeing-Sem-III-IV.pdf,2094112,Surveying,2,1,,0.1203,0.0,0,Low sim=0.120
Maharashtra. Role of revenue,Levelling and Contouring,6.23-N-B.E.-Civil-Engineeing-Sem-III-IV.pdf,2094112,Surveying,3,1,,0.1866,0.0,0,No signal: sim=0.187 delta=3 kw=0.000
Ranging and offsetting: Definitions,Instruments required,6.23-N-B.E.-Civil-Engineeing-Sem-III-IV.pdf,2094112,Surveying,1,1,,0.1437,0.0,0,Low sim=0.144
Ranging and offsetting: Definitions,Levelling and Contouring,6.23-N-B.E.-Civil-Engineeing-Sem-III-IV.pdf,2094112,Surveying,2,1,,0.1662,0.1667,0,No signal: sim=0.166 delta=2 kw=0.167
Instruments required,Levelling and Contouring,6.23-N-B.E.-Civil-Engineeing-Sem-III-IV.pdf,2094112,Surveying,1,1,,0.1678,0.0,0,No signal: sim=0.168 delta=1 kw=0.000
Determinate and Indeterminate Structures,Types of structures occurring in practice and their,6.23-N-B.E.-Civil-Engineeing-Sem-III-IV.pdf,2094113,Structural Analysis,1,1,,0.3345,0.2,1,Adjacent topics: delta=1 + sim=0.335
Determinate and Indeterminate Structures,Slope and Deflections in Statically Determinate Structures,6.23-N-B.E.-Civil-Engineeing-Sem-III-IV.pdf,2094113,Structural Analysis,2,1,,0.5177,0.375,1,sim=0.518>=0.45 + delta=2<=5
Determinate and Indeterminate Structures,Concept of Strain Energy,6.23-N-B.E.-Civil-Engineeing-Sem-III-IV.pdf,2094113,Structural Analysis,3,1,,0.0637,0.0,0,Low sim=0.064
Determinate and Indeterminate Structures,Slope and deflection in beams,6.23-N-B.E.-Civil-Engineeing-Sem-III-IV.pdf,2094113,Structural Analysis,4,1,,0.1352,0.125,0,Low sim=0.135
Determinate and Indeterminate Structures,Principle of Superposition,6.23-N-B.E.-Civil-Engineeing-Sem-III-IV.pdf,2094113,Structural Analysis,5,1,,0.1552,0.0,0,No signal: sim=0.155 delta=5 kw=0.000
Determinate and Indeterminate Structures,Principle of Virtual work,6.23-N-B.E.-Civil-Engineeing-Sem-III-IV.pdf,2094113,Structural Analysis,6,1,,0.0743,0.0,0,Low sim=0.074
Determinate and Indeterminate Structures,Castigliano’s  theorems,6.23-N-B.E.-Civil-Engineeing-Sem-III-IV.pdf,2094113,Structural Analysis,7,1,,0.0326,0.0,0,Low sim=0.033
Determinate and Indeterminate Structures,Betti’s  theorem  and  Maxwell’s,6.23-N-B.E.-Civil-Engineeing-Sem-III-IV.pdf,2094113,Structural Analysis,8,1,,0.0745,0.125,0,Low sim=0.075
Determinate and Indeterminate Structures,Macaulay’s Method,6.23-N-B.E.-Civil-Engineeing-Sem-III-IV.pdf,2094113,Structural Analysis,9,1,,0.1425,0.0,0,Low sim=0.142
Determinate and Indeterminate Structures,Moment Area Method,6.23-N-B.E.-Civil-Engineeing-Sem-III-IV.pdf,2094113,Structural Analysis,10,1,,-0.0165,0.0,0,Low sim=-0.016
Determinate and Indeterminate Structures,Unit Load Method for calculating slope and deflection for rigid,6.23-N-B.E.-Civil-Engineeing-Sem-III-IV.pdf,2094113,Structural Analysis,11,1,,0.0403,0.0833,0,Low sim=0.040
Determinate and Indeterminate Structures,Influence lines for support reactions,6.23-N-B.E.-Civil-Engineeing-Sem-III-IV.pdf,2094113,Structural Analysis,12,1,,0.059,0.0,0,Low sim=0.059
Determinate and Indeterminate Structures,Determination of S.F. and B.M. at a section,6.23-N-B.E.-Civil-Engineeing-Sem-III-IV.pdf,2094113,Structural Analysis,13,1,,0.1149,0.0769,0,Low sim=0.115
Determinate and Indeterminate Structures,Introduction to the concept of slope deflection equation,6.23-N-B.E.-Civil-Engineeing-Sem-III-IV.pdf,2094113,Structural Analysis,14,1,,0.0385,0.0,0,Low sim=0.038
Types of structures occurring in practice and their,Slope and Deflections in Statically Determinate Structures,6.23-N-B.E.-Civil-Engineeing-Sem-III-IV.pdf,2094113,Structural Analysis,1,1,,0.3356,0.25,1,Foundational kw + sim=0.336 + delta=1
Types of structures occurring in practice and their,Concept of Strain Energy,6.23-N-B.E.-Civil-Engineeing-Sem-III-IV.pdf,2094113,Structural Analysis,2,1,,0.2153,0.0909,1,Adjacent topics: delta=2 + sim=0.215
Types of structures occurring in practice and their,Slope and deflection in beams,6.23-N-B.E.-Civil-Engineeing-Sem-III-IV.pdf,2094113,Structural Analysis,3,1,,0.137,0.1818,0,Low sim=0.137
Types of structures occurring in practice and their,Principle of Superposition,6.23-N-B.E.-Civil-Engineeing-Sem-III-IV.pdf,2094113,Structural Analysis,4,1,,0.2002,0.1,0,No signal: sim=0.200 delta=4 kw=0.100
Types of structures occurring in practice and their,Principle of Virtual work,6.23-N-B.E.-Civil-Engineeing-Sem-III-IV.pdf,2094113,Structural Analysis,5,1,,0.2381,0.0909,0,No signal: sim=0.238 delta=5 kw=0.091
Types of structures occurring in practice and their,Castigliano’s  theorems,6.23-N-B.E.-Civil-Engineeing-Sem-III-IV.pdf,2094113,Structural Analysis,6,1,,0.1026,0.0,0,Low sim=0.103
Types of structures occurring in practice and their,Betti’s  theorem  and  Maxwell’s,6.23-N-B.E.-Civil-Engineeing-Sem-III-IV.pdf,2094113,Structural Analysis,7,1,,0.0519,0.0833,0,Low sim=0.052
Types of structures occurring in practice and their,Macaulay’s Method,6.23-N-B.E.-Civil-Engineeing-Sem-III-IV.pdf,2094113,Structural Analysis,8,1,,0.1284,0.0,0,Low sim=0.128
Types of structures occurring in practice and their,Moment Area Method,6.23-N-B.E.-Civil-Engineeing-Sem-III-IV.pdf,2094113,Structural Analysis,9,1,,0.0379,0.0,0,Low sim=0.038
Types of structures occurring in practice and their,Unit Load Method for calculating slope and deflection for rigid,6.23-N-B.E.-Civil-Engineeing-Sem-III-IV.pdf,2094113,Structural Analysis,10,1,,0.094,0.0625,0,Low sim=0.094
Types of structures occurring in practice and their,Influence lines for support reactions,6.23-N-B.E.-Civil-Engineeing-Sem-III-IV.pdf,2094113,Structural Analysis,11,1,,0.1723,0.0,0,No signal: sim=0.172 delta=11 kw=0.000
Types of structures occurring in practice and their,Determination of S.F. and B.M. at a section,6.23-N-B.E.-Civil-Engineeing-Sem-III-IV.pdf,2094113,Structural Analysis,12,1,,0.1111,0.125,0,Low sim=0.111
Types of structures occurring in practice and their,Introduction to the concept of slope deflection equation,6.23-N-B.E.-Civil-Engineeing-Sem-III-IV.pdf,2094113,Structural Analysis,13,1,,0.0182,0.0667,0,Low sim=0.018
Types of structures occurring in practice and their,Stiffness coefficients for prismatic members and their use,6.23-N-B.E.-Civil-Engineeing-Sem-III-IV.pdf,2094113,Structural Analysis,14,1,,0.2571,0.1429,0,Far apart: delta=14 + sim=0.257
Slope and Deflections in Statically Determinate Structures,Concept of Strain Energy,6.23-N-B.E.-Civil-Engineeing-Sem-III-IV.pdf,2094113,Structural Analysis,1,1,,0.2026,0.0,1,Adjacent topics: delta=1 + sim=0.203
Slope and Deflections in Statically Determinate Structures,Slope and deflection in beams,6.23-N-B.E.-Civil-Engineeing-Sem-III-IV.pdf,2094113,Structural Analysis,2,1,,0.5875,0.3333,1,sim=0.587>=0.45 + delta=2<=5
Slope and Deflections in Statically Determinate Structures,Principle of Superposition,6.23-N-B.E.-Civil-Engineeing-Sem-III-IV.pdf,2094113,Structural Analysis,3,1,,0.1689,0.0,0,No signal: sim=0.169 delta=3 kw=0.000
Slope and Deflections in Statically Determinate Structures,Principle of Virtual work,6.23-N-B.E.-Civil-Engineeing-Sem-III-IV.pdf,2094113,Structural Analysis,4,1,,0.0951,0.0,0,Low sim=0.095
Slope and Deflections in Statically Determinate Structures,Castigliano’s  theorems,6.23-N-B.E.-Civil-Engineeing-Sem-III-IV.pdf,2094113,Structural Analysis,5,1,,0.1102,0.0,0,Low sim=0.110
Slope and Deflections in Statically Determinate Structures,Betti’s  theorem  and  Maxwell’s,6.23-N-B.E.-Civil-Engineeing-Sem-III-IV.pdf,2094113,Structural Analysis,6,1,,0.117,0.0909,0,Low sim=0.117
Slope and Deflections in Statically Determinate Structures,Macaulay’s Method,6.23-N-B.E.-Civil-Engineeing-Sem-III-IV.pdf,2094113,Structural Analysis,7,1,,0.1983,0.0,0,No signal: sim=0.198 delta=7 kw=0.000
Slope and Deflections in Statically Determinate Structures,Moment Area Method,6.23-N-B.E.-Civil-Engineeing-Sem-III-IV.pdf,2094113,Structural Analysis,8,1,,0.0479,0.0,0,Low sim=0.048
Slope and Deflections in Statically Determinate Structures,Unit Load Method for calculating slope and deflection for rigid,6.23-N-B.E.-Civil-Engineeing-Sem-III-IV.pdf,2094113,Structural Analysis,9,1,,0.509,0.1429,0,No signal: sim=0.509 delta=9 kw=0.143
Slope and Deflections in Statically Determinate Structures,Influence lines for support reactions,6.23-N-B.E.-Civil-Engineeing-Sem-III-IV.pdf,2094113,Structural Analysis,10,1,,0.2091,0.0,0,No signal: sim=0.209 delta=10 kw=0.000
Slope and Deflections in Statically Determinate Structures,Determination of S.F. and B.M. at a section,6.23-N-B.E.-Civil-Engineeing-Sem-III-IV.pdf,2094113,Structural Analysis,11,1,,0.2473,0.0625,0,No signal: sim=0.247 delta=11 kw=0.062
Slope and Deflections in Statically Determinate Structures,Introduction to the concept of slope deflection equation,6.23-N-B.E.-Civil-Engineeing-Sem-III-IV.pdf,2094113,Structural Analysis,12,1,,0.5563,0.0714,0,No signal: sim=0.556 delta=12 kw=0.071
Slope and Deflections in Statically Determinate Structures,Stiffness coefficients for prismatic members and their use,6.23-N-B.E.-Civil-Engineeing-Sem-III-IV.pdf,2094113,Structural Analysis,13,1,,0.4667,0.0714,0,No signal: sim=0.467 delta=13 kw=0.071
Slope and Deflections in Statically Determinate Structures,Application of direct stiffness method to indeterminate,6.23-N-B.E.-Civil-Engineeing-Sem-III-IV.pdf,2094113,Structural Analysis,14,1,,0.3808,0.0,0,Far apart: delta=14 + sim=0.381
Concept of Strain Energy,Slope and deflection in beams,6.23-N-B.E.-Civil-Engineeing-Sem-III-IV.pdf,2094113,Structural Analysis,1,1,,0.2772,0.0,1,Foundational kw + sim=0.277 + delta=1
Concept of Strain Energy,Principle of Superposition,6.23-N-B.E.-Civil-Engineeing-Sem-III-IV.pdf,2094113,Structural Analysis,2,1,,0.1111,0.1667,0,Low sim=0.111
Concept of Strain Energy,Principle of Virtual work,6.23-N-B.E.-Civil-Engineeing-Sem-III-IV.pdf,2094113,Structural Analysis,3,1,,0.2775,0.1429,1,Foundational kw + sim=0.278 + delta=3
Concept of Strain Energy,Castigliano’s  theorems,6.23-N-B.E.-Civil-Engineeing-Sem-III-IV.pdf,2094113,Structural Analysis,4,1,,0.0292,0.0,0,Low sim=0.029
Concept of Strain Energy,Betti’s  theorem  and  Maxwell’s,6.23-N-B.E.-Civil-Engineeing-Sem-III-IV.pdf,2094113,Structural Analysis,5,1,,0.0526,0.0,0,Low sim=0.053
Concept of Strain Energy,Macaulay’s Method,6.23-N-B.E.-Civil-Engineeing-Sem-III-IV.pdf,2094113,Structural Analysis,6,1,,0.0387,0.0,0,Low sim=0.039
Concept of Strain Energy,Moment Area Method,6.23-N-B.E.-Civil-Engineeing-Sem-III-IV.pdf,2094113,Structural Analysis,7,1,,0.103,0.0,0,Low sim=0.103
Concept of Strain Energy,Unit Load Method for calculating slope and deflection for rigid,6.23-N-B.E.-Civil-Engineeing-Sem-III-IV.pdf,2094113,Structural Analysis,8,1,,0.3349,0.0,1,Foundational kw + sim=0.335 + delta=8
Concept of Strain Energy,Influence lines for support reactions,6.23-N-B.E.-Civil-Engineeing-Sem-III-IV.pdf,2094113,Structural Analysis,9,1,,0.1754,0.0,0,No signal: sim=0.175 delta=9 kw=0.000
Concept of Strain Energy,Determination of S.F. and B.M. at a section,6.23-N-B.E.-Civil-Engineeing-Sem-III-IV.pdf,2094113,Structural Analysis,10,1,,0.0412,0.0769,0,Low sim=0.041
Concept of Strain Energy,Introduction to the concept of slope deflection equation,6.23-N-B.E.-Civil-Engineeing-Sem-III-IV.pdf,2094113,Structural Analysis,11,1,,0.2315,0.2,0,No signal: sim=0.231 delta=11 kw=0.200
Concept of Strain Energy,Stiffness coefficients for prismatic members and their use,6.23-N-B.E.-Civil-Engineeing-Sem-III-IV.pdf,2094113,Structural Analysis,12,1,,0.2965,0.0,0,Far apart: delta=12 + sim=0.296
Concept of Strain Energy,Application of direct stiffness method to indeterminate,6.23-N-B.E.-Civil-Engineeing-Sem-III-IV.pdf,2094113,Structural Analysis,13,1,,0.2756,0.1,0,Far apart: delta=13 + sim=0.276
Slope and deflection in beams,Principle of Superposition,6.23-N-B.E.-Civil-Engineeing-Sem-III-IV.pdf,2094113,Structural Analysis,1,1,,0.1193,0.0,0,Low sim=0.119
Slope and deflection in beams,Principle of Virtual work,6.23-N-B.E.-Civil-Engineeing-Sem-III-IV.pdf,2094113,Structural Analysis,2,1,,0.0743,0.0,0,Low sim=0.074
Slope and deflection in beams,Castigliano’s  theorems,6.23-N-B.E.-Civil-Engineeing-Sem-III-IV.pdf,2094113,Structural Analysis,3,1,,0.0214,0.0,0,Low sim=0.021
Slope and deflection in beams,Betti’s  theorem  and  Maxwell’s,6.23-N-B.E.-Civil-Engineeing-Sem-III-IV.pdf,2094113,Structural Analysis,4,1,,0.0355,0.1111,0,Low sim=0.036
Slope and deflection in beams,Macaulay’s Method,6.23-N-B.E.-Civil-Engineeing-Sem-III-IV.pdf,2094113,Structural Analysis,5,1,,0.1138,0.0,0,Low sim=0.114
Slope and deflection in beams,Moment Area Method,6.23-N-B.E.-Civil-Engineeing-Sem-III-IV.pdf,2094113,Structural Analysis,6,1,,0.1213,0.0,0,Low sim=0.121
Slope and deflection in beams,Unit Load Method for calculating slope and deflection for rigid,6.23-N-B.E.-Civil-Engineeing-Sem-III-IV.pdf,2094113,Structural Analysis,7,1,,0.5894,0.2727,0,No signal: sim=0.589 delta=7 kw=0.273
Slope and deflection in beams,Influence lines for support reactions,6.23-N-B.E.-Civil-Engineeing-Sem-III-IV.pdf,2094113,Structural Analysis,8,1,,0.2241,0.0,0,No signal: sim=0.224 delta=8 kw=0.000
Slope and deflection in beams,Determination of S.F. and B.M. at a section,6.23-N-B.E.-Civil-Engineeing-Sem-III-IV.pdf,2094113,Structural Analysis,9,1,,0.192,0.0714,0,No signal: sim=0.192 delta=9 kw=0.071
Slope and deflection in beams,Introduction to the concept of slope deflection equation,6.23-N-B.E.-Civil-Engineeing-Sem-III-IV.pdf,2094113,Structural Analysis,10,1,,0.6683,0.1818,1,High sim=0.668 + delta=10
Slope and deflection in beams,Stiffness coefficients for prismatic members and their use,6.23-N-B.E.-Civil-Engineeing-Sem-III-IV.pdf,2094113,Structural Analysis,11,1,,0.2589,0.0833,0,No signal: sim=0.259 delta=11 kw=0.083
Slope and deflection in beams,Application of direct stiffness method to indeterminate,6.23-N-B.E.-Civil-Engineeing-Sem-III-IV.pdf,2094113,Structural Analysis,12,1,,0.2685,0.0,0,Far apart: delta=12 + sim=0.269
Principle of Superposition,Principle of Virtual work,6.23-N-B.E.-Civil-Engineeing-Sem-III-IV.pdf,2094113,Structural Analysis,1,1,,0.2763,0.4,1,kw_overlap=0.400 + delta=1<=6
Principle of Superposition,Castigliano’s  theorems,6.23-N-B.E.-Civil-Engineeing-Sem-III-IV.pdf,2094113,Structural Analysis,2,1,,0.2324,0.0,1,Adjacent topics: delta=2 + sim=0.232
Principle of Superposition,Betti’s  theorem  and  Maxwell’s,6.23-N-B.E.-Civil-Engineeing-Sem-III-IV.pdf,2094113,Structural Analysis,3,1,,0.0916,0.0,0,Low sim=0.092
Principle of Superposition,Macaulay’s Method,6.23-N-B.E.-Civil-Engineeing-Sem-III-IV.pdf,2094113,Structural Analysis,4,1,,0.1927,0.0,0,No signal: sim=0.193 delta=4 kw=0.000
Principle of Superposition,Moment Area Method,6.23-N-B.E.-Civil-Engineeing-Sem-III-IV.pdf,2094113,Structural Analysis,5,1,,0.1479,0.0,0,Low sim=0.148
Principle of Superposition,Unit Load Method for calculating slope and deflection for rigid,6.23-N-B.E.-Civil-Engineeing-Sem-III-IV.pdf,2094113,Structural Analysis,6,1,,0.0183,0.0,0,Low sim=0.018
Principle of Superposition,Influence lines for support reactions,6.23-N-B.E.-Civil-Engineeing-Sem-III-IV.pdf,2094113,Structural Analysis,7,1,,0.1771,0.0,0,No signal: sim=0.177 delta=7 kw=0.000
Principle of Superposition,Determination of S.F. and B.M. at a section,6.23-N-B.E.-Civil-Engineeing-Sem-III-IV.pdf,2094113,Structural Analysis,8,1,,0.1202,0.0833,0,Low sim=0.120
Principle of Superposition,Introduction to the concept of slope deflection equation,6.23-N-B.E.-Civil-Engineeing-Sem-III-IV.pdf,2094113,Structural Analysis,9,1,,0.0779,0.1,0,Low sim=0.078
Principle of Superposition,Stiffness coefficients for prismatic members and their use,6.23-N-B.E.-Civil-Engineeing-Sem-III-IV.pdf,2094113,Structural Analysis,10,1,,0.0403,0.0,0,Low sim=0.040
Principle of Superposition,Application of direct stiffness method to indeterminate,6.23-N-B.E.-Civil-Engineeing-Sem-III-IV.pdf,2094113,Structural Analysis,11,1,,0.0513,0.1111,0,Low sim=0.051
Principle of Virtual work,Castigliano’s  theorems,6.23-N-B.E.-Civil-Engineeing-Sem-III-IV.pdf,2094113,Structural Analysis,1,1,,0.1187,0.0,0,Low sim=0.119
Principle of Virtual work,Betti’s  theorem  and  Maxwell’s,6.23-N-B.E.-Civil-Engineeing-Sem-III-IV.pdf,2094113,Structural Analysis,2,1,,0.1021,0.0,0,Low sim=0.102
Principle of Virtual work,Macaulay’s Method,6.23-N-B.E.-Civil-Engineeing-Sem-III-IV.pdf,2094113,Structural Analysis,3,1,,0.1739,0.0,0,No signal: sim=0.174 delta=3 kw=0.000
Principle of Virtual work,Moment Area Method,6.23-N-B.E.-Civil-Engineeing-Sem-III-IV.pdf,2094113,Structural Analysis,4,1,,0.0244,0.0,0,Low sim=0.024
Principle of Virtual work,Unit Load Method for calculating slope and deflection for rigid,6.23-N-B.E.-Civil-Engineeing-Sem-III-IV.pdf,2094113,Structural Analysis,5,1,,0.0878,0.0,0,Low sim=0.088
Principle of Virtual work,Influence lines for support reactions,6.23-N-B.E.-Civil-Engineeing-Sem-III-IV.pdf,2094113,Structural Analysis,6,1,,0.1487,0.0,0,Low sim=0.149
Principle of Virtual work,Determination of S.F. and B.M. at a section,6.23-N-B.E.-Civil-Engineeing-Sem-III-IV.pdf,2094113,Structural Analysis,7,1,,0.0745,0.0769,0,Low sim=0.075
Principle of Virtual work,Introduction to the concept of slope deflection equation,6.23-N-B.E.-Civil-Engineeing-Sem-III-IV.pdf,2094113,Structural Analysis,8,1,,0.0555,0.0909,0,Low sim=0.056
Principle of Virtual work,Stiffness coefficients for prismatic members and their use,6.23-N-B.E.-Civil-Engineeing-Sem-III-IV.pdf,2094113,Structural Analysis,9,1,,0.0154,0.0,0,Low sim=0.015
Principle of Virtual work,Application of direct stiffness method to indeterminate,6.23-N-B.E.-Civil-Engineeing-Sem-III-IV.pdf,2094113,Structural Analysis,10,1,,0.0535,0.1,0,Low sim=0.054
Castigliano’s  theorems,Betti’s  theorem  and  Maxwell’s,6.23-N-B.E.-Civil-Engineeing-Sem-III-IV.pdf,2094113,Structural Analysis,1,1,,0.3913,0.1429,1,Adjacent topics: delta=1 + sim=0.391
Castigliano’s  theorems,Macaulay’s Method,6.23-N-B.E.-Civil-Engineeing-Sem-III-IV.pdf,2094113,Structural Analysis,2,1,,0.0725,0.2,0,Low sim=0.072
Castigliano’s  theorems,Moment Area Method,6.23-N-B.E.-Civil-Engineeing-Sem-III-IV.pdf,2094113,Structural Analysis,3,1,,0.0245,0.0,0,Low sim=0.024
Castigliano’s  theorems,Unit Load Method for calculating slope and deflection for rigid,6.23-N-B.E.-Civil-Engineeing-Sem-III-IV.pdf,2094113,Structural Analysis,4,1,,-0.0135,0.0,0,Low sim=-0.014
Castigliano’s  theorems,Influence lines for support reactions,6.23-N-B.E.-Civil-Engineeing-Sem-III-IV.pdf,2094113,Structural Analysis,5,1,,-0.0078,0.0,0,Low sim=-0.008
Castigliano’s  theorems,Determination of S.F. and B.M. at a section,6.23-N-B.E.-Civil-Engineeing-Sem-III-IV.pdf,2094113,Structural Analysis,6,1,,0.096,0.0833,0,Low sim=0.096
Castigliano’s  theorems,Introduction to the concept of slope deflection equation,6.23-N-B.E.-Civil-Engineeing-Sem-III-IV.pdf,2094113,Structural Analysis,7,1,,0.0615,0.0,0,Low sim=0.062
Castigliano’s  theorems,Stiffness coefficients for prismatic members and their use,6.23-N-B.E.-Civil-Engineeing-Sem-III-IV.pdf,2094113,Structural Analysis,8,1,,0.1015,0.0,0,Low sim=0.101
Castigliano’s  theorems,Application of direct stiffness method to indeterminate,6.23-N-B.E.-Civil-Engineeing-Sem-III-IV.pdf,2094113,Structural Analysis,9,1,,0.0595,0.0,0,Low sim=0.060
Betti’s  theorem  and  Maxwell’s,Macaulay’s Method,6.23-N-B.E.-Civil-Engineeing-Sem-III-IV.pdf,2094113,Structural Analysis,1,1,,0.127,0.1429,0,Low sim=0.127
Betti’s  theorem  and  Maxwell’s,Moment Area Method,6.23-N-B.E.-Civil-Engineeing-Sem-III-IV.pdf,2094113,Structural Analysis,2,1,,0.0606,0.0,0,Low sim=0.061
Betti’s  theorem  and  Maxwell’s,Unit Load Method for calculating slope and deflection for rigid,6.23-N-B.E.-Civil-Engineeing-Sem-III-IV.pdf,2094113,Structural Analysis,3,1,,0.0077,0.0769,0,Low sim=0.008
Betti’s  theorem  and  Maxwell’s,Influence lines for support reactions,6.23-N-B.E.-Civil-Engineeing-Sem-III-IV.pdf,2094113,Structural Analysis,4,1,,-0.0401,0.0,0,Low sim=-0.040
Betti’s  theorem  and  Maxwell’s,Determination of S.F. and B.M. at a section,6.23-N-B.E.-Civil-Engineeing-Sem-III-IV.pdf,2094113,Structural Analysis,5,1,,0.1764,0.1538,0,No signal: sim=0.176 delta=5 kw=0.154
Betti’s  theorem  and  Maxwell’s,Introduction to the concept of slope deflection equation,6.23-N-B.E.-Civil-Engineeing-Sem-III-IV.pdf,2094113,Structural Analysis,6,1,,0.0402,0.0,0,Low sim=0.040
Betti’s  theorem  and  Maxwell’s,Stiffness coefficients for prismatic members and their use,6.23-N-B.E.-Civil-Engineeing-Sem-III-IV.pdf,2094113,Structural Analysis,7,1,,0.1141,0.0833,0,Low sim=0.114
Betti’s  theorem  and  Maxwell’s,Application of direct stiffness method to indeterminate,6.23-N-B.E.-Civil-Engineeing-Sem-III-IV.pdf,2094113,Structural Analysis,8,1,,0.1264,0.0,0,Low sim=0.126
Macaulay’s Method,Moment Area Method,6.23-N-B.E.-Civil-Engineeing-Sem-III-IV.pdf,2094113,Structural Analysis,1,1,,0.277,0.2,1,Adjacent topics: delta=1 + sim=0.277
Macaulay’s Method,Unit Load Method for calculating slope and deflection for rigid,6.23-N-B.E.-Civil-Engineeing-Sem-III-IV.pdf,2094113,Structural Analysis,2,1,,0.2438,0.0909,1,Adjacent topics: delta=2 + sim=0.244
Macaulay’s Method,Influence lines for support reactions,6.23-N-B.E.-Civil-Engineeing-Sem-III-IV.pdf,2094113,Structural Analysis,3,1,,0.0807,0.0,0,Low sim=0.081
Macaulay’s Method,Determination of S.F. and B.M. at a section,6.23-N-B.E.-Civil-Engineeing-Sem-III-IV.pdf,2094113,Structural Analysis,4,1,,0.1275,0.0833,0,Low sim=0.127
Macaulay’s Method,Introduction to the concept of slope deflection equation,6.23-N-B.E.-Civil-Engineeing-Sem-III-IV.pdf,2094113,Structural Analysis,5,1,,0.1508,0.0,0,No signal: sim=0.151 delta=5 kw=0.000
Macaulay’s Method,Stiffness coefficients for prismatic members and their use,6.23-N-B.E.-Civil-Engineeing-Sem-III-IV.pdf,2094113,Structural Analysis,6,1,,0.2278,0.0,0,No signal: sim=0.228 delta=6 kw=0.000
Macaulay’s Method,Application of direct stiffness method to indeterminate,6.23-N-B.E.-Civil-Engineeing-Sem-III-IV.pdf,2094113,Structural Analysis,7,1,,0.3063,0.1111,0,No signal: sim=0.306 delta=7 kw=0.111
Moment Area Method,Unit Load Method for calculating slope and deflection for rigid,6.23-N-B.E.-Civil-Engineeing-Sem-III-IV.pdf,2094113,Structural Analysis,1,1,,0.2422,0.0909,1,Adjacent topics: delta=1 + sim=0.242
Moment Area Method,Influence lines for support reactions,6.23-N-B.E.-Civil-Engineeing-Sem-III-IV.pdf,2094113,Structural Analysis,2,1,,0.0855,0.0,0,Low sim=0.086
Moment Area Method,Determination of S.F. and B.M. at a section,6.23-N-B.E.-Civil-Engineeing-Sem-III-IV.pdf,2094113,Structural Analysis,3,1,,0.2798,0.0,0,No signal: sim=0.280 delta=3 kw=0.000
Moment Area Method,Introduction to the concept of slope deflection equation,6.23-N-B.E.-Civil-Engineeing-Sem-III-IV.pdf,2094113,Structural Analysis,4,1,,0.1536,0.0,0,No signal: sim=0.154 delta=4 kw=0.000
Moment Area Method,Stiffness coefficients for prismatic members and their use,6.23-N-B.E.-Civil-Engineeing-Sem-III-IV.pdf,2094113,Structural Analysis,5,1,,0.1675,0.0,0,No signal: sim=0.168 delta=5 kw=0.000
Moment Area Method,Application of direct stiffness method to indeterminate,6.23-N-B.E.-Civil-Engineeing-Sem-III-IV.pdf,2094113,Structural Analysis,6,1,,0.2791,0.1111,0,No signal: sim=0.279 delta=6 kw=0.111
Unit Load Method for calculating slope and deflection for rigid,Influence lines for support reactions,6.23-N-B.E.-Civil-Engineeing-Sem-III-IV.pdf,2094113,Structural Analysis,1,1,,0.2171,0.0769,1,Adjacent topics: delta=1 + sim=0.217
Unit Load Method for calculating slope and deflection for rigid,Determination of S.F. and B.M. at a section,6.23-N-B.E.-Civil-Engineeing-Sem-III-IV.pdf,2094113,Structural Analysis,2,1,,0.2131,0.0556,1,Adjacent topics: delta=2 + sim=0.213
Unit Load Method for calculating slope and deflection for rigid,Introduction to the concept of slope deflection equation,6.23-N-B.E.-Civil-Engineeing-Sem-III-IV.pdf,2094113,Structural Analysis,3,1,,0.6243,0.1333,1,High sim=0.624 + delta=3
Unit Load Method for calculating slope and deflection for rigid,Stiffness coefficients for prismatic members and their use,6.23-N-B.E.-Civil-Engineeing-Sem-III-IV.pdf,2094113,Structural Analysis,4,1,,0.3552,0.1333,0,No signal: sim=0.355 delta=4 kw=0.133
Unit Load Method for calculating slope and deflection for rigid,Application of direct stiffness method to indeterminate,6.23-N-B.E.-Civil-Engineeing-Sem-III-IV.pdf,2094113,Structural Analysis,5,1,,0.3925,0.0667,0,No signal: sim=0.393 delta=5 kw=0.067
Influence lines for support reactions,Determination of S.F. and B.M. at a section,6.23-N-B.E.-Civil-Engineeing-Sem-III-IV.pdf,2094113,Structural Analysis,1,1,,0.2013,0.0,1,Adjacent topics: delta=1 + sim=0.201
Influence lines for support reactions,Introduction to the concept of slope deflection equation,6.23-N-B.E.-Civil-Engineeing-Sem-III-IV.pdf,2094113,Structural Analysis,2,1,,0.2225,0.0,1,Adjacent topics: delta=2 + sim=0.222
Influence lines for support reactions,Stiffness coefficients for prismatic members and their use,6.23-N-B.E.-Civil-Engineeing-Sem-III-IV.pdf,2094113,Structural Analysis,3,1,,0.1794,0.0833,0,No signal: sim=0.179 delta=3 kw=0.083
Influence lines for support reactions,Application of direct stiffness method to indeterminate,6.23-N-B.E.-Civil-Engineeing-Sem-III-IV.pdf,2094113,Structural Analysis,4,1,,0.0993,0.0,0,Low sim=0.099
Determination of S.F. and B.M. at a section,Introduction to the concept of slope deflection equation,6.23-N-B.E.-Civil-Engineeing-Sem-III-IV.pdf,2094113,Structural Analysis,1,1,,0.1992,0.0588,0,No signal: sim=0.199 delta=1 kw=0.059
Determination of S.F. and B.M. at a section,Stiffness coefficients for prismatic members and their use,6.23-N-B.E.-Civil-Engineeing-Sem-III-IV.pdf,2094113,Structural Analysis,2,1,,0.205,0.0588,1,Adjacent topics: delta=2 + sim=0.205
Determination of S.F. and B.M. at a section,Application of direct stiffness method to indeterminate,6.23-N-B.E.-Civil-Engineeing-Sem-III-IV.pdf,2094113,Structural Analysis,3,1,,0.1448,0.0625,0,Low sim=0.145
Introduction to the concept of slope deflection equation,Stiffness coefficients for prismatic members and their use,6.23-N-B.E.-Civil-Engineeing-Sem-III-IV.pdf,2094113,Structural Analysis,1,1,,0.1951,0.0,0,No signal: sim=0.195 delta=1 kw=0.000
Introduction to the concept of slope deflection equation,Application of direct stiffness method to indeterminate,6.23-N-B.E.-Civil-Engineeing-Sem-III-IV.pdf,2094113,Structural Analysis,2,1,,0.2621,0.1538,1,Foundational kw + sim=0.262 + delta=2
Stiffness coefficients for prismatic members and their use,Application of direct stiffness method to indeterminate,6.23-N-B.E.-Civil-Engineeing-Sem-III-IV.pdf,2094113,Structural Analysis,1,1,,0.5939,0.0714,1,sim=0.594>=0.45 + delta=1<=5
Marks – Written test based on syllabus,Marks - Oral exam based on syllabus,6.23-N-B.E.-Civil-Engineeing-Sem-III-IV.pdf,2094411,"Computer Aided Architectural Planning, and",1,1,,0.8354,0.5,1,High sim=0.835 + delta=1
Marks – Written test based on syllabus,Introduction to Entrepreneurship,6.23-N-B.E.-Civil-Engineeing-Sem-III-IV.pdf,2094411,"Computer Aided Architectural Planning, and",2,1,,0.0609,0.0,0,Low sim=0.061
Marks – Written test based on syllabus,Entrepreneurial mindset,6.23-N-B.E.-Civil-Engineeing-Sem-III-IV.pdf,2094411,"Computer Aided Architectural Planning, and",3,1,,0.0304,0.0,0,Low sim=0.030
Marks – Written test based on syllabus,Introduction to Design Thinking,6.23-N-B.E.-Civil-Engineeing-Sem-III-IV.pdf,2094411,"Computer Aided Architectural Planning, and",4,1,,0.1238,0.0,0,Low sim=0.124
Marks – Written test based on syllabus,Need for Design Thinking approach,6.23-N-B.E.-Civil-Engineeing-Sem-III-IV.pdf,2094411,"Computer Aided Architectural Planning, and",5,1,,0.181,0.0,0,No signal: sim=0.181 delta=5 kw=0.000
Marks – Written test based on syllabus,Key tenets of Design,6.23-N-B.E.-Civil-Engineeing-Sem-III-IV.pdf,2094411,"Computer Aided Architectural Planning, and",6,1,,0.1041,0.0,0,Low sim=0.104
Marks – Written test based on syllabus,Design thinking case studies from various domains,6.23-N-B.E.-Civil-Engineeing-Sem-III-IV.pdf,2094411,"Computer Aided Architectural Planning, and",7,1,,0.1544,0.0,0,No signal: sim=0.154 delta=7 kw=0.000
Marks - Oral exam based on syllabus,Introduction to Entrepreneurship,6.23-N-B.E.-Civil-Engineeing-Sem-III-IV.pdf,2094411,"Computer Aided Architectural Planning, and",1,1,,0.0572,0.0,0,Low sim=0.057
Marks - Oral exam based on syllabus,Entrepreneurial mindset,6.23-N-B.E.-Civil-Engineeing-Sem-III-IV.pdf,2094411,"Computer Aided Architectural Planning, and",2,1,,0.0057,0.0,0,Low sim=0.006
Marks - Oral exam based on syllabus,Introduction to Design Thinking,6.23-N-B.E.-Civil-Engineeing-Sem-III-IV.pdf,2094411,"Computer Aided Architectural Planning, and",3,1,,0.1053,0.0,0,Low sim=0.105
Marks - Oral exam based on syllabus,Need for Design Thinking approach,6.23-N-B.E.-Civil-Engineeing-Sem-III-IV.pdf,2094411,"Computer Aided Architectural Planning, and",4,1,,0.1509,0.0,0,No signal: sim=0.151 delta=4 kw=0.000
Marks - Oral exam based on syllabus,Key tenets of Design,6.23-N-B.E.-Civil-Engineeing-Sem-III-IV.pdf,2094411,"Computer Aided Architectural Planning, and",5,1,,0.0713,0.0,0,Low sim=0.071
Marks - Oral exam based on syllabus,Design thinking case studies from various domains,6.23-N-B.E.-Civil-Engineeing-Sem-III-IV.pdf,2094411,"Computer Aided Architectural Planning, and",6,1,,0.0866,0.0,0,Low sim=0.087
Introduction to Entrepreneurship,Entrepreneurial mindset,6.23-N-B.E.-Civil-Engineeing-Sem-III-IV.pdf,2094411,"Computer Aided Architectural Planning, and",1,1,,0.6697,0.0,1,High sim=0.670 + delta=1
Introduction to Entrepreneurship,Introduction to Design Thinking,6.23-N-B.E.-Civil-Engineeing-Sem-III-IV.pdf,2094411,"Computer Aided Architectural Planning, and",2,1,,0.2989,0.4,1,kw_overlap=0.400 + delta=2<=6
Introduction to Entrepreneurship,Need for Design Thinking approach,6.23-N-B.E.-Civil-Engineeing-Sem-III-IV.pdf,2094411,"Computer Aided Architectural Planning, and",3,1,,0.2294,0.0,0,No signal: sim=0.229 delta=3 kw=0.000
Introduction to Entrepreneurship,Key tenets of Design,6.23-N-B.E.-Civil-Engineeing-Sem-III-IV.pdf,2094411,"Computer Aided Architectural Planning, and",4,1,,0.208,0.0,0,No signal: sim=0.208 delta=4 kw=0.000
Introduction to Entrepreneurship,Design thinking case studies from various domains,6.23-N-B.E.-Civil-Engineeing-Sem-III-IV.pdf,2094411,"Computer Aided Architectural Planning, and",5,1,,0.1603,0.0,0,No signal: sim=0.160 delta=5 kw=0.000
Entrepreneurial mindset,Introduction to Design Thinking,6.23-N-B.E.-Civil-Engineeing-Sem-III-IV.pdf,2094411,"Computer Aided Architectural Planning, and",1,1,,0.3183,0.0,1,Adjacent topics: delta=1 + sim=0.318
Entrepreneurial mindset,Need for Design Thinking approach,6.23-N-B.E.-Civil-Engineeing-Sem-III-IV.pdf,2094411,"Computer Aided Architectural Planning, and",2,1,,0.3139,0.0,1,Adjacent topics: delta=2 + sim=0.314
Entrepreneurial mindset,Key tenets of Design,6.23-N-B.E.-Civil-Engineeing-Sem-III-IV.pdf,2094411,"Computer Aided Architectural Planning, and",3,1,,0.2745,0.0,0,No signal: sim=0.275 delta=3 kw=0.000
Entrepreneurial mindset,Design thinking case studies from various domains,6.23-N-B.E.-Civil-Engineeing-Sem-III-IV.pdf,2094411,"Computer Aided Architectural Planning, and",4,1,,0.3072,0.0,0,No signal: sim=0.307 delta=4 kw=0.000
Introduction to Design Thinking,Need for Design Thinking approach,6.23-N-B.E.-Civil-Engineeing-Sem-III-IV.pdf,2094411,"Computer Aided Architectural Planning, and",1,1,,0.8716,0.2857,1,High sim=0.872 + delta=1
Introduction to Design Thinking,Key tenets of Design,6.23-N-B.E.-Civil-Engineeing-Sem-III-IV.pdf,2094411,"Computer Aided Architectural Planning, and",2,1,,0.6987,0.1429,1,High sim=0.699 + delta=2
Introduction to Design Thinking,Design thinking case studies from various domains,6.23-N-B.E.-Civil-Engineeing-Sem-III-IV.pdf,2094411,"Computer Aided Architectural Planning, and",3,1,,0.7717,0.2222,1,High sim=0.772 + delta=3
Need for Design Thinking approach,Key tenets of Design,6.23-N-B.E.-Civil-Engineeing-Sem-III-IV.pdf,2094411,"Computer Aided Architectural Planning, and",1,1,,0.6555,0.125,1,High sim=0.655 + delta=1
Need for Design Thinking approach,Design thinking case studies from various domains,6.23-N-B.E.-Civil-Engineeing-Sem-III-IV.pdf,2094411,"Computer Aided Architectural Planning, and",2,1,,0.7776,0.2,1,High sim=0.778 + delta=2
Key tenets of Design,Design thinking case studies from various domains,6.23-N-B.E.-Civil-Engineeing-Sem-III-IV.pdf,2094411,"Computer Aided Architectural Planning, and",1,1,,0.6365,0.1,1,High sim=0.637 + delta=1
Cayley-Hamilton,Linear Algebra (Theory of Matrices) verification and reduction of higher degree polynomials,6.24-N-B.E.-Computer-Engineering-Sem-III-IV.pdf,2113111,Mathematics for Computer Engineering,1,1,,0.318,0.0,1,Adjacent topics: delta=1 + sim=0.318
Cayley-Hamilton,Similarity of matrices,6.24-N-B.E.-Computer-Engineering-Sem-III-IV.pdf,2113111,Mathematics for Computer Engineering,2,1,,0.2718,0.0,1,Adjacent topics: delta=2 + sim=0.272
Cayley-Hamilton,Quadratic forms,6.24-N-B.E.-Computer-Engineering-Sem-III-IV.pdf,2113111,Mathematics for Computer Engineering,3,1,,0.1908,0.0,0,No signal: sim=0.191 delta=3 kw=0.000
Cayley-Hamilton,Linear and Non-Linear Programming Problems,6.24-N-B.E.-Computer-Engineering-Sem-III-IV.pdf,2113111,Mathematics for Computer Engineering,4,1,,-0.0703,0.0,0,Low sim=-0.070
Cayley-Hamilton,Types of solutions,6.24-N-B.E.-Computer-Engineering-Sem-III-IV.pdf,2113111,Mathematics for Computer Engineering,5,1,,0.0693,0.0,0,Low sim=0.069
Cayley-Hamilton,Standard and Canonical of LPP,6.24-N-B.E.-Computer-Engineering-Sem-III-IV.pdf,2113111,Mathematics for Computer Engineering,6,1,,0.1027,0.0,0,Low sim=0.103
Cayley-Hamilton,Basic and Feasible solutions,6.24-N-B.E.-Computer-Engineering-Sem-III-IV.pdf,2113111,Mathematics for Computer Engineering,7,1,,0.0012,0.0,0,Low sim=0.001
Cayley-Hamilton,Simplex method,6.24-N-B.E.-Computer-Engineering-Sem-III-IV.pdf,2113111,Mathematics for Computer Engineering,8,1,,0.0414,0.0,0,Low sim=0.041
Cayley-Hamilton,Artificial variables,6.24-N-B.E.-Computer-Engineering-Sem-III-IV.pdf,2113111,Mathematics for Computer Engineering,9,1,,0.0767,0.0,0,Low sim=0.077
Cayley-Hamilton,Kuhn-Tucker conditions,6.24-N-B.E.-Computer-Engineering-Sem-III-IV.pdf,2113111,Mathematics for Computer Engineering,10,1,,0.0109,0.0,0,Low sim=0.011
Cayley-Hamilton,Introduction to Congruence,6.24-N-B.E.-Computer-Engineering-Sem-III-IV.pdf,2113111,Mathematics for Computer Engineering,11,1,,0.1471,0.0,0,Low sim=0.147
Cayley-Hamilton,Linear congruence,6.24-N-B.E.-Computer-Engineering-Sem-III-IV.pdf,2113111,Mathematics for Computer Engineering,12,1,,0.2145,0.0,0,Far apart: delta=12 + sim=0.214
Cayley-Hamilton,Application of congruence-RSA algorithm,6.24-N-B.E.-Computer-Engineering-Sem-III-IV.pdf,2113111,Mathematics for Computer Engineering,13,1,,0.0894,0.0,0,Low sim=0.089
Cayley-Hamilton,Dirichlet’s conditions,6.24-N-B.E.-Computer-Engineering-Sem-III-IV.pdf,2113111,Mathematics for Computer Engineering,14,1,,-0.0433,0.0,0,Low sim=-0.043
Linear Algebra (Theory of Matrices) verification and reduction of higher degree polynomials,Similarity of matrices,6.24-N-B.E.-Computer-Engineering-Sem-III-IV.pdf,2113111,Mathematics for Computer Engineering,1,1,,0.378,0.1667,1,Foundational kw + sim=0.378 + delta=1
Linear Algebra (Theory of Matrices) verification and reduction of higher degree polynomials,Quadratic forms,6.24-N-B.E.-Computer-Engineering-Sem-III-IV.pdf,2113111,Mathematics for Computer Engineering,2,1,,0.3275,0.0,1,Foundational kw + sim=0.327 + delta=2
Linear Algebra (Theory of Matrices) verification and reduction of higher degree polynomials,Linear and Non-Linear Programming Problems,6.24-N-B.E.-Computer-Engineering-Sem-III-IV.pdf,2113111,Mathematics for Computer Engineering,3,1,,0.2021,0.1429,0,No signal: sim=0.202 delta=3 kw=0.143
Linear Algebra (Theory of Matrices) verification and reduction of higher degree polynomials,Types of solutions,6.24-N-B.E.-Computer-Engineering-Sem-III-IV.pdf,2113111,Mathematics for Computer Engineering,4,1,,0.0988,0.0769,0,Low sim=0.099
Linear Algebra (Theory of Matrices) verification and reduction of higher degree polynomials,Standard and Canonical of LPP,6.24-N-B.E.-Computer-Engineering-Sem-III-IV.pdf,2113111,Mathematics for Computer Engineering,5,1,,0.1691,0.1429,0,No signal: sim=0.169 delta=5 kw=0.143
Linear Algebra (Theory of Matrices) verification and reduction of higher degree polynomials,Basic and Feasible solutions,6.24-N-B.E.-Computer-Engineering-Sem-III-IV.pdf,2113111,Mathematics for Computer Engineering,6,1,,0.1148,0.0714,0,Low sim=0.115
Linear Algebra (Theory of Matrices) verification and reduction of higher degree polynomials,Simplex method,6.24-N-B.E.-Computer-Engineering-Sem-III-IV.pdf,2113111,Mathematics for Computer Engineering,7,1,,0.1524,0.0,0,No signal: sim=0.152 delta=7 kw=0.000
Linear Algebra (Theory of Matrices) verification and reduction of higher degree polynomials,Artificial variables,6.24-N-B.E.-Computer-Engineering-Sem-III-IV.pdf,2113111,Mathematics for Computer Engineering,8,1,,0.0919,0.0,0,Low sim=0.092
Linear Algebra (Theory of Matrices) verification and reduction of higher degree polynomials,Kuhn-Tucker conditions,6.24-N-B.E.-Computer-Engineering-Sem-III-IV.pdf,2113111,Mathematics for Computer Engineering,9,1,,0.0756,0.0,0,Low sim=0.076
Linear Algebra (Theory of Matrices) verification and reduction of higher degree polynomials,Introduction to Congruence,6.24-N-B.E.-Computer-Engineering-Sem-III-IV.pdf,2113111,Mathematics for Computer Engineering,10,1,,0.0743,0.0,0,Low sim=0.074
Linear Algebra (Theory of Matrices) verification and reduction of higher degree polynomials,Linear congruence,6.24-N-B.E.-Computer-Engineering-Sem-III-IV.pdf,2113111,Mathematics for Computer Engineering,11,1,,0.2843,0.0833,0,No signal: sim=0.284 delta=11 kw=0.083
Linear Algebra (Theory of Matrices) verification and reduction of higher degree polynomials,Application of congruence-RSA algorithm,6.24-N-B.E.-Computer-Engineering-Sem-III-IV.pdf,2113111,Mathematics for Computer Engineering,12,1,,0.1457,0.0667,0,Low sim=0.146
Linear Algebra (Theory of Matrices) verification and reduction of higher degree polynomials,Dirichlet’s conditions,6.24-N-B.E.-Computer-Engineering-Sem-III-IV.pdf,2113111,Mathematics for Computer Engineering,13,1,,-0.0551,0.0,0,Low sim=-0.055
Linear Algebra (Theory of Matrices) verification and reduction of higher degree polynomials,Fourier series of periodic,6.24-N-B.E.-Computer-Engineering-Sem-III-IV.pdf,2113111,Mathematics for Computer Engineering,14,1,,0.0501,0.0714,0,Low sim=0.050
Similarity of matrices,Quadratic forms,6.24-N-B.E.-Computer-Engineering-Sem-III-IV.pdf,2113111,Mathematics for Computer Engineering,1,1,,0.1835,0.0,0,No signal: sim=0.184 delta=1 kw=0.000
Similarity of matrices,Linear and Non-Linear Programming Problems,6.24-N-B.E.-Computer-Engineering-Sem-III-IV.pdf,2113111,Mathematics for Computer Engineering,2,1,,0.0555,0.0,0,Low sim=0.056
Similarity of matrices,Types of solutions,6.24-N-B.E.-Computer-Engineering-Sem-III-IV.pdf,2113111,Mathematics for Computer Engineering,3,1,,0.0718,0.2,0,Low sim=0.072
Similarity of matrices,Standard and Canonical of LPP,6.24-N-B.E.-Computer-Engineering-Sem-III-IV.pdf,2113111,Mathematics for Computer Engineering,4,1,,0.0275,0.1429,0,Low sim=0.027
Similarity of matrices,Basic and Feasible solutions,6.24-N-B.E.-Computer-Engineering-Sem-III-IV.pdf,2113111,Mathematics for Computer Engineering,5,1,,0.057,0.0,0,Low sim=0.057
Similarity of matrices,Simplex method,6.24-N-B.E.-Computer-Engineering-Sem-III-IV.pdf,2113111,Mathematics for Computer Engineering,6,1,,0.0153,0.0,0,Low sim=0.015
Similarity of matrices,Artificial variables,6.24-N-B.E.-Computer-Engineering-Sem-III-IV.pdf,2113111,Mathematics for Computer Engineering,7,1,,-0.0045,0.0,0,Low sim=-0.004
Similarity of matrices,Kuhn-Tucker conditions,6.24-N-B.E.-Computer-Engineering-Sem-III-IV.pdf,2113111,Mathematics for Computer Engineering,8,1,,0.0595,0.0,0,Low sim=0.060
Similarity of matrices,Introduction to Congruence,6.24-N-B.E.-Computer-Engineering-Sem-III-IV.pdf,2113111,Mathematics for Computer Engineering,9,1,,0.0499,0.0,0,Low sim=0.050
Similarity of matrices,Linear congruence,6.24-N-B.E.-Computer-Engineering-Sem-III-IV.pdf,2113111,Mathematics for Computer Engineering,10,1,,0.1671,0.0,0,No signal: sim=0.167 delta=10 kw=0.000
Similarity of matrices,Application of congruence-RSA algorithm,6.24-N-B.E.-Computer-Engineering-Sem-III-IV.pdf,2113111,Mathematics for Computer Engineering,11,1,,0.0755,0.1429,0,Low sim=0.075
Similarity of matrices,Dirichlet’s conditions,6.24-N-B.E.-Computer-Engineering-Sem-III-IV.pdf,2113111,Mathematics for Computer Engineering,12,1,,-0.0128,0.0,0,Low sim=-0.013
Similarity of matrices,Fourier series of periodic,6.24-N-B.E.-Computer-Engineering-Sem-III-IV.pdf,2113111,Mathematics for Computer Engineering,13,1,,0.0009,0.1667,0,Low sim=0.001
Similarity of matrices,Fourier series of even and odd functions,6.24-N-B.E.-Computer-Engineering-Sem-III-IV.pdf,2113111,Mathematics for Computer Engineering,14,1,,-0.0637,0.1111,0,Low sim=-0.064
Quadratic forms,Linear and Non-Linear Programming Problems,6.24-N-B.E.-Computer-Engineering-Sem-III-IV.pdf,2113111,Mathematics for Computer Engineering,1,1,,0.161,0.0,0,No signal: sim=0.161 delta=1 kw=0.000
Quadratic forms,Types of solutions,6.24-N-B.E.-Computer-Engineering-Sem-III-IV.pdf,2113111,Mathematics for Computer Engineering,2,1,,0.2615,0.0,1,Adjacent topics: delta=2 + sim=0.262
Quadratic forms,Standard and Canonical of LPP,6.24-N-B.E.-Computer-Engineering-Sem-III-IV.pdf,2113111,Mathematics for Computer Engineering,3,1,,0.1094,0.0,0,Low sim=0.109
Quadratic forms,Basic and Feasible solutions,6.24-N-B.E.-Computer-Engineering-Sem-III-IV.pdf,2113111,Mathematics for Computer Engineering,4,1,,0.226,0.0,0,No signal: sim=0.226 delta=4 kw=0.000
Quadratic forms,Simplex method,6.24-N-B.E.-Computer-Engineering-Sem-III-IV.pdf,2113111,Mathematics for Computer Engineering,5,1,,0.1793,0.0,0,No signal: sim=0.179 delta=5 kw=0.000
Quadratic forms,Artificial variables,6.24-N-B.E.-Computer-Engineering-Sem-III-IV.pdf,2113111,Mathematics for Computer Engineering,6,1,,0.1713,0.0,0,No signal: sim=0.171 delta=6 kw=0.000
Quadratic forms,Kuhn-Tucker conditions,6.24-N-B.E.-Computer-Engineering-Sem-III-IV.pdf,2113111,Mathematics for Computer Engineering,7,1,,0.2002,0.0,0,No signal: sim=0.200 delta=7 kw=0.000
Quadratic forms,Introduction to Congruence,6.24-N-B.E.-Computer-Engineering-Sem-III-IV.pdf,2113111,Mathematics for Computer Engineering,8,1,,0.2168,0.0,0,No signal: sim=0.217 delta=8 kw=0.000
Quadratic forms,Linear congruence,6.24-N-B.E.-Computer-Engineering-Sem-III-IV.pdf,2113111,Mathematics for Computer Engineering,9,1,,0.2821,0.0,0,No signal: sim=0.282 delta=9 kw=0.000
Quadratic forms,Application of congruence-RSA algorithm,6.24-N-B.E.-Computer-Engineering-Sem-III-IV.pdf,2113111,Mathematics for Computer Engineering,10,1,,0.1161,0.0,0,Low sim=0.116
Quadratic forms,Dirichlet’s conditions,6.24-N-B.E.-Computer-Engineering-Sem-III-IV.pdf,2113111,Mathematics for Computer Engineering,11,1,,0.1331,0.0,0,Low sim=0.133
Quadratic forms,Fourier series of periodic,6.24-N-B.E.-Computer-Engineering-Sem-III-IV.pdf,2113111,Mathematics for Computer Engineering,12,1,,0.0328,0.0,0,Low sim=0.033
Quadratic forms,Fourier series of even and odd functions,6.24-N-B.E.-Computer-Engineering-Sem-III-IV.pdf,2113111,Mathematics for Computer Engineering,13,1,,0.0468,0.0,0,Low sim=0.047
Quadratic forms,Complex form of Fourier Series,6.24-N-B.E.-Computer-Engineering-Sem-III-IV.pdf,2113111,Mathematics for Computer Engineering,14,1,,0.1998,0.0,0,Far apart: delta=14 + sim=0.200
Linear and Non-Linear Programming Problems,Types of solutions,6.24-N-B.E.-Computer-Engineering-Sem-III-IV.pdf,2113111,Mathematics for Computer Engineering,1,1,,0.2528,0.0,1,Adjacent topics: delta=1 + sim=0.253
Linear and Non-Linear Programming Problems,Standard and Canonical of LPP,6.24-N-B.E.-Computer-Engineering-Sem-III-IV.pdf,2113111,Mathematics for Computer Engineering,2,1,,0.2497,0.1111,1,Adjacent topics: delta=2 + sim=0.250
Linear and Non-Linear Programming Problems,Basic and Feasible solutions,6.24-N-B.E.-Computer-Engineering-Sem-III-IV.pdf,2113111,Mathematics for Computer Engineering,3,1,,0.575,0.125,1,sim=0.575>=0.45 + delta=3<=5
Linear and Non-Linear Programming Problems,Simplex method,6.24-N-B.E.-Computer-Engineering-Sem-III-IV.pdf,2113111,Mathematics for Computer Engineering,4,1,,0.2234,0.0,0,No signal: sim=0.223 delta=4 kw=0.000
Linear and Non-Linear Programming Problems,Artificial variables,6.24-N-B.E.-Computer-Engineering-Sem-III-IV.pdf,2113111,Mathematics for Computer Engineering,5,1,,0.3948,0.0,0,No signal: sim=0.395 delta=5 kw=0.000
Linear and Non-Linear Programming Problems,Kuhn-Tucker conditions,6.24-N-B.E.-Computer-Engineering-Sem-III-IV.pdf,2113111,Mathematics for Computer Engineering,6,1,,0.2473,0.0,0,No signal: sim=0.247 delta=6 kw=0.000
Linear and Non-Linear Programming Problems,Introduction to Congruence,6.24-N-B.E.-Computer-Engineering-Sem-III-IV.pdf,2113111,Mathematics for Computer Engineering,7,1,,-0.0405,0.0,0,Low sim=-0.041
Linear and Non-Linear Programming Problems,Linear congruence,6.24-N-B.E.-Computer-Engineering-Sem-III-IV.pdf,2113111,Mathematics for Computer Engineering,8,1,,0.1338,0.1667,0,Low sim=0.134
Linear and Non-Linear Programming Problems,Application of congruence-RSA algorithm,6.24-N-B.E.-Computer-Engineering-Sem-III-IV.pdf,2113111,Mathematics for Computer Engineering,9,1,,0.0412,0.0,0,Low sim=0.041
Linear and Non-Linear Programming Problems,Dirichlet’s conditions,6.24-N-B.E.-Computer-Engineering-Sem-III-IV.pdf,2113111,Mathematics for Computer Engineering,10,1,,0.0428,0.0,0,Low sim=0.043
Linear and Non-Linear Programming Problems,Fourier series of periodic,6.24-N-B.E.-Computer-Engineering-Sem-III-IV.pdf,2113111,Mathematics for Computer Engineering,11,1,,-0.127,0.0,0,Low sim=-0.127
Linear and Non-Linear Programming Problems,Fourier series of even and odd functions,6.24-N-B.E.-Computer-Engineering-Sem-III-IV.pdf,2113111,Mathematics for Computer Engineering,12,1,,-0.0229,0.0909,0,Low sim=-0.023
Linear and Non-Linear Programming Problems,Complex form of Fourier Series,6.24-N-B.E.-Computer-Engineering-Sem-III-IV.pdf,2113111,Mathematics for Computer Engineering,13,1,,-0.13,0.0,0,Low sim=-0.130
Linear and Non-Linear Programming Problems,Lines of regression,6.24-N-B.E.-Computer-Engineering-Sem-III-IV.pdf,2113111,Mathematics for Computer Engineering,14,1,,0.2796,0.0,0,Far apart: delta=14 + sim=0.280
Types of solutions,Standard and Canonical of LPP,6.24-N-B.E.-Computer-Engineering-Sem-III-IV.pdf,2113111,Mathematics for Computer Engineering,1,1,,0.1217,0.1429,0,Low sim=0.122
Types of solutions,Basic and Feasible solutions,6.24-N-B.E.-Computer-Engineering-Sem-III-IV.pdf,2113111,Mathematics for Computer Engineering,2,1,,0.479,0.1667,1,sim=0.479>=0.45 + delta=2<=5
Types of solutions,Simplex method,6.24-N-B.E.-Computer-Engineering-Sem-III-IV.pdf,2113111,Mathematics for Computer Engineering,3,1,,0.1297,0.0,0,Low sim=0.130
Types of solutions,Artificial variables,6.24-N-B.E.-Computer-Engineering-Sem-III-IV.pdf,2113111,Mathematics for Computer Engineering,4,1,,0.2761,0.0,1,Foundational kw + sim=0.276 + delta=4
Types of solutions,Kuhn-Tucker conditions,6.24-N-B.E.-Computer-Engineering-Sem-III-IV.pdf,2113111,Mathematics for Computer Engineering,5,1,,0.1889,0.0,0,No signal: sim=0.189 delta=5 kw=0.000
Types of solutions,Introduction to Congruence,6.24-N-B.E.-Computer-Engineering-Sem-III-IV.pdf,2113111,Mathematics for Computer Engineering,6,1,,0.0776,0.0,0,Low sim=0.078
Types of solutions,Linear congruence,6.24-N-B.E.-Computer-Engineering-Sem-III-IV.pdf,2113111,Mathematics for Computer Engineering,7,1,,0.1037,0.0,0,Low sim=0.104
Types of solutions,Application of congruence-RSA algorithm,6.24-N-B.E.-Computer-Engineering-Sem-III-IV.pdf,2113111,Mathematics for Computer Engineering,8,1,,0.0485,0.1429,0,Low sim=0.049
Types of solutions,Dirichlet’s conditions,6.24-N-B.E.-Computer-Engineering-Sem-III-IV.pdf,2113111,Mathematics for Computer Engineering,9,1,,0.1982,0.0,0,No signal: sim=0.198 delta=9 kw=0.000
Types of solutions,Fourier series of periodic,6.24-N-B.E.-Computer-Engineering-Sem-III-IV.pdf,2113111,Mathematics for Computer Engineering,10,1,,0.0109,0.1667,0,Low sim=0.011
Types of solutions,Fourier series of even and odd functions,6.24-N-B.E.-Computer-Engineering-Sem-III-IV.pdf,2113111,Mathematics for Computer Engineering,11,1,,0.0343,0.1111,0,Low sim=0.034
Types of solutions,Complex form of Fourier Series,6.24-N-B.E.-Computer-Engineering-Sem-III-IV.pdf,2113111,Mathematics for Computer Engineering,12,1,,0.0521,0.1429,0,Low sim=0.052
Types of solutions,Lines of regression,6.24-N-B.E.-Computer-Engineering-Sem-III-IV.pdf,2113111,Mathematics for Computer Engineering,13,1,,0.1037,0.2,0,Low sim=0.104
Types of solutions,Moment generating function,6.24-N-B.E.-Computer-Engineering-Sem-III-IV.pdf,2113111,Mathematics for Computer Engineering,14,1,,0.0109,0.0,0,Low sim=0.011
Standard and Canonical of LPP,Basic and Feasible solutions,6.24-N-B.E.-Computer-Engineering-Sem-III-IV.pdf,2113111,Mathematics for Computer Engineering,1,1,,0.224,0.125,1,Adjacent topics: delta=1 + sim=0.224
Standard and Canonical of LPP,Simplex method,6.24-N-B.E.-Computer-Engineering-Sem-III-IV.pdf,2113111,Mathematics for Computer Engineering,2,1,,0.1656,0.0,0,No signal: sim=0.166 delta=2 kw=0.000
Standard and Canonical of LPP,Artificial variables,6.24-N-B.E.-Computer-Engineering-Sem-III-IV.pdf,2113111,Mathematics for Computer Engineering,3,1,,0.1601,0.0,0,No signal: sim=0.160 delta=3 kw=0.000
Standard and Canonical of LPP,Kuhn-Tucker conditions,6.24-N-B.E.-Computer-Engineering-Sem-III-IV.pdf,2113111,Mathematics for Computer Engineering,4,1,,0.0818,0.0,0,Low sim=0.082
Standard and Canonical of LPP,Introduction to Congruence,6.24-N-B.E.-Computer-Engineering-Sem-III-IV.pdf,2113111,Mathematics for Computer Engineering,5,1,,0.0827,0.0,0,Low sim=0.083
Standard and Canonical of LPP,Linear congruence,6.24-N-B.E.-Computer-Engineering-Sem-III-IV.pdf,2113111,Mathematics for Computer Engineering,6,1,,0.1686,0.0,0,No signal: sim=0.169 delta=6 kw=0.000
Standard and Canonical of LPP,Application of congruence-RSA algorithm,6.24-N-B.E.-Computer-Engineering-Sem-III-IV.pdf,2113111,Mathematics for Computer Engineering,7,1,,0.0824,0.1111,0,Low sim=0.082
Standard and Canonical of LPP,Dirichlet’s conditions,6.24-N-B.E.-Computer-Engineering-Sem-III-IV.pdf,2113111,Mathematics for Computer Engineering,8,1,,0.0865,0.0,0,Low sim=0.086
Standard and Canonical of LPP,Fourier series of periodic,6.24-N-B.E.-Computer-Engineering-Sem-III-IV.pdf,2113111,Mathematics for Computer Engineering,9,1,,-0.0222,0.125,0,Low sim=-0.022
Standard and Canonical of LPP,Fourier series of even and odd functions,6.24-N-B.E.-Computer-Engineering-Sem-III-IV.pdf,2113111,Mathematics for Computer Engineering,10,1,,0.0379,0.2,0,Low sim=0.038
Standard and Canonical of LPP,Complex form of Fourier Series,6.24-N-B.E.-Computer-Engineering-Sem-III-IV.pdf,2113111,Mathematics for Computer Engineering,11,1,,0.0169,0.1111,0,Low sim=0.017
Standard and Canonical of LPP,Lines of regression,6.24-N-B.E.-Computer-Engineering-Sem-III-IV.pdf,2113111,Mathematics for Computer Engineering,12,1,,0.1162,0.1429,0,Low sim=0.116
Standard and Canonical of LPP,Moment generating function,6.24-N-B.E.-Computer-Engineering-Sem-III-IV.pdf,2113111,Mathematics for Computer Engineering,13,1,,0.0601,0.0,0,Low sim=0.060
Standard and Canonical of LPP,Raw moments,6.24-N-B.E.-Computer-Engineering-Sem-III-IV.pdf,2113111,Mathematics for Computer Engineering,14,1,,0.0491,0.0,0,Low sim=0.049
Basic and Feasible solutions,Simplex method,6.24-N-B.E.-Computer-Engineering-Sem-III-IV.pdf,2113111,Mathematics for Computer Engineering,1,1,,0.33,0.0,1,Foundational kw + sim=0.330 + delta=1
Basic and Feasible solutions,Artificial variables,6.24-N-B.E.-Computer-Engineering-Sem-III-IV.pdf,2113111,Mathematics for Computer Engineering,2,1,,0.4269,0.0,1,Foundational kw + sim=0.427 + delta=2
Basic and Feasible solutions,Kuhn-Tucker conditions,6.24-N-B.E.-Computer-Engineering-Sem-III-IV.pdf,2113111,Mathematics for Computer Engineering,3,1,,0.2568,0.0,1,Foundational kw + sim=0.257 + delta=3
Basic and Feasible solutions,Introduction to Congruence,6.24-N-B.E.-Computer-Engineering-Sem-III-IV.pdf,2113111,Mathematics for Computer Engineering,4,1,,0.1335,0.0,0,Low sim=0.133
Basic and Feasible solutions,Linear congruence,6.24-N-B.E.-Computer-Engineering-Sem-III-IV.pdf,2113111,Mathematics for Computer Engineering,5,1,,0.1608,0.0,0,No signal: sim=0.161 delta=5 kw=0.000
Basic and Feasible solutions,Application of congruence-RSA algorithm,6.24-N-B.E.-Computer-Engineering-Sem-III-IV.pdf,2113111,Mathematics for Computer Engineering,6,1,,0.1536,0.0,0,No signal: sim=0.154 delta=6 kw=0.000
Basic and Feasible solutions,Dirichlet’s conditions,6.24-N-B.E.-Computer-Engineering-Sem-III-IV.pdf,2113111,Mathematics for Computer Engineering,7,1,,0.143,0.0,0,Low sim=0.143
Basic and Feasible solutions,Fourier series of periodic,6.24-N-B.E.-Computer-Engineering-Sem-III-IV.pdf,2113111,Mathematics for Computer Engineering,8,1,,-0.0731,0.0,0,Low sim=-0.073
Basic and Feasible solutions,Fourier series of even and odd functions,6.24-N-B.E.-Computer-Engineering-Sem-III-IV.pdf,2113111,Mathematics for Computer Engineering,9,1,,-0.0582,0.1,0,Low sim=-0.058
Basic and Feasible solutions,Complex form of Fourier Series,6.24-N-B.E.-Computer-Engineering-Sem-III-IV.pdf,2113111,Mathematics for Computer Engineering,10,1,,-0.0442,0.0,0,Low sim=-0.044
Basic and Feasible solutions,Lines of regression,6.24-N-B.E.-Computer-Engineering-Sem-III-IV.pdf,2113111,Mathematics for Computer Engineering,11,1,,0.1566,0.0,0,No signal: sim=0.157 delta=11 kw=0.000
Basic and Feasible solutions,Moment generating function,6.24-N-B.E.-Computer-Engineering-Sem-III-IV.pdf,2113111,Mathematics for Computer Engineering,12,1,,0.0337,0.0,0,Low sim=0.034
Basic and Feasible solutions,Raw moments,6.24-N-B.E.-Computer-Engineering-Sem-III-IV.pdf,2113111,Mathematics for Computer Engineering,13,1,,0.0636,0.0,0,Low sim=0.064
Simplex method,Artificial variables,6.24-N-B.E.-Computer-Engineering-Sem-III-IV.pdf,2113111,Mathematics for Computer Engineering,1,1,,0.267,0.0,1,Adjacent topics: delta=1 + sim=0.267
Simplex method,Kuhn-Tucker conditions,6.24-N-B.E.-Computer-Engineering-Sem-III-IV.pdf,2113111,Mathematics for Computer Engineering,2,1,,0.0561,0.0,0,Low sim=0.056
Simplex method,Introduction to Congruence,6.24-N-B.E.-Computer-Engineering-Sem-III-IV.pdf,2113111,Mathematics for Computer Engineering,3,1,,0.0279,0.0,0,Low sim=0.028
Simplex method,Linear congruence,6.24-N-B.E.-Computer-Engineering-Sem-III-IV.pdf,2113111,Mathematics for Computer Engineering,4,1,,0.1412,0.0,0,Low sim=0.141
Simplex method,Application of congruence-RSA algorithm,6.24-N-B.E.-Computer-Engineering-Sem-III-IV.pdf,2113111,Mathematics for Computer Engineering,5,1,,0.155,0.0,0,No signal: sim=0.155 delta=5 kw=0.000
Simplex method,Dirichlet’s conditions,6.24-N-B.E.-Computer-Engineering-Sem-III-IV.pdf,2113111,Mathematics for Computer Engineering,6,1,,-0.0792,0.0,0,Low sim=-0.079
Simplex method,Fourier series of periodic,6.24-N-B.E.-Computer-Engineering-Sem-III-IV.pdf,2113111,Mathematics for Computer Engineering,7,1,,0.0877,0.0,0,Low sim=0.088
Simplex method,Fourier series of even and odd functions,6.24-N-B.E.-Computer-Engineering-Sem-III-IV.pdf,2113111,Mathematics for Computer Engineering,8,1,,0.1592,0.0,0,No signal: sim=0.159 delta=8 kw=0.000
Simplex method,Complex form of Fourier Series,6.24-N-B.E.-Computer-Engineering-Sem-III-IV.pdf,2113111,Mathematics for Computer Engineering,9,1,,0.0717,0.0,0,Low sim=0.072
Simplex method,Lines of regression,6.24-N-B.E.-Computer-Engineering-Sem-III-IV.pdf,2113111,Mathematics for Computer Engineering,10,1,,0.1042,0.0,0,Low sim=0.104
Simplex method,Moment generating function,6.24-N-B.E.-Computer-Engineering-Sem-III-IV.pdf,2113111,Mathematics for Computer Engineering,11,1,,0.096,0.0,0,Low sim=0.096
Simplex method,Raw moments,6.24-N-B.E.-Computer-Engineering-Sem-III-IV.pdf,2113111,Mathematics for Computer Engineering,12,1,,0.0617,0.0,0,Low sim=0.062
Artificial variables,Kuhn-Tucker conditions,6.24-N-B.E.-Computer-Engineering-Sem-III-IV.pdf,2113111,Mathematics for Computer Engineering,1,1,,0.208,0.0,1,Adjacent topics: delta=1 + sim=0.208
Artificial variables,Introduction to Congruence,6.24-N-B.E.-Computer-Engineering-Sem-III-IV.pdf,2113111,Mathematics for Computer Engineering,2,1,,0.0703,0.0,0,Low sim=0.070
Artificial variables,Linear congruence,6.24-N-B.E.-Computer-Engineering-Sem-III-IV.pdf,2113111,Mathematics for Computer Engineering,3,1,,0.0242,0.0,0,Low sim=0.024
Artificial variables,Application of congruence-RSA algorithm,6.24-N-B.E.-Computer-Engineering-Sem-III-IV.pdf,2113111,Mathematics for Computer Engineering,4,1,,0.1005,0.0,0,Low sim=0.101
Artificial variables,Dirichlet’s conditions,6.24-N-B.E.-Computer-Engineering-Sem-III-IV.pdf,2113111,Mathematics for Computer Engineering,5,1,,0.0852,0.0,0,Low sim=0.085
Artificial variables,Fourier series of periodic,6.24-N-B.E.-Computer-Engineering-Sem-III-IV.pdf,2113111,Mathematics for Computer Engineering,6,1,,-0.0556,0.0,0,Low sim=-0.056
Artificial variables,Fourier series of even and odd functions,6.24-N-B.E.-Computer-Engineering-Sem-III-IV.pdf,2113111,Mathematics for Computer Engineering,7,1,,-0.0434,0.0,0,Low sim=-0.043
Artificial variables,Complex form of Fourier Series,6.24-N-B.E.-Computer-Engineering-Sem-III-IV.pdf,2113111,Mathematics for Computer Engineering,8,1,,0.0469,0.0,0,Low sim=0.047
Artificial variables,Lines of regression,6.24-N-B.E.-Computer-Engineering-Sem-III-IV.pdf,2113111,Mathematics for Computer Engineering,9,1,,0.3424,0.0,0,No signal: sim=0.342 delta=9 kw=0.000
Artificial variables,Moment generating function,6.24-N-B.E.-Computer-Engineering-Sem-III-IV.pdf,2113111,Mathematics for Computer Engineering,10,1,,0.1467,0.0,0,Low sim=0.147
Artificial variables,Raw moments,6.24-N-B.E.-Computer-Engineering-Sem-III-IV.pdf,2113111,Mathematics for Computer Engineering,11,1,,0.121,0.0,0,Low sim=0.121
Kuhn-Tucker conditions,Introduction to Congruence,6.24-N-B.E.-Computer-Engineering-Sem-III-IV.pdf,2113111,Mathematics for Computer Engineering,1,1,,0.0039,0.0,0,Low sim=0.004
Kuhn-Tucker conditions,Linear congruence,6.24-N-B.E.-Computer-Engineering-Sem-III-IV.pdf,2113111,Mathematics for Computer Engineering,2,1,,-0.0388,0.0,0,Low sim=-0.039
Kuhn-Tucker conditions,Application of congruence-RSA algorithm,6.24-N-B.E.-Computer-Engineering-Sem-III-IV.pdf,2113111,Mathematics for Computer Engineering,3,1,,-0.0484,0.0,0,Low sim=-0.048
Kuhn-Tucker conditions,Dirichlet’s conditions,6.24-N-B.E.-Computer-Engineering-Sem-III-IV.pdf,2113111,Mathematics for Computer Engineering,4,1,,0.4166,0.2,0,No signal: sim=0.417 delta=4 kw=0.200
Kuhn-Tucker conditions,Fourier series of periodic,6.24-N-B.E.-Computer-Engineering-Sem-III-IV.pdf,2113111,Mathematics for Computer Engineering,5,1,,-0.0291,0.0,0,Low sim=-0.029
Kuhn-Tucker conditions,Fourier series of even and odd functions,6.24-N-B.E.-Computer-Engineering-Sem-III-IV.pdf,2113111,Mathematics for Computer Engineering,6,1,,0.0022,0.0,0,Low sim=0.002
Kuhn-Tucker conditions,Complex form of Fourier Series,6.24-N-B.E.-Computer-Engineering-Sem-III-IV.pdf,2113111,Mathematics for Computer Engineering,7,1,,0.057,0.0,0,Low sim=0.057
Kuhn-Tucker conditions,Lines of regression,6.24-N-B.E.-Computer-Engineering-Sem-III-IV.pdf,2113111,Mathematics for Computer Engineering,8,1,,0.0916,0.0,0,Low sim=0.092
Kuhn-Tucker conditions,Moment generating function,6.24-N-B.E.-Computer-Engineering-Sem-III-IV.pdf,2113111,Mathematics for Computer Engineering,9,1,,0.0264,0.0,0,Low sim=0.026
Kuhn-Tucker conditions,Raw moments,6.24-N-B.E.-Computer-Engineering-Sem-III-IV.pdf,2113111,Mathematics for Computer Engineering,10,1,,0.1,0.0,0,Low sim=0.100
Introduction to Congruence,Linear congruence,6.24-N-B.E.-Computer-Engineering-Sem-III-IV.pdf,2113111,Mathematics for Computer Engineering,1,1,,0.6781,0.25,1,High sim=0.678 + delta=1
Introduction to Congruence,Application of congruence-RSA algorithm,6.24-N-B.E.-Computer-Engineering-Sem-III-IV.pdf,2113111,Mathematics for Computer Engineering,2,1,,0.6881,0.1429,1,High sim=0.688 + delta=2
Introduction to Congruence,Dirichlet’s conditions,6.24-N-B.E.-Computer-Engineering-Sem-III-IV.pdf,2113111,Mathematics for Computer Engineering,3,1,,0.1547,0.0,0,No signal: sim=0.155 delta=3 kw=0.000
Introduction to Congruence,Fourier series of periodic,6.24-N-B.E.-Computer-Engineering-Sem-III-IV.pdf,2113111,Mathematics for Computer Engineering,4,1,,0.1555,0.0,0,No signal: sim=0.155 delta=4 kw=0.000
Introduction to Congruence,Fourier series of even and odd functions,6.24-N-B.E.-Computer-Engineering-Sem-III-IV.pdf,2113111,Mathematics for Computer Engineering,5,1,,0.0929,0.0,0,Low sim=0.093
Introduction to Congruence,Complex form of Fourier Series,6.24-N-B.E.-Computer-Engineering-Sem-III-IV.pdf,2113111,Mathematics for Computer Engineering,6,1,,0.0916,0.0,0,Low sim=0.092
Introduction to Congruence,Lines of regression,6.24-N-B.E.-Computer-Engineering-Sem-III-IV.pdf,2113111,Mathematics for Computer Engineering,7,1,,0.0511,0.0,0,Low sim=0.051
Introduction to Congruence,Moment generating function,6.24-N-B.E.-Computer-Engineering-Sem-III-IV.pdf,2113111,Mathematics for Computer Engineering,8,1,,0.0546,0.0,0,Low sim=0.055
Introduction to Congruence,Raw moments,6.24-N-B.E.-Computer-Engineering-Sem-III-IV.pdf,2113111,Mathematics for Computer Engineering,9,1,,0.0832,0.0,0,Low sim=0.083
Linear congruence,Application of congruence-RSA algorithm,6.24-N-B.E.-Computer-Engineering-Sem-III-IV.pdf,2113111,Mathematics for Computer Engineering,1,1,,0.5786,0.1667,1,sim=0.579>=0.45 + delta=1<=5
Linear congruence,Dirichlet’s conditions,6.24-N-B.E.-Computer-Engineering-Sem-III-IV.pdf,2113111,Mathematics for Computer Engineering,2,1,,0.027,0.0,0,Low sim=0.027
Linear congruence,Fourier series of periodic,6.24-N-B.E.-Computer-Engineering-Sem-III-IV.pdf,2113111,Mathematics for Computer Engineering,3,1,,0.1968,0.0,0,No signal: sim=0.197 delta=3 kw=0.000
Linear congruence,Fourier series of even and odd functions,6.24-N-B.E.-Computer-Engineering-Sem-III-IV.pdf,2113111,Mathematics for Computer Engineering,4,1,,0.0794,0.0,0,Low sim=0.079
Linear congruence,Complex form of Fourier Series,6.24-N-B.E.-Computer-Engineering-Sem-III-IV.pdf,2113111,Mathematics for Computer Engineering,5,1,,0.0738,0.0,0,Low sim=0.074
Linear congruence,Lines of regression,6.24-N-B.E.-Computer-Engineering-Sem-III-IV.pdf,2113111,Mathematics for Computer Engineering,6,1,,0.129,0.0,0,Low sim=0.129
Linear congruence,Moment generating function,6.24-N-B.E.-Computer-Engineering-Sem-III-IV.pdf,2113111,Mathematics for Computer Engineering,7,1,,0.0302,0.0,0,Low sim=0.030
Linear congruence,Raw moments,6.24-N-B.E.-Computer-Engineering-Sem-III-IV.pdf,2113111,Mathematics for Computer Engineering,8,1,,-0.0164,0.0,0,Low sim=-0.016
Application of congruence-RSA algorithm,Dirichlet’s conditions,6.24-N-B.E.-Computer-Engineering-Sem-III-IV.pdf,2113111,Mathematics for Computer Engineering,1,1,,0.0264,0.0,0,Low sim=0.026
Application of congruence-RSA algorithm,Fourier series of periodic,6.24-N-B.E.-Computer-Engineering-Sem-III-IV.pdf,2113111,Mathematics for Computer Engineering,2,1,,0.1624,0.125,0,No signal: sim=0.162 delta=2 kw=0.125
Application of congruence-RSA algorithm,Fourier series of even and odd functions,6.24-N-B.E.-Computer-Engineering-Sem-III-IV.pdf,2113111,Mathematics for Computer Engineering,3,1,,0.0774,0.0909,0,Low sim=0.077
Application of congruence-RSA algorithm,Complex form of Fourier Series,6.24-N-B.E.-Computer-Engineering-Sem-III-IV.pdf,2113111,Mathematics for Computer Engineering,4,1,,0.1121,0.1111,0,Low sim=0.112
Application of congruence-RSA algorithm,Lines of regression,6.24-N-B.E.-Computer-Engineering-Sem-III-IV.pdf,2113111,Mathematics for Computer Engineering,5,1,,0.0278,0.1429,0,Low sim=0.028
Application of congruence-RSA algorithm,Moment generating function,6.24-N-B.E.-Computer-Engineering-Sem-III-IV.pdf,2113111,Mathematics for Computer Engineering,6,1,,0.1798,0.0,0,No signal: sim=0.180 delta=6 kw=0.000
Application of congruence-RSA algorithm,Raw moments,6.24-N-B.E.-Computer-Engineering-Sem-III-IV.pdf,2113111,Mathematics for Computer Engineering,7,1,,0.0321,0.0,0,Low sim=0.032
Dirichlet’s conditions,Fourier series of periodic,6.24-N-B.E.-Computer-Engineering-Sem-III-IV.pdf,2113111,Mathematics for Computer Engineering,1,1,,0.1715,0.0,0,No signal: sim=0.171 delta=1 kw=0.000
Dirichlet’s conditions,Fourier series of even and odd functions,6.24-N-B.E.-Computer-Engineering-Sem-III-IV.pdf,2113111,Mathematics for Computer Engineering,2,1,,0.1507,0.0,0,No signal: sim=0.151 delta=2 kw=0.000
Dirichlet’s conditions,Complex form of Fourier Series,6.24-N-B.E.-Computer-Engineering-Sem-III-IV.pdf,2113111,Mathematics for Computer Engineering,3,1,,0.1255,0.0,0,Low sim=0.125
Dirichlet’s conditions,Lines of regression,6.24-N-B.E.-Computer-Engineering-Sem-III-IV.pdf,2113111,Mathematics for Computer Engineering,4,1,,0.0011,0.0,0,Low sim=0.001
Dirichlet’s conditions,Moment generating function,6.24-N-B.E.-Computer-Engineering-Sem-III-IV.pdf,2113111,Mathematics for Computer Engineering,5,1,,-0.0091,0.0,0,Low sim=-0.009
Dirichlet’s conditions,Raw moments,6.24-N-B.E.-Computer-Engineering-Sem-III-IV.pdf,2113111,Mathematics for Computer Engineering,6,1,,0.1015,0.0,0,Low sim=0.101
Fourier series of periodic,Fourier series of even and odd functions,6.24-N-B.E.-Computer-Engineering-Sem-III-IV.pdf,2113111,Mathematics for Computer Engineering,1,1,,0.7024,0.375,1,High sim=0.702 + delta=1
Fourier series of periodic,Complex form of Fourier Series,6.24-N-B.E.-Computer-Engineering-Sem-III-IV.pdf,2113111,Mathematics for Computer Engineering,2,1,,0.7343,0.5,1,High sim=0.734 + delta=2
Fourier series of periodic,Lines of regression,6.24-N-B.E.-Computer-Engineering-Sem-III-IV.pdf,2113111,Mathematics for Computer Engineering,3,1,,-0.0031,0.1667,0,Low sim=-0.003
Fourier series of periodic,Moment generating function,6.24-N-B.E.-Computer-Engineering-Sem-III-IV.pdf,2113111,Mathematics for Computer Engineering,4,1,,0.1743,0.0,0,No signal: sim=0.174 delta=4 kw=0.000
Fourier series of periodic,Raw moments,6.24-N-B.E.-Computer-Engineering-Sem-III-IV.pdf,2113111,Mathematics for Computer Engineering,5,1,,-0.0189,0.0,0,Low sim=-0.019
Fourier series of even and odd functions,Complex form of Fourier Series,6.24-N-B.E.-Computer-Engineering-Sem-III-IV.pdf,2113111,Mathematics for Computer Engineering,1,1,,0.6314,0.3333,1,High sim=0.631 + delta=1
Fourier series of even and odd functions,Lines of regression,6.24-N-B.E.-Computer-Engineering-Sem-III-IV.pdf,2113111,Mathematics for Computer Engineering,2,1,,-0.005,0.1111,0,Low sim=-0.005
Fourier series of even and odd functions,Moment generating function,6.24-N-B.E.-Computer-Engineering-Sem-III-IV.pdf,2113111,Mathematics for Computer Engineering,3,1,,0.1755,0.0,0,No signal: sim=0.176 delta=3 kw=0.000
Fourier series of even and odd functions,Raw moments,6.24-N-B.E.-Computer-Engineering-Sem-III-IV.pdf,2113111,Mathematics for Computer Engineering,4,1,,0.0454,0.0,0,Low sim=0.045
Complex form of Fourier Series,Lines of regression,6.24-N-B.E.-Computer-Engineering-Sem-III-IV.pdf,2113111,Mathematics for Computer Engineering,1,1,,0.0088,0.1429,0,Low sim=0.009
Complex form of Fourier Series,Moment generating function,6.24-N-B.E.-Computer-Engineering-Sem-III-IV.pdf,2113111,Mathematics for Computer Engineering,2,1,,0.2589,0.0,1,Adjacent topics: delta=2 + sim=0.259
Complex form of Fourier Series,Raw moments,6.24-N-B.E.-Computer-Engineering-Sem-III-IV.pdf,2113111,Mathematics for Computer Engineering,3,1,,0.0211,0.0,0,Low sim=0.021
Lines of regression,Moment generating function,6.24-N-B.E.-Computer-Engineering-Sem-III-IV.pdf,2113111,Mathematics for Computer Engineering,1,1,,0.0172,0.0,0,Low sim=0.017
Lines of regression,Raw moments,6.24-N-B.E.-Computer-Engineering-Sem-III-IV.pdf,2113111,Mathematics for Computer Engineering,2,1,,0.0828,0.0,0,Low sim=0.083
Moment generating function,Raw moments,6.24-N-B.E.-Computer-Engineering-Sem-III-IV.pdf,2113111,Mathematics for Computer Engineering,1,1,,0.4099,0.0,1,Adjacent topics: delta=1 + sim=0.410
RE in text search and replace,Application of Regular,6.24-N-B.E.-Computer-Engineering-Sem-III-IV.pdf,2114111,Computational,1,1,,0.1369,0.0,0,Low sim=0.137
RE in text search and replace,Languages in Compiler Design,6.24-N-B.E.-Computer-Engineering-Sem-III-IV.pdf,2114111,Computational,2,1,,0.0087,0.1111,0,Low sim=0.009
RE in text search and replace,Nondeterministic Finite Automata (NFA): Definitions,6.24-N-B.E.-Computer-Engineering-Sem-III-IV.pdf,2114111,Computational,3,1,,0.0547,0.0,0,Low sim=0.055
RE in text search and replace,Equivalence between NFA with and ϵ- transitions,6.24-N-B.E.-Computer-Engineering-Sem-III-IV.pdf,2114111,Computational,4,1,,0.0344,0.0833,0,Low sim=0.034
RE in text search and replace,Minimization of DFA,6.24-N-B.E.-Computer-Engineering-Sem-III-IV.pdf,2114111,Computational,5,1,,0.056,0.0,0,Low sim=0.056
Application of Regular,Languages in Compiler Design,6.24-N-B.E.-Computer-Engineering-Sem-III-IV.pdf,2114111,Computational,1,1,,0.127,0.0,0,Low sim=0.127
Application of Regular,Nondeterministic Finite Automata (NFA): Definitions,6.24-N-B.E.-Computer-Engineering-Sem-III-IV.pdf,2114111,Computational,2,1,,0.2048,0.0,1,Adjacent topics: delta=2 + sim=0.205
Application of Regular,Equivalence between NFA with and ϵ- transitions,6.24-N-B.E.-Computer-Engineering-Sem-III-IV.pdf,2114111,Computational,3,1,,0.1411,0.0,0,Low sim=0.141
Application of Regular,Minimization of DFA,6.24-N-B.E.-Computer-Engineering-Sem-III-IV.pdf,2114111,Computational,4,1,,0.289,0.2,0,No signal: sim=0.289 delta=4 kw=0.200
Languages in Compiler Design,Nondeterministic Finite Automata (NFA): Definitions,6.24-N-B.E.-Computer-Engineering-Sem-III-IV.pdf,2114111,Computational,1,1,,0.2147,0.0,1,Adjacent topics: delta=1 + sim=0.215
Languages in Compiler Design,Equivalence between NFA with and ϵ- transitions,6.24-N-B.E.-Computer-Engineering-Sem-III-IV.pdf,2114111,Computational,2,1,,0.1073,0.0,0,Low sim=0.107
Languages in Compiler Design,Minimization of DFA,6.24-N-B.E.-Computer-Engineering-Sem-III-IV.pdf,2114111,Computational,3,1,,0.146,0.0,0,Low sim=0.146
Nondeterministic Finite Automata (NFA): Definitions,Equivalence between NFA with and ϵ- transitions,6.24-N-B.E.-Computer-Engineering-Sem-III-IV.pdf,2114111,Computational,1,1,,0.5904,0.0909,1,sim=0.590>=0.45 + delta=1<=5
Nondeterministic Finite Automata (NFA): Definitions,Minimization of DFA,6.24-N-B.E.-Computer-Engineering-Sem-III-IV.pdf,2114111,Computational,2,1,,0.5158,0.0,1,sim=0.516>=0.45 + delta=2<=5
Equivalence between NFA with and ϵ- transitions,Minimization of DFA,6.24-N-B.E.-Computer-Engineering-Sem-III-IV.pdf,2114111,Computational,1,1,,0.4193,0.0,1,Adjacent topics: delta=1 + sim=0.419
Relationship (EER) Model,"Generalization, Specialization and Aggregation",6.24-N-B.E.-Computer-Engineering-Sem-III-IV.pdf,2114112,Database Management System,1,1,,0.1203,0.0,0,Low sim=0.120
Relationship (EER) Model,"Introduction to the Relational Model, relational",6.24-N-B.E.-Computer-Engineering-Sem-III-IV.pdf,2114112,Database Management System,2,1,,0.5185,0.1429,1,sim=0.518>=0.45 + delta=2<=5
Relationship (EER) Model,"EER Model to the Relational Model, Relational",6.24-N-B.E.-Computer-Engineering-Sem-III-IV.pdf,2114112,Database Management System,3,1,,0.8421,0.3333,1,High sim=0.842 + delta=3
Relationship (EER) Model,"Overview of SQL, Data Definition Commands",6.24-N-B.E.-Computer-Engineering-Sem-III-IV.pdf,2114112,Database Management System,4,1,,0.1176,0.0,0,Low sim=0.118
Relationship (EER) Model,"Integrity constraints: key constraints, Domain",6.24-N-B.E.-Computer-Engineering-Sem-III-IV.pdf,2114112,Database Management System,5,1,,0.2034,0.0,0,No signal: sim=0.203 delta=5 kw=0.000
Relationship (EER) Model,"Triggers, Introduction to Pl/SQL Block Structure",6.24-N-B.E.-Computer-Engineering-Sem-III-IV.pdf,2114112,Database Management System,6,1,,0.1301,0.0,0,Low sim=0.130
Relationship (EER) Model,"Pitfalls in relational database designs, Concept",6.24-N-B.E.-Computer-Engineering-Sem-III-IV.pdf,2114112,Database Management System,7,1,,0.3273,0.0,1,Foundational kw + sim=0.327 + delta=7
Relationship (EER) Model,"Concurrent Executions, Serializability",6.24-N-B.E.-Computer-Engineering-Sem-III-IV.pdf,2114112,Database Management System,8,1,,0.0581,0.0,0,Low sim=0.058
Relationship (EER) Model,"Cloud Database, Introduction of Distributed",6.24-N-B.E.-Computer-Engineering-Sem-III-IV.pdf,2114112,Database Management System,9,1,,0.1208,0.0,0,Low sim=0.121
"Generalization, Specialization and Aggregation","Introduction to the Relational Model, relational",6.24-N-B.E.-Computer-Engineering-Sem-III-IV.pdf,2114112,Database Management System,1,1,,0.2568,0.0,1,Adjacent topics: delta=1 + sim=0.257
"Generalization, Specialization and Aggregation","EER Model to the Relational Model, Relational",6.24-N-B.E.-Computer-Engineering-Sem-III-IV.pdf,2114112,Database Management System,2,1,,0.2326,0.0,1,Adjacent topics: delta=2 + sim=0.233
"Generalization, Specialization and Aggregation","Overview of SQL, Data Definition Commands",6.24-N-B.E.-Computer-Engineering-Sem-III-IV.pdf,2114112,Database Management System,3,1,,0.2145,0.0,0,No signal: sim=0.214 delta=3 kw=0.000
"Generalization, Specialization and Aggregation","Integrity constraints: key constraints, Domain",6.24-N-B.E.-Computer-Engineering-Sem-III-IV.pdf,2114112,Database Management System,4,1,,0.2391,0.0,0,No signal: sim=0.239 delta=4 kw=0.000
"Generalization, Specialization and Aggregation","Triggers, Introduction to Pl/SQL Block Structure",6.24-N-B.E.-Computer-Engineering-Sem-III-IV.pdf,2114112,Database Management System,5,1,,0.2173,0.0,0,No signal: sim=0.217 delta=5 kw=0.000
"Generalization, Specialization and Aggregation","Pitfalls in relational database designs, Concept",6.24-N-B.E.-Computer-Engineering-Sem-III-IV.pdf,2114112,Database Management System,6,1,,0.2946,0.0,0,No signal: sim=0.295 delta=6 kw=0.000
"Generalization, Specialization and Aggregation","Concurrent Executions, Serializability",6.24-N-B.E.-Computer-Engineering-Sem-III-IV.pdf,2114112,Database Management System,7,1,,0.2549,0.0,0,No signal: sim=0.255 delta=7 kw=0.000
"Generalization, Specialization and Aggregation","Cloud Database, Introduction of Distributed",6.24-N-B.E.-Computer-Engineering-Sem-III-IV.pdf,2114112,Database Management System,8,1,,0.2213,0.0,0,No signal: sim=0.221 delta=8 kw=0.000
"Introduction to the Relational Model, relational","EER Model to the Relational Model, Relational",6.24-N-B.E.-Computer-Engineering-Sem-III-IV.pdf,2114112,Database Management System,1,1,,0.723,0.6667,1,High sim=0.723 + delta=1
"Introduction to the Relational Model, relational","Overview of SQL, Data Definition Commands",6.24-N-B.E.-Computer-Engineering-Sem-III-IV.pdf,2114112,Database Management System,2,1,,0.2286,0.0,1,Adjacent topics: delta=2 + sim=0.229
"Introduction to the Relational Model, relational","Integrity constraints: key constraints, Domain",6.24-N-B.E.-Computer-Engineering-Sem-III-IV.pdf,2114112,Database Management System,3,1,,0.3045,0.0,1,Foundational kw + sim=0.305 + delta=3
"Introduction to the Relational Model, relational","Triggers, Introduction to Pl/SQL Block Structure",6.24-N-B.E.-Computer-Engineering-Sem-III-IV.pdf,2114112,Database Management System,4,1,,0.2218,0.2,0,No signal: sim=0.222 delta=4 kw=0.200
"Introduction to the Relational Model, relational","Pitfalls in relational database designs, Concept",6.24-N-B.E.-Computer-Engineering-Sem-III-IV.pdf,2114112,Database Management System,5,1,,0.5666,0.1,1,sim=0.567>=0.45 + delta=5<=5
"Introduction to the Relational Model, relational","Concurrent Executions, Serializability",6.24-N-B.E.-Computer-Engineering-Sem-III-IV.pdf,2114112,Database Management System,6,1,,0.1168,0.0,0,Low sim=0.117
"Introduction to the Relational Model, relational","Cloud Database, Introduction of Distributed",6.24-N-B.E.-Computer-Engineering-Sem-III-IV.pdf,2114112,Database Management System,7,1,,0.2594,0.1111,1,Foundational kw + sim=0.259 + delta=7
"EER Model to the Relational Model, Relational","Overview of SQL, Data Definition Commands",6.24-N-B.E.-Computer-Engineering-Sem-III-IV.pdf,2114112,Database Management System,1,1,,0.2588,0.0,1,Foundational kw + sim=0.259 + delta=1
"EER Model to the Relational Model, Relational","Integrity constraints: key constraints, Domain",6.24-N-B.E.-Computer-Engineering-Sem-III-IV.pdf,2114112,Database Management System,2,1,,0.2939,0.0,1,Foundational kw + sim=0.294 + delta=2
"EER Model to the Relational Model, Relational","Triggers, Introduction to Pl/SQL Block Structure",6.24-N-B.E.-Computer-Engineering-Sem-III-IV.pdf,2114112,Database Management System,3,1,,0.235,0.0909,0,No signal: sim=0.235 delta=3 kw=0.091
"EER Model to the Relational Model, Relational","Pitfalls in relational database designs, Concept",6.24-N-B.E.-Computer-Engineering-Sem-III-IV.pdf,2114112,Database Management System,4,1,,0.5219,0.1,1,sim=0.522>=0.45 + delta=4<=5
"EER Model to the Relational Model, Relational","Concurrent Executions, Serializability",6.24-N-B.E.-Computer-Engineering-Sem-III-IV.pdf,2114112,Database Management System,5,1,,0.1145,0.0,0,Low sim=0.115
"EER Model to the Relational Model, Relational","Cloud Database, Introduction of Distributed",6.24-N-B.E.-Computer-Engineering-Sem-III-IV.pdf,2114112,Database Management System,6,1,,0.217,0.0,0,No signal: sim=0.217 delta=6 kw=0.000
"Overview of SQL, Data Definition Commands","Integrity constraints: key constraints, Domain",6.24-N-B.E.-Computer-Engineering-Sem-III-IV.pdf,2114112,Database Management System,1,1,,0.2471,0.0,1,Adjacent topics: delta=1 + sim=0.247
"Overview of SQL, Data Definition Commands","Triggers, Introduction to Pl/SQL Block Structure",6.24-N-B.E.-Computer-Engineering-Sem-III-IV.pdf,2114112,Database Management System,2,1,,0.5056,0.0833,1,sim=0.506>=0.45 + delta=2<=5
"Overview of SQL, Data Definition Commands","Pitfalls in relational database designs, Concept",6.24-N-B.E.-Computer-Engineering-Sem-III-IV.pdf,2114112,Database Management System,3,1,,0.3288,0.0,1,Foundational kw + sim=0.329 + delta=3
"Overview of SQL, Data Definition Commands","Concurrent Executions, Serializability",6.24-N-B.E.-Computer-Engineering-Sem-III-IV.pdf,2114112,Database Management System,4,1,,0.1166,0.0,0,Low sim=0.117
"Overview of SQL, Data Definition Commands","Cloud Database, Introduction of Distributed",6.24-N-B.E.-Computer-Engineering-Sem-III-IV.pdf,2114112,Database Management System,5,1,,0.2886,0.1,1,Foundational kw + sim=0.289 + delta=5
"Integrity constraints: key constraints, Domain","Triggers, Introduction to Pl/SQL Block Structure",6.24-N-B.E.-Computer-Engineering-Sem-III-IV.pdf,2114112,Database Management System,1,1,,0.3377,0.0,1,Adjacent topics: delta=1 + sim=0.338
"Integrity constraints: key constraints, Domain","Pitfalls in relational database designs, Concept",6.24-N-B.E.-Computer-Engineering-Sem-III-IV.pdf,2114112,Database Management System,2,1,,0.3556,0.0,1,Adjacent topics: delta=2 + sim=0.356
"Integrity constraints: key constraints, Domain","Concurrent Executions, Serializability",6.24-N-B.E.-Computer-Engineering-Sem-III-IV.pdf,2114112,Database Management System,3,1,,0.3471,0.0,0,No signal: sim=0.347 delta=3 kw=0.000
"Integrity constraints: key constraints, Domain","Cloud Database, Introduction of Distributed",6.24-N-B.E.-Computer-Engineering-Sem-III-IV.pdf,2114112,Database Management System,4,1,,0.1594,0.0,0,No signal: sim=0.159 delta=4 kw=0.000
"Triggers, Introduction to Pl/SQL Block Structure","Pitfalls in relational database designs, Concept",6.24-N-B.E.-Computer-Engineering-Sem-III-IV.pdf,2114112,Database Management System,1,1,,0.397,0.0,1,Foundational kw + sim=0.397 + delta=1
"Triggers, Introduction to Pl/SQL Block Structure","Concurrent Executions, Serializability",6.24-N-B.E.-Computer-Engineering-Sem-III-IV.pdf,2114112,Database Management System,2,1,,0.2327,0.0,1,Adjacent topics: delta=2 + sim=0.233
"Triggers, Introduction to Pl/SQL Block Structure","Cloud Database, Introduction of Distributed",6.24-N-B.E.-Computer-Engineering-Sem-III-IV.pdf,2114112,Database Management System,3,1,,0.2646,0.0909,1,Foundational kw + sim=0.265 + delta=3
"Pitfalls in relational database designs, Concept","Concurrent Executions, Serializability",6.24-N-B.E.-Computer-Engineering-Sem-III-IV.pdf,2114112,Database Management System,1,1,,0.1842,0.0,0,No signal: sim=0.184 delta=1 kw=0.000
"Pitfalls in relational database designs, Concept","Cloud Database, Introduction of Distributed",6.24-N-B.E.-Computer-Engineering-Sem-III-IV.pdf,2114112,Database Management System,2,1,,0.3498,0.1,1,Foundational kw + sim=0.350 + delta=2
"Concurrent Executions, Serializability","Cloud Database, Introduction of Distributed",6.24-N-B.E.-Computer-Engineering-Sem-III-IV.pdf,2114112,Database Management System,1,1,,0.2068,0.0,1,Adjacent topics: delta=1 + sim=0.207
Digital frequency meter,Voltage sensor,6.29-N-B.E.-Electrical-Engineering-Sem-III-IV.pdf,2223114,Measurements and Measuring Instruments,1,1,,0.2968,0.0,1,Adjacent topics: delta=1 + sim=0.297
Digital frequency meter,Verification of Truth Table of Logic Gates,6.29-N-B.E.-Electrical-Engineering-Sem-III-IV.pdf,2223114,Measurements and Measuring Instruments,2,1,,0.0523,0.0,0,Low sim=0.052
Digital frequency meter,Constructing Flip-Flops Using All NAND Gates,6.29-N-B.E.-Electrical-Engineering-Sem-III-IV.pdf,2223114,Measurements and Measuring Instruments,3,1,,0.0047,0.0,0,Low sim=0.005
Digital frequency meter,BJT and FET characteristics & analysis,6.29-N-B.E.-Electrical-Engineering-Sem-III-IV.pdf,2223114,Measurements and Measuring Instruments,4,1,,0.0326,0.0,0,Low sim=0.033
Digital frequency meter,Design of adjustable Voltage regulator based on LM317,6.29-N-B.E.-Electrical-Engineering-Sem-III-IV.pdf,2223114,Measurements and Measuring Instruments,5,1,,0.0574,0.0,0,Low sim=0.057
Voltage sensor,Verification of Truth Table of Logic Gates,6.29-N-B.E.-Electrical-Engineering-Sem-III-IV.pdf,2223114,Measurements and Measuring Instruments,1,1,,0.0091,0.0,0,Low sim=0.009
Voltage sensor,Constructing Flip-Flops Using All NAND Gates,6.29-N-B.E.-Electrical-Engineering-Sem-III-IV.pdf,2223114,Measurements and Measuring Instruments,2,1,,-0.0471,0.0,0,Low sim=-0.047
Voltage sensor,BJT and FET characteristics & analysis,6.29-N-B.E.-Electrical-Engineering-Sem-III-IV.pdf,2223114,Measurements and Measuring Instruments,3,1,,0.0314,0.0,0,Low sim=0.031
Voltage sensor,Design of adjustable Voltage regulator based on LM317,6.29-N-B.E.-Electrical-Engineering-Sem-III-IV.pdf,2223114,Measurements and Measuring Instruments,4,1,,0.2547,0.1111,0,No signal: sim=0.255 delta=4 kw=0.111
Verification of Truth Table of Logic Gates,Constructing Flip-Flops Using All NAND Gates,6.29-N-B.E.-Electrical-Engineering-Sem-III-IV.pdf,2223114,Measurements and Measuring Instruments,1,1,,0.5003,0.0833,1,sim=0.500>=0.45 + delta=1<=5
Verification of Truth Table of Logic Gates,BJT and FET characteristics & analysis,6.29-N-B.E.-Electrical-Engineering-Sem-III-IV.pdf,2223114,Measurements and Measuring Instruments,2,1,,0.126,0.0,0,Low sim=0.126
Verification of Truth Table of Logic Gates,Design of adjustable Voltage regulator based on LM317,6.29-N-B.E.-Electrical-Engineering-Sem-III-IV.pdf,2223114,Measurements and Measuring Instruments,3,1,,-0.002,0.0769,0,Low sim=-0.002
Constructing Flip-Flops Using All NAND Gates,BJT and FET characteristics & analysis,6.29-N-B.E.-Electrical-Engineering-Sem-III-IV.pdf,2223114,Measurements and Measuring Instruments,1,1,,0.1096,0.0,0,Low sim=0.110
Constructing Flip-Flops Using All NAND Gates,Design of adjustable Voltage regulator based on LM317,6.29-N-B.E.-Electrical-Engineering-Sem-III-IV.pdf,2223114,Measurements and Measuring Instruments,2,1,,-0.0476,0.0,0,Low sim=-0.048
BJT and FET characteristics & analysis,Design of adjustable Voltage regulator based on LM317,6.29-N-B.E.-Electrical-Engineering-Sem-III-IV.pdf,2223114,Measurements and Measuring Instruments,1,1,,0.0694,0.0,0,Low sim=0.069
Modes of operation of silicon-controlled rectifier,Two transistor Analogy,6.29-N-B.E.-Electrical-Engineering-Sem-III-IV.pdf,2224113,Power Electronics Devices and Circuits,1,1,,0.1195,0.0,0,Low sim=0.119
Modes of operation of silicon-controlled rectifier,Thyristors voltage & current rating,6.29-N-B.E.-Electrical-Engineering-Sem-III-IV.pdf,2224113,Power Electronics Devices and Circuits,2,1,,0.2258,0.0,1,Adjacent topics: delta=2 + sim=0.226
Modes of operation of silicon-controlled rectifier,Firing circuits (R,6.29-N-B.E.-Electrical-Engineering-Sem-III-IV.pdf,2224113,Power Electronics Devices and Circuits,3,1,,0.0915,0.0,0,Low sim=0.091
Modes of operation of silicon-controlled rectifier,Protection circuit of SCR,6.29-N-B.E.-Electrical-Engineering-Sem-III-IV.pdf,2224113,Power Electronics Devices and Circuits,4,1,,0.1751,0.1111,0,No signal: sim=0.175 delta=4 kw=0.111
Two transistor Analogy,Thyristors voltage & current rating,6.29-N-B.E.-Electrical-Engineering-Sem-III-IV.pdf,2224113,Power Electronics Devices and Circuits,1,1,,0.0594,0.0,0,Low sim=0.059
Two transistor Analogy,Firing circuits (R,6.29-N-B.E.-Electrical-Engineering-Sem-III-IV.pdf,2224113,Power Electronics Devices and Circuits,2,1,,0.2559,0.0,1,Adjacent topics: delta=2 + sim=0.256
Two transistor Analogy,Protection circuit of SCR,6.29-N-B.E.-Electrical-Engineering-Sem-III-IV.pdf,2224113,Power Electronics Devices and Circuits,3,1,,0.165,0.0,0,No signal: sim=0.165 delta=3 kw=0.000
Thyristors voltage & current rating,Firing circuits (R,6.29-N-B.E.-Electrical-Engineering-Sem-III-IV.pdf,2224113,Power Electronics Devices and Circuits,1,1,,0.1232,0.0,0,Low sim=0.123
Thyristors voltage & current rating,Protection circuit of SCR,6.29-N-B.E.-Electrical-Engineering-Sem-III-IV.pdf,2224113,Power Electronics Devices and Circuits,2,1,,0.3415,0.0,1,Adjacent topics: delta=2 + sim=0.342
Firing circuits (R,Protection circuit of SCR,6.29-N-B.E.-Electrical-Engineering-Sem-III-IV.pdf,2224113,Power Electronics Devices and Circuits,1,1,,0.3098,0.0,1,Adjacent topics: delta=1 + sim=0.310
Inverse Laplace transform using Convolution theorem,Applications to solve initial and boundary value problems,6.34-N-B.E.-Information-Technology-Sem-III-IV.pdf,2343111,Applied Mathematics Thinking-I,1,1,,0.1166,0.0,0,Low sim=0.117
Inverse Laplace transform using Convolution theorem,Parseval’s Identity (without proof) Fourier series of periodic,6.34-N-B.E.-Information-Technology-Sem-III-IV.pdf,2343111,Applied Mathematics Thinking-I,2,1,,0.1698,0.0,0,No signal: sim=0.170 delta=2 kw=0.000
Inverse Laplace transform using Convolution theorem,Fourier series of even and odd functions (simple functions,6.34-N-B.E.-Information-Technology-Sem-III-IV.pdf,2343111,Applied Mathematics Thinking-I,3,1,,0.1159,0.0,0,Low sim=0.116
Inverse Laplace transform using Convolution theorem,Hal Frange Sine and Cosine Series,6.34-N-B.E.-Information-Technology-Sem-III-IV.pdf,2343111,Applied Mathematics Thinking-I,4,1,,0.081,0.0,0,Low sim=0.081
Inverse Laplace transform using Convolution theorem,"Harmonic function, Harmonic conjugate, and orthogonal",6.34-N-B.E.-Information-Technology-Sem-III-IV.pdf,2343111,Applied Mathematics Thinking-I,5,1,,0.307,0.0,0,No signal: sim=0.307 delta=5 kw=0.000
Inverse Laplace transform using Convolution theorem,Kar lPearson’s Coefficient of correlation(r) Spearman’s,6.34-N-B.E.-Information-Technology-Sem-III-IV.pdf,2343111,Applied Mathematics Thinking-I,6,1,,0.0815,0.0,0,Low sim=0.082
Inverse Laplace transform using Convolution theorem,Rank correlation coefficient (R) (with repeated and non,6.34-N-B.E.-Information-Technology-Sem-III-IV.pdf,2343111,Applied Mathematics Thinking-I,7,1,,-0.0279,0.0,0,Low sim=-0.028
Inverse Laplace transform using Convolution theorem,"Advanced Engineering Mathematics, R.K. Jainand S.R.K. Iyengar, Narosapublication",6.34-N-B.E.-Information-Technology-Sem-III-IV.pdf,2343111,Applied Mathematics Thinking-I,8,1,,0.0016,0.0,0,Low sim=0.002
Applications to solve initial and boundary value problems,Parseval’s Identity (without proof) Fourier series of periodic,6.34-N-B.E.-Information-Technology-Sem-III-IV.pdf,2343111,Applied Mathematics Thinking-I,1,1,,0.0387,0.0,0,Low sim=0.039
Applications to solve initial and boundary value problems,Fourier series of even and odd functions (simple functions,6.34-N-B.E.-Information-Technology-Sem-III-IV.pdf,2343111,Applied Mathematics Thinking-I,2,1,,0.0904,0.0667,0,Low sim=0.090
Applications to solve initial and boundary value problems,Hal Frange Sine and Cosine Series,6.34-N-B.E.-Information-Technology-Sem-III-IV.pdf,2343111,Applied Mathematics Thinking-I,3,1,,0.1233,0.0769,0,Low sim=0.123
Applications to solve initial and boundary value problems,"Harmonic function, Harmonic conjugate, and orthogonal",6.34-N-B.E.-Information-Technology-Sem-III-IV.pdf,2343111,Applied Mathematics Thinking-I,4,1,,0.1405,0.0833,0,Low sim=0.140
Applications to solve initial and boundary value problems,Kar lPearson’s Coefficient of correlation(r) Spearman’s,6.34-N-B.E.-Information-Technology-Sem-III-IV.pdf,2343111,Applied Mathematics Thinking-I,5,1,,0.0149,0.0,0,Low sim=0.015
Applications to solve initial and boundary value problems,Rank correlation coefficient (R) (with repeated and non,6.34-N-B.E.-Information-Technology-Sem-III-IV.pdf,2343111,Applied Mathematics Thinking-I,6,1,,-0.0144,0.0667,0,Low sim=-0.014
Applications to solve initial and boundary value problems,"Advanced Engineering Mathematics, R.K. Jainand S.R.K. Iyengar, Narosapublication",6.34-N-B.E.-Information-Technology-Sem-III-IV.pdf,2343111,Applied Mathematics Thinking-I,7,1,,0.2664,0.0,0,No signal: sim=0.266 delta=7 kw=0.000
Parseval’s Identity (without proof) Fourier series of periodic,Fourier series of even and odd functions (simple functions,6.34-N-B.E.-Information-Technology-Sem-III-IV.pdf,2343111,Applied Mathematics Thinking-I,1,1,,0.63,0.2143,1,High sim=0.630 + delta=1
Parseval’s Identity (without proof) Fourier series of periodic,Hal Frange Sine and Cosine Series,6.34-N-B.E.-Information-Technology-Sem-III-IV.pdf,2343111,Applied Mathematics Thinking-I,2,1,,0.3657,0.0714,1,Adjacent topics: delta=2 + sim=0.366
Parseval’s Identity (without proof) Fourier series of periodic,"Harmonic function, Harmonic conjugate, and orthogonal",6.34-N-B.E.-Information-Technology-Sem-III-IV.pdf,2343111,Applied Mathematics Thinking-I,3,1,,0.291,0.0,0,No signal: sim=0.291 delta=3 kw=0.000
Parseval’s Identity (without proof) Fourier series of periodic,Kar lPearson’s Coefficient of correlation(r) Spearman’s,6.34-N-B.E.-Information-Technology-Sem-III-IV.pdf,2343111,Applied Mathematics Thinking-I,4,1,,0.13,0.1333,0,Low sim=0.130
Parseval’s Identity (without proof) Fourier series of periodic,Rank correlation coefficient (R) (with repeated and non,6.34-N-B.E.-Information-Technology-Sem-III-IV.pdf,2343111,Applied Mathematics Thinking-I,5,1,,-0.0991,0.0,0,Low sim=-0.099
Parseval’s Identity (without proof) Fourier series of periodic,"Advanced Engineering Mathematics, R.K. Jainand S.R.K. Iyengar, Narosapublication",6.34-N-B.E.-Information-Technology-Sem-III-IV.pdf,2343111,Applied Mathematics Thinking-I,6,1,,-0.0349,0.0588,0,Low sim=-0.035
Fourier series of even and odd functions (simple functions,Hal Frange Sine and Cosine Series,6.34-N-B.E.-Information-Technology-Sem-III-IV.pdf,2343111,Applied Mathematics Thinking-I,1,1,,0.3886,0.1667,1,Adjacent topics: delta=1 + sim=0.389
Fourier series of even and odd functions (simple functions,"Harmonic function, Harmonic conjugate, and orthogonal",6.34-N-B.E.-Information-Technology-Sem-III-IV.pdf,2343111,Applied Mathematics Thinking-I,2,1,,0.2839,0.0833,1,Adjacent topics: delta=2 + sim=0.284
Fourier series of even and odd functions (simple functions,Kar lPearson’s Coefficient of correlation(r) Spearman’s,6.34-N-B.E.-Information-Technology-Sem-III-IV.pdf,2343111,Applied Mathematics Thinking-I,3,1,,0.1132,0.0667,0,Low sim=0.113
Fourier series of even and odd functions (simple functions,Rank correlation coefficient (R) (with repeated and non,6.34-N-B.E.-Information-Technology-Sem-III-IV.pdf,2343111,Applied Mathematics Thinking-I,4,1,,-0.0358,0.0667,0,Low sim=-0.036
Fourier series of even and odd functions (simple functions,"Advanced Engineering Mathematics, R.K. Jainand S.R.K. Iyengar, Narosapublication",6.34-N-B.E.-Information-Technology-Sem-III-IV.pdf,2343111,Applied Mathematics Thinking-I,5,1,,0.0171,0.0,0,Low sim=0.017
Hal Frange Sine and Cosine Series,"Harmonic function, Harmonic conjugate, and orthogonal",6.34-N-B.E.-Information-Technology-Sem-III-IV.pdf,2343111,Applied Mathematics Thinking-I,1,1,,0.1887,0.1,0,No signal: sim=0.189 delta=1 kw=0.100
Hal Frange Sine and Cosine Series,Kar lPearson’s Coefficient of correlation(r) Spearman’s,6.34-N-B.E.-Information-Technology-Sem-III-IV.pdf,2343111,Applied Mathematics Thinking-I,2,1,,0.262,0.0,1,Adjacent topics: delta=2 + sim=0.262
Hal Frange Sine and Cosine Series,Rank correlation coefficient (R) (with repeated and non,6.34-N-B.E.-Information-Technology-Sem-III-IV.pdf,2343111,Applied Mathematics Thinking-I,3,1,,0.0673,0.0769,0,Low sim=0.067
Hal Frange Sine and Cosine Series,"Advanced Engineering Mathematics, R.K. Jainand S.R.K. Iyengar, Narosapublication",6.34-N-B.E.-Information-Technology-Sem-III-IV.pdf,2343111,Applied Mathematics Thinking-I,4,1,,0.09,0.0,0,Low sim=0.090
"Harmonic function, Harmonic conjugate, and orthogonal",Kar lPearson’s Coefficient of correlation(r) Spearman’s,6.34-N-B.E.-Information-Technology-Sem-III-IV.pdf,2343111,Applied Mathematics Thinking-I,1,1,,0.0789,0.0,0,Low sim=0.079
"Harmonic function, Harmonic conjugate, and orthogonal",Rank correlation coefficient (R) (with repeated and non,6.34-N-B.E.-Information-Technology-Sem-III-IV.pdf,2343111,Applied Mathematics Thinking-I,2,1,,-0.014,0.0833,0,Low sim=-0.014
"Harmonic function, Harmonic conjugate, and orthogonal","Advanced Engineering Mathematics, R.K. Jainand S.R.K. Iyengar, Narosapublication",6.34-N-B.E.-Information-Technology-Sem-III-IV.pdf,2343111,Applied Mathematics Thinking-I,3,1,,0.0226,0.0,0,Low sim=0.023
Kar lPearson’s Coefficient of correlation(r) Spearman’s,Rank correlation coefficient (R) (with repeated and non,6.34-N-B.E.-Information-Technology-Sem-III-IV.pdf,2343111,Applied Mathematics Thinking-I,1,1,,0.4405,0.2308,1,Adjacent topics: delta=1 + sim=0.440
Kar lPearson’s Coefficient of correlation(r) Spearman’s,"Advanced Engineering Mathematics, R.K. Jainand S.R.K. Iyengar, Narosapublication",6.34-N-B.E.-Information-Technology-Sem-III-IV.pdf,2343111,Applied Mathematics Thinking-I,2,1,,0.1671,0.1333,0,No signal: sim=0.167 delta=2 kw=0.133
Rank correlation coefficient (R) (with repeated and non,"Advanced Engineering Mathematics, R.K. Jainand S.R.K. Iyengar, Narosapublication",6.34-N-B.E.-Information-Technology-Sem-III-IV.pdf,2343111,Applied Mathematics Thinking-I,1,1,,0.0837,0.0625,0,Low sim=0.084
Overview of Data Structures: Revision of basic data structures (arrays,Introduction to Analysis of Algorithms Fundamentals of the analysis of algorithms: Time and Space,6.34-N-B.E.-Information-Technology-Sem-III-IV.pdf,2343112,Advance Data Structure & Analysis,1,1,,0.3244,0.0625,1,Foundational kw + sim=0.324 + delta=1
Overview of Data Structures: Revision of basic data structures (arrays,Asymptotic notation,6.34-N-B.E.-Information-Technology-Sem-III-IV.pdf,2343112,Advance Data Structure & Analysis,2,1,,-0.0053,0.0,0,Low sim=-0.005
Introduction to Analysis of Algorithms Fundamentals of the analysis of algorithms: Time and Space,Asymptotic notation,6.34-N-B.E.-Information-Technology-Sem-III-IV.pdf,2343112,Advance Data Structure & Analysis,1,1,,0.1088,0.0,0,Low sim=0.109
"Database System Concepts, Architecture",Characteristics of Databases,6.34-N-B.E.-Information-Technology-Sem-III-IV.pdf,2343113,Database Management System & Application,1,1,,0.7484,0.0,1,High sim=0.748 + delta=1
"Database System Concepts, Architecture",File system v/s Database,6.34-N-B.E.-Information-Technology-Sem-III-IV.pdf,2343113,Database Management System & Application,2,1,,0.5864,0.2857,1,sim=0.586>=0.45 + delta=2<=5
"Database System Concepts, Architecture",DBMS system,6.34-N-B.E.-Information-Technology-Sem-III-IV.pdf,2343113,Database Management System & Application,3,1,,0.7267,0.2,1,High sim=0.727 + delta=3
"Database System Concepts, Architecture",Role of DBA,6.34-N-B.E.-Information-Technology-Sem-III-IV.pdf,2343113,Database Management System & Application,4,1,,0.5539,0.0,1,sim=0.554>=0.45 + delta=4<=5
Characteristics of Databases,File system v/s Database,6.34-N-B.E.-Information-Technology-Sem-III-IV.pdf,2343113,Database Management System & Application,1,1,,0.5019,0.0,1,sim=0.502>=0.45 + delta=1<=5
Characteristics of Databases,DBMS system,6.34-N-B.E.-Information-Technology-Sem-III-IV.pdf,2343113,Database Management System & Application,2,1,,0.6196,0.0,1,High sim=0.620 + delta=2
Characteristics of Databases,Role of DBA,6.34-N-B.E.-Information-Technology-Sem-III-IV.pdf,2343113,Database Management System & Application,3,1,,0.5379,0.2,1,sim=0.538>=0.45 + delta=3<=5
File system v/s Database,DBMS system,6.34-N-B.E.-Information-Technology-Sem-III-IV.pdf,2343113,Database Management System & Application,1,1,,0.5268,0.1667,1,sim=0.527>=0.45 + delta=1<=5
File system v/s Database,Role of DBA,6.34-N-B.E.-Information-Technology-Sem-III-IV.pdf,2343113,Database Management System & Application,2,1,,0.3606,0.0,1,Adjacent topics: delta=2 + sim=0.361
DBMS system,Role of DBA,6.34-N-B.E.-Information-Technology-Sem-III-IV.pdf,2343113,Database Management System & Application,1,1,,0.525,0.0,1,sim=0.525>=0.45 + delta=1<=5
Functions ofSquare Matrix,Quadratic forms,6.34-N-B.E.-Information-Technology-Sem-III-IV.pdf,2344111,Applied Mathematics Thinking-II,1,1,,0.403,0.0,1,Adjacent topics: delta=1 + sim=0.403
Functions ofSquare Matrix,Theorem to evaluate realintegrations,6.34-N-B.E.-Information-Technology-Sem-III-IV.pdf,2344111,Applied Mathematics Thinking-II,2,1,,0.0648,0.0,0,Low sim=0.065
Functions ofSquare Matrix,Inverse of Transform by Binomial,6.34-N-B.E.-Information-Technology-Sem-III-IV.pdf,2344111,Applied Mathematics Thinking-II,3,1,,0.159,0.0,0,No signal: sim=0.159 delta=3 kw=0.000
Quadratic forms,Theorem to evaluate realintegrations,6.34-N-B.E.-Information-Technology-Sem-III-IV.pdf,2344111,Applied Mathematics Thinking-II,1,1,,0.0368,0.0,0,Low sim=0.037
Quadratic forms,Inverse of Transform by Binomial,6.34-N-B.E.-Information-Technology-Sem-III-IV.pdf,2344111,Applied Mathematics Thinking-II,2,1,,0.0334,0.0,0,Low sim=0.033
Theorem to evaluate realintegrations,Inverse of Transform by Binomial,6.34-N-B.E.-Information-Technology-Sem-III-IV.pdf,2344111,Applied Mathematics Thinking-II,1,1,,0.0278,0.0,0,Low sim=0.028
System calls with examples for different OS,Selection of Scheduling,6.34-N-B.E.-Information-Technology-Sem-III-IV.pdf,2344112,Operating System,1,1,,0.1234,0.0,0,Low sim=0.123
System calls with examples for different OS,Algorithms  for  different  situations,6.34-N-B.E.-Information-Technology-Sem-III-IV.pdf,2344112,Operating System,2,1,,0.2163,0.2222,1,Adjacent topics: delta=2 + sim=0.216
System calls with examples for different OS,Real-time,6.34-N-B.E.-Information-Technology-Sem-III-IV.pdf,2344112,Operating System,3,1,,0.1898,0.0,0,No signal: sim=0.190 delta=3 kw=0.000
System calls with examples for different OS,Implementation of Page,6.34-N-B.E.-Information-Technology-Sem-III-IV.pdf,2344112,Operating System,4,1,,0.1009,0.0,0,Low sim=0.101
System calls with examples for different OS,Features of I/O facility for different OS,6.34-N-B.E.-Information-Technology-Sem-III-IV.pdf,2344112,Operating System,5,1,,0.4898,0.25,1,sim=0.490>=0.45 + delta=5<=5
Selection of Scheduling,Algorithms  for  different  situations,6.34-N-B.E.-Information-Technology-Sem-III-IV.pdf,2344112,Operating System,1,1,,0.4562,0.0,1,sim=0.456>=0.45 + delta=1<=5
Selection of Scheduling,Real-time,6.34-N-B.E.-Information-Technology-Sem-III-IV.pdf,2344112,Operating System,2,1,,0.2926,0.0,1,Adjacent topics: delta=2 + sim=0.293
Selection of Scheduling,Implementation of Page,6.34-N-B.E.-Information-Technology-Sem-III-IV.pdf,2344112,Operating System,3,1,,0.1203,0.2,0,Low sim=0.120
Selection of Scheduling,Features of I/O facility for different OS,6.34-N-B.E.-Information-Technology-Sem-III-IV.pdf,2344112,Operating System,4,1,,0.2145,0.1,0,No signal: sim=0.214 delta=4 kw=0.100
Algorithms  for  different  situations,Real-time,6.34-N-B.E.-Information-Technology-Sem-III-IV.pdf,2344112,Operating System,1,1,,0.3399,0.0,1,Adjacent topics: delta=1 + sim=0.340
Algorithms  for  different  situations,Implementation of Page,6.34-N-B.E.-Information-Technology-Sem-III-IV.pdf,2344112,Operating System,2,1,,0.2304,0.0,1,Adjacent topics: delta=2 + sim=0.230
Algorithms  for  different  situations,Features of I/O facility for different OS,6.34-N-B.E.-Information-Technology-Sem-III-IV.pdf,2344112,Operating System,3,1,,0.2194,0.2,0,No signal: sim=0.219 delta=3 kw=0.200
Real-time,Implementation of Page,6.34-N-B.E.-Information-Technology-Sem-III-IV.pdf,2344112,Operating System,1,1,,0.1423,0.0,0,Low sim=0.142
Real-time,Features of I/O facility for different OS,6.34-N-B.E.-Information-Technology-Sem-III-IV.pdf,2344112,Operating System,2,1,,0.2171,0.0,1,Adjacent topics: delta=2 + sim=0.217
Implementation of Page,Features of I/O facility for different OS,6.34-N-B.E.-Information-Technology-Sem-III-IV.pdf,2344112,Operating System,1,1,,0.1487,0.1,0,Low sim=0.149
Structure of a switch,Space Division Switching,6.34-N-B.E.-Information-Technology-Sem-III-IV.pdf,2344113,Computer Network & Network Design,1,1,,0.3131,0.0,1,Foundational kw + sim=0.313 + delta=1
Structure of a switch,Data Link Layer Data Link Control:  Framing ,6.34-N-B.E.-Information-Technology-Sem-III-IV.pdf,2344113,Computer Network & Network Design,2,1,,0.1193,0.0,0,Low sim=0.119
Structure of a switch,Linear Block Code,6.34-N-B.E.-Information-Technology-Sem-III-IV.pdf,2344113,Computer Network & Network Design,3,1,,0.272,0.0,1,Foundational kw + sim=0.272 + delta=3
Structure of a switch,CRC code,6.34-N-B.E.-Information-Technology-Sem-III-IV.pdf,2344113,Computer Network & Network Design,4,1,,0.0783,0.0,0,Low sim=0.078
Structure of a switch,Flow Control: Stop-and-Wait Flow Control,6.34-N-B.E.-Information-Technology-Sem-III-IV.pdf,2344113,Computer Network & Network Design,5,1,,0.1327,0.0,0,Low sim=0.133
Structure of a switch,Error Control: Stop-and-Wait ARQ,6.34-N-B.E.-Information-Technology-Sem-III-IV.pdf,2344113,Computer Network & Network Design,6,1,,0.0427,0.0,0,Low sim=0.043
Structure of a switch,Go-Back-N ARQ,6.34-N-B.E.-Information-Technology-Sem-III-IV.pdf,2344113,Computer Network & Network Design,7,1,,0.0511,0.0,0,Low sim=0.051
Structure of a switch,Medium Access Control,6.34-N-B.E.-Information-Technology-Sem-III-IV.pdf,2344113,Computer Network & Network Design,8,1,,0.1167,0.0,0,Low sim=0.117
Structure of a switch,Scheduled Access (Reservation,6.34-N-B.E.-Information-Technology-Sem-III-IV.pdf,2344113,Computer Network & Network Design,9,1,,-0.0133,0.0,0,Low sim=-0.013
Structure of a switch,Random Access (ALOHA,6.34-N-B.E.-Information-Technology-Sem-III-IV.pdf,2344113,Computer Network & Network Design,10,1,,0.0682,0.0,0,Low sim=0.068
Structure of a switch,Link Layer Addressing,6.34-N-B.E.-Information-Technology-Sem-III-IV.pdf,2344113,Computer Network & Network Design,11,1,,0.2657,0.0,0,No signal: sim=0.266 delta=11 kw=0.000
Structure of a switch,10-Gigabit Ethernet,6.34-N-B.E.-Information-Technology-Sem-III-IV.pdf,2344113,Computer Network & Network Design,12,1,,0.1952,0.0,0,Far apart: delta=12 + sim=0.195
Structure of a switch,Self-Study Topics,6.34-N-B.E.-Information-Technology-Sem-III-IV.pdf,2344113,Computer Network & Network Design,13,1,,0.0047,0.0,0,Low sim=0.005
Structure of a switch,HDLC Protocol,6.34-N-B.E.-Information-Technology-Sem-III-IV.pdf,2344113,Computer Network & Network Design,14,1,,0.0091,0.0,0,Low sim=0.009
Space Division Switching,Data Link Layer Data Link Control:  Framing ,6.34-N-B.E.-Information-Technology-Sem-III-IV.pdf,2344113,Computer Network & Network Design,1,1,,0.147,0.0,0,Low sim=0.147
Space Division Switching,Linear Block Code,6.34-N-B.E.-Information-Technology-Sem-III-IV.pdf,2344113,Computer Network & Network Design,2,1,,0.2066,0.0,1,Adjacent topics: delta=2 + sim=0.207
Space Division Switching,CRC code,6.34-N-B.E.-Information-Technology-Sem-III-IV.pdf,2344113,Computer Network & Network Design,3,1,,0.1672,0.0,0,No signal: sim=0.167 delta=3 kw=0.000
Space Division Switching,Flow Control: Stop-and-Wait Flow Control,6.34-N-B.E.-Information-Technology-Sem-III-IV.pdf,2344113,Computer Network & Network Design,4,1,,0.1945,0.0,0,No signal: sim=0.194 delta=4 kw=0.000
Space Division Switching,Error Control: Stop-and-Wait ARQ,6.34-N-B.E.-Information-Technology-Sem-III-IV.pdf,2344113,Computer Network & Network Design,5,1,,0.0481,0.0,0,Low sim=0.048
Space Division Switching,Go-Back-N ARQ,6.34-N-B.E.-Information-Technology-Sem-III-IV.pdf,2344113,Computer Network & Network Design,6,1,,0.1059,0.0,0,Low sim=0.106
Space Division Switching,Medium Access Control,6.34-N-B.E.-Information-Technology-Sem-III-IV.pdf,2344113,Computer Network & Network Design,7,1,,0.2054,0.0,0,No signal: sim=0.205 delta=7 kw=0.000
Space Division Switching,Scheduled Access (Reservation,6.34-N-B.E.-Information-Technology-Sem-III-IV.pdf,2344113,Computer Network & Network Design,8,1,,0.0431,0.0,0,Low sim=0.043
Space Division Switching,Random Access (ALOHA,6.34-N-B.E.-Information-Technology-Sem-III-IV.pdf,2344113,Computer Network & Network Design,9,1,,0.0805,0.0,0,Low sim=0.080
Space Division Switching,Link Layer Addressing,6.34-N-B.E.-Information-Technology-Sem-III-IV.pdf,2344113,Computer Network & Network Design,10,1,,0.0648,0.0,0,Low sim=0.065
Space Division Switching,10-Gigabit Ethernet,6.34-N-B.E.-Information-Technology-Sem-III-IV.pdf,2344113,Computer Network & Network Design,11,1,,0.1628,0.0,0,No signal: sim=0.163 delta=11 kw=0.000
Space Division Switching,Self-Study Topics,6.34-N-B.E.-Information-Technology-Sem-III-IV.pdf,2344113,Computer Network & Network Design,12,1,,0.0242,0.0,0,Low sim=0.024
Space Division Switching,HDLC Protocol,6.34-N-B.E.-Information-Technology-Sem-III-IV.pdf,2344113,Computer Network & Network Design,13,1,,0.014,0.0,0,Low sim=0.014
Space Division Switching,IEEE 802.11 Wireless LAN,6.34-N-B.E.-Information-Technology-Sem-III-IV.pdf,2344113,Computer Network & Network Design,14,1,,0.1212,0.0,0,Low sim=0.121
Data Link Layer Data Link Control:  Framing ,Linear Block Code,6.34-N-B.E.-Information-Technology-Sem-III-IV.pdf,2344113,Computer Network & Network Design,1,1,,0.1546,0.0,0,No signal: sim=0.155 delta=1 kw=0.000
Data Link Layer Data Link Control:  Framing ,CRC code,6.34-N-B.E.-Information-Technology-Sem-III-IV.pdf,2344113,Computer Network & Network Design,2,1,,0.11,0.0,0,Low sim=0.110
Data Link Layer Data Link Control:  Framing ,Flow Control: Stop-and-Wait Flow Control,6.34-N-B.E.-Information-Technology-Sem-III-IV.pdf,2344113,Computer Network & Network Design,3,1,,0.3241,0.1111,0,No signal: sim=0.324 delta=3 kw=0.111
Data Link Layer Data Link Control:  Framing ,Error Control: Stop-and-Wait ARQ,6.34-N-B.E.-Information-Technology-Sem-III-IV.pdf,2344113,Computer Network & Network Design,4,1,,0.1257,0.1,0,Low sim=0.126
Data Link Layer Data Link Control:  Framing ,Go-Back-N ARQ,6.34-N-B.E.-Information-Technology-Sem-III-IV.pdf,2344113,Computer Network & Network Design,5,1,,-0.0347,0.0,0,Low sim=-0.035
Data Link Layer Data Link Control:  Framing ,Medium Access Control,6.34-N-B.E.-Information-Technology-Sem-III-IV.pdf,2344113,Computer Network & Network Design,6,1,,0.3796,0.1429,0,No signal: sim=0.380 delta=6 kw=0.143
Data Link Layer Data Link Control:  Framing ,Scheduled Access (Reservation,6.34-N-B.E.-Information-Technology-Sem-III-IV.pdf,2344113,Computer Network & Network Design,7,1,,0.1417,0.0,0,Low sim=0.142
Data Link Layer Data Link Control:  Framing ,Random Access (ALOHA,6.34-N-B.E.-Information-Technology-Sem-III-IV.pdf,2344113,Computer Network & Network Design,8,1,,0.1248,0.0,0,Low sim=0.125
Data Link Layer Data Link Control:  Framing ,Link Layer Addressing,6.34-N-B.E.-Information-Technology-Sem-III-IV.pdf,2344113,Computer Network & Network Design,9,1,,0.5324,0.3333,0,No signal: sim=0.532 delta=9 kw=0.333
Data Link Layer Data Link Control:  Framing ,10-Gigabit Ethernet,6.34-N-B.E.-Information-Technology-Sem-III-IV.pdf,2344113,Computer Network & Network Design,10,1,,0.251,0.0,0,No signal: sim=0.251 delta=10 kw=0.000
Data Link Layer Data Link Control:  Framing ,Self-Study Topics,6.34-N-B.E.-Information-Technology-Sem-III-IV.pdf,2344113,Computer Network & Network Design,11,1,,0.0323,0.0,0,Low sim=0.032
Data Link Layer Data Link Control:  Framing ,HDLC Protocol,6.34-N-B.E.-Information-Technology-Sem-III-IV.pdf,2344113,Computer Network & Network Design,12,1,,0.2889,0.0,0,Far apart: delta=12 + sim=0.289
Data Link Layer Data Link Control:  Framing ,IEEE 802.11 Wireless LAN,6.34-N-B.E.-Information-Technology-Sem-III-IV.pdf,2344113,Computer Network & Network Design,13,1,,0.0815,0.0,0,Low sim=0.082
Linear Block Code,CRC code,6.34-N-B.E.-Information-Technology-Sem-III-IV.pdf,2344113,Computer Network & Network Design,1,1,,0.3981,0.25,1,Adjacent topics: delta=1 + sim=0.398
Linear Block Code,Flow Control: Stop-and-Wait Flow Control,6.34-N-B.E.-Information-Technology-Sem-III-IV.pdf,2344113,Computer Network & Network Design,2,1,,0.1731,0.0,0,No signal: sim=0.173 delta=2 kw=0.000
Linear Block Code,Error Control: Stop-and-Wait ARQ,6.34-N-B.E.-Information-Technology-Sem-III-IV.pdf,2344113,Computer Network & Network Design,3,1,,0.0706,0.0,0,Low sim=0.071
Linear Block Code,Go-Back-N ARQ,6.34-N-B.E.-Information-Technology-Sem-III-IV.pdf,2344113,Computer Network & Network Design,4,1,,0.0246,0.0,0,Low sim=0.025
Linear Block Code,Medium Access Control,6.34-N-B.E.-Information-Technology-Sem-III-IV.pdf,2344113,Computer Network & Network Design,5,1,,0.1435,0.0,0,Low sim=0.144
Linear Block Code,Scheduled Access (Reservation,6.34-N-B.E.-Information-Technology-Sem-III-IV.pdf,2344113,Computer Network & Network Design,6,1,,0.1022,0.0,0,Low sim=0.102
Linear Block Code,Random Access (ALOHA,6.34-N-B.E.-Information-Technology-Sem-III-IV.pdf,2344113,Computer Network & Network Design,7,1,,0.1013,0.0,0,Low sim=0.101
Linear Block Code,Link Layer Addressing,6.34-N-B.E.-Information-Technology-Sem-III-IV.pdf,2344113,Computer Network & Network Design,8,1,,0.2449,0.0,0,No signal: sim=0.245 delta=8 kw=0.000
Linear Block Code,10-Gigabit Ethernet,6.34-N-B.E.-Information-Technology-Sem-III-IV.pdf,2344113,Computer Network & Network Design,9,1,,0.0926,0.0,0,Low sim=0.093
Linear Block Code,Self-Study Topics,6.34-N-B.E.-Information-Technology-Sem-III-IV.pdf,2344113,Computer Network & Network Design,10,1,,-0.0409,0.0,0,Low sim=-0.041
Linear Block Code,HDLC Protocol,6.34-N-B.E.-Information-Technology-Sem-III-IV.pdf,2344113,Computer Network & Network Design,11,1,,0.1087,0.0,0,Low sim=0.109
Linear Block Code,IEEE 802.11 Wireless LAN,6.34-N-B.E.-Information-Technology-Sem-III-IV.pdf,2344113,Computer Network & Network Design,12,1,,0.0491,0.0,0,Low sim=0.049
CRC code,Flow Control: Stop-and-Wait Flow Control,6.34-N-B.E.-Information-Technology-Sem-III-IV.pdf,2344113,Computer Network & Network Design,1,1,,0.1772,0.0,0,No signal: sim=0.177 delta=1 kw=0.000
CRC code,Error Control: Stop-and-Wait ARQ,6.34-N-B.E.-Information-Technology-Sem-III-IV.pdf,2344113,Computer Network & Network Design,2,1,,0.1052,0.0,0,Low sim=0.105
CRC code,Go-Back-N ARQ,6.34-N-B.E.-Information-Technology-Sem-III-IV.pdf,2344113,Computer Network & Network Design,3,1,,0.1025,0.0,0,Low sim=0.102
CRC code,Medium Access Control,6.34-N-B.E.-Information-Technology-Sem-III-IV.pdf,2344113,Computer Network & Network Design,4,1,,0.1827,0.0,0,No signal: sim=0.183 delta=4 kw=0.000
CRC code,Scheduled Access (Reservation,6.34-N-B.E.-Information-Technology-Sem-III-IV.pdf,2344113,Computer Network & Network Design,5,1,,0.182,0.0,0,No signal: sim=0.182 delta=5 kw=0.000
CRC code,Random Access (ALOHA,6.34-N-B.E.-Information-Technology-Sem-III-IV.pdf,2344113,Computer Network & Network Design,6,1,,0.1622,0.0,0,No signal: sim=0.162 delta=6 kw=0.000
CRC code,Link Layer Addressing,6.34-N-B.E.-Information-Technology-Sem-III-IV.pdf,2344113,Computer Network & Network Design,7,1,,0.1388,0.0,0,Low sim=0.139
CRC code,10-Gigabit Ethernet,6.34-N-B.E.-Information-Technology-Sem-III-IV.pdf,2344113,Computer Network & Network Design,8,1,,-0.013,0.0,0,Low sim=-0.013
CRC code,Self-Study Topics,6.34-N-B.E.-Information-Technology-Sem-III-IV.pdf,2344113,Computer Network & Network Design,9,1,,0.0648,0.0,0,Low sim=0.065
CRC code,HDLC Protocol,6.34-N-B.E.-Information-Technology-Sem-III-IV.pdf,2344113,Computer Network & Network Design,10,1,,0.2231,0.0,0,No signal: sim=0.223 delta=10 kw=0.000
CRC code,IEEE 802.11 Wireless LAN,6.34-N-B.E.-Information-Technology-Sem-III-IV.pdf,2344113,Computer Network & Network Design,11,1,,0.1103,0.0,0,Low sim=0.110
Flow Control: Stop-and-Wait Flow Control,Error Control: Stop-and-Wait ARQ,6.34-N-B.E.-Information-Technology-Sem-III-IV.pdf,2344113,Computer Network & Network Design,1,1,,0.5758,0.5714,1,sim=0.576>=0.45 + delta=1<=5
Flow Control: Stop-and-Wait Flow Control,Go-Back-N ARQ,6.34-N-B.E.-Information-Technology-Sem-III-IV.pdf,2344113,Computer Network & Network Design,2,1,,0.1993,0.0,0,No signal: sim=0.199 delta=2 kw=0.000
Flow Control: Stop-and-Wait Flow Control,Medium Access Control,6.34-N-B.E.-Information-Technology-Sem-III-IV.pdf,2344113,Computer Network & Network Design,3,1,,0.3332,0.1429,0,No signal: sim=0.333 delta=3 kw=0.143
Flow Control: Stop-and-Wait Flow Control,Scheduled Access (Reservation,6.34-N-B.E.-Information-Technology-Sem-III-IV.pdf,2344113,Computer Network & Network Design,4,1,,0.1675,0.0,0,No signal: sim=0.168 delta=4 kw=0.000
Flow Control: Stop-and-Wait Flow Control,Random Access (ALOHA,6.34-N-B.E.-Information-Technology-Sem-III-IV.pdf,2344113,Computer Network & Network Design,5,1,,0.1147,0.0,0,Low sim=0.115
Flow Control: Stop-and-Wait Flow Control,Link Layer Addressing,6.34-N-B.E.-Information-Technology-Sem-III-IV.pdf,2344113,Computer Network & Network Design,6,1,,0.1342,0.0,0,Low sim=0.134
Flow Control: Stop-and-Wait Flow Control,10-Gigabit Ethernet,6.34-N-B.E.-Information-Technology-Sem-III-IV.pdf,2344113,Computer Network & Network Design,7,1,,0.0389,0.0,0,Low sim=0.039
Flow Control: Stop-and-Wait Flow Control,Self-Study Topics,6.34-N-B.E.-Information-Technology-Sem-III-IV.pdf,2344113,Computer Network & Network Design,8,1,,0.0248,0.0,0,Low sim=0.025
Flow Control: Stop-and-Wait Flow Control,HDLC Protocol,6.34-N-B.E.-Information-Technology-Sem-III-IV.pdf,2344113,Computer Network & Network Design,9,1,,0.1468,0.0,0,Low sim=0.147
Flow Control: Stop-and-Wait Flow Control,IEEE 802.11 Wireless LAN,6.34-N-B.E.-Information-Technology-Sem-III-IV.pdf,2344113,Computer Network & Network Design,10,1,,0.0159,0.0,0,Low sim=0.016
Error Control: Stop-and-Wait ARQ,Go-Back-N ARQ,6.34-N-B.E.-Information-Technology-Sem-III-IV.pdf,2344113,Computer Network & Network Design,1,1,,0.4047,0.1111,1,Adjacent topics: delta=1 + sim=0.405
Error Control: Stop-and-Wait ARQ,Medium Access Control,6.34-N-B.E.-Information-Technology-Sem-III-IV.pdf,2344113,Computer Network & Network Design,2,1,,0.1437,0.125,0,Low sim=0.144
Error Control: Stop-and-Wait ARQ,Scheduled Access (Reservation,6.34-N-B.E.-Information-Technology-Sem-III-IV.pdf,2344113,Computer Network & Network Design,3,1,,0.0597,0.0,0,Low sim=0.060
Error Control: Stop-and-Wait ARQ,Random Access (ALOHA,6.34-N-B.E.-Information-Technology-Sem-III-IV.pdf,2344113,Computer Network & Network Design,4,1,,0.1215,0.0,0,Low sim=0.122
Error Control: Stop-and-Wait ARQ,Link Layer Addressing,6.34-N-B.E.-Information-Technology-Sem-III-IV.pdf,2344113,Computer Network & Network Design,5,1,,0.0152,0.0,0,Low sim=0.015
Error Control: Stop-and-Wait ARQ,10-Gigabit Ethernet,6.34-N-B.E.-Information-Technology-Sem-III-IV.pdf,2344113,Computer Network & Network Design,6,1,,0.0322,0.0,0,Low sim=0.032
Error Control: Stop-and-Wait ARQ,Self-Study Topics,6.34-N-B.E.-Information-Technology-Sem-III-IV.pdf,2344113,Computer Network & Network Design,7,1,,-0.0352,0.0,0,Low sim=-0.035
Error Control: Stop-and-Wait ARQ,HDLC Protocol,6.34-N-B.E.-Information-Technology-Sem-III-IV.pdf,2344113,Computer Network & Network Design,8,1,,0.0972,0.0,0,Low sim=0.097
Error Control: Stop-and-Wait ARQ,IEEE 802.11 Wireless LAN,6.34-N-B.E.-Information-Technology-Sem-III-IV.pdf,2344113,Computer Network & Network Design,9,1,,-0.029,0.0,0,Low sim=-0.029
Go-Back-N ARQ,Medium Access Control,6.34-N-B.E.-Information-Technology-Sem-III-IV.pdf,2344113,Computer Network & Network Design,1,1,,0.0127,0.0,0,Low sim=0.013
Go-Back-N ARQ,Scheduled Access (Reservation,6.34-N-B.E.-Information-Technology-Sem-III-IV.pdf,2344113,Computer Network & Network Design,2,1,,0.0243,0.0,0,Low sim=0.024
Go-Back-N ARQ,Random Access (ALOHA,6.34-N-B.E.-Information-Technology-Sem-III-IV.pdf,2344113,Computer Network & Network Design,3,1,,0.1204,0.0,0,Low sim=0.120
Go-Back-N ARQ,Link Layer Addressing,6.34-N-B.E.-Information-Technology-Sem-III-IV.pdf,2344113,Computer Network & Network Design,4,1,,0.0544,0.0,0,Low sim=0.054
Go-Back-N ARQ,10-Gigabit Ethernet,6.34-N-B.E.-Information-Technology-Sem-III-IV.pdf,2344113,Computer Network & Network Design,5,1,,0.0783,0.0,0,Low sim=0.078
Go-Back-N ARQ,Self-Study Topics,6.34-N-B.E.-Information-Technology-Sem-III-IV.pdf,2344113,Computer Network & Network Design,6,1,,0.0588,0.0,0,Low sim=0.059
Go-Back-N ARQ,HDLC Protocol,6.34-N-B.E.-Information-Technology-Sem-III-IV.pdf,2344113,Computer Network & Network Design,7,1,,0.0549,0.0,0,Low sim=0.055
Go-Back-N ARQ,IEEE 802.11 Wireless LAN,6.34-N-B.E.-Information-Technology-Sem-III-IV.pdf,2344113,Computer Network & Network Design,8,1,,-0.0285,0.0,0,Low sim=-0.029
Medium Access Control,Scheduled Access (Reservation,6.34-N-B.E.-Information-Technology-Sem-III-IV.pdf,2344113,Computer Network & Network Design,1,1,,0.3272,0.2,1,Adjacent topics: delta=1 + sim=0.327
Medium Access Control,Random Access (ALOHA,6.34-N-B.E.-Information-Technology-Sem-III-IV.pdf,2344113,Computer Network & Network Design,2,1,,0.3759,0.2,1,Adjacent topics: delta=2 + sim=0.376
Medium Access Control,Link Layer Addressing,6.34-N-B.E.-Information-Technology-Sem-III-IV.pdf,2344113,Computer Network & Network Design,3,1,,0.2033,0.0,0,No signal: sim=0.203 delta=3 kw=0.000
Medium Access Control,10-Gigabit Ethernet,6.34-N-B.E.-Information-Technology-Sem-III-IV.pdf,2344113,Computer Network & Network Design,4,1,,0.1796,0.0,0,No signal: sim=0.180 delta=4 kw=0.000
Medium Access Control,Self-Study Topics,6.34-N-B.E.-Information-Technology-Sem-III-IV.pdf,2344113,Computer Network & Network Design,5,1,,0.0534,0.0,0,Low sim=0.053
Medium Access Control,HDLC Protocol,6.34-N-B.E.-Information-Technology-Sem-III-IV.pdf,2344113,Computer Network & Network Design,6,1,,0.3793,0.0,0,No signal: sim=0.379 delta=6 kw=0.000
Medium Access Control,IEEE 802.11 Wireless LAN,6.34-N-B.E.-Information-Technology-Sem-III-IV.pdf,2344113,Computer Network & Network Design,7,1,,0.2109,0.0,0,No signal: sim=0.211 delta=7 kw=0.000
Scheduled Access (Reservation,Random Access (ALOHA,6.34-N-B.E.-Information-Technology-Sem-III-IV.pdf,2344113,Computer Network & Network Design,1,1,,0.3361,0.2,1,Adjacent topics: delta=1 + sim=0.336
Scheduled Access (Reservation,Link Layer Addressing,6.34-N-B.E.-Information-Technology-Sem-III-IV.pdf,2344113,Computer Network & Network Design,2,1,,0.0827,0.0,0,Low sim=0.083
Scheduled Access (Reservation,10-Gigabit Ethernet,6.34-N-B.E.-Information-Technology-Sem-III-IV.pdf,2344113,Computer Network & Network Design,3,1,,-0.0131,0.0,0,Low sim=-0.013
Scheduled Access (Reservation,Self-Study Topics,6.34-N-B.E.-Information-Technology-Sem-III-IV.pdf,2344113,Computer Network & Network Design,4,1,,0.0017,0.0,0,Low sim=0.002
Scheduled Access (Reservation,HDLC Protocol,6.34-N-B.E.-Information-Technology-Sem-III-IV.pdf,2344113,Computer Network & Network Design,5,1,,0.2023,0.0,0,No signal: sim=0.202 delta=5 kw=0.000
Scheduled Access (Reservation,IEEE 802.11 Wireless LAN,6.34-N-B.E.-Information-Technology-Sem-III-IV.pdf,2344113,Computer Network & Network Design,6,1,,0.081,0.0,0,Low sim=0.081
Random Access (ALOHA,Link Layer Addressing,6.34-N-B.E.-Information-Technology-Sem-III-IV.pdf,2344113,Computer Network & Network Design,1,1,,0.1511,0.0,0,No signal: sim=0.151 delta=1 kw=0.000
Random Access (ALOHA,10-Gigabit Ethernet,6.34-N-B.E.-Information-Technology-Sem-III-IV.pdf,2344113,Computer Network & Network Design,2,1,,0.0177,0.0,0,Low sim=0.018
Random Access (ALOHA,Self-Study Topics,6.34-N-B.E.-Information-Technology-Sem-III-IV.pdf,2344113,Computer Network & Network Design,3,1,,0.1092,0.0,0,Low sim=0.109
Random Access (ALOHA,HDLC Protocol,6.34-N-B.E.-Information-Technology-Sem-III-IV.pdf,2344113,Computer Network & Network Design,4,1,,0.1372,0.0,0,Low sim=0.137
Random Access (ALOHA,IEEE 802.11 Wireless LAN,6.34-N-B.E.-Information-Technology-Sem-III-IV.pdf,2344113,Computer Network & Network Design,5,1,,0.1452,0.0,0,Low sim=0.145
Link Layer Addressing,10-Gigabit Ethernet,6.34-N-B.E.-Information-Technology-Sem-III-IV.pdf,2344113,Computer Network & Network Design,1,1,,0.2799,0.0,1,Adjacent topics: delta=1 + sim=0.280
Link Layer Addressing,Self-Study Topics,6.34-N-B.E.-Information-Technology-Sem-III-IV.pdf,2344113,Computer Network & Network Design,2,1,,0.023,0.0,0,Low sim=0.023
Link Layer Addressing,HDLC Protocol,6.34-N-B.E.-Information-Technology-Sem-III-IV.pdf,2344113,Computer Network & Network Design,3,1,,0.224,0.0,0,No signal: sim=0.224 delta=3 kw=0.000
Link Layer Addressing,IEEE 802.11 Wireless LAN,6.34-N-B.E.-Information-Technology-Sem-III-IV.pdf,2344113,Computer Network & Network Design,4,1,,0.188,0.0,0,No signal: sim=0.188 delta=4 kw=0.000
10-Gigabit Ethernet,Self-Study Topics,6.34-N-B.E.-Information-Technology-Sem-III-IV.pdf,2344113,Computer Network & Network Design,1,1,,-0.0263,0.0,0,Low sim=-0.026
10-Gigabit Ethernet,HDLC Protocol,6.34-N-B.E.-Information-Technology-Sem-III-IV.pdf,2344113,Computer Network & Network Design,2,1,,0.0984,0.0,0,Low sim=0.098
10-Gigabit Ethernet,IEEE 802.11 Wireless LAN,6.34-N-B.E.-Information-Technology-Sem-III-IV.pdf,2344113,Computer Network & Network Design,3,1,,0.3096,0.0,0,No signal: sim=0.310 delta=3 kw=0.000
Self-Study Topics,HDLC Protocol,6.34-N-B.E.-Information-Technology-Sem-III-IV.pdf,2344113,Computer Network & Network Design,1,1,,-0.0453,0.0,0,Low sim=-0.045
Self-Study Topics,IEEE 802.11 Wireless LAN,6.34-N-B.E.-Information-Technology-Sem-III-IV.pdf,2344113,Computer Network & Network Design,2,1,,-0.0155,0.0,0,Low sim=-0.015
HDLC Protocol,IEEE 802.11 Wireless LAN,6.34-N-B.E.-Information-Technology-Sem-III-IV.pdf,2344113,Computer Network & Network Design,1,1,,0.16,0.0,0,No signal: sim=0.160 delta=1 kw=0.000
"Definition of Laplace transform, Condition of Existence of Laplace","Properties of Laplace Transform: Linearity, First Shifting theorem",6.35-N-B.E.-Mechanical-EngineeringSem-III-IV.pdf,2403111,Engineering Mathematics-III,1,1,,0.6797,0.2727,1,High sim=0.680 + delta=1
"Definition of Laplace transform, Condition of Existence of Laplace","Step function, Laplace Transform of Periodic functions, Dirac Delta Function",6.35-N-B.E.-Mechanical-EngineeringSem-III-IV.pdf,2403111,Engineering Mathematics-III,2,1,,0.5321,0.25,1,sim=0.532>=0.45 + delta=2<=5
"Definition of Laplace transform, Condition of Existence of Laplace",Second Shifting Theorem,6.35-N-B.E.-Mechanical-EngineeringSem-III-IV.pdf,2403111,Engineering Mathematics-III,3,1,,0.1488,0.0,0,Low sim=0.149
"Definition of Laplace transform, Condition of Existence of Laplace","Inverse Laplace Transform, Linearity property, use of standard",6.35-N-B.E.-Mechanical-EngineeringSem-III-IV.pdf,2403111,Engineering Mathematics-III,4,1,,0.5452,0.2727,1,sim=0.545>=0.45 + delta=4<=5
"Definition of Laplace transform, Condition of Existence of Laplace",Laplace transform using derivative,6.35-N-B.E.-Mechanical-EngineeringSem-III-IV.pdf,2403111,Engineering Mathematics-III,5,1,,0.5844,0.25,1,sim=0.584>=0.45 + delta=5<=5
"Definition of Laplace transform, Condition of Existence of Laplace",Partial fractions method & first shift property to find inverse Laplace,6.35-N-B.E.-Mechanical-EngineeringSem-III-IV.pdf,2403111,Engineering Mathematics-III,6,1,,0.407,0.0667,1,Foundational kw + sim=0.407 + delta=6
"Definition of Laplace transform, Condition of Existence of Laplace",Module: Fourier Series,6.35-N-B.E.-Mechanical-EngineeringSem-III-IV.pdf,2403111,Engineering Mathematics-III,7,1,,0.0961,0.0,0,Low sim=0.096
"Definition of Laplace transform, Condition of Existence of Laplace","Dirichlet’s conditions, Definition of Fourier series",6.35-N-B.E.-Mechanical-EngineeringSem-III-IV.pdf,2403111,Engineering Mathematics-III,8,1,,0.3609,0.1818,1,Foundational kw + sim=0.361 + delta=8
"Definition of Laplace transform, Condition of Existence of Laplace",Fourier series of periodic function with period 2π and 2l (No,6.35-N-B.E.-Mechanical-EngineeringSem-III-IV.pdf,2403111,Engineering Mathematics-III,9,1,,0.0758,0.0625,0,Low sim=0.076
"Definition of Laplace transform, Condition of Existence of Laplace",Half range Sine and Cosine Series,6.35-N-B.E.-Mechanical-EngineeringSem-III-IV.pdf,2403111,Engineering Mathematics-III,10,1,,0.1135,0.0,0,Low sim=0.113
"Definition of Laplace transform, Condition of Existence of Laplace","Function f(z) of complex variable, limit, continuity and differentiability",6.35-N-B.E.-Mechanical-EngineeringSem-III-IV.pdf,2403111,Engineering Mathematics-III,11,1,,0.1439,0.0667,0,Low sim=0.144
"Definition of Laplace transform, Condition of Existence of Laplace","Analytic function, necessary and sufficient conditions for f(z) to be",6.35-N-B.E.-Mechanical-EngineeringSem-III-IV.pdf,2403111,Engineering Mathematics-III,12,1,,0.3751,0.0,0,Far apart: delta=12 + sim=0.375
"Definition of Laplace transform, Condition of Existence of Laplace",Riemann equations in cartesian coordinates,6.35-N-B.E.-Mechanical-EngineeringSem-III-IV.pdf,2403111,Engineering Mathematics-III,13,1,,0.1243,0.0,0,Low sim=0.124
"Definition of Laplace transform, Condition of Existence of Laplace","Harmonic function, Harmonic conjugate",6.35-N-B.E.-Mechanical-EngineeringSem-III-IV.pdf,2403111,Engineering Mathematics-III,14,1,,0.2318,0.0,0,Far apart: delta=14 + sim=0.232
"Properties of Laplace Transform: Linearity, First Shifting theorem","Step function, Laplace Transform of Periodic functions, Dirac Delta Function",6.35-N-B.E.-Mechanical-EngineeringSem-III-IV.pdf,2403111,Engineering Mathematics-III,1,1,,0.5803,0.2143,1,sim=0.580>=0.45 + delta=1<=5
"Properties of Laplace Transform: Linearity, First Shifting theorem",Second Shifting Theorem,6.35-N-B.E.-Mechanical-EngineeringSem-III-IV.pdf,2403111,Engineering Mathematics-III,2,1,,0.5105,0.2222,1,sim=0.511>=0.45 + delta=2<=5
"Properties of Laplace Transform: Linearity, First Shifting theorem","Inverse Laplace Transform, Linearity property, use of standard",6.35-N-B.E.-Mechanical-EngineeringSem-III-IV.pdf,2403111,Engineering Mathematics-III,3,1,,0.7049,0.3333,1,High sim=0.705 + delta=3
"Properties of Laplace Transform: Linearity, First Shifting theorem",Laplace transform using derivative,6.35-N-B.E.-Mechanical-EngineeringSem-III-IV.pdf,2403111,Engineering Mathematics-III,4,1,,0.5646,0.2,1,sim=0.565>=0.45 + delta=4<=5
"Properties of Laplace Transform: Linearity, First Shifting theorem",Partial fractions method & first shift property to find inverse Laplace,6.35-N-B.E.-Mechanical-EngineeringSem-III-IV.pdf,2403111,Engineering Mathematics-III,5,1,,0.5072,0.125,1,sim=0.507>=0.45 + delta=5<=5
"Properties of Laplace Transform: Linearity, First Shifting theorem",Module: Fourier Series,6.35-N-B.E.-Mechanical-EngineeringSem-III-IV.pdf,2403111,Engineering Mathematics-III,6,1,,0.1243,0.0,0,Low sim=0.124
"Properties of Laplace Transform: Linearity, First Shifting theorem","Dirichlet’s conditions, Definition of Fourier series",6.35-N-B.E.-Mechanical-EngineeringSem-III-IV.pdf,2403111,Engineering Mathematics-III,7,1,,0.2815,0.0714,0,No signal: sim=0.282 delta=7 kw=0.071
"Properties of Laplace Transform: Linearity, First Shifting theorem",Fourier series of periodic function with period 2π and 2l (No,6.35-N-B.E.-Mechanical-EngineeringSem-III-IV.pdf,2403111,Engineering Mathematics-III,8,1,,0.1347,0.0556,0,Low sim=0.135
"Properties of Laplace Transform: Linearity, First Shifting theorem",Half range Sine and Cosine Series,6.35-N-B.E.-Mechanical-EngineeringSem-III-IV.pdf,2403111,Engineering Mathematics-III,9,1,,0.1472,0.0,0,Low sim=0.147
"Properties of Laplace Transform: Linearity, First Shifting theorem","Function f(z) of complex variable, limit, continuity and differentiability",6.35-N-B.E.-Mechanical-EngineeringSem-III-IV.pdf,2403111,Engineering Mathematics-III,10,1,,0.1262,0.0588,0,Low sim=0.126
"Properties of Laplace Transform: Linearity, First Shifting theorem","Analytic function, necessary and sufficient conditions for f(z) to be",6.35-N-B.E.-Mechanical-EngineeringSem-III-IV.pdf,2403111,Engineering Mathematics-III,11,1,,0.2258,0.0,0,No signal: sim=0.226 delta=11 kw=0.000
"Properties of Laplace Transform: Linearity, First Shifting theorem",Riemann equations in cartesian coordinates,6.35-N-B.E.-Mechanical-EngineeringSem-III-IV.pdf,2403111,Engineering Mathematics-III,12,1,,0.167,0.0,0,Far apart: delta=12 + sim=0.167
"Properties of Laplace Transform: Linearity, First Shifting theorem","Harmonic function, Harmonic conjugate",6.35-N-B.E.-Mechanical-EngineeringSem-III-IV.pdf,2403111,Engineering Mathematics-III,13,1,,0.236,0.0,0,Far apart: delta=13 + sim=0.236
"Properties of Laplace Transform: Linearity, First Shifting theorem","Similarity of matrices, Diagonalization of matrices",6.35-N-B.E.-Mechanical-EngineeringSem-III-IV.pdf,2403111,Engineering Mathematics-III,14,1,,-0.0137,0.0909,0,Low sim=-0.014
"Step function, Laplace Transform of Periodic functions, Dirac Delta Function",Second Shifting Theorem,6.35-N-B.E.-Mechanical-EngineeringSem-III-IV.pdf,2403111,Engineering Mathematics-III,1,1,,0.1758,0.0,0,No signal: sim=0.176 delta=1 kw=0.000
"Step function, Laplace Transform of Periodic functions, Dirac Delta Function","Inverse Laplace Transform, Linearity property, use of standard",6.35-N-B.E.-Mechanical-EngineeringSem-III-IV.pdf,2403111,Engineering Mathematics-III,2,1,,0.4547,0.2143,1,sim=0.455>=0.45 + delta=2<=5
"Step function, Laplace Transform of Periodic functions, Dirac Delta Function",Laplace transform using derivative,6.35-N-B.E.-Mechanical-EngineeringSem-III-IV.pdf,2403111,Engineering Mathematics-III,3,1,,0.5388,0.1818,1,sim=0.539>=0.45 + delta=3<=5
"Step function, Laplace Transform of Periodic functions, Dirac Delta Function",Partial fractions method & first shift property to find inverse Laplace,6.35-N-B.E.-Mechanical-EngineeringSem-III-IV.pdf,2403111,Engineering Mathematics-III,4,1,,0.4507,0.0556,1,sim=0.451>=0.45 + delta=4<=5
"Step function, Laplace Transform of Periodic functions, Dirac Delta Function",Module: Fourier Series,6.35-N-B.E.-Mechanical-EngineeringSem-III-IV.pdf,2403111,Engineering Mathematics-III,5,1,,0.3332,0.0,0,No signal: sim=0.333 delta=5 kw=0.000
"Step function, Laplace Transform of Periodic functions, Dirac Delta Function","Dirichlet’s conditions, Definition of Fourier series",6.35-N-B.E.-Mechanical-EngineeringSem-III-IV.pdf,2403111,Engineering Mathematics-III,6,1,,0.4031,0.0667,0,No signal: sim=0.403 delta=6 kw=0.067
"Step function, Laplace Transform of Periodic functions, Dirac Delta Function",Fourier series of periodic function with period 2π and 2l (No,6.35-N-B.E.-Mechanical-EngineeringSem-III-IV.pdf,2403111,Engineering Mathematics-III,7,1,,0.4322,0.1765,0,No signal: sim=0.432 delta=7 kw=0.176
"Step function, Laplace Transform of Periodic functions, Dirac Delta Function",Half range Sine and Cosine Series,6.35-N-B.E.-Mechanical-EngineeringSem-III-IV.pdf,2403111,Engineering Mathematics-III,8,1,,0.2658,0.0,0,No signal: sim=0.266 delta=8 kw=0.000
"Step function, Laplace Transform of Periodic functions, Dirac Delta Function","Function f(z) of complex variable, limit, continuity and differentiability",6.35-N-B.E.-Mechanical-EngineeringSem-III-IV.pdf,2403111,Engineering Mathematics-III,9,1,,0.2256,0.1176,0,No signal: sim=0.226 delta=9 kw=0.118
"Step function, Laplace Transform of Periodic functions, Dirac Delta Function","Analytic function, necessary and sufficient conditions for f(z) to be",6.35-N-B.E.-Mechanical-EngineeringSem-III-IV.pdf,2403111,Engineering Mathematics-III,10,1,,0.1865,0.0526,0,No signal: sim=0.186 delta=10 kw=0.053
"Step function, Laplace Transform of Periodic functions, Dirac Delta Function",Riemann equations in cartesian coordinates,6.35-N-B.E.-Mechanical-EngineeringSem-III-IV.pdf,2403111,Engineering Mathematics-III,11,1,,0.2753,0.0,0,No signal: sim=0.275 delta=11 kw=0.000
"Step function, Laplace Transform of Periodic functions, Dirac Delta Function","Harmonic function, Harmonic conjugate",6.35-N-B.E.-Mechanical-EngineeringSem-III-IV.pdf,2403111,Engineering Mathematics-III,12,1,,0.3552,0.0909,0,Far apart: delta=12 + sim=0.355
"Step function, Laplace Transform of Periodic functions, Dirac Delta Function","Similarity of matrices, Diagonalization of matrices",6.35-N-B.E.-Mechanical-EngineeringSem-III-IV.pdf,2403111,Engineering Mathematics-III,13,1,,-0.0431,0.0833,0,Low sim=-0.043
"Step function, Laplace Transform of Periodic functions, Dirac Delta Function",Module: Numerical methods for PDE,6.35-N-B.E.-Mechanical-EngineeringSem-III-IV.pdf,2403111,Engineering Mathematics-III,14,1,,0.2335,0.0,0,Far apart: delta=14 + sim=0.234
Second Shifting Theorem,"Inverse Laplace Transform, Linearity property, use of standard",6.35-N-B.E.-Mechanical-EngineeringSem-III-IV.pdf,2403111,Engineering Mathematics-III,1,1,,0.145,0.0,0,Low sim=0.145
Second Shifting Theorem,Laplace transform using derivative,6.35-N-B.E.-Mechanical-EngineeringSem-III-IV.pdf,2403111,Engineering Mathematics-III,2,1,,-0.0,0.0,0,Low sim=-0.000
Second Shifting Theorem,Partial fractions method & first shift property to find inverse Laplace,6.35-N-B.E.-Mechanical-EngineeringSem-III-IV.pdf,2403111,Engineering Mathematics-III,3,1,,0.1411,0.0,0,Low sim=0.141
Second Shifting Theorem,Module: Fourier Series,6.35-N-B.E.-Mechanical-EngineeringSem-III-IV.pdf,2403111,Engineering Mathematics-III,4,1,,0.097,0.0,0,Low sim=0.097
Second Shifting Theorem,"Dirichlet’s conditions, Definition of Fourier series",6.35-N-B.E.-Mechanical-EngineeringSem-III-IV.pdf,2403111,Engineering Mathematics-III,5,1,,0.0852,0.0,0,Low sim=0.085
Second Shifting Theorem,Fourier series of periodic function with period 2π and 2l (No,6.35-N-B.E.-Mechanical-EngineeringSem-III-IV.pdf,2403111,Engineering Mathematics-III,6,1,,0.1039,0.0,0,Low sim=0.104
Second Shifting Theorem,Half range Sine and Cosine Series,6.35-N-B.E.-Mechanical-EngineeringSem-III-IV.pdf,2403111,Engineering Mathematics-III,7,1,,0.0959,0.0,0,Low sim=0.096
Second Shifting Theorem,"Function f(z) of complex variable, limit, continuity and differentiability",6.35-N-B.E.-Mechanical-EngineeringSem-III-IV.pdf,2403111,Engineering Mathematics-III,8,1,,0.0065,0.0,0,Low sim=0.007
Second Shifting Theorem,"Analytic function, necessary and sufficient conditions for f(z) to be",6.35-N-B.E.-Mechanical-EngineeringSem-III-IV.pdf,2403111,Engineering Mathematics-III,9,1,,0.0446,0.0,0,Low sim=0.045
Second Shifting Theorem,Riemann equations in cartesian coordinates,6.35-N-B.E.-Mechanical-EngineeringSem-III-IV.pdf,2403111,Engineering Mathematics-III,10,1,,0.1349,0.0,0,Low sim=0.135
Second Shifting Theorem,"Harmonic function, Harmonic conjugate",6.35-N-B.E.-Mechanical-EngineeringSem-III-IV.pdf,2403111,Engineering Mathematics-III,11,1,,0.0245,0.0,0,Low sim=0.024
Second Shifting Theorem,"Similarity of matrices, Diagonalization of matrices",6.35-N-B.E.-Mechanical-EngineeringSem-III-IV.pdf,2403111,Engineering Mathematics-III,12,1,,-0.0276,0.0,0,Low sim=-0.028
Second Shifting Theorem,Module: Numerical methods for PDE,6.35-N-B.E.-Mechanical-EngineeringSem-III-IV.pdf,2403111,Engineering Mathematics-III,13,1,,-0.0354,0.0,0,Low sim=-0.035
Second Shifting Theorem,Crank Nicholson method,6.35-N-B.E.-Mechanical-EngineeringSem-III-IV.pdf,2403111,Engineering Mathematics-III,14,1,,0.1251,0.0,0,Low sim=0.125
"Inverse Laplace Transform, Linearity property, use of standard",Laplace transform using derivative,6.35-N-B.E.-Mechanical-EngineeringSem-III-IV.pdf,2403111,Engineering Mathematics-III,1,1,,0.6044,0.2,1,High sim=0.604 + delta=1
"Inverse Laplace Transform, Linearity property, use of standard",Partial fractions method & first shift property to find inverse Laplace,6.35-N-B.E.-Mechanical-EngineeringSem-III-IV.pdf,2403111,Engineering Mathematics-III,2,1,,0.6326,0.2,1,High sim=0.633 + delta=2
"Inverse Laplace Transform, Linearity property, use of standard",Module: Fourier Series,6.35-N-B.E.-Mechanical-EngineeringSem-III-IV.pdf,2403111,Engineering Mathematics-III,3,1,,0.0838,0.0,0,Low sim=0.084
"Inverse Laplace Transform, Linearity property, use of standard","Dirichlet’s conditions, Definition of Fourier series",6.35-N-B.E.-Mechanical-EngineeringSem-III-IV.pdf,2403111,Engineering Mathematics-III,4,1,,0.1219,0.0714,0,Low sim=0.122
"Inverse Laplace Transform, Linearity property, use of standard",Fourier series of periodic function with period 2π and 2l (No,6.35-N-B.E.-Mechanical-EngineeringSem-III-IV.pdf,2403111,Engineering Mathematics-III,5,1,,0.1008,0.0556,0,Low sim=0.101
"Inverse Laplace Transform, Linearity property, use of standard",Half range Sine and Cosine Series,6.35-N-B.E.-Mechanical-EngineeringSem-III-IV.pdf,2403111,Engineering Mathematics-III,6,1,,0.1143,0.0,0,Low sim=0.114
"Inverse Laplace Transform, Linearity property, use of standard","Function f(z) of complex variable, limit, continuity and differentiability",6.35-N-B.E.-Mechanical-EngineeringSem-III-IV.pdf,2403111,Engineering Mathematics-III,7,1,,0.0764,0.0588,0,Low sim=0.076
"Inverse Laplace Transform, Linearity property, use of standard","Analytic function, necessary and sufficient conditions for f(z) to be",6.35-N-B.E.-Mechanical-EngineeringSem-III-IV.pdf,2403111,Engineering Mathematics-III,8,1,,0.1841,0.0,0,No signal: sim=0.184 delta=8 kw=0.000
"Inverse Laplace Transform, Linearity property, use of standard",Riemann equations in cartesian coordinates,6.35-N-B.E.-Mechanical-EngineeringSem-III-IV.pdf,2403111,Engineering Mathematics-III,9,1,,0.0873,0.0,0,Low sim=0.087
"Inverse Laplace Transform, Linearity property, use of standard","Harmonic function, Harmonic conjugate",6.35-N-B.E.-Mechanical-EngineeringSem-III-IV.pdf,2403111,Engineering Mathematics-III,10,1,,0.2359,0.0,0,No signal: sim=0.236 delta=10 kw=0.000
"Inverse Laplace Transform, Linearity property, use of standard","Similarity of matrices, Diagonalization of matrices",6.35-N-B.E.-Mechanical-EngineeringSem-III-IV.pdf,2403111,Engineering Mathematics-III,11,1,,-0.0442,0.0909,0,Low sim=-0.044
"Inverse Laplace Transform, Linearity property, use of standard",Module: Numerical methods for PDE,6.35-N-B.E.-Mechanical-EngineeringSem-III-IV.pdf,2403111,Engineering Mathematics-III,12,1,,0.1309,0.0,0,Low sim=0.131
"Inverse Laplace Transform, Linearity property, use of standard",Crank Nicholson method,6.35-N-B.E.-Mechanical-EngineeringSem-III-IV.pdf,2403111,Engineering Mathematics-III,13,1,,0.0538,0.0,0,Low sim=0.054
"Inverse Laplace Transform, Linearity property, use of standard",Bender Schmidt method,6.35-N-B.E.-Mechanical-EngineeringSem-III-IV.pdf,2403111,Engineering Mathematics-III,14,1,,0.1055,0.0,0,Low sim=0.105
Laplace transform using derivative,Partial fractions method & first shift property to find inverse Laplace,6.35-N-B.E.-Mechanical-EngineeringSem-III-IV.pdf,2403111,Engineering Mathematics-III,1,1,,0.6175,0.0769,1,High sim=0.618 + delta=1
Laplace transform using derivative,Module: Fourier Series,6.35-N-B.E.-Mechanical-EngineeringSem-III-IV.pdf,2403111,Engineering Mathematics-III,2,1,,0.1429,0.0,0,Low sim=0.143
Laplace transform using derivative,"Dirichlet’s conditions, Definition of Fourier series",6.35-N-B.E.-Mechanical-EngineeringSem-III-IV.pdf,2403111,Engineering Mathematics-III,3,1,,0.1463,0.0,0,Low sim=0.146
Laplace transform using derivative,Fourier series of periodic function with period 2π and 2l (No,6.35-N-B.E.-Mechanical-EngineeringSem-III-IV.pdf,2403111,Engineering Mathematics-III,4,1,,0.0876,0.0,0,Low sim=0.088
Laplace transform using derivative,Half range Sine and Cosine Series,6.35-N-B.E.-Mechanical-EngineeringSem-III-IV.pdf,2403111,Engineering Mathematics-III,5,1,,0.1279,0.0,0,Low sim=0.128
Laplace transform using derivative,"Function f(z) of complex variable, limit, continuity and differentiability",6.35-N-B.E.-Mechanical-EngineeringSem-III-IV.pdf,2403111,Engineering Mathematics-III,6,1,,0.1916,0.0,0,No signal: sim=0.192 delta=6 kw=0.000
Laplace transform using derivative,"Analytic function, necessary and sufficient conditions for f(z) to be",6.35-N-B.E.-Mechanical-EngineeringSem-III-IV.pdf,2403111,Engineering Mathematics-III,7,1,,0.163,0.0,0,No signal: sim=0.163 delta=7 kw=0.000
Laplace transform using derivative,Riemann equations in cartesian coordinates,6.35-N-B.E.-Mechanical-EngineeringSem-III-IV.pdf,2403111,Engineering Mathematics-III,8,1,,0.0948,0.0,0,Low sim=0.095
Laplace transform using derivative,"Harmonic function, Harmonic conjugate",6.35-N-B.E.-Mechanical-EngineeringSem-III-IV.pdf,2403111,Engineering Mathematics-III,9,1,,0.2742,0.0,0,No signal: sim=0.274 delta=9 kw=0.000
Laplace transform using derivative,"Similarity of matrices, Diagonalization of matrices",6.35-N-B.E.-Mechanical-EngineeringSem-III-IV.pdf,2403111,Engineering Mathematics-III,10,1,,-0.0907,0.0,0,Low sim=-0.091
Laplace transform using derivative,Module: Numerical methods for PDE,6.35-N-B.E.-Mechanical-EngineeringSem-III-IV.pdf,2403111,Engineering Mathematics-III,11,1,,0.2394,0.0,0,No signal: sim=0.239 delta=11 kw=0.000
Laplace transform using derivative,Crank Nicholson method,6.35-N-B.E.-Mechanical-EngineeringSem-III-IV.pdf,2403111,Engineering Mathematics-III,12,1,,0.0351,0.0,0,Low sim=0.035
Laplace transform using derivative,Bender Schmidt method,6.35-N-B.E.-Mechanical-EngineeringSem-III-IV.pdf,2403111,Engineering Mathematics-III,13,1,,0.0501,0.0,0,Low sim=0.050
Laplace transform using derivative,Analytical methods of solving two and three dimensional problems,6.35-N-B.E.-Mechanical-EngineeringSem-III-IV.pdf,2403111,Engineering Mathematics-III,14,1,,0.0489,0.0,0,Low sim=0.049
Partial fractions method & first shift property to find inverse Laplace,Module: Fourier Series,6.35-N-B.E.-Mechanical-EngineeringSem-III-IV.pdf,2403111,Engineering Mathematics-III,1,1,,0.0722,0.0,0,Low sim=0.072
Partial fractions method & first shift property to find inverse Laplace,"Dirichlet’s conditions, Definition of Fourier series",6.35-N-B.E.-Mechanical-EngineeringSem-III-IV.pdf,2403111,Engineering Mathematics-III,2,1,,0.0977,0.0,0,Low sim=0.098
Partial fractions method & first shift property to find inverse Laplace,Fourier series of periodic function with period 2π and 2l (No,6.35-N-B.E.-Mechanical-EngineeringSem-III-IV.pdf,2403111,Engineering Mathematics-III,3,1,,0.0768,0.0,0,Low sim=0.077
Partial fractions method & first shift property to find inverse Laplace,Half range Sine and Cosine Series,6.35-N-B.E.-Mechanical-EngineeringSem-III-IV.pdf,2403111,Engineering Mathematics-III,4,1,,0.207,0.0,0,No signal: sim=0.207 delta=4 kw=0.000
Partial fractions method & first shift property to find inverse Laplace,"Function f(z) of complex variable, limit, continuity and differentiability",6.35-N-B.E.-Mechanical-EngineeringSem-III-IV.pdf,2403111,Engineering Mathematics-III,5,1,,0.0635,0.0,0,Low sim=0.064
Partial fractions method & first shift property to find inverse Laplace,"Analytic function, necessary and sufficient conditions for f(z) to be",6.35-N-B.E.-Mechanical-EngineeringSem-III-IV.pdf,2403111,Engineering Mathematics-III,6,1,,0.0739,0.05,0,Low sim=0.074
Partial fractions method & first shift property to find inverse Laplace,Riemann equations in cartesian coordinates,6.35-N-B.E.-Mechanical-EngineeringSem-III-IV.pdf,2403111,Engineering Mathematics-III,7,1,,0.1853,0.0,0,No signal: sim=0.185 delta=7 kw=0.000
Partial fractions method & first shift property to find inverse Laplace,"Harmonic function, Harmonic conjugate",6.35-N-B.E.-Mechanical-EngineeringSem-III-IV.pdf,2403111,Engineering Mathematics-III,8,1,,0.2475,0.0,0,No signal: sim=0.248 delta=8 kw=0.000
Partial fractions method & first shift property to find inverse Laplace,"Similarity of matrices, Diagonalization of matrices",6.35-N-B.E.-Mechanical-EngineeringSem-III-IV.pdf,2403111,Engineering Mathematics-III,9,1,,-0.0699,0.0,0,Low sim=-0.070
Partial fractions method & first shift property to find inverse Laplace,Module: Numerical methods for PDE,6.35-N-B.E.-Mechanical-EngineeringSem-III-IV.pdf,2403111,Engineering Mathematics-III,10,1,,0.2991,0.0,0,No signal: sim=0.299 delta=10 kw=0.000
Partial fractions method & first shift property to find inverse Laplace,Crank Nicholson method,6.35-N-B.E.-Mechanical-EngineeringSem-III-IV.pdf,2403111,Engineering Mathematics-III,11,1,,0.1472,0.0833,0,Low sim=0.147
Partial fractions method & first shift property to find inverse Laplace,Bender Schmidt method,6.35-N-B.E.-Mechanical-EngineeringSem-III-IV.pdf,2403111,Engineering Mathematics-III,12,1,,0.1641,0.0833,0,Far apart: delta=12 + sim=0.164
Partial fractions method & first shift property to find inverse Laplace,Analytical methods of solving two and three dimensional problems,6.35-N-B.E.-Mechanical-EngineeringSem-III-IV.pdf,2403111,Engineering Mathematics-III,13,1,,0.1418,0.0,0,Low sim=0.142
Module: Fourier Series,"Dirichlet’s conditions, Definition of Fourier series",6.35-N-B.E.-Mechanical-EngineeringSem-III-IV.pdf,2403111,Engineering Mathematics-III,1,1,,0.5706,0.25,1,sim=0.571>=0.45 + delta=1<=5
Module: Fourier Series,Fourier series of periodic function with period 2π and 2l (No,6.35-N-B.E.-Mechanical-EngineeringSem-III-IV.pdf,2403111,Engineering Mathematics-III,2,1,,0.5917,0.1667,1,sim=0.592>=0.45 + delta=2<=5
Module: Fourier Series,Half range Sine and Cosine Series,6.35-N-B.E.-Mechanical-EngineeringSem-III-IV.pdf,2403111,Engineering Mathematics-III,3,1,,0.4259,0.125,0,No signal: sim=0.426 delta=3 kw=0.125
Module: Fourier Series,"Function f(z) of complex variable, limit, continuity and differentiability",6.35-N-B.E.-Mechanical-EngineeringSem-III-IV.pdf,2403111,Engineering Mathematics-III,4,1,,0.1023,0.0,0,Low sim=0.102
Module: Fourier Series,"Analytic function, necessary and sufficient conditions for f(z) to be",6.35-N-B.E.-Mechanical-EngineeringSem-III-IV.pdf,2403111,Engineering Mathematics-III,5,1,,0.0961,0.0,0,Low sim=0.096
Module: Fourier Series,Riemann equations in cartesian coordinates,6.35-N-B.E.-Mechanical-EngineeringSem-III-IV.pdf,2403111,Engineering Mathematics-III,6,1,,0.0562,0.0,0,Low sim=0.056
Module: Fourier Series,"Harmonic function, Harmonic conjugate",6.35-N-B.E.-Mechanical-EngineeringSem-III-IV.pdf,2403111,Engineering Mathematics-III,7,1,,0.1845,0.0,0,No signal: sim=0.184 delta=7 kw=0.000
Module: Fourier Series,"Similarity of matrices, Diagonalization of matrices",6.35-N-B.E.-Mechanical-EngineeringSem-III-IV.pdf,2403111,Engineering Mathematics-III,8,1,,-0.0046,0.0,0,Low sim=-0.005
Module: Fourier Series,Module: Numerical methods for PDE,6.35-N-B.E.-Mechanical-EngineeringSem-III-IV.pdf,2403111,Engineering Mathematics-III,9,1,,0.3252,0.1429,0,No signal: sim=0.325 delta=9 kw=0.143
Module: Fourier Series,Crank Nicholson method,6.35-N-B.E.-Mechanical-EngineeringSem-III-IV.pdf,2403111,Engineering Mathematics-III,10,1,,0.095,0.0,0,Low sim=0.095
Module: Fourier Series,Bender Schmidt method,6.35-N-B.E.-Mechanical-EngineeringSem-III-IV.pdf,2403111,Engineering Mathematics-III,11,1,,0.2156,0.0,0,No signal: sim=0.216 delta=11 kw=0.000
Module: Fourier Series,Analytical methods of solving two and three dimensional problems,6.35-N-B.E.-Mechanical-EngineeringSem-III-IV.pdf,2403111,Engineering Mathematics-III,12,1,,0.0322,0.0,0,Low sim=0.032
"Dirichlet’s conditions, Definition of Fourier series",Fourier series of periodic function with period 2π and 2l (No,6.35-N-B.E.-Mechanical-EngineeringSem-III-IV.pdf,2403111,Engineering Mathematics-III,1,1,,0.5547,0.2,1,sim=0.555>=0.45 + delta=1<=5
"Dirichlet’s conditions, Definition of Fourier series",Half range Sine and Cosine Series,6.35-N-B.E.-Mechanical-EngineeringSem-III-IV.pdf,2403111,Engineering Mathematics-III,2,1,,0.3225,0.0833,1,Foundational kw + sim=0.322 + delta=2
"Dirichlet’s conditions, Definition of Fourier series","Function f(z) of complex variable, limit, continuity and differentiability",6.35-N-B.E.-Mechanical-EngineeringSem-III-IV.pdf,2403111,Engineering Mathematics-III,3,1,,0.1245,0.0625,0,Low sim=0.124
"Dirichlet’s conditions, Definition of Fourier series","Analytic function, necessary and sufficient conditions for f(z) to be",6.35-N-B.E.-Mechanical-EngineeringSem-III-IV.pdf,2403111,Engineering Mathematics-III,4,1,,0.2688,0.0588,1,Foundational kw + sim=0.269 + delta=4
"Dirichlet’s conditions, Definition of Fourier series",Riemann equations in cartesian coordinates,6.35-N-B.E.-Mechanical-EngineeringSem-III-IV.pdf,2403111,Engineering Mathematics-III,5,1,,0.116,0.0,0,Low sim=0.116
"Dirichlet’s conditions, Definition of Fourier series","Harmonic function, Harmonic conjugate",6.35-N-B.E.-Mechanical-EngineeringSem-III-IV.pdf,2403111,Engineering Mathematics-III,6,1,,0.2672,0.0,1,Foundational kw + sim=0.267 + delta=6
"Dirichlet’s conditions, Definition of Fourier series","Similarity of matrices, Diagonalization of matrices",6.35-N-B.E.-Mechanical-EngineeringSem-III-IV.pdf,2403111,Engineering Mathematics-III,7,1,,-0.0341,0.1,0,Low sim=-0.034
"Dirichlet’s conditions, Definition of Fourier series",Module: Numerical methods for PDE,6.35-N-B.E.-Mechanical-EngineeringSem-III-IV.pdf,2403111,Engineering Mathematics-III,8,1,,0.1724,0.0,0,No signal: sim=0.172 delta=8 kw=0.000
"Dirichlet’s conditions, Definition of Fourier series",Crank Nicholson method,6.35-N-B.E.-Mechanical-EngineeringSem-III-IV.pdf,2403111,Engineering Mathematics-III,9,1,,0.0271,0.0,0,Low sim=0.027
"Dirichlet’s conditions, Definition of Fourier series",Bender Schmidt method,6.35-N-B.E.-Mechanical-EngineeringSem-III-IV.pdf,2403111,Engineering Mathematics-III,10,1,,0.2019,0.0,0,No signal: sim=0.202 delta=10 kw=0.000
"Dirichlet’s conditions, Definition of Fourier series",Analytical methods of solving two and three dimensional problems,6.35-N-B.E.-Mechanical-EngineeringSem-III-IV.pdf,2403111,Engineering Mathematics-III,11,1,,0.0207,0.0667,0,Low sim=0.021
Fourier series of periodic function with period 2π and 2l (No,Half range Sine and Cosine Series,6.35-N-B.E.-Mechanical-EngineeringSem-III-IV.pdf,2403111,Engineering Mathematics-III,1,1,,0.4807,0.1333,1,sim=0.481>=0.45 + delta=1<=5
Fourier series of periodic function with period 2π and 2l (No,"Function f(z) of complex variable, limit, continuity and differentiability",6.35-N-B.E.-Mechanical-EngineeringSem-III-IV.pdf,2403111,Engineering Mathematics-III,2,1,,0.0913,0.1667,0,Low sim=0.091
Fourier series of periodic function with period 2π and 2l (No,"Analytic function, necessary and sufficient conditions for f(z) to be",6.35-N-B.E.-Mechanical-EngineeringSem-III-IV.pdf,2403111,Engineering Mathematics-III,3,1,,0.1276,0.1,0,Low sim=0.128
Fourier series of periodic function with period 2π and 2l (No,Riemann equations in cartesian coordinates,6.35-N-B.E.-Mechanical-EngineeringSem-III-IV.pdf,2403111,Engineering Mathematics-III,4,1,,0.0978,0.0,0,Low sim=0.098
Fourier series of periodic function with period 2π and 2l (No,"Harmonic function, Harmonic conjugate",6.35-N-B.E.-Mechanical-EngineeringSem-III-IV.pdf,2403111,Engineering Mathematics-III,5,1,,0.2461,0.0769,0,No signal: sim=0.246 delta=5 kw=0.077
Fourier series of periodic function with period 2π and 2l (No,"Similarity of matrices, Diagonalization of matrices",6.35-N-B.E.-Mechanical-EngineeringSem-III-IV.pdf,2403111,Engineering Mathematics-III,6,1,,-0.0022,0.0714,0,Low sim=-0.002
Fourier series of periodic function with period 2π and 2l (No,Module: Numerical methods for PDE,6.35-N-B.E.-Mechanical-EngineeringSem-III-IV.pdf,2403111,Engineering Mathematics-III,7,1,,0.0851,0.0,0,Low sim=0.085
Fourier series of periodic function with period 2π and 2l (No,Crank Nicholson method,6.35-N-B.E.-Mechanical-EngineeringSem-III-IV.pdf,2403111,Engineering Mathematics-III,8,1,,0.0591,0.0,0,Low sim=0.059
Fourier series of periodic function with period 2π and 2l (No,Bender Schmidt method,6.35-N-B.E.-Mechanical-EngineeringSem-III-IV.pdf,2403111,Engineering Mathematics-III,9,1,,0.1531,0.0,0,No signal: sim=0.153 delta=9 kw=0.000
Fourier series of periodic function with period 2π and 2l (No,Analytical methods of solving two and three dimensional problems,6.35-N-B.E.-Mechanical-EngineeringSem-III-IV.pdf,2403111,Engineering Mathematics-III,10,1,,0.0204,0.1111,0,Low sim=0.020
Half range Sine and Cosine Series,"Function f(z) of complex variable, limit, continuity and differentiability",6.35-N-B.E.-Mechanical-EngineeringSem-III-IV.pdf,2403111,Engineering Mathematics-III,1,1,,0.0744,0.0667,0,Low sim=0.074
Half range Sine and Cosine Series,"Analytic function, necessary and sufficient conditions for f(z) to be",6.35-N-B.E.-Mechanical-EngineeringSem-III-IV.pdf,2403111,Engineering Mathematics-III,2,1,,0.0527,0.0625,0,Low sim=0.053
Half range Sine and Cosine Series,Riemann equations in cartesian coordinates,6.35-N-B.E.-Mechanical-EngineeringSem-III-IV.pdf,2403111,Engineering Mathematics-III,3,1,,0.1432,0.0,0,Low sim=0.143
Half range Sine and Cosine Series,"Harmonic function, Harmonic conjugate",6.35-N-B.E.-Mechanical-EngineeringSem-III-IV.pdf,2403111,Engineering Mathematics-III,4,1,,0.215,0.0,0,No signal: sim=0.215 delta=4 kw=0.000
Half range Sine and Cosine Series,"Similarity of matrices, Diagonalization of matrices",6.35-N-B.E.-Mechanical-EngineeringSem-III-IV.pdf,2403111,Engineering Mathematics-III,5,1,,-0.003,0.0,0,Low sim=-0.003
Half range Sine and Cosine Series,Module: Numerical methods for PDE,6.35-N-B.E.-Mechanical-EngineeringSem-III-IV.pdf,2403111,Engineering Mathematics-III,6,1,,0.0768,0.0,0,Low sim=0.077
Half range Sine and Cosine Series,Crank Nicholson method,6.35-N-B.E.-Mechanical-EngineeringSem-III-IV.pdf,2403111,Engineering Mathematics-III,7,1,,0.0719,0.0,0,Low sim=0.072
Half range Sine and Cosine Series,Bender Schmidt method,6.35-N-B.E.-Mechanical-EngineeringSem-III-IV.pdf,2403111,Engineering Mathematics-III,8,1,,0.1143,0.0,0,Low sim=0.114
Half range Sine and Cosine Series,Analytical methods of solving two and three dimensional problems,6.35-N-B.E.-Mechanical-EngineeringSem-III-IV.pdf,2403111,Engineering Mathematics-III,9,1,,0.0931,0.0714,0,Low sim=0.093
"Function f(z) of complex variable, limit, continuity and differentiability","Analytic function, necessary and sufficient conditions for f(z) to be",6.35-N-B.E.-Mechanical-EngineeringSem-III-IV.pdf,2403111,Engineering Mathematics-III,1,1,,0.6263,0.2353,1,High sim=0.626 + delta=1
"Function f(z) of complex variable, limit, continuity and differentiability",Riemann equations in cartesian coordinates,6.35-N-B.E.-Mechanical-EngineeringSem-III-IV.pdf,2403111,Engineering Mathematics-III,2,1,,0.1376,0.0,0,Low sim=0.138
"Function f(z) of complex variable, limit, continuity and differentiability","Harmonic function, Harmonic conjugate",6.35-N-B.E.-Mechanical-EngineeringSem-III-IV.pdf,2403111,Engineering Mathematics-III,3,1,,0.238,0.0833,0,No signal: sim=0.238 delta=3 kw=0.083
"Function f(z) of complex variable, limit, continuity and differentiability","Similarity of matrices, Diagonalization of matrices",6.35-N-B.E.-Mechanical-EngineeringSem-III-IV.pdf,2403111,Engineering Mathematics-III,4,1,,-0.0193,0.0769,0,Low sim=-0.019
"Function f(z) of complex variable, limit, continuity and differentiability",Module: Numerical methods for PDE,6.35-N-B.E.-Mechanical-EngineeringSem-III-IV.pdf,2403111,Engineering Mathematics-III,5,1,,0.1019,0.0,0,Low sim=0.102
"Function f(z) of complex variable, limit, continuity and differentiability",Crank Nicholson method,6.35-N-B.E.-Mechanical-EngineeringSem-III-IV.pdf,2403111,Engineering Mathematics-III,6,1,,-0.0367,0.0,0,Low sim=-0.037
"Function f(z) of complex variable, limit, continuity and differentiability",Bender Schmidt method,6.35-N-B.E.-Mechanical-EngineeringSem-III-IV.pdf,2403111,Engineering Mathematics-III,7,1,,0.0443,0.0,0,Low sim=0.044
"Function f(z) of complex variable, limit, continuity and differentiability",Analytical methods of solving two and three dimensional problems,6.35-N-B.E.-Mechanical-EngineeringSem-III-IV.pdf,2403111,Engineering Mathematics-III,8,1,,0.0337,0.1176,0,Low sim=0.034
"Analytic function, necessary and sufficient conditions for f(z) to be",Riemann equations in cartesian coordinates,6.35-N-B.E.-Mechanical-EngineeringSem-III-IV.pdf,2403111,Engineering Mathematics-III,1,1,,0.1125,0.0,0,Low sim=0.112
"Analytic function, necessary and sufficient conditions for f(z) to be","Harmonic function, Harmonic conjugate",6.35-N-B.E.-Mechanical-EngineeringSem-III-IV.pdf,2403111,Engineering Mathematics-III,2,1,,0.2957,0.0769,1,Adjacent topics: delta=2 + sim=0.296
"Analytic function, necessary and sufficient conditions for f(z) to be","Similarity of matrices, Diagonalization of matrices",6.35-N-B.E.-Mechanical-EngineeringSem-III-IV.pdf,2403111,Engineering Mathematics-III,3,1,,-0.0942,0.0,0,Low sim=-0.094
"Analytic function, necessary and sufficient conditions for f(z) to be",Module: Numerical methods for PDE,6.35-N-B.E.-Mechanical-EngineeringSem-III-IV.pdf,2403111,Engineering Mathematics-III,4,1,,0.0605,0.0667,0,Low sim=0.060
"Analytic function, necessary and sufficient conditions for f(z) to be",Crank Nicholson method,6.35-N-B.E.-Mechanical-EngineeringSem-III-IV.pdf,2403111,Engineering Mathematics-III,5,1,,0.0487,0.0,0,Low sim=0.049
"Analytic function, necessary and sufficient conditions for f(z) to be",Bender Schmidt method,6.35-N-B.E.-Mechanical-EngineeringSem-III-IV.pdf,2403111,Engineering Mathematics-III,6,1,,0.0774,0.0,0,Low sim=0.077
"Analytic function, necessary and sufficient conditions for f(z) to be",Analytical methods of solving two and three dimensional problems,6.35-N-B.E.-Mechanical-EngineeringSem-III-IV.pdf,2403111,Engineering Mathematics-III,7,1,,0.1325,0.0526,0,Low sim=0.132
Riemann equations in cartesian coordinates,"Harmonic function, Harmonic conjugate",6.35-N-B.E.-Mechanical-EngineeringSem-III-IV.pdf,2403111,Engineering Mathematics-III,1,1,,0.1916,0.0,0,No signal: sim=0.192 delta=1 kw=0.000
Riemann equations in cartesian coordinates,"Similarity of matrices, Diagonalization of matrices",6.35-N-B.E.-Mechanical-EngineeringSem-III-IV.pdf,2403111,Engineering Mathematics-III,2,1,,-0.0468,0.0,0,Low sim=-0.047
Riemann equations in cartesian coordinates,Module: Numerical methods for PDE,6.35-N-B.E.-Mechanical-EngineeringSem-III-IV.pdf,2403111,Engineering Mathematics-III,3,1,,0.2321,0.0,0,No signal: sim=0.232 delta=3 kw=0.000
Riemann equations in cartesian coordinates,Crank Nicholson method,6.35-N-B.E.-Mechanical-EngineeringSem-III-IV.pdf,2403111,Engineering Mathematics-III,4,1,,-0.065,0.0,0,Low sim=-0.065
Riemann equations in cartesian coordinates,Bender Schmidt method,6.35-N-B.E.-Mechanical-EngineeringSem-III-IV.pdf,2403111,Engineering Mathematics-III,5,1,,0.1196,0.0,0,Low sim=0.120
Riemann equations in cartesian coordinates,Analytical methods of solving two and three dimensional problems,6.35-N-B.E.-Mechanical-EngineeringSem-III-IV.pdf,2403111,Engineering Mathematics-III,6,1,,0.3074,0.0,0,No signal: sim=0.307 delta=6 kw=0.000
"Harmonic function, Harmonic conjugate","Similarity of matrices, Diagonalization of matrices",6.35-N-B.E.-Mechanical-EngineeringSem-III-IV.pdf,2403111,Engineering Mathematics-III,1,1,,0.005,0.0,0,Low sim=0.005
"Harmonic function, Harmonic conjugate",Module: Numerical methods for PDE,6.35-N-B.E.-Mechanical-EngineeringSem-III-IV.pdf,2403111,Engineering Mathematics-III,2,1,,0.1005,0.0,0,Low sim=0.101
"Harmonic function, Harmonic conjugate",Crank Nicholson method,6.35-N-B.E.-Mechanical-EngineeringSem-III-IV.pdf,2403111,Engineering Mathematics-III,3,1,,0.0272,0.0,0,Low sim=0.027
"Harmonic function, Harmonic conjugate",Bender Schmidt method,6.35-N-B.E.-Mechanical-EngineeringSem-III-IV.pdf,2403111,Engineering Mathematics-III,4,1,,0.1072,0.0,0,Low sim=0.107
"Harmonic function, Harmonic conjugate",Analytical methods of solving two and three dimensional problems,6.35-N-B.E.-Mechanical-EngineeringSem-III-IV.pdf,2403111,Engineering Mathematics-III,5,1,,0.0362,0.0,0,Low sim=0.036
"Similarity of matrices, Diagonalization of matrices",Module: Numerical methods for PDE,6.35-N-B.E.-Mechanical-EngineeringSem-III-IV.pdf,2403111,Engineering Mathematics-III,1,1,,0.0546,0.0,0,Low sim=0.055
"Similarity of matrices, Diagonalization of matrices",Crank Nicholson method,6.35-N-B.E.-Mechanical-EngineeringSem-III-IV.pdf,2403111,Engineering Mathematics-III,2,1,,0.0848,0.0,0,Low sim=0.085
"Similarity of matrices, Diagonalization of matrices",Bender Schmidt method,6.35-N-B.E.-Mechanical-EngineeringSem-III-IV.pdf,2403111,Engineering Mathematics-III,3,1,,0.0485,0.0,0,Low sim=0.049
"Similarity of matrices, Diagonalization of matrices",Analytical methods of solving two and three dimensional problems,6.35-N-B.E.-Mechanical-EngineeringSem-III-IV.pdf,2403111,Engineering Mathematics-III,4,1,,0.1016,0.0833,0,Low sim=0.102
Module: Numerical methods for PDE,Crank Nicholson method,6.35-N-B.E.-Mechanical-EngineeringSem-III-IV.pdf,2403111,Engineering Mathematics-III,1,1,,0.1765,0.0,0,No signal: sim=0.176 delta=1 kw=0.000
Module: Numerical methods for PDE,Bender Schmidt method,6.35-N-B.E.-Mechanical-EngineeringSem-III-IV.pdf,2403111,Engineering Mathematics-III,2,1,,0.3464,0.0,1,Adjacent topics: delta=2 + sim=0.346
Module: Numerical methods for PDE,Analytical methods of solving two and three dimensional problems,6.35-N-B.E.-Mechanical-EngineeringSem-III-IV.pdf,2403111,Engineering Mathematics-III,3,1,,0.4728,0.0769,1,sim=0.473>=0.45 + delta=3<=5
Crank Nicholson method,Bender Schmidt method,6.35-N-B.E.-Mechanical-EngineeringSem-III-IV.pdf,2403111,Engineering Mathematics-III,1,1,,0.365,0.2,1,Adjacent topics: delta=1 + sim=0.365
Crank Nicholson method,Analytical methods of solving two and three dimensional problems,6.35-N-B.E.-Mechanical-EngineeringSem-III-IV.pdf,2403111,Engineering Mathematics-III,2,1,,0.2301,0.0,1,Adjacent topics: delta=2 + sim=0.230
Bender Schmidt method,Analytical methods of solving two and three dimensional problems,6.35-N-B.E.-Mechanical-EngineeringSem-III-IV.pdf,2403111,Engineering Mathematics-III,1,1,,0.3348,0.0,1,Adjacent topics: delta=1 + sim=0.335
Gating system: Types of riser,Special casting processes: CO2 and shell molding,6.35-N-B.E.-Mechanical-EngineeringSem-III-IV.pdf,2404112,Manufacturing Processes,1,1,,0.1321,0.0,0,Low sim=0.132
Gating system: Types of riser,Investment casting,6.35-N-B.E.-Mechanical-EngineeringSem-III-IV.pdf,2404112,Manufacturing Processes,2,1,,0.2359,0.0,1,Adjacent topics: delta=2 + sim=0.236
Gating system: Types of riser,Die casting,6.35-N-B.E.-Mechanical-EngineeringSem-III-IV.pdf,2404112,Manufacturing Processes,3,1,,0.1148,0.0,0,Low sim=0.115
Gating system: Types of riser,Vacuum casting,6.35-N-B.E.-Mechanical-EngineeringSem-III-IV.pdf,2404112,Manufacturing Processes,4,1,,0.2522,0.0,1,Foundational kw + sim=0.252 + delta=4
Gating system: Types of riser,Inspection & casting defects and remedies,6.35-N-B.E.-Mechanical-EngineeringSem-III-IV.pdf,2404112,Manufacturing Processes,5,1,,0.2134,0.0,0,No signal: sim=0.213 delta=5 kw=0.000
Special casting processes: CO2 and shell molding,Investment casting,6.35-N-B.E.-Mechanical-EngineeringSem-III-IV.pdf,2404112,Manufacturing Processes,1,1,,0.3506,0.125,1,Adjacent topics: delta=1 + sim=0.351
Special casting processes: CO2 and shell molding,Die casting,6.35-N-B.E.-Mechanical-EngineeringSem-III-IV.pdf,2404112,Manufacturing Processes,2,1,,0.4137,0.125,1,Adjacent topics: delta=2 + sim=0.414
Special casting processes: CO2 and shell molding,Vacuum casting,6.35-N-B.E.-Mechanical-EngineeringSem-III-IV.pdf,2404112,Manufacturing Processes,3,1,,0.4915,0.125,1,sim=0.491>=0.45 + delta=3<=5
Special casting processes: CO2 and shell molding,Inspection & casting defects and remedies,6.35-N-B.E.-Mechanical-EngineeringSem-III-IV.pdf,2404112,Manufacturing Processes,4,1,,0.4615,0.2,1,sim=0.461>=0.45 + delta=4<=5
Investment casting,Die casting,6.35-N-B.E.-Mechanical-EngineeringSem-III-IV.pdf,2404112,Manufacturing Processes,1,1,,0.5195,0.3333,1,sim=0.520>=0.45 + delta=1<=5
Investment casting,Vacuum casting,6.35-N-B.E.-Mechanical-EngineeringSem-III-IV.pdf,2404112,Manufacturing Processes,2,1,,0.4068,0.3333,1,kw_overlap=0.333 + delta=2<=6
Investment casting,Inspection & casting defects and remedies,6.35-N-B.E.-Mechanical-EngineeringSem-III-IV.pdf,2404112,Manufacturing Processes,3,1,,0.3757,0.1667,0,No signal: sim=0.376 delta=3 kw=0.167
Die casting,Vacuum casting,6.35-N-B.E.-Mechanical-EngineeringSem-III-IV.pdf,2404112,Manufacturing Processes,1,1,,0.5127,0.3333,1,sim=0.513>=0.45 + delta=1<=5
Die casting,Inspection & casting defects and remedies,6.35-N-B.E.-Mechanical-EngineeringSem-III-IV.pdf,2404112,Manufacturing Processes,2,1,,0.3702,0.1667,1,Adjacent topics: delta=2 + sim=0.370
Vacuum casting,Inspection & casting defects and remedies,6.35-N-B.E.-Mechanical-EngineeringSem-III-IV.pdf,2404112,Manufacturing Processes,1,1,,0.4421,0.1667,1,Adjacent topics: delta=1 + sim=0.442
"Solid Modelling Settings environment for part modeling, creating machine/engineering parts/components using features like",Kamat and Rao,6.35-N-B.E.-Mechanical-EngineeringSem-III-IV.pdf,2404411,CAD Modelling,1,1,,0.0311,0.0,0,Low sim=0.031
"Solid Modelling Settings environment for part modeling, creating machine/engineering parts/components using features like",A text book of Machine Drawing by R.B.Gupta,6.35-N-B.E.-Mechanical-EngineeringSem-III-IV.pdf,2404411,CAD Modelling,2,1,,0.2788,0.0417,1,Adjacent topics: delta=2 + sim=0.279
"Solid Modelling Settings environment for part modeling, creating machine/engineering parts/components using features like",Case studies,6.35-N-B.E.-Mechanical-EngineeringSem-III-IV.pdf,2404411,CAD Modelling,3,1,,0.0827,0.0,0,Low sim=0.083
"Solid Modelling Settings environment for part modeling, creating machine/engineering parts/components using features like",Successful business pitching,6.35-N-B.E.-Mechanical-EngineeringSem-III-IV.pdf,2404411,CAD Modelling,4,1,,0.0605,0.0,0,Low sim=0.060
"Solid Modelling Settings environment for part modeling, creating machine/engineering parts/components using features like",The Art of the Start 2.0: The Time-Tested,6.35-N-B.E.-Mechanical-EngineeringSem-III-IV.pdf,2404411,CAD Modelling,5,1,,0.0643,0.0,0,Low sim=0.064
"Solid Modelling Settings environment for part modeling, creating machine/engineering parts/components using features like",Case study: Airbnb,6.35-N-B.E.-Mechanical-EngineeringSem-III-IV.pdf,2404411,CAD Modelling,6,1,,0.0333,0.0,0,Low sim=0.033
"Solid Modelling Settings environment for part modeling, creating machine/engineering parts/components using features like",Design thinking case studies from various domains,6.35-N-B.E.-Mechanical-EngineeringSem-III-IV.pdf,2404411,CAD Modelling,7,1,,0.2772,0.0,0,No signal: sim=0.277 delta=7 kw=0.000
Kamat and Rao,A text book of Machine Drawing by R.B.Gupta,6.35-N-B.E.-Mechanical-EngineeringSem-III-IV.pdf,2404411,CAD Modelling,1,1,,0.1698,0.0,0,No signal: sim=0.170 delta=1 kw=0.000
Kamat and Rao,Case studies,6.35-N-B.E.-Mechanical-EngineeringSem-III-IV.pdf,2404411,CAD Modelling,2,1,,0.085,0.0,0,Low sim=0.085
Kamat and Rao,Successful business pitching,6.35-N-B.E.-Mechanical-EngineeringSem-III-IV.pdf,2404411,CAD Modelling,3,1,,0.1012,0.0,0,Low sim=0.101
Kamat and Rao,The Art of the Start 2.0: The Time-Tested,6.35-N-B.E.-Mechanical-EngineeringSem-III-IV.pdf,2404411,CAD Modelling,4,1,,0.0859,0.0,0,Low sim=0.086
Kamat and Rao,Case study: Airbnb,6.35-N-B.E.-Mechanical-EngineeringSem-III-IV.pdf,2404411,CAD Modelling,5,1,,0.0103,0.0,0,Low sim=0.010
Kamat and Rao,Design thinking case studies from various domains,6.35-N-B.E.-Mechanical-EngineeringSem-III-IV.pdf,2404411,CAD Modelling,6,1,,0.021,0.0,0,Low sim=0.021
A text book of Machine Drawing by R.B.Gupta,Case studies,6.35-N-B.E.-Mechanical-EngineeringSem-III-IV.pdf,2404411,CAD Modelling,1,1,,0.1389,0.0,0,Low sim=0.139
A text book of Machine Drawing by R.B.Gupta,Successful business pitching,6.35-N-B.E.-Mechanical-EngineeringSem-III-IV.pdf,2404411,CAD Modelling,2,1,,0.1339,0.0,0,Low sim=0.134
A text book of Machine Drawing by R.B.Gupta,The Art of the Start 2.0: The Time-Tested,6.35-N-B.E.-Mechanical-EngineeringSem-III-IV.pdf,2404411,CAD Modelling,3,1,,0.2713,0.0588,0,No signal: sim=0.271 delta=3 kw=0.059
A text book of Machine Drawing by R.B.Gupta,Case study: Airbnb,6.35-N-B.E.-Mechanical-EngineeringSem-III-IV.pdf,2404411,CAD Modelling,4,1,,0.0386,0.0,0,Low sim=0.039
A text book of Machine Drawing by R.B.Gupta,Design thinking case studies from various domains,6.35-N-B.E.-Mechanical-EngineeringSem-III-IV.pdf,2404411,CAD Modelling,5,1,,0.2518,0.0,0,No signal: sim=0.252 delta=5 kw=0.000
Case studies,Successful business pitching,6.35-N-B.E.-Mechanical-EngineeringSem-III-IV.pdf,2404411,CAD Modelling,1,1,,0.3037,0.0,1,Adjacent topics: delta=1 + sim=0.304
Case studies,The Art of the Start 2.0: The Time-Tested,6.35-N-B.E.-Mechanical-EngineeringSem-III-IV.pdf,2404411,CAD Modelling,2,1,,0.1976,0.0,0,No signal: sim=0.198 delta=2 kw=0.000
Case studies,Case study: Airbnb,6.35-N-B.E.-Mechanical-EngineeringSem-III-IV.pdf,2404411,CAD Modelling,3,1,,0.3498,0.25,0,No signal: sim=0.350 delta=3 kw=0.250
Case studies,Design thinking case studies from various domains,6.35-N-B.E.-Mechanical-EngineeringSem-III-IV.pdf,2404411,CAD Modelling,4,1,,0.494,0.2857,1,Lexical containment + delta=4
Successful business pitching,The Art of the Start 2.0: The Time-Tested,6.35-N-B.E.-Mechanical-EngineeringSem-III-IV.pdf,2404411,CAD Modelling,1,1,,0.1912,0.0,0,No signal: sim=0.191 delta=1 kw=0.000
Successful business pitching,Case study: Airbnb,6.35-N-B.E.-Mechanical-EngineeringSem-III-IV.pdf,2404411,CAD Modelling,2,1,,0.3632,0.0,1,Adjacent topics: delta=2 + sim=0.363
Successful business pitching,Design thinking case studies from various domains,6.35-N-B.E.-Mechanical-EngineeringSem-III-IV.pdf,2404411,CAD Modelling,3,1,,0.2619,0.0,0,No signal: sim=0.262 delta=3 kw=0.000
The Art of the Start 2.0: The Time-Tested,Case study: Airbnb,6.35-N-B.E.-Mechanical-EngineeringSem-III-IV.pdf,2404411,CAD Modelling,1,1,,0.195,0.0,0,No signal: sim=0.195 delta=1 kw=0.000
The Art of the Start 2.0: The Time-Tested,Design thinking case studies from various domains,6.35-N-B.E.-Mechanical-EngineeringSem-III-IV.pdf,2404411,CAD Modelling,2,1,,0.2013,0.0,1,Adjacent topics: delta=2 + sim=0.201
Case study: Airbnb,Design thinking case studies from various domains,6.35-N-B.E.-Mechanical-EngineeringSem-III-IV.pdf,2404411,CAD Modelling,1,1,,0.2573,0.1111,1,Adjacent topics: delta=1 + sim=0.257
Cayley-Hamilton,Similarity of matrices,6.39-N-B.E.-Data-Science-Sem-III-IV.pdf,2173111,Mathematics for Computer Engineering,1,1,,0.2718,0.0,1,Adjacent topics: delta=1 + sim=0.272
Cayley-Hamilton,Quadratic forms,6.39-N-B.E.-Data-Science-Sem-III-IV.pdf,2173111,Mathematics for Computer Engineering,2,1,,0.1908,0.0,0,No signal: sim=0.191 delta=2 kw=0.000
Cayley-Hamilton,Linear and Non-Linear Programming Problems,6.39-N-B.E.-Data-Science-Sem-III-IV.pdf,2173111,Mathematics for Computer Engineering,3,1,,-0.0703,0.0,0,Low sim=-0.070
Cayley-Hamilton,Types of solutions,6.39-N-B.E.-Data-Science-Sem-III-IV.pdf,2173111,Mathematics for Computer Engineering,4,1,,0.0693,0.0,0,Low sim=0.069
Cayley-Hamilton,Standard and Canonical of LPP,6.39-N-B.E.-Data-Science-Sem-III-IV.pdf,2173111,Mathematics for Computer Engineering,5,1,,0.1027,0.0,0,Low sim=0.103
Cayley-Hamilton,Basic and Feasible solutions,6.39-N-B.E.-Data-Science-Sem-III-IV.pdf,2173111,Mathematics for Computer Engineering,6,1,,0.0012,0.0,0,Low sim=0.001
Cayley-Hamilton,Simplex method,6.39-N-B.E.-Data-Science-Sem-III-IV.pdf,2173111,Mathematics for Computer Engineering,7,1,,0.0414,0.0,0,Low sim=0.041
Cayley-Hamilton,Artificial variables,6.39-N-B.E.-Data-Science-Sem-III-IV.pdf,2173111,Mathematics for Computer Engineering,8,1,,0.0767,0.0,0,Low sim=0.077
Cayley-Hamilton,Kuhn-Tucker conditions,6.39-N-B.E.-Data-Science-Sem-III-IV.pdf,2173111,Mathematics for Computer Engineering,9,1,,0.0109,0.0,0,Low sim=0.011
Cayley-Hamilton,Introduction to Congruence,6.39-N-B.E.-Data-Science-Sem-III-IV.pdf,2173111,Mathematics for Computer Engineering,10,1,,0.1471,0.0,0,Low sim=0.147
Cayley-Hamilton,Linear congruence,6.39-N-B.E.-Data-Science-Sem-III-IV.pdf,2173111,Mathematics for Computer Engineering,11,1,,0.2145,0.0,0,No signal: sim=0.214 delta=11 kw=0.000
Cayley-Hamilton,Application of congruence-RSA algorithm,6.39-N-B.E.-Data-Science-Sem-III-IV.pdf,2173111,Mathematics for Computer Engineering,12,1,,0.0894,0.0,0,Low sim=0.089
Cayley-Hamilton,Dirichlet’s conditions,6.39-N-B.E.-Data-Science-Sem-III-IV.pdf,2173111,Mathematics for Computer Engineering,13,1,,-0.0433,0.0,0,Low sim=-0.043
Cayley-Hamilton,Fourier series of periodic,6.39-N-B.E.-Data-Science-Sem-III-IV.pdf,2173111,Mathematics for Computer Engineering,14,1,,0.1868,0.0,0,Far apart: delta=14 + sim=0.187
Similarity of matrices,Quadratic forms,6.39-N-B.E.-Data-Science-Sem-III-IV.pdf,2173111,Mathematics for Computer Engineering,1,1,,0.1835,0.0,0,No signal: sim=0.184 delta=1 kw=0.000
Similarity of matrices,Linear and Non-Linear Programming Problems,6.39-N-B.E.-Data-Science-Sem-III-IV.pdf,2173111,Mathematics for Computer Engineering,2,1,,0.0555,0.0,0,Low sim=0.056
Similarity of matrices,Types of solutions,6.39-N-B.E.-Data-Science-Sem-III-IV.pdf,2173111,Mathematics for Computer Engineering,3,1,,0.0718,0.2,0,Low sim=0.072
Similarity of matrices,Standard and Canonical of LPP,6.39-N-B.E.-Data-Science-Sem-III-IV.pdf,2173111,Mathematics for Computer Engineering,4,1,,0.0275,0.1429,0,Low sim=0.027
Similarity of matrices,Basic and Feasible solutions,6.39-N-B.E.-Data-Science-Sem-III-IV.pdf,2173111,Mathematics for Computer Engineering,5,1,,0.057,0.0,0,Low sim=0.057
Similarity of matrices,Simplex method,6.39-N-B.E.-Data-Science-Sem-III-IV.pdf,2173111,Mathematics for Computer Engineering,6,1,,0.0153,0.0,0,Low sim=0.015
Similarity of matrices,Artificial variables,6.39-N-B.E.-Data-Science-Sem-III-IV.pdf,2173111,Mathematics for Computer Engineering,7,1,,-0.0045,0.0,0,Low sim=-0.004
Similarity of matrices,Kuhn-Tucker conditions,6.39-N-B.E.-Data-Science-Sem-III-IV.pdf,2173111,Mathematics for Computer Engineering,8,1,,0.0595,0.0,0,Low sim=0.060
Similarity of matrices,Introduction to Congruence,6.39-N-B.E.-Data-Science-Sem-III-IV.pdf,2173111,Mathematics for Computer Engineering,9,1,,0.0499,0.0,0,Low sim=0.050
Similarity of matrices,Linear congruence,6.39-N-B.E.-Data-Science-Sem-III-IV.pdf,2173111,Mathematics for Computer Engineering,10,1,,0.1671,0.0,0,No signal: sim=0.167 delta=10 kw=0.000
Similarity of matrices,Application of congruence-RSA algorithm,6.39-N-B.E.-Data-Science-Sem-III-IV.pdf,2173111,Mathematics for Computer Engineering,11,1,,0.0755,0.1429,0,Low sim=0.075
Similarity of matrices,Dirichlet’s conditions,6.39-N-B.E.-Data-Science-Sem-III-IV.pdf,2173111,Mathematics for Computer Engineering,12,1,,-0.0128,0.0,0,Low sim=-0.013
Similarity of matrices,Fourier series of periodic,6.39-N-B.E.-Data-Science-Sem-III-IV.pdf,2173111,Mathematics for Computer Engineering,13,1,,0.0009,0.1667,0,Low sim=0.001
Similarity of matrices,Fourier series of even and odd functions,6.39-N-B.E.-Data-Science-Sem-III-IV.pdf,2173111,Mathematics for Computer Engineering,14,1,,-0.0637,0.1111,0,Low sim=-0.064
Quadratic forms,Linear and Non-Linear Programming Problems,6.39-N-B.E.-Data-Science-Sem-III-IV.pdf,2173111,Mathematics for Computer Engineering,1,1,,0.161,0.0,0,No signal: sim=0.161 delta=1 kw=0.000
Quadratic forms,Types of solutions,6.39-N-B.E.-Data-Science-Sem-III-IV.pdf,2173111,Mathematics for Computer Engineering,2,1,,0.2615,0.0,1,Adjacent topics: delta=2 + sim=0.262
Quadratic forms,Standard and Canonical of LPP,6.39-N-B.E.-Data-Science-Sem-III-IV.pdf,2173111,Mathematics for Computer Engineering,3,1,,0.1094,0.0,0,Low sim=0.109
Quadratic forms,Basic and Feasible solutions,6.39-N-B.E.-Data-Science-Sem-III-IV.pdf,2173111,Mathematics for Computer Engineering,4,1,,0.226,0.0,0,No signal: sim=0.226 delta=4 kw=0.000
Quadratic forms,Simplex method,6.39-N-B.E.-Data-Science-Sem-III-IV.pdf,2173111,Mathematics for Computer Engineering,5,1,,0.1793,0.0,0,No signal: sim=0.179 delta=5 kw=0.000
Quadratic forms,Artificial variables,6.39-N-B.E.-Data-Science-Sem-III-IV.pdf,2173111,Mathematics for Computer Engineering,6,1,,0.1713,0.0,0,No signal: sim=0.171 delta=6 kw=0.000
Quadratic forms,Kuhn-Tucker conditions,6.39-N-B.E.-Data-Science-Sem-III-IV.pdf,2173111,Mathematics for Computer Engineering,7,1,,0.2002,0.0,0,No signal: sim=0.200 delta=7 kw=0.000
Quadratic forms,Introduction to Congruence,6.39-N-B.E.-Data-Science-Sem-III-IV.pdf,2173111,Mathematics for Computer Engineering,8,1,,0.2168,0.0,0,No signal: sim=0.217 delta=8 kw=0.000
Quadratic forms,Linear congruence,6.39-N-B.E.-Data-Science-Sem-III-IV.pdf,2173111,Mathematics for Computer Engineering,9,1,,0.2821,0.0,0,No signal: sim=0.282 delta=9 kw=0.000
Quadratic forms,Application of congruence-RSA algorithm,6.39-N-B.E.-Data-Science-Sem-III-IV.pdf,2173111,Mathematics for Computer Engineering,10,1,,0.1161,0.0,0,Low sim=0.116
Quadratic forms,Dirichlet’s conditions,6.39-N-B.E.-Data-Science-Sem-III-IV.pdf,2173111,Mathematics for Computer Engineering,11,1,,0.1331,0.0,0,Low sim=0.133
Quadratic forms,Fourier series of periodic,6.39-N-B.E.-Data-Science-Sem-III-IV.pdf,2173111,Mathematics for Computer Engineering,12,1,,0.0328,0.0,0,Low sim=0.033
Quadratic forms,Fourier series of even and odd functions,6.39-N-B.E.-Data-Science-Sem-III-IV.pdf,2173111,Mathematics for Computer Engineering,13,1,,0.0468,0.0,0,Low sim=0.047
Quadratic forms,Complex form of Fourier Series,6.39-N-B.E.-Data-Science-Sem-III-IV.pdf,2173111,Mathematics for Computer Engineering,14,1,,0.1998,0.0,0,Far apart: delta=14 + sim=0.200
Linear and Non-Linear Programming Problems,Types of solutions,6.39-N-B.E.-Data-Science-Sem-III-IV.pdf,2173111,Mathematics for Computer Engineering,1,1,,0.2528,0.0,1,Adjacent topics: delta=1 + sim=0.253
Linear and Non-Linear Programming Problems,Standard and Canonical of LPP,6.39-N-B.E.-Data-Science-Sem-III-IV.pdf,2173111,Mathematics for Computer Engineering,2,1,,0.2497,0.1111,1,Adjacent topics: delta=2 + sim=0.250
Linear and Non-Linear Programming Problems,Basic and Feasible solutions,6.39-N-B.E.-Data-Science-Sem-III-IV.pdf,2173111,Mathematics for Computer Engineering,3,1,,0.575,0.125,1,sim=0.575>=0.45 + delta=3<=5
Linear and Non-Linear Programming Problems,Simplex method,6.39-N-B.E.-Data-Science-Sem-III-IV.pdf,2173111,Mathematics for Computer Engineering,4,1,,0.2234,0.0,0,No signal: sim=0.223 delta=4 kw=0.000
Linear and Non-Linear Programming Problems,Artificial variables,6.39-N-B.E.-Data-Science-Sem-III-IV.pdf,2173111,Mathematics for Computer Engineering,5,1,,0.3948,0.0,0,No signal: sim=0.395 delta=5 kw=0.000
Linear and Non-Linear Programming Problems,Kuhn-Tucker conditions,6.39-N-B.E.-Data-Science-Sem-III-IV.pdf,2173111,Mathematics for Computer Engineering,6,1,,0.2473,0.0,0,No signal: sim=0.247 delta=6 kw=0.000
Linear and Non-Linear Programming Problems,Introduction to Congruence,6.39-N-B.E.-Data-Science-Sem-III-IV.pdf,2173111,Mathematics for Computer Engineering,7,1,,-0.0405,0.0,0,Low sim=-0.041
Linear and Non-Linear Programming Problems,Linear congruence,6.39-N-B.E.-Data-Science-Sem-III-IV.pdf,2173111,Mathematics for Computer Engineering,8,1,,0.1338,0.1667,0,Low sim=0.134
Linear and Non-Linear Programming Problems,Application of congruence-RSA algorithm,6.39-N-B.E.-Data-Science-Sem-III-IV.pdf,2173111,Mathematics for Computer Engineering,9,1,,0.0412,0.0,0,Low sim=0.041
Linear and Non-Linear Programming Problems,Dirichlet’s conditions,6.39-N-B.E.-Data-Science-Sem-III-IV.pdf,2173111,Mathematics for Computer Engineering,10,1,,0.0428,0.0,0,Low sim=0.043
Linear and Non-Linear Programming Problems,Fourier series of periodic,6.39-N-B.E.-Data-Science-Sem-III-IV.pdf,2173111,Mathematics for Computer Engineering,11,1,,-0.127,0.0,0,Low sim=-0.127
Linear and Non-Linear Programming Problems,Fourier series of even and odd functions,6.39-N-B.E.-Data-Science-Sem-III-IV.pdf,2173111,Mathematics for Computer Engineering,12,1,,-0.0229,0.0909,0,Low sim=-0.023
Linear and Non-Linear Programming Problems,Complex form of Fourier Series,6.39-N-B.E.-Data-Science-Sem-III-IV.pdf,2173111,Mathematics for Computer Engineering,13,1,,-0.13,0.0,0,Low sim=-0.130
Linear and Non-Linear Programming Problems,Lines of regression,6.39-N-B.E.-Data-Science-Sem-III-IV.pdf,2173111,Mathematics for Computer Engineering,14,1,,0.2796,0.0,0,Far apart: delta=14 + sim=0.280
Types of solutions,Standard and Canonical of LPP,6.39-N-B.E.-Data-Science-Sem-III-IV.pdf,2173111,Mathematics for Computer Engineering,1,1,,0.1217,0.1429,0,Low sim=0.122
Types of solutions,Basic and Feasible solutions,6.39-N-B.E.-Data-Science-Sem-III-IV.pdf,2173111,Mathematics for Computer Engineering,2,1,,0.479,0.1667,1,sim=0.479>=0.45 + delta=2<=5
Types of solutions,Simplex method,6.39-N-B.E.-Data-Science-Sem-III-IV.pdf,2173111,Mathematics for Computer Engineering,3,1,,0.1297,0.0,0,Low sim=0.130
Types of solutions,Artificial variables,6.39-N-B.E.-Data-Science-Sem-III-IV.pdf,2173111,Mathematics for Computer Engineering,4,1,,0.2761,0.0,1,Foundational kw + sim=0.276 + delta=4
Types of solutions,Kuhn-Tucker conditions,6.39-N-B.E.-Data-Science-Sem-III-IV.pdf,2173111,Mathematics for Computer Engineering,5,1,,0.1889,0.0,0,No signal: sim=0.189 delta=5 kw=0.000
Types of solutions,Introduction to Congruence,6.39-N-B.E.-Data-Science-Sem-III-IV.pdf,2173111,Mathematics for Computer Engineering,6,1,,0.0776,0.0,0,Low sim=0.078
Types of solutions,Linear congruence,6.39-N-B.E.-Data-Science-Sem-III-IV.pdf,2173111,Mathematics for Computer Engineering,7,1,,0.1037,0.0,0,Low sim=0.104
Types of solutions,Application of congruence-RSA algorithm,6.39-N-B.E.-Data-Science-Sem-III-IV.pdf,2173111,Mathematics for Computer Engineering,8,1,,0.0485,0.1429,0,Low sim=0.049
Types of solutions,Dirichlet’s conditions,6.39-N-B.E.-Data-Science-Sem-III-IV.pdf,2173111,Mathematics for Computer Engineering,9,1,,0.1982,0.0,0,No signal: sim=0.198 delta=9 kw=0.000
Types of solutions,Fourier series of periodic,6.39-N-B.E.-Data-Science-Sem-III-IV.pdf,2173111,Mathematics for Computer Engineering,10,1,,0.0109,0.1667,0,Low sim=0.011
Types of solutions,Fourier series of even and odd functions,6.39-N-B.E.-Data-Science-Sem-III-IV.pdf,2173111,Mathematics for Computer Engineering,11,1,,0.0343,0.1111,0,Low sim=0.034
Types of solutions,Complex form of Fourier Series,6.39-N-B.E.-Data-Science-Sem-III-IV.pdf,2173111,Mathematics for Computer Engineering,12,1,,0.0521,0.1429,0,Low sim=0.052
Types of solutions,Lines of regression,6.39-N-B.E.-Data-Science-Sem-III-IV.pdf,2173111,Mathematics for Computer Engineering,13,1,,0.1037,0.2,0,Low sim=0.104
Types of solutions,Moment generating function,6.39-N-B.E.-Data-Science-Sem-III-IV.pdf,2173111,Mathematics for Computer Engineering,14,1,,0.0109,0.0,0,Low sim=0.011
Standard and Canonical of LPP,Basic and Feasible solutions,6.39-N-B.E.-Data-Science-Sem-III-IV.pdf,2173111,Mathematics for Computer Engineering,1,1,,0.224,0.125,1,Adjacent topics: delta=1 + sim=0.224
Standard and Canonical of LPP,Simplex method,6.39-N-B.E.-Data-Science-Sem-III-IV.pdf,2173111,Mathematics for Computer Engineering,2,1,,0.1656,0.0,0,No signal: sim=0.166 delta=2 kw=0.000
Standard and Canonical of LPP,Artificial variables,6.39-N-B.E.-Data-Science-Sem-III-IV.pdf,2173111,Mathematics for Computer Engineering,3,1,,0.1601,0.0,0,No signal: sim=0.160 delta=3 kw=0.000
Standard and Canonical of LPP,Kuhn-Tucker conditions,6.39-N-B.E.-Data-Science-Sem-III-IV.pdf,2173111,Mathematics for Computer Engineering,4,1,,0.0818,0.0,0,Low sim=0.082
Standard and Canonical of LPP,Introduction to Congruence,6.39-N-B.E.-Data-Science-Sem-III-IV.pdf,2173111,Mathematics for Computer Engineering,5,1,,0.0827,0.0,0,Low sim=0.083
Standard and Canonical of LPP,Linear congruence,6.39-N-B.E.-Data-Science-Sem-III-IV.pdf,2173111,Mathematics for Computer Engineering,6,1,,0.1686,0.0,0,No signal: sim=0.169 delta=6 kw=0.000
Standard and Canonical of LPP,Application of congruence-RSA algorithm,6.39-N-B.E.-Data-Science-Sem-III-IV.pdf,2173111,Mathematics for Computer Engineering,7,1,,0.0824,0.1111,0,Low sim=0.082
Standard and Canonical of LPP,Dirichlet’s conditions,6.39-N-B.E.-Data-Science-Sem-III-IV.pdf,2173111,Mathematics for Computer Engineering,8,1,,0.0865,0.0,0,Low sim=0.086
Standard and Canonical of LPP,Fourier series of periodic,6.39-N-B.E.-Data-Science-Sem-III-IV.pdf,2173111,Mathematics for Computer Engineering,9,1,,-0.0222,0.125,0,Low sim=-0.022
Standard and Canonical of LPP,Fourier series of even and odd functions,6.39-N-B.E.-Data-Science-Sem-III-IV.pdf,2173111,Mathematics for Computer Engineering,10,1,,0.0379,0.2,0,Low sim=0.038
Standard and Canonical of LPP,Complex form of Fourier Series,6.39-N-B.E.-Data-Science-Sem-III-IV.pdf,2173111,Mathematics for Computer Engineering,11,1,,0.0169,0.1111,0,Low sim=0.017
Standard and Canonical of LPP,Lines of regression,6.39-N-B.E.-Data-Science-Sem-III-IV.pdf,2173111,Mathematics for Computer Engineering,12,1,,0.1162,0.1429,0,Low sim=0.116
Standard and Canonical of LPP,Moment generating function,6.39-N-B.E.-Data-Science-Sem-III-IV.pdf,2173111,Mathematics for Computer Engineering,13,1,,0.0601,0.0,0,Low sim=0.060
Standard and Canonical of LPP,Raw moments,6.39-N-B.E.-Data-Science-Sem-III-IV.pdf,2173111,Mathematics for Computer Engineering,14,1,,0.0491,0.0,0,Low sim=0.049
Basic and Feasible solutions,Simplex method,6.39-N-B.E.-Data-Science-Sem-III-IV.pdf,2173111,Mathematics for Computer Engineering,1,1,,0.33,0.0,1,Foundational kw + sim=0.330 + delta=1
Basic and Feasible solutions,Artificial variables,6.39-N-B.E.-Data-Science-Sem-III-IV.pdf,2173111,Mathematics for Computer Engineering,2,1,,0.4269,0.0,1,Foundational kw + sim=0.427 + delta=2
Basic and Feasible solutions,Kuhn-Tucker conditions,6.39-N-B.E.-Data-Science-Sem-III-IV.pdf,2173111,Mathematics for Computer Engineering,3,1,,0.2568,0.0,1,Foundational kw + sim=0.257 + delta=3
Basic and Feasible solutions,Introduction to Congruence,6.39-N-B.E.-Data-Science-Sem-III-IV.pdf,2173111,Mathematics for Computer Engineering,4,1,,0.1335,0.0,0,Low sim=0.133
Basic and Feasible solutions,Linear congruence,6.39-N-B.E.-Data-Science-Sem-III-IV.pdf,2173111,Mathematics for Computer Engineering,5,1,,0.1608,0.0,0,No signal: sim=0.161 delta=5 kw=0.000
Basic and Feasible solutions,Application of congruence-RSA algorithm,6.39-N-B.E.-Data-Science-Sem-III-IV.pdf,2173111,Mathematics for Computer Engineering,6,1,,0.1536,0.0,0,No signal: sim=0.154 delta=6 kw=0.000
Basic and Feasible solutions,Dirichlet’s conditions,6.39-N-B.E.-Data-Science-Sem-III-IV.pdf,2173111,Mathematics for Computer Engineering,7,1,,0.143,0.0,0,Low sim=0.143
Basic and Feasible solutions,Fourier series of periodic,6.39-N-B.E.-Data-Science-Sem-III-IV.pdf,2173111,Mathematics for Computer Engineering,8,1,,-0.0731,0.0,0,Low sim=-0.073
Basic and Feasible solutions,Fourier series of even and odd functions,6.39-N-B.E.-Data-Science-Sem-III-IV.pdf,2173111,Mathematics for Computer Engineering,9,1,,-0.0582,0.1,0,Low sim=-0.058
Basic and Feasible solutions,Complex form of Fourier Series,6.39-N-B.E.-Data-Science-Sem-III-IV.pdf,2173111,Mathematics for Computer Engineering,10,1,,-0.0442,0.0,0,Low sim=-0.044
Basic and Feasible solutions,Lines of regression,6.39-N-B.E.-Data-Science-Sem-III-IV.pdf,2173111,Mathematics for Computer Engineering,11,1,,0.1566,0.0,0,No signal: sim=0.157 delta=11 kw=0.000
Basic and Feasible solutions,Moment generating function,6.39-N-B.E.-Data-Science-Sem-III-IV.pdf,2173111,Mathematics for Computer Engineering,12,1,,0.0337,0.0,0,Low sim=0.034
Basic and Feasible solutions,Raw moments,6.39-N-B.E.-Data-Science-Sem-III-IV.pdf,2173111,Mathematics for Computer Engineering,13,1,,0.0636,0.0,0,Low sim=0.064
Simplex method,Artificial variables,6.39-N-B.E.-Data-Science-Sem-III-IV.pdf,2173111,Mathematics for Computer Engineering,1,1,,0.267,0.0,1,Adjacent topics: delta=1 + sim=0.267
Simplex method,Kuhn-Tucker conditions,6.39-N-B.E.-Data-Science-Sem-III-IV.pdf,2173111,Mathematics for Computer Engineering,2,1,,0.0561,0.0,0,Low sim=0.056
Simplex method,Introduction to Congruence,6.39-N-B.E.-Data-Science-Sem-III-IV.pdf,2173111,Mathematics for Computer Engineering,3,1,,0.0279,0.0,0,Low sim=0.028
Simplex method,Linear congruence,6.39-N-B.E.-Data-Science-Sem-III-IV.pdf,2173111,Mathematics for Computer Engineering,4,1,,0.1412,0.0,0,Low sim=0.141
Simplex method,Application of congruence-RSA algorithm,6.39-N-B.E.-Data-Science-Sem-III-IV.pdf,2173111,Mathematics for Computer Engineering,5,1,,0.155,0.0,0,No signal: sim=0.155 delta=5 kw=0.000
Simplex method,Dirichlet’s conditions,6.39-N-B.E.-Data-Science-Sem-III-IV.pdf,2173111,Mathematics for Computer Engineering,6,1,,-0.0792,0.0,0,Low sim=-0.079
Simplex method,Fourier series of periodic,6.39-N-B.E.-Data-Science-Sem-III-IV.pdf,2173111,Mathematics for Computer Engineering,7,1,,0.0877,0.0,0,Low sim=0.088
Simplex method,Fourier series of even and odd functions,6.39-N-B.E.-Data-Science-Sem-III-IV.pdf,2173111,Mathematics for Computer Engineering,8,1,,0.1592,0.0,0,No signal: sim=0.159 delta=8 kw=0.000
Simplex method,Complex form of Fourier Series,6.39-N-B.E.-Data-Science-Sem-III-IV.pdf,2173111,Mathematics for Computer Engineering,9,1,,0.0717,0.0,0,Low sim=0.072
Simplex method,Lines of regression,6.39-N-B.E.-Data-Science-Sem-III-IV.pdf,2173111,Mathematics for Computer Engineering,10,1,,0.1042,0.0,0,Low sim=0.104
Simplex method,Moment generating function,6.39-N-B.E.-Data-Science-Sem-III-IV.pdf,2173111,Mathematics for Computer Engineering,11,1,,0.096,0.0,0,Low sim=0.096
Simplex method,Raw moments,6.39-N-B.E.-Data-Science-Sem-III-IV.pdf,2173111,Mathematics for Computer Engineering,12,1,,0.0617,0.0,0,Low sim=0.062
Artificial variables,Kuhn-Tucker conditions,6.39-N-B.E.-Data-Science-Sem-III-IV.pdf,2173111,Mathematics for Computer Engineering,1,1,,0.208,0.0,1,Adjacent topics: delta=1 + sim=0.208
Artificial variables,Introduction to Congruence,6.39-N-B.E.-Data-Science-Sem-III-IV.pdf,2173111,Mathematics for Computer Engineering,2,1,,0.0703,0.0,0,Low sim=0.070
Artificial variables,Linear congruence,6.39-N-B.E.-Data-Science-Sem-III-IV.pdf,2173111,Mathematics for Computer Engineering,3,1,,0.0242,0.0,0,Low sim=0.024
Artificial variables,Application of congruence-RSA algorithm,6.39-N-B.E.-Data-Science-Sem-III-IV.pdf,2173111,Mathematics for Computer Engineering,4,1,,0.1005,0.0,0,Low sim=0.101
Artificial variables,Dirichlet’s conditions,6.39-N-B.E.-Data-Science-Sem-III-IV.pdf,2173111,Mathematics for Computer Engineering,5,1,,0.0852,0.0,0,Low sim=0.085
Artificial variables,Fourier series of periodic,6.39-N-B.E.-Data-Science-Sem-III-IV.pdf,2173111,Mathematics for Computer Engineering,6,1,,-0.0556,0.0,0,Low sim=-0.056
Artificial variables,Fourier series of even and odd functions,6.39-N-B.E.-Data-Science-Sem-III-IV.pdf,2173111,Mathematics for Computer Engineering,7,1,,-0.0434,0.0,0,Low sim=-0.043
Artificial variables,Complex form of Fourier Series,6.39-N-B.E.-Data-Science-Sem-III-IV.pdf,2173111,Mathematics for Computer Engineering,8,1,,0.0469,0.0,0,Low sim=0.047
Artificial variables,Lines of regression,6.39-N-B.E.-Data-Science-Sem-III-IV.pdf,2173111,Mathematics for Computer Engineering,9,1,,0.3424,0.0,0,No signal: sim=0.342 delta=9 kw=0.000
Artificial variables,Moment generating function,6.39-N-B.E.-Data-Science-Sem-III-IV.pdf,2173111,Mathematics for Computer Engineering,10,1,,0.1467,0.0,0,Low sim=0.147
Artificial variables,Raw moments,6.39-N-B.E.-Data-Science-Sem-III-IV.pdf,2173111,Mathematics for Computer Engineering,11,1,,0.121,0.0,0,Low sim=0.121
Kuhn-Tucker conditions,Introduction to Congruence,6.39-N-B.E.-Data-Science-Sem-III-IV.pdf,2173111,Mathematics for Computer Engineering,1,1,,0.0039,0.0,0,Low sim=0.004
Kuhn-Tucker conditions,Linear congruence,6.39-N-B.E.-Data-Science-Sem-III-IV.pdf,2173111,Mathematics for Computer Engineering,2,1,,-0.0388,0.0,0,Low sim=-0.039
Kuhn-Tucker conditions,Application of congruence-RSA algorithm,6.39-N-B.E.-Data-Science-Sem-III-IV.pdf,2173111,Mathematics for Computer Engineering,3,1,,-0.0484,0.0,0,Low sim=-0.048
Kuhn-Tucker conditions,Dirichlet’s conditions,6.39-N-B.E.-Data-Science-Sem-III-IV.pdf,2173111,Mathematics for Computer Engineering,4,1,,0.4166,0.2,0,No signal: sim=0.417 delta=4 kw=0.200
Kuhn-Tucker conditions,Fourier series of periodic,6.39-N-B.E.-Data-Science-Sem-III-IV.pdf,2173111,Mathematics for Computer Engineering,5,1,,-0.0291,0.0,0,Low sim=-0.029
Kuhn-Tucker conditions,Fourier series of even and odd functions,6.39-N-B.E.-Data-Science-Sem-III-IV.pdf,2173111,Mathematics for Computer Engineering,6,1,,0.0022,0.0,0,Low sim=0.002
Kuhn-Tucker conditions,Complex form of Fourier Series,6.39-N-B.E.-Data-Science-Sem-III-IV.pdf,2173111,Mathematics for Computer Engineering,7,1,,0.057,0.0,0,Low sim=0.057
Kuhn-Tucker conditions,Lines of regression,6.39-N-B.E.-Data-Science-Sem-III-IV.pdf,2173111,Mathematics for Computer Engineering,8,1,,0.0916,0.0,0,Low sim=0.092
Kuhn-Tucker conditions,Moment generating function,6.39-N-B.E.-Data-Science-Sem-III-IV.pdf,2173111,Mathematics for Computer Engineering,9,1,,0.0264,0.0,0,Low sim=0.026
Kuhn-Tucker conditions,Raw moments,6.39-N-B.E.-Data-Science-Sem-III-IV.pdf,2173111,Mathematics for Computer Engineering,10,1,,0.1,0.0,0,Low sim=0.100
Introduction to Congruence,Linear congruence,6.39-N-B.E.-Data-Science-Sem-III-IV.pdf,2173111,Mathematics for Computer Engineering,1,1,,0.6781,0.25,1,High sim=0.678 + delta=1
Introduction to Congruence,Application of congruence-RSA algorithm,6.39-N-B.E.-Data-Science-Sem-III-IV.pdf,2173111,Mathematics for Computer Engineering,2,1,,0.6881,0.1429,1,High sim=0.688 + delta=2
Introduction to Congruence,Dirichlet’s conditions,6.39-N-B.E.-Data-Science-Sem-III-IV.pdf,2173111,Mathematics for Computer Engineering,3,1,,0.1547,0.0,0,No signal: sim=0.155 delta=3 kw=0.000
Introduction to Congruence,Fourier series of periodic,6.39-N-B.E.-Data-Science-Sem-III-IV.pdf,2173111,Mathematics for Computer Engineering,4,1,,0.1555,0.0,0,No signal: sim=0.155 delta=4 kw=0.000
Introduction to Congruence,Fourier series of even and odd functions,6.39-N-B.E.-Data-Science-Sem-III-IV.pdf,2173111,Mathematics for Computer Engineering,5,1,,0.0929,0.0,0,Low sim=0.093
Introduction to Congruence,Complex form of Fourier Series,6.39-N-B.E.-Data-Science-Sem-III-IV.pdf,2173111,Mathematics for Computer Engineering,6,1,,0.0916,0.0,0,Low sim=0.092
Introduction to Congruence,Lines of regression,6.39-N-B.E.-Data-Science-Sem-III-IV.pdf,2173111,Mathematics for Computer Engineering,7,1,,0.0511,0.0,0,Low sim=0.051
Introduction to Congruence,Moment generating function,6.39-N-B.E.-Data-Science-Sem-III-IV.pdf,2173111,Mathematics for Computer Engineering,8,1,,0.0546,0.0,0,Low sim=0.055
Introduction to Congruence,Raw moments,6.39-N-B.E.-Data-Science-Sem-III-IV.pdf,2173111,Mathematics for Computer Engineering,9,1,,0.0832,0.0,0,Low sim=0.083
Linear congruence,Application of congruence-RSA algorithm,6.39-N-B.E.-Data-Science-Sem-III-IV.pdf,2173111,Mathematics for Computer Engineering,1,1,,0.5786,0.1667,1,sim=0.579>=0.45 + delta=1<=5
Linear congruence,Dirichlet’s conditions,6.39-N-B.E.-Data-Science-Sem-III-IV.pdf,2173111,Mathematics for Computer Engineering,2,1,,0.027,0.0,0,Low sim=0.027
Linear congruence,Fourier series of periodic,6.39-N-B.E.-Data-Science-Sem-III-IV.pdf,2173111,Mathematics for Computer Engineering,3,1,,0.1968,0.0,0,No signal: sim=0.197 delta=3 kw=0.000
Linear congruence,Fourier series of even and odd functions,6.39-N-B.E.-Data-Science-Sem-III-IV.pdf,2173111,Mathematics for Computer Engineering,4,1,,0.0794,0.0,0,Low sim=0.079
Linear congruence,Complex form of Fourier Series,6.39-N-B.E.-Data-Science-Sem-III-IV.pdf,2173111,Mathematics for Computer Engineering,5,1,,0.0738,0.0,0,Low sim=0.074
Linear congruence,Lines of regression,6.39-N-B.E.-Data-Science-Sem-III-IV.pdf,2173111,Mathematics for Computer Engineering,6,1,,0.129,0.0,0,Low sim=0.129
Linear congruence,Moment generating function,6.39-N-B.E.-Data-Science-Sem-III-IV.pdf,2173111,Mathematics for Computer Engineering,7,1,,0.0302,0.0,0,Low sim=0.030
Linear congruence,Raw moments,6.39-N-B.E.-Data-Science-Sem-III-IV.pdf,2173111,Mathematics for Computer Engineering,8,1,,-0.0164,0.0,0,Low sim=-0.016
Application of congruence-RSA algorithm,Dirichlet’s conditions,6.39-N-B.E.-Data-Science-Sem-III-IV.pdf,2173111,Mathematics for Computer Engineering,1,1,,0.0264,0.0,0,Low sim=0.026
Application of congruence-RSA algorithm,Fourier series of periodic,6.39-N-B.E.-Data-Science-Sem-III-IV.pdf,2173111,Mathematics for Computer Engineering,2,1,,0.1624,0.125,0,No signal: sim=0.162 delta=2 kw=0.125
Application of congruence-RSA algorithm,Fourier series of even and odd functions,6.39-N-B.E.-Data-Science-Sem-III-IV.pdf,2173111,Mathematics for Computer Engineering,3,1,,0.0774,0.0909,0,Low sim=0.077
Application of congruence-RSA algorithm,Complex form of Fourier Series,6.39-N-B.E.-Data-Science-Sem-III-IV.pdf,2173111,Mathematics for Computer Engineering,4,1,,0.1121,0.1111,0,Low sim=0.112
Application of congruence-RSA algorithm,Lines of regression,6.39-N-B.E.-Data-Science-Sem-III-IV.pdf,2173111,Mathematics for Computer Engineering,5,1,,0.0278,0.1429,0,Low sim=0.028
Application of congruence-RSA algorithm,Moment generating function,6.39-N-B.E.-Data-Science-Sem-III-IV.pdf,2173111,Mathematics for Computer Engineering,6,1,,0.1798,0.0,0,No signal: sim=0.180 delta=6 kw=0.000
Application of congruence-RSA algorithm,Raw moments,6.39-N-B.E.-Data-Science-Sem-III-IV.pdf,2173111,Mathematics for Computer Engineering,7,1,,0.0321,0.0,0,Low sim=0.032
Dirichlet’s conditions,Fourier series of periodic,6.39-N-B.E.-Data-Science-Sem-III-IV.pdf,2173111,Mathematics for Computer Engineering,1,1,,0.1715,0.0,0,No signal: sim=0.171 delta=1 kw=0.000
Dirichlet’s conditions,Fourier series of even and odd functions,6.39-N-B.E.-Data-Science-Sem-III-IV.pdf,2173111,Mathematics for Computer Engineering,2,1,,0.1507,0.0,0,No signal: sim=0.151 delta=2 kw=0.000
Dirichlet’s conditions,Complex form of Fourier Series,6.39-N-B.E.-Data-Science-Sem-III-IV.pdf,2173111,Mathematics for Computer Engineering,3,1,,0.1255,0.0,0,Low sim=0.125
Dirichlet’s conditions,Lines of regression,6.39-N-B.E.-Data-Science-Sem-III-IV.pdf,2173111,Mathematics for Computer Engineering,4,1,,0.0011,0.0,0,Low sim=0.001
Dirichlet’s conditions,Moment generating function,6.39-N-B.E.-Data-Science-Sem-III-IV.pdf,2173111,Mathematics for Computer Engineering,5,1,,-0.0091,0.0,0,Low sim=-0.009
Dirichlet’s conditions,Raw moments,6.39-N-B.E.-Data-Science-Sem-III-IV.pdf,2173111,Mathematics for Computer Engineering,6,1,,0.1015,0.0,0,Low sim=0.101
Fourier series of periodic,Fourier series of even and odd functions,6.39-N-B.E.-Data-Science-Sem-III-IV.pdf,2173111,Mathematics for Computer Engineering,1,1,,0.7024,0.375,1,High sim=0.702 + delta=1
Fourier series of periodic,Complex form of Fourier Series,6.39-N-B.E.-Data-Science-Sem-III-IV.pdf,2173111,Mathematics for Computer Engineering,2,1,,0.7343,0.5,1,High sim=0.734 + delta=2
Fourier series of periodic,Lines of regression,6.39-N-B.E.-Data-Science-Sem-III-IV.pdf,2173111,Mathematics for Computer Engineering,3,1,,-0.0031,0.1667,0,Low sim=-0.003
Fourier series of periodic,Moment generating function,6.39-N-B.E.-Data-Science-Sem-III-IV.pdf,2173111,Mathematics for Computer Engineering,4,1,,0.1743,0.0,0,No signal: sim=0.174 delta=4 kw=0.000
Fourier series of periodic,Raw moments,6.39-N-B.E.-Data-Science-Sem-III-IV.pdf,2173111,Mathematics for Computer Engineering,5,1,,-0.0189,0.0,0,Low sim=-0.019
Fourier series of even and odd functions,Complex form of Fourier Series,6.39-N-B.E.-Data-Science-Sem-III-IV.pdf,2173111,Mathematics for Computer Engineering,1,1,,0.6314,0.3333,1,High sim=0.631 + delta=1
Fourier series of even and odd functions,Lines of regression,6.39-N-B.E.-Data-Science-Sem-III-IV.pdf,2173111,Mathematics for Computer Engineering,2,1,,-0.005,0.1111,0,Low sim=-0.005
Fourier series of even and odd functions,Moment generating function,6.39-N-B.E.-Data-Science-Sem-III-IV.pdf,2173111,Mathematics for Computer Engineering,3,1,,0.1755,0.0,0,No signal: sim=0.176 delta=3 kw=0.000
Fourier series of even and odd functions,Raw moments,6.39-N-B.E.-Data-Science-Sem-III-IV.pdf,2173111,Mathematics for Computer Engineering,4,1,,0.0454,0.0,0,Low sim=0.045
Complex form of Fourier Series,Lines of regression,6.39-N-B.E.-Data-Science-Sem-III-IV.pdf,2173111,Mathematics for Computer Engineering,1,1,,0.0088,0.1429,0,Low sim=0.009
Complex form of Fourier Series,Moment generating function,6.39-N-B.E.-Data-Science-Sem-III-IV.pdf,2173111,Mathematics for Computer Engineering,2,1,,0.2589,0.0,1,Adjacent topics: delta=2 + sim=0.259
Complex form of Fourier Series,Raw moments,6.39-N-B.E.-Data-Science-Sem-III-IV.pdf,2173111,Mathematics for Computer Engineering,3,1,,0.0211,0.0,0,Low sim=0.021
Lines of regression,Moment generating function,6.39-N-B.E.-Data-Science-Sem-III-IV.pdf,2173111,Mathematics for Computer Engineering,1,1,,0.0172,0.0,0,Low sim=0.017
Lines of regression,Raw moments,6.39-N-B.E.-Data-Science-Sem-III-IV.pdf,2173111,Mathematics for Computer Engineering,2,1,,0.0828,0.0,0,Low sim=0.083
Moment generating function,Raw moments,6.39-N-B.E.-Data-Science-Sem-III-IV.pdf,2173111,Mathematics for Computer Engineering,1,1,,0.4099,0.0,1,Adjacent topics: delta=1 + sim=0.410
Propositional and Predicate Logic,Determining risk,6.39-N-B.E.-Data-Science-Sem-III-IV.pdf,2173112,Discrete Structures and Graph Theory,1,1,,0.0908,0.0,0,Low sim=0.091
Propositional and Predicate Logic,Taxes and tax brackets,6.39-N-B.E.-Data-Science-Sem-III-IV.pdf,2173112,Discrete Structures and Graph Theory,2,1,,0.1498,0.1429,0,Low sim=0.150
Propositional and Predicate Logic,Vending machines,6.39-N-B.E.-Data-Science-Sem-III-IV.pdf,2173112,Discrete Structures and Graph Theory,3,1,,0.1332,0.0,0,Low sim=0.133
Propositional and Predicate Logic,"Counting Pigeonhole Principle, Inclusion-Exclusion Principle. Recurrence relations, Solving recurrence relations",6.39-N-B.E.-Data-Science-Sem-III-IV.pdf,2173112,Discrete Structures and Graph Theory,4,1,,0.0888,0.0,0,Low sim=0.089
Determining risk,Taxes and tax brackets,6.39-N-B.E.-Data-Science-Sem-III-IV.pdf,2173112,Discrete Structures and Graph Theory,1,1,,0.0822,0.0,0,Low sim=0.082
Determining risk,Vending machines,6.39-N-B.E.-Data-Science-Sem-III-IV.pdf,2173112,Discrete Structures and Graph Theory,2,1,,0.0863,0.0,0,Low sim=0.086
Determining risk,"Counting Pigeonhole Principle, Inclusion-Exclusion Principle. Recurrence relations, Solving recurrence relations",6.39-N-B.E.-Data-Science-Sem-III-IV.pdf,2173112,Discrete Structures and Graph Theory,3,1,,-0.0421,0.0,0,Low sim=-0.042
Taxes and tax brackets,Vending machines,6.39-N-B.E.-Data-Science-Sem-III-IV.pdf,2173112,Discrete Structures and Graph Theory,1,1,,0.0465,0.0,0,Low sim=0.047
Taxes and tax brackets,"Counting Pigeonhole Principle, Inclusion-Exclusion Principle. Recurrence relations, Solving recurrence relations",6.39-N-B.E.-Data-Science-Sem-III-IV.pdf,2173112,Discrete Structures and Graph Theory,2,1,,0.115,0.0,0,Low sim=0.115
Vending machines,"Counting Pigeonhole Principle, Inclusion-Exclusion Principle. Recurrence relations, Solving recurrence relations",6.39-N-B.E.-Data-Science-Sem-III-IV.pdf,2173112,Discrete Structures and Graph Theory,1,1,,0.2789,0.0,1,Adjacent topics: delta=1 + sim=0.279
Regular operations,Arden's theorem,6.39-N-B.E.-Data-Science-Sem-III-IV.pdf,2174111,Computational,1,1,,0.2053,0.0,1,Adjacent topics: delta=1 + sim=0.205
Regular operations,Decision properties of RLs,6.39-N-B.E.-Data-Science-Sem-III-IV.pdf,2174111,Computational,2,1,,0.1942,0.0,0,No signal: sim=0.194 delta=2 kw=0.000
Regular operations,Pumping lemma for RLs,6.39-N-B.E.-Data-Science-Sem-III-IV.pdf,2174111,Computational,3,1,,0.1179,0.0,0,Low sim=0.118
Regular operations,RE in text search and replace,6.39-N-B.E.-Data-Science-Sem-III-IV.pdf,2174111,Computational,4,1,,0.178,0.0,0,No signal: sim=0.178 delta=4 kw=0.000
Regular operations,Application of Regular,6.39-N-B.E.-Data-Science-Sem-III-IV.pdf,2174111,Computational,5,1,,0.6872,0.25,1,High sim=0.687 + delta=5
Regular operations,Languages in Compiler Design,6.39-N-B.E.-Data-Science-Sem-III-IV.pdf,2174111,Computational,6,1,,0.2045,0.0,0,No signal: sim=0.205 delta=6 kw=0.000
Regular operations,Nondeterministic Finite Automata (NFA): Definitions,6.39-N-B.E.-Data-Science-Sem-III-IV.pdf,2174111,Computational,7,1,,0.2046,0.0,0,No signal: sim=0.205 delta=7 kw=0.000
Regular operations,Equivalence between NFA with and ϵ- transitions,6.39-N-B.E.-Data-Science-Sem-III-IV.pdf,2174111,Computational,8,1,,0.0974,0.0,0,Low sim=0.097
Regular operations,Minimization of DFA,6.39-N-B.E.-Data-Science-Sem-III-IV.pdf,2174111,Computational,9,1,,0.2333,0.0,0,No signal: sim=0.233 delta=9 kw=0.000
Arden's theorem,Decision properties of RLs,6.39-N-B.E.-Data-Science-Sem-III-IV.pdf,2174111,Computational,1,1,,0.0956,0.0,0,Low sim=0.096
Arden's theorem,Pumping lemma for RLs,6.39-N-B.E.-Data-Science-Sem-III-IV.pdf,2174111,Computational,2,1,,0.2223,0.0,1,Adjacent topics: delta=2 + sim=0.222
Arden's theorem,RE in text search and replace,6.39-N-B.E.-Data-Science-Sem-III-IV.pdf,2174111,Computational,3,1,,0.0297,0.0,0,Low sim=0.030
Arden's theorem,Application of Regular,6.39-N-B.E.-Data-Science-Sem-III-IV.pdf,2174111,Computational,4,1,,0.2475,0.0,0,No signal: sim=0.248 delta=4 kw=0.000
Arden's theorem,Languages in Compiler Design,6.39-N-B.E.-Data-Science-Sem-III-IV.pdf,2174111,Computational,5,1,,0.0519,0.0,0,Low sim=0.052
Arden's theorem,Nondeterministic Finite Automata (NFA): Definitions,6.39-N-B.E.-Data-Science-Sem-III-IV.pdf,2174111,Computational,6,1,,0.074,0.0,0,Low sim=0.074
Arden's theorem,Equivalence between NFA with and ϵ- transitions,6.39-N-B.E.-Data-Science-Sem-III-IV.pdf,2174111,Computational,7,1,,0.1255,0.0,0,Low sim=0.125
Arden's theorem,Minimization of DFA,6.39-N-B.E.-Data-Science-Sem-III-IV.pdf,2174111,Computational,8,1,,0.0896,0.0,0,Low sim=0.090
Decision properties of RLs,Pumping lemma for RLs,6.39-N-B.E.-Data-Science-Sem-III-IV.pdf,2174111,Computational,1,1,,0.5024,0.1429,1,sim=0.502>=0.45 + delta=1<=5
Decision properties of RLs,RE in text search and replace,6.39-N-B.E.-Data-Science-Sem-III-IV.pdf,2174111,Computational,2,1,,0.032,0.0,0,Low sim=0.032
Decision properties of RLs,Application of Regular,6.39-N-B.E.-Data-Science-Sem-III-IV.pdf,2174111,Computational,3,1,,0.1588,0.1667,0,No signal: sim=0.159 delta=3 kw=0.167
Decision properties of RLs,Languages in Compiler Design,6.39-N-B.E.-Data-Science-Sem-III-IV.pdf,2174111,Computational,4,1,,0.1739,0.0,0,No signal: sim=0.174 delta=4 kw=0.000
Decision properties of RLs,Nondeterministic Finite Automata (NFA): Definitions,6.39-N-B.E.-Data-Science-Sem-III-IV.pdf,2174111,Computational,5,1,,0.2488,0.0,0,No signal: sim=0.249 delta=5 kw=0.000
Decision properties of RLs,Equivalence between NFA with and ϵ- transitions,6.39-N-B.E.-Data-Science-Sem-III-IV.pdf,2174111,Computational,6,1,,0.1531,0.0,0,No signal: sim=0.153 delta=6 kw=0.000
Decision properties of RLs,Minimization of DFA,6.39-N-B.E.-Data-Science-Sem-III-IV.pdf,2174111,Computational,7,1,,0.1913,0.1667,0,No signal: sim=0.191 delta=7 kw=0.167
Pumping lemma for RLs,RE in text search and replace,6.39-N-B.E.-Data-Science-Sem-III-IV.pdf,2174111,Computational,1,1,,0.1502,0.0,0,No signal: sim=0.150 delta=1 kw=0.000
Pumping lemma for RLs,Application of Regular,6.39-N-B.E.-Data-Science-Sem-III-IV.pdf,2174111,Computational,2,1,,0.1671,0.0,0,No signal: sim=0.167 delta=2 kw=0.000
Pumping lemma for RLs,Languages in Compiler Design,6.39-N-B.E.-Data-Science-Sem-III-IV.pdf,2174111,Computational,3,1,,0.258,0.0,0,No signal: sim=0.258 delta=3 kw=0.000
Pumping lemma for RLs,Nondeterministic Finite Automata (NFA): Definitions,6.39-N-B.E.-Data-Science-Sem-III-IV.pdf,2174111,Computational,4,1,,0.1616,0.0,0,No signal: sim=0.162 delta=4 kw=0.000
Pumping lemma for RLs,Equivalence between NFA with and ϵ- transitions,6.39-N-B.E.-Data-Science-Sem-III-IV.pdf,2174111,Computational,5,1,,0.1734,0.0,0,No signal: sim=0.173 delta=5 kw=0.000
Pumping lemma for RLs,Minimization of DFA,6.39-N-B.E.-Data-Science-Sem-III-IV.pdf,2174111,Computational,6,1,,0.1472,0.0,0,Low sim=0.147
RE in text search and replace,Application of Regular,6.39-N-B.E.-Data-Science-Sem-III-IV.pdf,2174111,Computational,1,1,,0.1369,0.0,0,Low sim=0.137
RE in text search and replace,Languages in Compiler Design,6.39-N-B.E.-Data-Science-Sem-III-IV.pdf,2174111,Computational,2,1,,0.0087,0.1111,0,Low sim=0.009
RE in text search and replace,Nondeterministic Finite Automata (NFA): Definitions,6.39-N-B.E.-Data-Science-Sem-III-IV.pdf,2174111,Computational,3,1,,0.0547,0.0,0,Low sim=0.055
RE in text search and replace,Equivalence between NFA with and ϵ- transitions,6.39-N-B.E.-Data-Science-Sem-III-IV.pdf,2174111,Computational,4,1,,0.0344,0.0833,0,Low sim=0.034
RE in text search and replace,Minimization of DFA,6.39-N-B.E.-Data-Science-Sem-III-IV.pdf,2174111,Computational,5,1,,0.056,0.0,0,Low sim=0.056
Application of Regular,Languages in Compiler Design,6.39-N-B.E.-Data-Science-Sem-III-IV.pdf,2174111,Computational,1,1,,0.127,0.0,0,Low sim=0.127
Application of Regular,Nondeterministic Finite Automata (NFA): Definitions,6.39-N-B.E.-Data-Science-Sem-III-IV.pdf,2174111,Computational,2,1,,0.2048,0.0,1,Adjacent topics: delta=2 + sim=0.205
Application of Regular,Equivalence between NFA with and ϵ- transitions,6.39-N-B.E.-Data-Science-Sem-III-IV.pdf,2174111,Computational,3,1,,0.1411,0.0,0,Low sim=0.141
Application of Regular,Minimization of DFA,6.39-N-B.E.-Data-Science-Sem-III-IV.pdf,2174111,Computational,4,1,,0.289,0.2,0,No signal: sim=0.289 delta=4 kw=0.200
Languages in Compiler Design,Nondeterministic Finite Automata (NFA): Definitions,6.39-N-B.E.-Data-Science-Sem-III-IV.pdf,2174111,Computational,1,1,,0.2147,0.0,1,Adjacent topics: delta=1 + sim=0.215
Languages in Compiler Design,Equivalence between NFA with and ϵ- transitions,6.39-N-B.E.-Data-Science-Sem-III-IV.pdf,2174111,Computational,2,1,,0.1073,0.0,0,Low sim=0.107
Languages in Compiler Design,Minimization of DFA,6.39-N-B.E.-Data-Science-Sem-III-IV.pdf,2174111,Computational,3,1,,0.146,0.0,0,Low sim=0.146
Nondeterministic Finite Automata (NFA): Definitions,Equivalence between NFA with and ϵ- transitions,6.39-N-B.E.-Data-Science-Sem-III-IV.pdf,2174111,Computational,1,1,,0.5904,0.0909,1,sim=0.590>=0.45 + delta=1<=5
Nondeterministic Finite Automata (NFA): Definitions,Minimization of DFA,6.39-N-B.E.-Data-Science-Sem-III-IV.pdf,2174111,Computational,2,1,,0.5158,0.0,1,sim=0.516>=0.45 + delta=2<=5
Equivalence between NFA with and ϵ- transitions,Minimization of DFA,6.39-N-B.E.-Data-Science-Sem-III-IV.pdf,2174111,Computational,1,1,,0.4193,0.0,1,Adjacent topics: delta=1 + sim=0.419
Relationship (EER) Model,"Generalization, Specialization and Aggregation",6.39-N-B.E.-Data-Science-Sem-III-IV.pdf,2174112,Database Management System,1,1,,0.1203,0.0,0,Low sim=0.120
Relationship (EER) Model,"Introduction to the Relational Model, relational",6.39-N-B.E.-Data-Science-Sem-III-IV.pdf,2174112,Database Management System,2,1,,0.5185,0.1429,1,sim=0.518>=0.45 + delta=2<=5
Relationship (EER) Model,"EER Model to the Relational Model, Relational",6.39-N-B.E.-Data-Science-Sem-III-IV.pdf,2174112,Database Management System,3,1,,0.8421,0.3333,1,High sim=0.842 + delta=3
Relationship (EER) Model,"Overview of SQL, Data Definition Commands",6.39-N-B.E.-Data-Science-Sem-III-IV.pdf,2174112,Database Management System,4,1,,0.1176,0.0,0,Low sim=0.118
Relationship (EER) Model,"Integrity constraints: key constraints, Domain",6.39-N-B.E.-Data-Science-Sem-III-IV.pdf,2174112,Database Management System,5,1,,0.2034,0.0,0,No signal: sim=0.203 delta=5 kw=0.000
Relationship (EER) Model,"Triggers, Introduction to Pl/SQL Block Structure",6.39-N-B.E.-Data-Science-Sem-III-IV.pdf,2174112,Database Management System,6,1,,0.1301,0.0,0,Low sim=0.130
Relationship (EER) Model,"Pitfalls in relational database designs, Concept",6.39-N-B.E.-Data-Science-Sem-III-IV.pdf,2174112,Database Management System,7,1,,0.3273,0.0,1,Foundational kw + sim=0.327 + delta=7
Relationship (EER) Model,"Concurrent Executions, Serializability",6.39-N-B.E.-Data-Science-Sem-III-IV.pdf,2174112,Database Management System,8,1,,0.0581,0.0,0,Low sim=0.058
Relationship (EER) Model,"Cloud Database, Introduction of Distributed",6.39-N-B.E.-Data-Science-Sem-III-IV.pdf,2174112,Database Management System,9,1,,0.1208,0.0,0,Low sim=0.121
"Generalization, Specialization and Aggregation","Introduction to the Relational Model, relational",6.39-N-B.E.-Data-Science-Sem-III-IV.pdf,2174112,Database Management System,1,1,,0.2568,0.0,1,Adjacent topics: delta=1 + sim=0.257
"Generalization, Specialization and Aggregation","EER Model to the Relational Model, Relational",6.39-N-B.E.-Data-Science-Sem-III-IV.pdf,2174112,Database Management System,2,1,,0.2326,0.0,1,Adjacent topics: delta=2 + sim=0.233
"Generalization, Specialization and Aggregation","Overview of SQL, Data Definition Commands",6.39-N-B.E.-Data-Science-Sem-III-IV.pdf,2174112,Database Management System,3,1,,0.2145,0.0,0,No signal: sim=0.214 delta=3 kw=0.000
"Generalization, Specialization and Aggregation","Integrity constraints: key constraints, Domain",6.39-N-B.E.-Data-Science-Sem-III-IV.pdf,2174112,Database Management System,4,1,,0.2391,0.0,0,No signal: sim=0.239 delta=4 kw=0.000
"Generalization, Specialization and Aggregation","Triggers, Introduction to Pl/SQL Block Structure",6.39-N-B.E.-Data-Science-Sem-III-IV.pdf,2174112,Database Management System,5,1,,0.2173,0.0,0,No signal: sim=0.217 delta=5 kw=0.000
"Generalization, Specialization and Aggregation","Pitfalls in relational database designs, Concept",6.39-N-B.E.-Data-Science-Sem-III-IV.pdf,2174112,Database Management System,6,1,,0.2946,0.0,0,No signal: sim=0.295 delta=6 kw=0.000
"Generalization, Specialization and Aggregation","Concurrent Executions, Serializability",6.39-N-B.E.-Data-Science-Sem-III-IV.pdf,2174112,Database Management System,7,1,,0.2549,0.0,0,No signal: sim=0.255 delta=7 kw=0.000
"Generalization, Specialization and Aggregation","Cloud Database, Introduction of Distributed",6.39-N-B.E.-Data-Science-Sem-III-IV.pdf,2174112,Database Management System,8,1,,0.2213,0.0,0,No signal: sim=0.221 delta=8 kw=0.000
"Introduction to the Relational Model, relational","EER Model to the Relational Model, Relational",6.39-N-B.E.-Data-Science-Sem-III-IV.pdf,2174112,Database Management System,1,1,,0.723,0.6667,1,High sim=0.723 + delta=1
"Introduction to the Relational Model, relational","Overview of SQL, Data Definition Commands",6.39-N-B.E.-Data-Science-Sem-III-IV.pdf,2174112,Database Management System,2,1,,0.2286,0.0,1,Adjacent topics: delta=2 + sim=0.229
"Introduction to the Relational Model, relational","Integrity constraints: key constraints, Domain",6.39-N-B.E.-Data-Science-Sem-III-IV.pdf,2174112,Database Management System,3,1,,0.3045,0.0,1,Foundational kw + sim=0.305 + delta=3
"Introduction to the Relational Model, relational","Triggers, Introduction to Pl/SQL Block Structure",6.39-N-B.E.-Data-Science-Sem-III-IV.pdf,2174112,Database Management System,4,1,,0.2218,0.2,0,No signal: sim=0.222 delta=4 kw=0.200
"Introduction to the Relational Model, relational","Pitfalls in relational database designs, Concept",6.39-N-B.E.-Data-Science-Sem-III-IV.pdf,2174112,Database Management System,5,1,,0.5666,0.1,1,sim=0.567>=0.45 + delta=5<=5
"Introduction to the Relational Model, relational","Concurrent Executions, Serializability",6.39-N-B.E.-Data-Science-Sem-III-IV.pdf,2174112,Database Management System,6,1,,0.1168,0.0,0,Low sim=0.117
"Introduction to the Relational Model, relational","Cloud Database, Introduction of Distributed",6.39-N-B.E.-Data-Science-Sem-III-IV.pdf,2174112,Database Management System,7,1,,0.2594,0.1111,1,Foundational kw + sim=0.259 + delta=7
"EER Model to the Relational Model, Relational","Overview of SQL, Data Definition Commands",6.39-N-B.E.-Data-Science-Sem-III-IV.pdf,2174112,Database Management System,1,1,,0.2588,0.0,1,Foundational kw + sim=0.259 + delta=1
"EER Model to the Relational Model, Relational","Integrity constraints: key constraints, Domain",6.39-N-B.E.-Data-Science-Sem-III-IV.pdf,2174112,Database Management System,2,1,,0.2939,0.0,1,Foundational kw + sim=0.294 + delta=2
"EER Model to the Relational Model, Relational","Triggers, Introduction to Pl/SQL Block Structure",6.39-N-B.E.-Data-Science-Sem-III-IV.pdf,2174112,Database Management System,3,1,,0.235,0.0909,0,No signal: sim=0.235 delta=3 kw=0.091
"EER Model to the Relational Model, Relational","Pitfalls in relational database designs, Concept",6.39-N-B.E.-Data-Science-Sem-III-IV.pdf,2174112,Database Management System,4,1,,0.5219,0.1,1,sim=0.522>=0.45 + delta=4<=5
"EER Model to the Relational Model, Relational","Concurrent Executions, Serializability",6.39-N-B.E.-Data-Science-Sem-III-IV.pdf,2174112,Database Management System,5,1,,0.1145,0.0,0,Low sim=0.115
"EER Model to the Relational Model, Relational","Cloud Database, Introduction of Distributed",6.39-N-B.E.-Data-Science-Sem-III-IV.pdf,2174112,Database Management System,6,1,,0.217,0.0,0,No signal: sim=0.217 delta=6 kw=0.000
"Overview of SQL, Data Definition Commands","Integrity constraints: key constraints, Domain",6.39-N-B.E.-Data-Science-Sem-III-IV.pdf,2174112,Database Management System,1,1,,0.2471,0.0,1,Adjacent topics: delta=1 + sim=0.247
"Overview of SQL, Data Definition Commands","Triggers, Introduction to Pl/SQL Block Structure",6.39-N-B.E.-Data-Science-Sem-III-IV.pdf,2174112,Database Management System,2,1,,0.5056,0.0833,1,sim=0.506>=0.45 + delta=2<=5
"Overview of SQL, Data Definition Commands","Pitfalls in relational database designs, Concept",6.39-N-B.E.-Data-Science-Sem-III-IV.pdf,2174112,Database Management System,3,1,,0.3288,0.0,1,Foundational kw + sim=0.329 + delta=3
"Overview of SQL, Data Definition Commands","Concurrent Executions, Serializability",6.39-N-B.E.-Data-Science-Sem-III-IV.pdf,2174112,Database Management System,4,1,,0.1166,0.0,0,Low sim=0.117
"Overview of SQL, Data Definition Commands","Cloud Database, Introduction of Distributed",6.39-N-B.E.-Data-Science-Sem-III-IV.pdf,2174112,Database Management System,5,1,,0.2886,0.1,1,Foundational kw + sim=0.289 + delta=5
"Integrity constraints: key constraints, Domain","Triggers, Introduction to Pl/SQL Block Structure",6.39-N-B.E.-Data-Science-Sem-III-IV.pdf,2174112,Database Management System,1,1,,0.3377,0.0,1,Adjacent topics: delta=1 + sim=0.338
"Integrity constraints: key constraints, Domain","Pitfalls in relational database designs, Concept",6.39-N-B.E.-Data-Science-Sem-III-IV.pdf,2174112,Database Management System,2,1,,0.3556,0.0,1,Adjacent topics: delta=2 + sim=0.356
"Integrity constraints: key constraints, Domain","Concurrent Executions, Serializability",6.39-N-B.E.-Data-Science-Sem-III-IV.pdf,2174112,Database Management System,3,1,,0.3471,0.0,0,No signal: sim=0.347 delta=3 kw=0.000
"Integrity constraints: key constraints, Domain","Cloud Database, Introduction of Distributed",6.39-N-B.E.-Data-Science-Sem-III-IV.pdf,2174112,Database Management System,4,1,,0.1594,0.0,0,No signal: sim=0.159 delta=4 kw=0.000
"Triggers, Introduction to Pl/SQL Block Structure","Pitfalls in relational database designs, Concept",6.39-N-B.E.-Data-Science-Sem-III-IV.pdf,2174112,Database Management System,1,1,,0.397,0.0,1,Foundational kw + sim=0.397 + delta=1
"Triggers, Introduction to Pl/SQL Block Structure","Concurrent Executions, Serializability",6.39-N-B.E.-Data-Science-Sem-III-IV.pdf,2174112,Database Management System,2,1,,0.2327,0.0,1,Adjacent topics: delta=2 + sim=0.233
"Triggers, Introduction to Pl/SQL Block Structure","Cloud Database, Introduction of Distributed",6.39-N-B.E.-Data-Science-Sem-III-IV.pdf,2174112,Database Management System,3,1,,0.2646,0.0909,1,Foundational kw + sim=0.265 + delta=3
"Pitfalls in relational database designs, Concept","Concurrent Executions, Serializability",6.39-N-B.E.-Data-Science-Sem-III-IV.pdf,2174112,Database Management System,1,1,,0.1842,0.0,0,No signal: sim=0.184 delta=1 kw=0.000
"Pitfalls in relational database designs, Concept","Cloud Database, Introduction of Distributed",6.39-N-B.E.-Data-Science-Sem-III-IV.pdf,2174112,Database Management System,2,1,,0.3498,0.1,1,Foundational kw + sim=0.350 + delta=2
"Concurrent Executions, Serializability","Cloud Database, Introduction of Distributed",6.39-N-B.E.-Data-Science-Sem-III-IV.pdf,2174112,Database Management System,1,1,,0.2068,0.0,1,Adjacent topics: delta=1 + sim=0.207
Special-purpose,Open-source and Proprietary Operating System,6.39-N-B.E.-Data-Science-Sem-III-IV.pdf,2174113,Operating System,1,1,,0.1526,0.0,0,No signal: sim=0.153 delta=1 kw=0.000
Special-purpose,Fundamentals of Distributed Operating System,6.39-N-B.E.-Data-Science-Sem-III-IV.pdf,2174113,Operating System,2,1,,0.1752,0.0,0,No signal: sim=0.175 delta=2 kw=0.000
Special-purpose,Network Operating System,6.39-N-B.E.-Data-Science-Sem-III-IV.pdf,2174113,Operating System,3,1,,0.1191,0.0,0,Low sim=0.119
Special-purpose,Real-Time,6.39-N-B.E.-Data-Science-Sem-III-IV.pdf,2174113,Operating System,4,1,,0.2769,0.0,0,No signal: sim=0.277 delta=4 kw=0.000
Special-purpose,Mobile Operating System,6.39-N-B.E.-Data-Science-Sem-III-IV.pdf,2174113,Operating System,5,1,,0.1539,0.0,0,No signal: sim=0.154 delta=5 kw=0.000
Special-purpose,Special-purpose Operating Systems,6.39-N-B.E.-Data-Science-Sem-III-IV.pdf,2174113,Operating System,6,1,,0.5603,0.5,1,Lexical containment + delta=6
Open-source and Proprietary Operating System,Fundamentals of Distributed Operating System,6.39-N-B.E.-Data-Science-Sem-III-IV.pdf,2174113,Operating System,1,1,,0.5654,0.2222,1,sim=0.565>=0.45 + delta=1<=5
Open-source and Proprietary Operating System,Network Operating System,6.39-N-B.E.-Data-Science-Sem-III-IV.pdf,2174113,Operating System,2,1,,0.5509,0.2857,1,sim=0.551>=0.45 + delta=2<=5
Open-source and Proprietary Operating System,Real-Time,6.39-N-B.E.-Data-Science-Sem-III-IV.pdf,2174113,Operating System,3,1,,0.2827,0.0,0,No signal: sim=0.283 delta=3 kw=0.000
Open-source and Proprietary Operating System,Mobile Operating System,6.39-N-B.E.-Data-Science-Sem-III-IV.pdf,2174113,Operating System,4,1,,0.531,0.2857,1,sim=0.531>=0.45 + delta=4<=5
Open-source and Proprietary Operating System,Special-purpose Operating Systems,6.39-N-B.E.-Data-Science-Sem-III-IV.pdf,2174113,Operating System,5,1,,0.6814,0.1111,1,High sim=0.681 + delta=5
Fundamentals of Distributed Operating System,Network Operating System,6.39-N-B.E.-Data-Science-Sem-III-IV.pdf,2174113,Operating System,1,1,,0.647,0.3333,1,High sim=0.647 + delta=1
Fundamentals of Distributed Operating System,Real-Time,6.39-N-B.E.-Data-Science-Sem-III-IV.pdf,2174113,Operating System,2,1,,0.2594,0.0,1,Foundational kw + sim=0.259 + delta=2
Fundamentals of Distributed Operating System,Mobile Operating System,6.39-N-B.E.-Data-Science-Sem-III-IV.pdf,2174113,Operating System,3,1,,0.5512,0.3333,1,sim=0.551>=0.45 + delta=3<=5
Fundamentals of Distributed Operating System,Special-purpose Operating Systems,6.39-N-B.E.-Data-Science-Sem-III-IV.pdf,2174113,Operating System,4,1,,0.6744,0.125,1,High sim=0.674 + delta=4
Network Operating System,Real-Time,6.39-N-B.E.-Data-Science-Sem-III-IV.pdf,2174113,Operating System,1,1,,0.2475,0.0,1,Adjacent topics: delta=1 + sim=0.248
Network Operating System,Mobile Operating System,6.39-N-B.E.-Data-Science-Sem-III-IV.pdf,2174113,Operating System,2,1,,0.6214,0.5,1,High sim=0.621 + delta=2
Network Operating System,Special-purpose Operating Systems,6.39-N-B.E.-Data-Science-Sem-III-IV.pdf,2174113,Operating System,3,1,,0.6075,0.1667,1,High sim=0.608 + delta=3
Real-Time,Mobile Operating System,6.39-N-B.E.-Data-Science-Sem-III-IV.pdf,2174113,Operating System,1,1,,0.2806,0.0,1,Adjacent topics: delta=1 + sim=0.281
Real-Time,Special-purpose Operating Systems,6.39-N-B.E.-Data-Science-Sem-III-IV.pdf,2174113,Operating System,2,1,,0.3042,0.0,1,Adjacent topics: delta=2 + sim=0.304
Mobile Operating System,Special-purpose Operating Systems,6.39-N-B.E.-Data-Science-Sem-III-IV.pdf,2174113,Operating System,1,1,,0.5923,0.1667,1,sim=0.592>=0.45 + delta=1<=5
Properties of Eigen,Similarity of matrices,6.40-N-Chemical-Engineering-Sem-III-IV.pdf,2073111,Chemical Engineering Mathematics,1,1,,0.3413,0.2,1,Adjacent topics: delta=1 + sim=0.341
Properties of Eigen,Diagonalization of matrices,6.40-N-Chemical-Engineering-Sem-III-IV.pdf,2073111,Chemical Engineering Mathematics,2,1,,0.5046,0.2,1,sim=0.505>=0.45 + delta=2<=5
Properties of Eigen,Applying to chemical engineering problems related,6.40-N-Chemical-Engineering-Sem-III-IV.pdf,2073111,Chemical Engineering Mathematics,3,1,,0.0755,0.0,0,Low sim=0.075
Properties of Eigen,Eulers method,6.40-N-Chemical-Engineering-Sem-III-IV.pdf,2073111,Chemical Engineering Mathematics,4,1,,0.0025,0.0,0,Low sim=0.002
Properties of Eigen,Kutta second Order method,6.40-N-Chemical-Engineering-Sem-III-IV.pdf,2073111,Chemical Engineering Mathematics,5,1,,0.0783,0.0,0,Low sim=0.078
Properties of Eigen,Applications of Runge-Kutta Fourth order,6.40-N-Chemical-Engineering-Sem-III-IV.pdf,2073111,Chemical Engineering Mathematics,6,1,,0.0695,0.125,0,Low sim=0.069
Properties of Eigen,Method and Adam Bashford Predictor,6.40-N-Chemical-Engineering-Sem-III-IV.pdf,2073111,Chemical Engineering Mathematics,7,1,,0.0263,0.0,0,Low sim=0.026
Properties of Eigen,Corrector Method to chemical engineering,6.40-N-Chemical-Engineering-Sem-III-IV.pdf,2073111,Chemical Engineering Mathematics,8,1,,-0.0166,0.0,0,Low sim=-0.017
Properties of Eigen,Forward and Backward difference operators ∆,6.40-N-Chemical-Engineering-Sem-III-IV.pdf,2073111,Chemical Engineering Mathematics,9,1,,0.1639,0.0,0,No signal: sim=0.164 delta=9 kw=0.000
Properties of Eigen,Shift operator E,6.40-N-Chemical-Engineering-Sem-III-IV.pdf,2073111,Chemical Engineering Mathematics,10,1,,0.2273,0.0,0,No signal: sim=0.227 delta=10 kw=0.000
Properties of Eigen,Relation between E,6.40-N-Chemical-Engineering-Sem-III-IV.pdf,2073111,Chemical Engineering Mathematics,11,1,,0.2857,0.0,0,No signal: sim=0.286 delta=11 kw=0.000
Similarity of matrices,Diagonalization of matrices,6.40-N-Chemical-Engineering-Sem-III-IV.pdf,2073111,Chemical Engineering Mathematics,1,1,,0.5227,0.5,1,sim=0.523>=0.45 + delta=1<=5
Similarity of matrices,Applying to chemical engineering problems related,6.40-N-Chemical-Engineering-Sem-III-IV.pdf,2073111,Chemical Engineering Mathematics,2,1,,0.0178,0.0,0,Low sim=0.018
Similarity of matrices,Eulers method,6.40-N-Chemical-Engineering-Sem-III-IV.pdf,2073111,Chemical Engineering Mathematics,3,1,,-0.0183,0.0,0,Low sim=-0.018
Similarity of matrices,Kutta second Order method,6.40-N-Chemical-Engineering-Sem-III-IV.pdf,2073111,Chemical Engineering Mathematics,4,1,,0.0057,0.0,0,Low sim=0.006
Similarity of matrices,Applications of Runge-Kutta Fourth order,6.40-N-Chemical-Engineering-Sem-III-IV.pdf,2073111,Chemical Engineering Mathematics,5,1,,0.0246,0.125,0,Low sim=0.025
Similarity of matrices,Method and Adam Bashford Predictor,6.40-N-Chemical-Engineering-Sem-III-IV.pdf,2073111,Chemical Engineering Mathematics,6,1,,0.0368,0.0,0,Low sim=0.037
Similarity of matrices,Corrector Method to chemical engineering,6.40-N-Chemical-Engineering-Sem-III-IV.pdf,2073111,Chemical Engineering Mathematics,7,1,,-0.0119,0.0,0,Low sim=-0.012
Similarity of matrices,Forward and Backward difference operators ∆,6.40-N-Chemical-Engineering-Sem-III-IV.pdf,2073111,Chemical Engineering Mathematics,8,1,,0.1259,0.0,0,Low sim=0.126
Similarity of matrices,Shift operator E,6.40-N-Chemical-Engineering-Sem-III-IV.pdf,2073111,Chemical Engineering Mathematics,9,1,,0.0607,0.0,0,Low sim=0.061
Similarity of matrices,Relation between E,6.40-N-Chemical-Engineering-Sem-III-IV.pdf,2073111,Chemical Engineering Mathematics,10,1,,0.1578,0.0,0,No signal: sim=0.158 delta=10 kw=0.000
Diagonalization of matrices,Applying to chemical engineering problems related,6.40-N-Chemical-Engineering-Sem-III-IV.pdf,2073111,Chemical Engineering Mathematics,1,1,,0.012,0.0,0,Low sim=0.012
Diagonalization of matrices,Eulers method,6.40-N-Chemical-Engineering-Sem-III-IV.pdf,2073111,Chemical Engineering Mathematics,2,1,,0.0375,0.0,0,Low sim=0.038
Diagonalization of matrices,Kutta second Order method,6.40-N-Chemical-Engineering-Sem-III-IV.pdf,2073111,Chemical Engineering Mathematics,3,1,,0.1198,0.0,0,Low sim=0.120
Diagonalization of matrices,Applications of Runge-Kutta Fourth order,6.40-N-Chemical-Engineering-Sem-III-IV.pdf,2073111,Chemical Engineering Mathematics,4,1,,0.0885,0.125,0,Low sim=0.089
Diagonalization of matrices,Method and Adam Bashford Predictor,6.40-N-Chemical-Engineering-Sem-III-IV.pdf,2073111,Chemical Engineering Mathematics,5,1,,0.068,0.0,0,Low sim=0.068
Diagonalization of matrices,Corrector Method to chemical engineering,6.40-N-Chemical-Engineering-Sem-III-IV.pdf,2073111,Chemical Engineering Mathematics,6,1,,0.0424,0.0,0,Low sim=0.042
Diagonalization of matrices,Forward and Backward difference operators ∆,6.40-N-Chemical-Engineering-Sem-III-IV.pdf,2073111,Chemical Engineering Mathematics,7,1,,0.1485,0.0,0,Low sim=0.148
Diagonalization of matrices,Shift operator E,6.40-N-Chemical-Engineering-Sem-III-IV.pdf,2073111,Chemical Engineering Mathematics,8,1,,0.113,0.0,0,Low sim=0.113
Diagonalization of matrices,Relation between E,6.40-N-Chemical-Engineering-Sem-III-IV.pdf,2073111,Chemical Engineering Mathematics,9,1,,0.0144,0.0,0,Low sim=0.014
Applying to chemical engineering problems related,Eulers method,6.40-N-Chemical-Engineering-Sem-III-IV.pdf,2073111,Chemical Engineering Mathematics,1,1,,0.1601,0.0,0,No signal: sim=0.160 delta=1 kw=0.000
Applying to chemical engineering problems related,Kutta second Order method,6.40-N-Chemical-Engineering-Sem-III-IV.pdf,2073111,Chemical Engineering Mathematics,2,1,,0.182,0.0,0,No signal: sim=0.182 delta=2 kw=0.000
Applying to chemical engineering problems related,Applications of Runge-Kutta Fourth order,6.40-N-Chemical-Engineering-Sem-III-IV.pdf,2073111,Chemical Engineering Mathematics,3,1,,0.1858,0.0,0,No signal: sim=0.186 delta=3 kw=0.000
Applying to chemical engineering problems related,Method and Adam Bashford Predictor,6.40-N-Chemical-Engineering-Sem-III-IV.pdf,2073111,Chemical Engineering Mathematics,4,1,,0.0921,0.0,0,Low sim=0.092
Applying to chemical engineering problems related,Corrector Method to chemical engineering,6.40-N-Chemical-Engineering-Sem-III-IV.pdf,2073111,Chemical Engineering Mathematics,5,1,,0.6458,0.375,1,High sim=0.646 + delta=5
Applying to chemical engineering problems related,Forward and Backward difference operators ∆,6.40-N-Chemical-Engineering-Sem-III-IV.pdf,2073111,Chemical Engineering Mathematics,6,1,,0.0393,0.0,0,Low sim=0.039
Applying to chemical engineering problems related,Shift operator E,6.40-N-Chemical-Engineering-Sem-III-IV.pdf,2073111,Chemical Engineering Mathematics,7,1,,0.0049,0.0,0,Low sim=0.005
Applying to chemical engineering problems related,Relation between E,6.40-N-Chemical-Engineering-Sem-III-IV.pdf,2073111,Chemical Engineering Mathematics,8,1,,0.0988,0.0,0,Low sim=0.099
Eulers method,Kutta second Order method,6.40-N-Chemical-Engineering-Sem-III-IV.pdf,2073111,Chemical Engineering Mathematics,1,1,,0.4711,0.2,1,sim=0.471>=0.45 + delta=1<=5
Eulers method,Applications of Runge-Kutta Fourth order,6.40-N-Chemical-Engineering-Sem-III-IV.pdf,2073111,Chemical Engineering Mathematics,2,1,,0.4099,0.0,1,Adjacent topics: delta=2 + sim=0.410
Eulers method,Method and Adam Bashford Predictor,6.40-N-Chemical-Engineering-Sem-III-IV.pdf,2073111,Chemical Engineering Mathematics,3,1,,0.2555,0.1667,0,No signal: sim=0.255 delta=3 kw=0.167
Eulers method,Corrector Method to chemical engineering,6.40-N-Chemical-Engineering-Sem-III-IV.pdf,2073111,Chemical Engineering Mathematics,4,1,,0.3499,0.1667,0,No signal: sim=0.350 delta=4 kw=0.167
Eulers method,Forward and Backward difference operators ∆,6.40-N-Chemical-Engineering-Sem-III-IV.pdf,2073111,Chemical Engineering Mathematics,5,1,,0.1891,0.0,0,No signal: sim=0.189 delta=5 kw=0.000
Eulers method,Shift operator E,6.40-N-Chemical-Engineering-Sem-III-IV.pdf,2073111,Chemical Engineering Mathematics,6,1,,0.2119,0.0,0,No signal: sim=0.212 delta=6 kw=0.000
Eulers method,Relation between E,6.40-N-Chemical-Engineering-Sem-III-IV.pdf,2073111,Chemical Engineering Mathematics,7,1,,0.1773,0.0,0,No signal: sim=0.177 delta=7 kw=0.000
Kutta second Order method,Applications of Runge-Kutta Fourth order,6.40-N-Chemical-Engineering-Sem-III-IV.pdf,2073111,Chemical Engineering Mathematics,1,1,,0.7233,0.25,1,High sim=0.723 + delta=1
Kutta second Order method,Method and Adam Bashford Predictor,6.40-N-Chemical-Engineering-Sem-III-IV.pdf,2073111,Chemical Engineering Mathematics,2,1,,0.2409,0.125,1,Adjacent topics: delta=2 + sim=0.241
Kutta second Order method,Corrector Method to chemical engineering,6.40-N-Chemical-Engineering-Sem-III-IV.pdf,2073111,Chemical Engineering Mathematics,3,1,,0.3192,0.125,0,No signal: sim=0.319 delta=3 kw=0.125
Kutta second Order method,Forward and Backward difference operators ∆,6.40-N-Chemical-Engineering-Sem-III-IV.pdf,2073111,Chemical Engineering Mathematics,4,1,,0.1626,0.0,0,No signal: sim=0.163 delta=4 kw=0.000
Kutta second Order method,Shift operator E,6.40-N-Chemical-Engineering-Sem-III-IV.pdf,2073111,Chemical Engineering Mathematics,5,1,,0.0911,0.0,0,Low sim=0.091
Kutta second Order method,Relation between E,6.40-N-Chemical-Engineering-Sem-III-IV.pdf,2073111,Chemical Engineering Mathematics,6,1,,-0.0814,0.0,0,Low sim=-0.081
Applications of Runge-Kutta Fourth order,Method and Adam Bashford Predictor,6.40-N-Chemical-Engineering-Sem-III-IV.pdf,2073111,Chemical Engineering Mathematics,1,1,,0.2847,0.0,1,Adjacent topics: delta=1 + sim=0.285
Applications of Runge-Kutta Fourth order,Corrector Method to chemical engineering,6.40-N-Chemical-Engineering-Sem-III-IV.pdf,2073111,Chemical Engineering Mathematics,2,1,,0.2338,0.0,1,Adjacent topics: delta=2 + sim=0.234
Applications of Runge-Kutta Fourth order,Forward and Backward difference operators ∆,6.40-N-Chemical-Engineering-Sem-III-IV.pdf,2073111,Chemical Engineering Mathematics,3,1,,0.2533,0.0,0,No signal: sim=0.253 delta=3 kw=0.000
Applications of Runge-Kutta Fourth order,Shift operator E,6.40-N-Chemical-Engineering-Sem-III-IV.pdf,2073111,Chemical Engineering Mathematics,4,1,,0.0716,0.0,0,Low sim=0.072
Applications of Runge-Kutta Fourth order,Relation between E,6.40-N-Chemical-Engineering-Sem-III-IV.pdf,2073111,Chemical Engineering Mathematics,5,1,,-0.0343,0.0,0,Low sim=-0.034
Method and Adam Bashford Predictor,Corrector Method to chemical engineering,6.40-N-Chemical-Engineering-Sem-III-IV.pdf,2073111,Chemical Engineering Mathematics,1,1,,0.2992,0.1111,1,Adjacent topics: delta=1 + sim=0.299
Method and Adam Bashford Predictor,Forward and Backward difference operators ∆,6.40-N-Chemical-Engineering-Sem-III-IV.pdf,2073111,Chemical Engineering Mathematics,2,1,,0.0923,0.1111,0,Low sim=0.092
Method and Adam Bashford Predictor,Shift operator E,6.40-N-Chemical-Engineering-Sem-III-IV.pdf,2073111,Chemical Engineering Mathematics,3,1,,0.1189,0.0,0,Low sim=0.119
Method and Adam Bashford Predictor,Relation between E,6.40-N-Chemical-Engineering-Sem-III-IV.pdf,2073111,Chemical Engineering Mathematics,4,1,,0.058,0.0,0,Low sim=0.058
Corrector Method to chemical engineering,Forward and Backward difference operators ∆,6.40-N-Chemical-Engineering-Sem-III-IV.pdf,2073111,Chemical Engineering Mathematics,1,1,,0.0864,0.0,0,Low sim=0.086
Corrector Method to chemical engineering,Shift operator E,6.40-N-Chemical-Engineering-Sem-III-IV.pdf,2073111,Chemical Engineering Mathematics,2,1,,0.0501,0.0,0,Low sim=0.050
Corrector Method to chemical engineering,Relation between E,6.40-N-Chemical-Engineering-Sem-III-IV.pdf,2073111,Chemical Engineering Mathematics,3,1,,0.0026,0.0,0,Low sim=0.003
Forward and Backward difference operators ∆,Shift operator E,6.40-N-Chemical-Engineering-Sem-III-IV.pdf,2073111,Chemical Engineering Mathematics,1,1,,0.4208,0.0,1,Adjacent topics: delta=1 + sim=0.421
Forward and Backward difference operators ∆,Relation between E,6.40-N-Chemical-Engineering-Sem-III-IV.pdf,2073111,Chemical Engineering Mathematics,2,1,,0.1312,0.0,0,Low sim=0.131
Shift operator E,Relation between E,6.40-N-Chemical-Engineering-Sem-III-IV.pdf,2073111,Chemical Engineering Mathematics,1,1,,0.536,0.2,1,sim=0.536>=0.45 + delta=1<=5
Screening equipment – Vibrating screen,Grizzlies and Trommels,6.40-N-Chemical-Engineering-Sem-III-IV.pdf,2074112,Solid Fluid Mechanical Operations,1,1,,-0.0116,0.0,0,Low sim=-0.012
Screening equipment – Vibrating screen,Size reduction of solids. Mechanism of size,6.40-N-Chemical-Engineering-Sem-III-IV.pdf,2074112,Solid Fluid Mechanical Operations,2,1,,0.0285,0.0,0,Low sim=0.029
Screening equipment – Vibrating screen,Size reduction equipment – Jaw crusher,6.40-N-Chemical-Engineering-Sem-III-IV.pdf,2074112,Solid Fluid Mechanical Operations,3,1,,0.2219,0.125,0,No signal: sim=0.222 delta=3 kw=0.125
Screening equipment – Vibrating screen,"Hammer mill, Ball mill and Roll crusher",6.40-N-Chemical-Engineering-Sem-III-IV.pdf,2074112,Solid Fluid Mechanical Operations,4,1,,0.096,0.0,0,Low sim=0.096
Screening equipment – Vibrating screen,Solid mixing – Introduction to solid mixing,6.40-N-Chemical-Engineering-Sem-III-IV.pdf,2074112,Solid Fluid Mechanical Operations,5,1,,-0.0396,0.0,0,Low sim=-0.040
Screening equipment – Vibrating screen,Mixing equipment for cohesive solids,6.40-N-Chemical-Engineering-Sem-III-IV.pdf,2074112,Solid Fluid Mechanical Operations,6,1,,0.118,0.125,0,Low sim=0.118
Screening equipment – Vibrating screen,Mixers for free flowing solids: Ribbon,6.40-N-Chemical-Engineering-Sem-III-IV.pdf,2074112,Solid Fluid Mechanical Operations,7,1,,0.0998,0.0,0,Low sim=0.100
Screening equipment – Vibrating screen,Flow of a single fluid through a packed bed,6.40-N-Chemical-Engineering-Sem-III-IV.pdf,2074112,Solid Fluid Mechanical Operations,8,1,,-0.0389,0.0,0,Low sim=-0.039
Screening equipment – Vibrating screen,Ergun’s equation,6.40-N-Chemical-Engineering-Sem-III-IV.pdf,2074112,Solid Fluid Mechanical Operations,9,1,,-0.0289,0.0,0,Low sim=-0.029
Screening equipment – Vibrating screen,Fluidization: conditions for fluidization,6.40-N-Chemical-Engineering-Sem-III-IV.pdf,2074112,Solid Fluid Mechanical Operations,10,1,,0.005,0.0,0,Low sim=0.005
Screening equipment – Vibrating screen,Solid fluid,6.40-N-Chemical-Engineering-Sem-III-IV.pdf,2074112,Solid Fluid Mechanical Operations,11,1,,0.0794,0.0,0,Low sim=0.079
Screening equipment – Vibrating screen,Sedimentation: Batch sedimentation. Kynch,6.40-N-Chemical-Engineering-Sem-III-IV.pdf,2074112,Solid Fluid Mechanical Operations,12,1,,0.0165,0.0,0,Low sim=0.016
Screening equipment – Vibrating screen,Gas solid separation equipment: Cyclone,6.40-N-Chemical-Engineering-Sem-III-IV.pdf,2074112,Solid Fluid Mechanical Operations,13,1,,0.1332,0.125,0,Low sim=0.133
Screening equipment – Vibrating screen,Storage of solids: Properties of particulate,6.40-N-Chemical-Engineering-Sem-III-IV.pdf,2074112,Solid Fluid Mechanical Operations,14,1,,-0.0234,0.0,0,Low sim=-0.023
Grizzlies and Trommels,Size reduction of solids. Mechanism of size,6.40-N-Chemical-Engineering-Sem-III-IV.pdf,2074112,Solid Fluid Mechanical Operations,1,1,,-0.0333,0.0,0,Low sim=-0.033
Grizzlies and Trommels,Size reduction equipment – Jaw crusher,6.40-N-Chemical-Engineering-Sem-III-IV.pdf,2074112,Solid Fluid Mechanical Operations,2,1,,-0.0165,0.0,0,Low sim=-0.016
Grizzlies and Trommels,"Hammer mill, Ball mill and Roll crusher",6.40-N-Chemical-Engineering-Sem-III-IV.pdf,2074112,Solid Fluid Mechanical Operations,3,1,,0.1728,0.125,0,No signal: sim=0.173 delta=3 kw=0.125
Grizzlies and Trommels,Solid mixing – Introduction to solid mixing,6.40-N-Chemical-Engineering-Sem-III-IV.pdf,2074112,Solid Fluid Mechanical Operations,4,1,,-0.0442,0.0,0,Low sim=-0.044
Grizzlies and Trommels,Mixing equipment for cohesive solids,6.40-N-Chemical-Engineering-Sem-III-IV.pdf,2074112,Solid Fluid Mechanical Operations,5,1,,-0.063,0.0,0,Low sim=-0.063
Grizzlies and Trommels,Mixers for free flowing solids: Ribbon,6.40-N-Chemical-Engineering-Sem-III-IV.pdf,2074112,Solid Fluid Mechanical Operations,6,1,,-0.0494,0.0,0,Low sim=-0.049
Grizzlies and Trommels,Flow of a single fluid through a packed bed,6.40-N-Chemical-Engineering-Sem-III-IV.pdf,2074112,Solid Fluid Mechanical Operations,7,1,,0.0532,0.0,0,Low sim=0.053
Grizzlies and Trommels,Ergun’s equation,6.40-N-Chemical-Engineering-Sem-III-IV.pdf,2074112,Solid Fluid Mechanical Operations,8,1,,0.0399,0.0,0,Low sim=0.040
Grizzlies and Trommels,Fluidization: conditions for fluidization,6.40-N-Chemical-Engineering-Sem-III-IV.pdf,2074112,Solid Fluid Mechanical Operations,9,1,,0.0636,0.0,0,Low sim=0.064
Grizzlies and Trommels,Solid fluid,6.40-N-Chemical-Engineering-Sem-III-IV.pdf,2074112,Solid Fluid Mechanical Operations,10,1,,0.0502,0.0,0,Low sim=0.050
Grizzlies and Trommels,Sedimentation: Batch sedimentation. Kynch,6.40-N-Chemical-Engineering-Sem-III-IV.pdf,2074112,Solid Fluid Mechanical Operations,11,1,,0.0494,0.0,0,Low sim=0.049
Grizzlies and Trommels,Gas solid separation equipment: Cyclone,6.40-N-Chemical-Engineering-Sem-III-IV.pdf,2074112,Solid Fluid Mechanical Operations,12,1,,-0.0644,0.0,0,Low sim=-0.064
Grizzlies and Trommels,Storage of solids: Properties of particulate,6.40-N-Chemical-Engineering-Sem-III-IV.pdf,2074112,Solid Fluid Mechanical Operations,13,1,,-0.1327,0.0,0,Low sim=-0.133
Grizzlies and Trommels,"Conveying, of solids: Belt conveyer, bucket",6.40-N-Chemical-Engineering-Sem-III-IV.pdf,2074112,Solid Fluid Mechanical Operations,14,1,,-0.0625,0.0,0,Low sim=-0.062
Size reduction of solids. Mechanism of size,Size reduction equipment – Jaw crusher,6.40-N-Chemical-Engineering-Sem-III-IV.pdf,2074112,Solid Fluid Mechanical Operations,1,1,,0.5044,0.25,1,sim=0.504>=0.45 + delta=1<=5
Size reduction of solids. Mechanism of size,"Hammer mill, Ball mill and Roll crusher",6.40-N-Chemical-Engineering-Sem-III-IV.pdf,2074112,Solid Fluid Mechanical Operations,2,1,,0.1215,0.0,0,Low sim=0.122
Size reduction of solids. Mechanism of size,Solid mixing – Introduction to solid mixing,6.40-N-Chemical-Engineering-Sem-III-IV.pdf,2074112,Solid Fluid Mechanical Operations,3,1,,0.1973,0.0,0,No signal: sim=0.197 delta=3 kw=0.000
Size reduction of solids. Mechanism of size,Mixing equipment for cohesive solids,6.40-N-Chemical-Engineering-Sem-III-IV.pdf,2074112,Solid Fluid Mechanical Operations,4,1,,0.2637,0.1111,0,No signal: sim=0.264 delta=4 kw=0.111
Size reduction of solids. Mechanism of size,Mixers for free flowing solids: Ribbon,6.40-N-Chemical-Engineering-Sem-III-IV.pdf,2074112,Solid Fluid Mechanical Operations,5,1,,0.2451,0.1,0,No signal: sim=0.245 delta=5 kw=0.100
Size reduction of solids. Mechanism of size,Flow of a single fluid through a packed bed,6.40-N-Chemical-Engineering-Sem-III-IV.pdf,2074112,Solid Fluid Mechanical Operations,6,1,,0.1227,0.0833,0,Low sim=0.123
Size reduction of solids. Mechanism of size,Ergun’s equation,6.40-N-Chemical-Engineering-Sem-III-IV.pdf,2074112,Solid Fluid Mechanical Operations,7,1,,0.1154,0.0,0,Low sim=0.115
Size reduction of solids. Mechanism of size,Fluidization: conditions for fluidization,6.40-N-Chemical-Engineering-Sem-III-IV.pdf,2074112,Solid Fluid Mechanical Operations,8,1,,0.2257,0.0,0,No signal: sim=0.226 delta=8 kw=0.000
Size reduction of solids. Mechanism of size,Solid fluid,6.40-N-Chemical-Engineering-Sem-III-IV.pdf,2074112,Solid Fluid Mechanical Operations,9,1,,0.228,0.0,0,No signal: sim=0.228 delta=9 kw=0.000
Size reduction of solids. Mechanism of size,Sedimentation: Batch sedimentation. Kynch,6.40-N-Chemical-Engineering-Sem-III-IV.pdf,2074112,Solid Fluid Mechanical Operations,10,1,,0.0762,0.0,0,Low sim=0.076
Size reduction of solids. Mechanism of size,Gas solid separation equipment: Cyclone,6.40-N-Chemical-Engineering-Sem-III-IV.pdf,2074112,Solid Fluid Mechanical Operations,11,1,,0.3121,0.0,0,No signal: sim=0.312 delta=11 kw=0.000
Size reduction of solids. Mechanism of size,Storage of solids: Properties of particulate,6.40-N-Chemical-Engineering-Sem-III-IV.pdf,2074112,Solid Fluid Mechanical Operations,12,1,,0.3957,0.25,0,Far apart: delta=12 + sim=0.396
Size reduction of solids. Mechanism of size,"Conveying, of solids: Belt conveyer, bucket",6.40-N-Chemical-Engineering-Sem-III-IV.pdf,2074112,Solid Fluid Mechanical Operations,13,1,,0.2658,0.2222,0,Far apart: delta=13 + sim=0.266
Size reduction equipment – Jaw crusher,"Hammer mill, Ball mill and Roll crusher",6.40-N-Chemical-Engineering-Sem-III-IV.pdf,2074112,Solid Fluid Mechanical Operations,1,1,,0.3894,0.1,1,Adjacent topics: delta=1 + sim=0.389
Size reduction equipment – Jaw crusher,Solid mixing – Introduction to solid mixing,6.40-N-Chemical-Engineering-Sem-III-IV.pdf,2074112,Solid Fluid Mechanical Operations,2,1,,0.0527,0.0,0,Low sim=0.053
Size reduction equipment – Jaw crusher,Mixing equipment for cohesive solids,6.40-N-Chemical-Engineering-Sem-III-IV.pdf,2074112,Solid Fluid Mechanical Operations,3,1,,0.2999,0.1111,0,No signal: sim=0.300 delta=3 kw=0.111
Size reduction equipment – Jaw crusher,Mixers for free flowing solids: Ribbon,6.40-N-Chemical-Engineering-Sem-III-IV.pdf,2074112,Solid Fluid Mechanical Operations,4,1,,0.2731,0.0,0,No signal: sim=0.273 delta=4 kw=0.000
Size reduction equipment – Jaw crusher,Flow of a single fluid through a packed bed,6.40-N-Chemical-Engineering-Sem-III-IV.pdf,2074112,Solid Fluid Mechanical Operations,5,1,,0.0124,0.0,0,Low sim=0.012
Size reduction equipment – Jaw crusher,Ergun’s equation,6.40-N-Chemical-Engineering-Sem-III-IV.pdf,2074112,Solid Fluid Mechanical Operations,6,1,,0.0098,0.0,0,Low sim=0.010
Size reduction equipment – Jaw crusher,Fluidization: conditions for fluidization,6.40-N-Chemical-Engineering-Sem-III-IV.pdf,2074112,Solid Fluid Mechanical Operations,7,1,,0.092,0.0,0,Low sim=0.092
Size reduction equipment – Jaw crusher,Solid fluid,6.40-N-Chemical-Engineering-Sem-III-IV.pdf,2074112,Solid Fluid Mechanical Operations,8,1,,0.02,0.0,0,Low sim=0.020
Size reduction equipment – Jaw crusher,Sedimentation: Batch sedimentation. Kynch,6.40-N-Chemical-Engineering-Sem-III-IV.pdf,2074112,Solid Fluid Mechanical Operations,9,1,,0.0774,0.0,0,Low sim=0.077
Size reduction equipment – Jaw crusher,Gas solid separation equipment: Cyclone,6.40-N-Chemical-Engineering-Sem-III-IV.pdf,2074112,Solid Fluid Mechanical Operations,10,1,,0.279,0.1111,0,No signal: sim=0.279 delta=10 kw=0.111
Size reduction equipment – Jaw crusher,Storage of solids: Properties of particulate,6.40-N-Chemical-Engineering-Sem-III-IV.pdf,2074112,Solid Fluid Mechanical Operations,11,1,,0.0904,0.0,0,Low sim=0.090
Size reduction equipment – Jaw crusher,"Conveying, of solids: Belt conveyer, bucket",6.40-N-Chemical-Engineering-Sem-III-IV.pdf,2074112,Solid Fluid Mechanical Operations,12,1,,0.2372,0.0,0,Far apart: delta=12 + sim=0.237
"Hammer mill, Ball mill and Roll crusher",Solid mixing – Introduction to solid mixing,6.40-N-Chemical-Engineering-Sem-III-IV.pdf,2074112,Solid Fluid Mechanical Operations,1,1,,0.2432,0.0,1,Adjacent topics: delta=1 + sim=0.243
"Hammer mill, Ball mill and Roll crusher",Mixing equipment for cohesive solids,6.40-N-Chemical-Engineering-Sem-III-IV.pdf,2074112,Solid Fluid Mechanical Operations,2,1,,0.2854,0.0,1,Adjacent topics: delta=2 + sim=0.285
"Hammer mill, Ball mill and Roll crusher",Mixers for free flowing solids: Ribbon,6.40-N-Chemical-Engineering-Sem-III-IV.pdf,2074112,Solid Fluid Mechanical Operations,3,1,,0.2836,0.0,0,No signal: sim=0.284 delta=3 kw=0.000
"Hammer mill, Ball mill and Roll crusher",Flow of a single fluid through a packed bed,6.40-N-Chemical-Engineering-Sem-III-IV.pdf,2074112,Solid Fluid Mechanical Operations,4,1,,0.0338,0.0,0,Low sim=0.034
"Hammer mill, Ball mill and Roll crusher",Ergun’s equation,6.40-N-Chemical-Engineering-Sem-III-IV.pdf,2074112,Solid Fluid Mechanical Operations,5,1,,0.0261,0.0,0,Low sim=0.026
"Hammer mill, Ball mill and Roll crusher",Fluidization: conditions for fluidization,6.40-N-Chemical-Engineering-Sem-III-IV.pdf,2074112,Solid Fluid Mechanical Operations,6,1,,0.0543,0.0,0,Low sim=0.054
"Hammer mill, Ball mill and Roll crusher",Solid fluid,6.40-N-Chemical-Engineering-Sem-III-IV.pdf,2074112,Solid Fluid Mechanical Operations,7,1,,0.1826,0.0,0,No signal: sim=0.183 delta=7 kw=0.000
"Hammer mill, Ball mill and Roll crusher",Sedimentation: Batch sedimentation. Kynch,6.40-N-Chemical-Engineering-Sem-III-IV.pdf,2074112,Solid Fluid Mechanical Operations,8,1,,0.1697,0.0,0,No signal: sim=0.170 delta=8 kw=0.000
"Hammer mill, Ball mill and Roll crusher",Gas solid separation equipment: Cyclone,6.40-N-Chemical-Engineering-Sem-III-IV.pdf,2074112,Solid Fluid Mechanical Operations,9,1,,0.1824,0.0,0,No signal: sim=0.182 delta=9 kw=0.000
"Hammer mill, Ball mill and Roll crusher",Storage of solids: Properties of particulate,6.40-N-Chemical-Engineering-Sem-III-IV.pdf,2074112,Solid Fluid Mechanical Operations,10,1,,0.0791,0.0,0,Low sim=0.079
"Hammer mill, Ball mill and Roll crusher","Conveying, of solids: Belt conveyer, bucket",6.40-N-Chemical-Engineering-Sem-III-IV.pdf,2074112,Solid Fluid Mechanical Operations,11,1,,0.379,0.0,0,No signal: sim=0.379 delta=11 kw=0.000
Solid mixing – Introduction to solid mixing,Mixing equipment for cohesive solids,6.40-N-Chemical-Engineering-Sem-III-IV.pdf,2074112,Solid Fluid Mechanical Operations,1,1,,0.7036,0.125,1,High sim=0.704 + delta=1
Solid mixing – Introduction to solid mixing,Mixers for free flowing solids: Ribbon,6.40-N-Chemical-Engineering-Sem-III-IV.pdf,2074112,Solid Fluid Mechanical Operations,2,1,,0.5437,0.0,1,sim=0.544>=0.45 + delta=2<=5
Solid mixing – Introduction to solid mixing,Flow of a single fluid through a packed bed,6.40-N-Chemical-Engineering-Sem-III-IV.pdf,2074112,Solid Fluid Mechanical Operations,3,1,,0.2667,0.0,1,Foundational kw + sim=0.267 + delta=3
Solid mixing – Introduction to solid mixing,Ergun’s equation,6.40-N-Chemical-Engineering-Sem-III-IV.pdf,2074112,Solid Fluid Mechanical Operations,4,1,,0.0433,0.0,0,Low sim=0.043
Solid mixing – Introduction to solid mixing,Fluidization: conditions for fluidization,6.40-N-Chemical-Engineering-Sem-III-IV.pdf,2074112,Solid Fluid Mechanical Operations,5,1,,0.3326,0.0,1,Foundational kw + sim=0.333 + delta=5
Solid mixing – Introduction to solid mixing,Solid fluid,6.40-N-Chemical-Engineering-Sem-III-IV.pdf,2074112,Solid Fluid Mechanical Operations,6,1,,0.492,0.2,1,Foundational kw + sim=0.492 + delta=6
Solid mixing – Introduction to solid mixing,Sedimentation: Batch sedimentation. Kynch,6.40-N-Chemical-Engineering-Sem-III-IV.pdf,2074112,Solid Fluid Mechanical Operations,7,1,,0.2418,0.0,0,No signal: sim=0.242 delta=7 kw=0.000
Solid mixing – Introduction to solid mixing,Gas solid separation equipment: Cyclone,6.40-N-Chemical-Engineering-Sem-III-IV.pdf,2074112,Solid Fluid Mechanical Operations,8,1,,0.3921,0.125,1,Foundational kw + sim=0.392 + delta=8
Solid mixing – Introduction to solid mixing,Storage of solids: Properties of particulate,6.40-N-Chemical-Engineering-Sem-III-IV.pdf,2074112,Solid Fluid Mechanical Operations,9,1,,0.4094,0.0,0,No signal: sim=0.409 delta=9 kw=0.000
Solid mixing – Introduction to solid mixing,"Conveying, of solids: Belt conveyer, bucket",6.40-N-Chemical-Engineering-Sem-III-IV.pdf,2074112,Solid Fluid Mechanical Operations,10,1,,0.2664,0.0,0,No signal: sim=0.266 delta=10 kw=0.000
Mixing equipment for cohesive solids,Mixers for free flowing solids: Ribbon,6.40-N-Chemical-Engineering-Sem-III-IV.pdf,2074112,Solid Fluid Mechanical Operations,1,1,,0.5782,0.2222,1,sim=0.578>=0.45 + delta=1<=5
Mixing equipment for cohesive solids,Flow of a single fluid through a packed bed,6.40-N-Chemical-Engineering-Sem-III-IV.pdf,2074112,Solid Fluid Mechanical Operations,2,1,,0.2133,0.0,1,Adjacent topics: delta=2 + sim=0.213
Mixing equipment for cohesive solids,Ergun’s equation,6.40-N-Chemical-Engineering-Sem-III-IV.pdf,2074112,Solid Fluid Mechanical Operations,3,1,,-0.0442,0.0,0,Low sim=-0.044
Mixing equipment for cohesive solids,Fluidization: conditions for fluidization,6.40-N-Chemical-Engineering-Sem-III-IV.pdf,2074112,Solid Fluid Mechanical Operations,4,1,,0.2461,0.1429,0,No signal: sim=0.246 delta=4 kw=0.143
Mixing equipment for cohesive solids,Solid fluid,6.40-N-Chemical-Engineering-Sem-III-IV.pdf,2074112,Solid Fluid Mechanical Operations,5,1,,0.3754,0.0,0,No signal: sim=0.375 delta=5 kw=0.000
Mixing equipment for cohesive solids,Sedimentation: Batch sedimentation. Kynch,6.40-N-Chemical-Engineering-Sem-III-IV.pdf,2074112,Solid Fluid Mechanical Operations,6,1,,0.1518,0.0,0,No signal: sim=0.152 delta=6 kw=0.000
Mixing equipment for cohesive solids,Gas solid separation equipment: Cyclone,6.40-N-Chemical-Engineering-Sem-III-IV.pdf,2074112,Solid Fluid Mechanical Operations,7,1,,0.4493,0.1111,0,No signal: sim=0.449 delta=7 kw=0.111
Mixing equipment for cohesive solids,Storage of solids: Properties of particulate,6.40-N-Chemical-Engineering-Sem-III-IV.pdf,2074112,Solid Fluid Mechanical Operations,8,1,,0.3968,0.1111,0,No signal: sim=0.397 delta=8 kw=0.111
Mixing equipment for cohesive solids,"Conveying, of solids: Belt conveyer, bucket",6.40-N-Chemical-Engineering-Sem-III-IV.pdf,2074112,Solid Fluid Mechanical Operations,9,1,,0.3905,0.1,0,No signal: sim=0.391 delta=9 kw=0.100
Mixers for free flowing solids: Ribbon,Flow of a single fluid through a packed bed,6.40-N-Chemical-Engineering-Sem-III-IV.pdf,2074112,Solid Fluid Mechanical Operations,1,1,,0.2954,0.0,1,Adjacent topics: delta=1 + sim=0.295
Mixers for free flowing solids: Ribbon,Ergun’s equation,6.40-N-Chemical-Engineering-Sem-III-IV.pdf,2074112,Solid Fluid Mechanical Operations,2,1,,0.0336,0.0,0,Low sim=0.034
Mixers for free flowing solids: Ribbon,Fluidization: conditions for fluidization,6.40-N-Chemical-Engineering-Sem-III-IV.pdf,2074112,Solid Fluid Mechanical Operations,3,1,,0.2854,0.125,0,No signal: sim=0.285 delta=3 kw=0.125
Mixers for free flowing solids: Ribbon,Solid fluid,6.40-N-Chemical-Engineering-Sem-III-IV.pdf,2074112,Solid Fluid Mechanical Operations,4,1,,0.3486,0.0,0,No signal: sim=0.349 delta=4 kw=0.000
Mixers for free flowing solids: Ribbon,Sedimentation: Batch sedimentation. Kynch,6.40-N-Chemical-Engineering-Sem-III-IV.pdf,2074112,Solid Fluid Mechanical Operations,5,1,,0.1048,0.0,0,Low sim=0.105
Mixers for free flowing solids: Ribbon,Gas solid separation equipment: Cyclone,6.40-N-Chemical-Engineering-Sem-III-IV.pdf,2074112,Solid Fluid Mechanical Operations,6,1,,0.3225,0.0,0,No signal: sim=0.322 delta=6 kw=0.000
Mixers for free flowing solids: Ribbon,Storage of solids: Properties of particulate,6.40-N-Chemical-Engineering-Sem-III-IV.pdf,2074112,Solid Fluid Mechanical Operations,7,1,,0.2664,0.1,0,No signal: sim=0.266 delta=7 kw=0.100
Mixers for free flowing solids: Ribbon,"Conveying, of solids: Belt conveyer, bucket",6.40-N-Chemical-Engineering-Sem-III-IV.pdf,2074112,Solid Fluid Mechanical Operations,8,1,,0.4427,0.0909,0,No signal: sim=0.443 delta=8 kw=0.091
Flow of a single fluid through a packed bed,Ergun’s equation,6.40-N-Chemical-Engineering-Sem-III-IV.pdf,2074112,Solid Fluid Mechanical Operations,1,1,,0.1774,0.0,0,No signal: sim=0.177 delta=1 kw=0.000
Flow of a single fluid through a packed bed,Fluidization: conditions for fluidization,6.40-N-Chemical-Engineering-Sem-III-IV.pdf,2074112,Solid Fluid Mechanical Operations,2,1,,0.4483,0.0,1,Adjacent topics: delta=2 + sim=0.448
Flow of a single fluid through a packed bed,Solid fluid,6.40-N-Chemical-Engineering-Sem-III-IV.pdf,2074112,Solid Fluid Mechanical Operations,3,1,,0.464,0.1111,1,sim=0.464>=0.45 + delta=3<=5
Flow of a single fluid through a packed bed,Sedimentation: Batch sedimentation. Kynch,6.40-N-Chemical-Engineering-Sem-III-IV.pdf,2074112,Solid Fluid Mechanical Operations,4,1,,0.1778,0.0,0,No signal: sim=0.178 delta=4 kw=0.000
Flow of a single fluid through a packed bed,Gas solid separation equipment: Cyclone,6.40-N-Chemical-Engineering-Sem-III-IV.pdf,2074112,Solid Fluid Mechanical Operations,5,1,,0.2954,0.0,0,No signal: sim=0.295 delta=5 kw=0.000
Flow of a single fluid through a packed bed,Storage of solids: Properties of particulate,6.40-N-Chemical-Engineering-Sem-III-IV.pdf,2074112,Solid Fluid Mechanical Operations,6,1,,0.1955,0.0833,0,No signal: sim=0.196 delta=6 kw=0.083
Flow of a single fluid through a packed bed,"Conveying, of solids: Belt conveyer, bucket",6.40-N-Chemical-Engineering-Sem-III-IV.pdf,2074112,Solid Fluid Mechanical Operations,7,1,,0.1858,0.0769,0,No signal: sim=0.186 delta=7 kw=0.077
Ergun’s equation,Fluidization: conditions for fluidization,6.40-N-Chemical-Engineering-Sem-III-IV.pdf,2074112,Solid Fluid Mechanical Operations,1,1,,0.1164,0.0,0,Low sim=0.116
Ergun’s equation,Solid fluid,6.40-N-Chemical-Engineering-Sem-III-IV.pdf,2074112,Solid Fluid Mechanical Operations,2,1,,0.1576,0.0,0,No signal: sim=0.158 delta=2 kw=0.000
Ergun’s equation,Sedimentation: Batch sedimentation. Kynch,6.40-N-Chemical-Engineering-Sem-III-IV.pdf,2074112,Solid Fluid Mechanical Operations,3,1,,0.0731,0.0,0,Low sim=0.073
Ergun’s equation,Gas solid separation equipment: Cyclone,6.40-N-Chemical-Engineering-Sem-III-IV.pdf,2074112,Solid Fluid Mechanical Operations,4,1,,-0.0013,0.0,0,Low sim=-0.001
Ergun’s equation,Storage of solids: Properties of particulate,6.40-N-Chemical-Engineering-Sem-III-IV.pdf,2074112,Solid Fluid Mechanical Operations,5,1,,0.1034,0.0,0,Low sim=0.103
Ergun’s equation,"Conveying, of solids: Belt conveyer, bucket",6.40-N-Chemical-Engineering-Sem-III-IV.pdf,2074112,Solid Fluid Mechanical Operations,6,1,,0.1046,0.0,0,Low sim=0.105
Fluidization: conditions for fluidization,Solid fluid,6.40-N-Chemical-Engineering-Sem-III-IV.pdf,2074112,Solid Fluid Mechanical Operations,1,1,,0.4892,0.0,1,sim=0.489>=0.45 + delta=1<=5
Fluidization: conditions for fluidization,Sedimentation: Batch sedimentation. Kynch,6.40-N-Chemical-Engineering-Sem-III-IV.pdf,2074112,Solid Fluid Mechanical Operations,2,1,,0.2386,0.0,1,Adjacent topics: delta=2 + sim=0.239
Fluidization: conditions for fluidization,Gas solid separation equipment: Cyclone,6.40-N-Chemical-Engineering-Sem-III-IV.pdf,2074112,Solid Fluid Mechanical Operations,3,1,,0.2382,0.0,0,No signal: sim=0.238 delta=3 kw=0.000
Fluidization: conditions for fluidization,Storage of solids: Properties of particulate,6.40-N-Chemical-Engineering-Sem-III-IV.pdf,2074112,Solid Fluid Mechanical Operations,4,1,,0.2755,0.0,0,No signal: sim=0.275 delta=4 kw=0.000
Fluidization: conditions for fluidization,"Conveying, of solids: Belt conveyer, bucket",6.40-N-Chemical-Engineering-Sem-III-IV.pdf,2074112,Solid Fluid Mechanical Operations,5,1,,0.2264,0.0,0,No signal: sim=0.226 delta=5 kw=0.000
Solid fluid,Sedimentation: Batch sedimentation. Kynch,6.40-N-Chemical-Engineering-Sem-III-IV.pdf,2074112,Solid Fluid Mechanical Operations,1,1,,0.1672,0.0,0,No signal: sim=0.167 delta=1 kw=0.000
Solid fluid,Gas solid separation equipment: Cyclone,6.40-N-Chemical-Engineering-Sem-III-IV.pdf,2074112,Solid Fluid Mechanical Operations,2,1,,0.3876,0.1667,1,Adjacent topics: delta=2 + sim=0.388
Solid fluid,Storage of solids: Properties of particulate,6.40-N-Chemical-Engineering-Sem-III-IV.pdf,2074112,Solid Fluid Mechanical Operations,3,1,,0.4466,0.0,0,No signal: sim=0.447 delta=3 kw=0.000
Solid fluid,"Conveying, of solids: Belt conveyer, bucket",6.40-N-Chemical-Engineering-Sem-III-IV.pdf,2074112,Solid Fluid Mechanical Operations,4,1,,0.3577,0.0,0,No signal: sim=0.358 delta=4 kw=0.000
Sedimentation: Batch sedimentation. Kynch,Gas solid separation equipment: Cyclone,6.40-N-Chemical-Engineering-Sem-III-IV.pdf,2074112,Solid Fluid Mechanical Operations,1,1,,0.1367,0.0,0,Low sim=0.137
Sedimentation: Batch sedimentation. Kynch,Storage of solids: Properties of particulate,6.40-N-Chemical-Engineering-Sem-III-IV.pdf,2074112,Solid Fluid Mechanical Operations,2,1,,0.266,0.0,1,Adjacent topics: delta=2 + sim=0.266
Sedimentation: Batch sedimentation. Kynch,"Conveying, of solids: Belt conveyer, bucket",6.40-N-Chemical-Engineering-Sem-III-IV.pdf,2074112,Solid Fluid Mechanical Operations,3,1,,0.2904,0.0,0,No signal: sim=0.290 delta=3 kw=0.000
Gas solid separation equipment: Cyclone,Storage of solids: Properties of particulate,6.40-N-Chemical-Engineering-Sem-III-IV.pdf,2074112,Solid Fluid Mechanical Operations,1,1,,0.3463,0.0,1,Adjacent topics: delta=1 + sim=0.346
Gas solid separation equipment: Cyclone,"Conveying, of solids: Belt conveyer, bucket",6.40-N-Chemical-Engineering-Sem-III-IV.pdf,2074112,Solid Fluid Mechanical Operations,2,1,,0.2696,0.0,1,Adjacent topics: delta=2 + sim=0.270
Storage of solids: Properties of particulate,"Conveying, of solids: Belt conveyer, bucket",6.40-N-Chemical-Engineering-Sem-III-IV.pdf,2074112,Solid Fluid Mechanical Operations,1,1,,0.437,0.2222,1,Adjacent topics: delta=1 + sim=0.437
Cayley-Hamilton,Linear Algebra (Theory of Matrices) verification and reduction of higher degree polynomials,6.41N-A-I-AI-DS-Sem-III-IV.pdf,2483111,Mathematics for Computer Engineering,1,1,,0.318,0.0,1,Adjacent topics: delta=1 + sim=0.318
Cayley-Hamilton,Similarity of matrices,6.41N-A-I-AI-DS-Sem-III-IV.pdf,2483111,Mathematics for Computer Engineering,2,1,,0.2718,0.0,1,Adjacent topics: delta=2 + sim=0.272
Cayley-Hamilton,Quadratic forms,6.41N-A-I-AI-DS-Sem-III-IV.pdf,2483111,Mathematics for Computer Engineering,3,1,,0.1908,0.0,0,No signal: sim=0.191 delta=3 kw=0.000
Cayley-Hamilton,Linear and Non-Linear Programming Problems,6.41N-A-I-AI-DS-Sem-III-IV.pdf,2483111,Mathematics for Computer Engineering,4,1,,-0.0703,0.0,0,Low sim=-0.070
Cayley-Hamilton,Types of solutions,6.41N-A-I-AI-DS-Sem-III-IV.pdf,2483111,Mathematics for Computer Engineering,5,1,,0.0693,0.0,0,Low sim=0.069
Cayley-Hamilton,Standard and Canonical of LPP,6.41N-A-I-AI-DS-Sem-III-IV.pdf,2483111,Mathematics for Computer Engineering,6,1,,0.1027,0.0,0,Low sim=0.103
Cayley-Hamilton,Basic and Feasible solutions,6.41N-A-I-AI-DS-Sem-III-IV.pdf,2483111,Mathematics for Computer Engineering,7,1,,0.0012,0.0,0,Low sim=0.001
Cayley-Hamilton,Simplex method,6.41N-A-I-AI-DS-Sem-III-IV.pdf,2483111,Mathematics for Computer Engineering,8,1,,0.0414,0.0,0,Low sim=0.041
Cayley-Hamilton,Artificial variables,6.41N-A-I-AI-DS-Sem-III-IV.pdf,2483111,Mathematics for Computer Engineering,9,1,,0.0767,0.0,0,Low sim=0.077
Cayley-Hamilton,Kuhn-Tucker conditions,6.41N-A-I-AI-DS-Sem-III-IV.pdf,2483111,Mathematics for Computer Engineering,10,1,,0.0109,0.0,0,Low sim=0.011
Cayley-Hamilton,Introduction to Congruence,6.41N-A-I-AI-DS-Sem-III-IV.pdf,2483111,Mathematics for Computer Engineering,11,1,,0.1471,0.0,0,Low sim=0.147
Cayley-Hamilton,Linear congruence,6.41N-A-I-AI-DS-Sem-III-IV.pdf,2483111,Mathematics for Computer Engineering,12,1,,0.2145,0.0,0,Far apart: delta=12 + sim=0.214
Cayley-Hamilton,Application of congruence-RSA algorithm,6.41N-A-I-AI-DS-Sem-III-IV.pdf,2483111,Mathematics for Computer Engineering,13,1,,0.0894,0.0,0,Low sim=0.089
Cayley-Hamilton,Dirichlet’s conditions,6.41N-A-I-AI-DS-Sem-III-IV.pdf,2483111,Mathematics for Computer Engineering,14,1,,-0.0433,0.0,0,Low sim=-0.043
Linear Algebra (Theory of Matrices) verification and reduction of higher degree polynomials,Similarity of matrices,6.41N-A-I-AI-DS-Sem-III-IV.pdf,2483111,Mathematics for Computer Engineering,1,1,,0.378,0.1667,1,Foundational kw + sim=0.378 + delta=1
Linear Algebra (Theory of Matrices) verification and reduction of higher degree polynomials,Quadratic forms,6.41N-A-I-AI-DS-Sem-III-IV.pdf,2483111,Mathematics for Computer Engineering,2,1,,0.3275,0.0,1,Foundational kw + sim=0.327 + delta=2
Linear Algebra (Theory of Matrices) verification and reduction of higher degree polynomials,Linear and Non-Linear Programming Problems,6.41N-A-I-AI-DS-Sem-III-IV.pdf,2483111,Mathematics for Computer Engineering,3,1,,0.2021,0.1429,0,No signal: sim=0.202 delta=3 kw=0.143
Linear Algebra (Theory of Matrices) verification and reduction of higher degree polynomials,Types of solutions,6.41N-A-I-AI-DS-Sem-III-IV.pdf,2483111,Mathematics for Computer Engineering,4,1,,0.0988,0.0769,0,Low sim=0.099
Linear Algebra (Theory of Matrices) verification and reduction of higher degree polynomials,Standard and Canonical of LPP,6.41N-A-I-AI-DS-Sem-III-IV.pdf,2483111,Mathematics for Computer Engineering,5,1,,0.1691,0.1429,0,No signal: sim=0.169 delta=5 kw=0.143
Linear Algebra (Theory of Matrices) verification and reduction of higher degree polynomials,Basic and Feasible solutions,6.41N-A-I-AI-DS-Sem-III-IV.pdf,2483111,Mathematics for Computer Engineering,6,1,,0.1148,0.0714,0,Low sim=0.115
Linear Algebra (Theory of Matrices) verification and reduction of higher degree polynomials,Simplex method,6.41N-A-I-AI-DS-Sem-III-IV.pdf,2483111,Mathematics for Computer Engineering,7,1,,0.1524,0.0,0,No signal: sim=0.152 delta=7 kw=0.000
Linear Algebra (Theory of Matrices) verification and reduction of higher degree polynomials,Artificial variables,6.41N-A-I-AI-DS-Sem-III-IV.pdf,2483111,Mathematics for Computer Engineering,8,1,,0.0919,0.0,0,Low sim=0.092
Linear Algebra (Theory of Matrices) verification and reduction of higher degree polynomials,Kuhn-Tucker conditions,6.41N-A-I-AI-DS-Sem-III-IV.pdf,2483111,Mathematics for Computer Engineering,9,1,,0.0756,0.0,0,Low sim=0.076
Linear Algebra (Theory of Matrices) verification and reduction of higher degree polynomials,Introduction to Congruence,6.41N-A-I-AI-DS-Sem-III-IV.pdf,2483111,Mathematics for Computer Engineering,10,1,,0.0743,0.0,0,Low sim=0.074
Linear Algebra (Theory of Matrices) verification and reduction of higher degree polynomials,Linear congruence,6.41N-A-I-AI-DS-Sem-III-IV.pdf,2483111,Mathematics for Computer Engineering,11,1,,0.2843,0.0833,0,No signal: sim=0.284 delta=11 kw=0.083
Linear Algebra (Theory of Matrices) verification and reduction of higher degree polynomials,Application of congruence-RSA algorithm,6.41N-A-I-AI-DS-Sem-III-IV.pdf,2483111,Mathematics for Computer Engineering,12,1,,0.1457,0.0667,0,Low sim=0.146
Linear Algebra (Theory of Matrices) verification and reduction of higher degree polynomials,Dirichlet’s conditions,6.41N-A-I-AI-DS-Sem-III-IV.pdf,2483111,Mathematics for Computer Engineering,13,1,,-0.0551,0.0,0,Low sim=-0.055
Linear Algebra (Theory of Matrices) verification and reduction of higher degree polynomials,Fourier series of periodic,6.41N-A-I-AI-DS-Sem-III-IV.pdf,2483111,Mathematics for Computer Engineering,14,1,,0.0501,0.0714,0,Low sim=0.050
Similarity of matrices,Quadratic forms,6.41N-A-I-AI-DS-Sem-III-IV.pdf,2483111,Mathematics for Computer Engineering,1,1,,0.1835,0.0,0,No signal: sim=0.184 delta=1 kw=0.000
Similarity of matrices,Linear and Non-Linear Programming Problems,6.41N-A-I-AI-DS-Sem-III-IV.pdf,2483111,Mathematics for Computer Engineering,2,1,,0.0555,0.0,0,Low sim=0.056
Similarity of matrices,Types of solutions,6.41N-A-I-AI-DS-Sem-III-IV.pdf,2483111,Mathematics for Computer Engineering,3,1,,0.0718,0.2,0,Low sim=0.072
Similarity of matrices,Standard and Canonical of LPP,6.41N-A-I-AI-DS-Sem-III-IV.pdf,2483111,Mathematics for Computer Engineering,4,1,,0.0275,0.1429,0,Low sim=0.027
Similarity of matrices,Basic and Feasible solutions,6.41N-A-I-AI-DS-Sem-III-IV.pdf,2483111,Mathematics for Computer Engineering,5,1,,0.057,0.0,0,Low sim=0.057
Similarity of matrices,Simplex method,6.41N-A-I-AI-DS-Sem-III-IV.pdf,2483111,Mathematics for Computer Engineering,6,1,,0.0153,0.0,0,Low sim=0.015
Similarity of matrices,Artificial variables,6.41N-A-I-AI-DS-Sem-III-IV.pdf,2483111,Mathematics for Computer Engineering,7,1,,-0.0045,0.0,0,Low sim=-0.004
Similarity of matrices,Kuhn-Tucker conditions,6.41N-A-I-AI-DS-Sem-III-IV.pdf,2483111,Mathematics for Computer Engineering,8,1,,0.0595,0.0,0,Low sim=0.060
Similarity of matrices,Introduction to Congruence,6.41N-A-I-AI-DS-Sem-III-IV.pdf,2483111,Mathematics for Computer Engineering,9,1,,0.0499,0.0,0,Low sim=0.050
Similarity of matrices,Linear congruence,6.41N-A-I-AI-DS-Sem-III-IV.pdf,2483111,Mathematics for Computer Engineering,10,1,,0.1671,0.0,0,No signal: sim=0.167 delta=10 kw=0.000
Similarity of matrices,Application of congruence-RSA algorithm,6.41N-A-I-AI-DS-Sem-III-IV.pdf,2483111,Mathematics for Computer Engineering,11,1,,0.0755,0.1429,0,Low sim=0.075
Similarity of matrices,Dirichlet’s conditions,6.41N-A-I-AI-DS-Sem-III-IV.pdf,2483111,Mathematics for Computer Engineering,12,1,,-0.0128,0.0,0,Low sim=-0.013
Similarity of matrices,Fourier series of periodic,6.41N-A-I-AI-DS-Sem-III-IV.pdf,2483111,Mathematics for Computer Engineering,13,1,,0.0009,0.1667,0,Low sim=0.001
Similarity of matrices,Fourier series of even and odd functions,6.41N-A-I-AI-DS-Sem-III-IV.pdf,2483111,Mathematics for Computer Engineering,14,1,,-0.0637,0.1111,0,Low sim=-0.064
Quadratic forms,Linear and Non-Linear Programming Problems,6.41N-A-I-AI-DS-Sem-III-IV.pdf,2483111,Mathematics for Computer Engineering,1,1,,0.161,0.0,0,No signal: sim=0.161 delta=1 kw=0.000
Quadratic forms,Types of solutions,6.41N-A-I-AI-DS-Sem-III-IV.pdf,2483111,Mathematics for Computer Engineering,2,1,,0.2615,0.0,1,Adjacent topics: delta=2 + sim=0.262
Quadratic forms,Standard and Canonical of LPP,6.41N-A-I-AI-DS-Sem-III-IV.pdf,2483111,Mathematics for Computer Engineering,3,1,,0.1094,0.0,0,Low sim=0.109
Quadratic forms,Basic and Feasible solutions,6.41N-A-I-AI-DS-Sem-III-IV.pdf,2483111,Mathematics for Computer Engineering,4,1,,0.226,0.0,0,No signal: sim=0.226 delta=4 kw=0.000
Quadratic forms,Simplex method,6.41N-A-I-AI-DS-Sem-III-IV.pdf,2483111,Mathematics for Computer Engineering,5,1,,0.1793,0.0,0,No signal: sim=0.179 delta=5 kw=0.000
Quadratic forms,Artificial variables,6.41N-A-I-AI-DS-Sem-III-IV.pdf,2483111,Mathematics for Computer Engineering,6,1,,0.1713,0.0,0,No signal: sim=0.171 delta=6 kw=0.000
Quadratic forms,Kuhn-Tucker conditions,6.41N-A-I-AI-DS-Sem-III-IV.pdf,2483111,Mathematics for Computer Engineering,7,1,,0.2002,0.0,0,No signal: sim=0.200 delta=7 kw=0.000
Quadratic forms,Introduction to Congruence,6.41N-A-I-AI-DS-Sem-III-IV.pdf,2483111,Mathematics for Computer Engineering,8,1,,0.2168,0.0,0,No signal: sim=0.217 delta=8 kw=0.000
Quadratic forms,Linear congruence,6.41N-A-I-AI-DS-Sem-III-IV.pdf,2483111,Mathematics for Computer Engineering,9,1,,0.2821,0.0,0,No signal: sim=0.282 delta=9 kw=0.000
Quadratic forms,Application of congruence-RSA algorithm,6.41N-A-I-AI-DS-Sem-III-IV.pdf,2483111,Mathematics for Computer Engineering,10,1,,0.1161,0.0,0,Low sim=0.116
Quadratic forms,Dirichlet’s conditions,6.41N-A-I-AI-DS-Sem-III-IV.pdf,2483111,Mathematics for Computer Engineering,11,1,,0.1331,0.0,0,Low sim=0.133
Quadratic forms,Fourier series of periodic,6.41N-A-I-AI-DS-Sem-III-IV.pdf,2483111,Mathematics for Computer Engineering,12,1,,0.0328,0.0,0,Low sim=0.033
Quadratic forms,Fourier series of even and odd functions,6.41N-A-I-AI-DS-Sem-III-IV.pdf,2483111,Mathematics for Computer Engineering,13,1,,0.0468,0.0,0,Low sim=0.047
Quadratic forms,Complex form of Fourier Series,6.41N-A-I-AI-DS-Sem-III-IV.pdf,2483111,Mathematics for Computer Engineering,14,1,,0.1998,0.0,0,Far apart: delta=14 + sim=0.200
Linear and Non-Linear Programming Problems,Types of solutions,6.41N-A-I-AI-DS-Sem-III-IV.pdf,2483111,Mathematics for Computer Engineering,1,1,,0.2528,0.0,1,Adjacent topics: delta=1 + sim=0.253
Linear and Non-Linear Programming Problems,Standard and Canonical of LPP,6.41N-A-I-AI-DS-Sem-III-IV.pdf,2483111,Mathematics for Computer Engineering,2,1,,0.2497,0.1111,1,Adjacent topics: delta=2 + sim=0.250
Linear and Non-Linear Programming Problems,Basic and Feasible solutions,6.41N-A-I-AI-DS-Sem-III-IV.pdf,2483111,Mathematics for Computer Engineering,3,1,,0.575,0.125,1,sim=0.575>=0.45 + delta=3<=5
Linear and Non-Linear Programming Problems,Simplex method,6.41N-A-I-AI-DS-Sem-III-IV.pdf,2483111,Mathematics for Computer Engineering,4,1,,0.2234,0.0,0,No signal: sim=0.223 delta=4 kw=0.000
Linear and Non-Linear Programming Problems,Artificial variables,6.41N-A-I-AI-DS-Sem-III-IV.pdf,2483111,Mathematics for Computer Engineering,5,1,,0.3948,0.0,0,No signal: sim=0.395 delta=5 kw=0.000
Linear and Non-Linear Programming Problems,Kuhn-Tucker conditions,6.41N-A-I-AI-DS-Sem-III-IV.pdf,2483111,Mathematics for Computer Engineering,6,1,,0.2473,0.0,0,No signal: sim=0.247 delta=6 kw=0.000
Linear and Non-Linear Programming Problems,Introduction to Congruence,6.41N-A-I-AI-DS-Sem-III-IV.pdf,2483111,Mathematics for Computer Engineering,7,1,,-0.0405,0.0,0,Low sim=-0.041
Linear and Non-Linear Programming Problems,Linear congruence,6.41N-A-I-AI-DS-Sem-III-IV.pdf,2483111,Mathematics for Computer Engineering,8,1,,0.1338,0.1667,0,Low sim=0.134
Linear and Non-Linear Programming Problems,Application of congruence-RSA algorithm,6.41N-A-I-AI-DS-Sem-III-IV.pdf,2483111,Mathematics for Computer Engineering,9,1,,0.0412,0.0,0,Low sim=0.041
Linear and Non-Linear Programming Problems,Dirichlet’s conditions,6.41N-A-I-AI-DS-Sem-III-IV.pdf,2483111,Mathematics for Computer Engineering,10,1,,0.0428,0.0,0,Low sim=0.043
Linear and Non-Linear Programming Problems,Fourier series of periodic,6.41N-A-I-AI-DS-Sem-III-IV.pdf,2483111,Mathematics for Computer Engineering,11,1,,-0.127,0.0,0,Low sim=-0.127
Linear and Non-Linear Programming Problems,Fourier series of even and odd functions,6.41N-A-I-AI-DS-Sem-III-IV.pdf,2483111,Mathematics for Computer Engineering,12,1,,-0.0229,0.0909,0,Low sim=-0.023
Linear and Non-Linear Programming Problems,Complex form of Fourier Series,6.41N-A-I-AI-DS-Sem-III-IV.pdf,2483111,Mathematics for Computer Engineering,13,1,,-0.13,0.0,0,Low sim=-0.130
Linear and Non-Linear Programming Problems,Lines of regression,6.41N-A-I-AI-DS-Sem-III-IV.pdf,2483111,Mathematics for Computer Engineering,14,1,,0.2796,0.0,0,Far apart: delta=14 + sim=0.280
Types of solutions,Standard and Canonical of LPP,6.41N-A-I-AI-DS-Sem-III-IV.pdf,2483111,Mathematics for Computer Engineering,1,1,,0.1217,0.1429,0,Low sim=0.122
Types of solutions,Basic and Feasible solutions,6.41N-A-I-AI-DS-Sem-III-IV.pdf,2483111,Mathematics for Computer Engineering,2,1,,0.479,0.1667,1,sim=0.479>=0.45 + delta=2<=5
Types of solutions,Simplex method,6.41N-A-I-AI-DS-Sem-III-IV.pdf,2483111,Mathematics for Computer Engineering,3,1,,0.1297,0.0,0,Low sim=0.130
Types of solutions,Artificial variables,6.41N-A-I-AI-DS-Sem-III-IV.pdf,2483111,Mathematics for Computer Engineering,4,1,,0.2761,0.0,1,Foundational kw + sim=0.276 + delta=4
Types of solutions,Kuhn-Tucker conditions,6.41N-A-I-AI-DS-Sem-III-IV.pdf,2483111,Mathematics for Computer Engineering,5,1,,0.1889,0.0,0,No signal: sim=0.189 delta=5 kw=0.000
Types of solutions,Introduction to Congruence,6.41N-A-I-AI-DS-Sem-III-IV.pdf,2483111,Mathematics for Computer Engineering,6,1,,0.0776,0.0,0,Low sim=0.078
Types of solutions,Linear congruence,6.41N-A-I-AI-DS-Sem-III-IV.pdf,2483111,Mathematics for Computer Engineering,7,1,,0.1037,0.0,0,Low sim=0.104
Types of solutions,Application of congruence-RSA algorithm,6.41N-A-I-AI-DS-Sem-III-IV.pdf,2483111,Mathematics for Computer Engineering,8,1,,0.0485,0.1429,0,Low sim=0.049
Types of solutions,Dirichlet’s conditions,6.41N-A-I-AI-DS-Sem-III-IV.pdf,2483111,Mathematics for Computer Engineering,9,1,,0.1982,0.0,0,No signal: sim=0.198 delta=9 kw=0.000
Types of solutions,Fourier series of periodic,6.41N-A-I-AI-DS-Sem-III-IV.pdf,2483111,Mathematics for Computer Engineering,10,1,,0.0109,0.1667,0,Low sim=0.011
Types of solutions,Fourier series of even and odd functions,6.41N-A-I-AI-DS-Sem-III-IV.pdf,2483111,Mathematics for Computer Engineering,11,1,,0.0343,0.1111,0,Low sim=0.034
Types of solutions,Complex form of Fourier Series,6.41N-A-I-AI-DS-Sem-III-IV.pdf,2483111,Mathematics for Computer Engineering,12,1,,0.0521,0.1429,0,Low sim=0.052
Types of solutions,Lines of regression,6.41N-A-I-AI-DS-Sem-III-IV.pdf,2483111,Mathematics for Computer Engineering,13,1,,0.1037,0.2,0,Low sim=0.104
Types of solutions,Moment generating function,6.41N-A-I-AI-DS-Sem-III-IV.pdf,2483111,Mathematics for Computer Engineering,14,1,,0.0109,0.0,0,Low sim=0.011
Standard and Canonical of LPP,Basic and Feasible solutions,6.41N-A-I-AI-DS-Sem-III-IV.pdf,2483111,Mathematics for Computer Engineering,1,1,,0.224,0.125,1,Adjacent topics: delta=1 + sim=0.224
Standard and Canonical of LPP,Simplex method,6.41N-A-I-AI-DS-Sem-III-IV.pdf,2483111,Mathematics for Computer Engineering,2,1,,0.1656,0.0,0,No signal: sim=0.166 delta=2 kw=0.000
Standard and Canonical of LPP,Artificial variables,6.41N-A-I-AI-DS-Sem-III-IV.pdf,2483111,Mathematics for Computer Engineering,3,1,,0.1601,0.0,0,No signal: sim=0.160 delta=3 kw=0.000
Standard and Canonical of LPP,Kuhn-Tucker conditions,6.41N-A-I-AI-DS-Sem-III-IV.pdf,2483111,Mathematics for Computer Engineering,4,1,,0.0818,0.0,0,Low sim=0.082
Standard and Canonical of LPP,Introduction to Congruence,6.41N-A-I-AI-DS-Sem-III-IV.pdf,2483111,Mathematics for Computer Engineering,5,1,,0.0827,0.0,0,Low sim=0.083
Standard and Canonical of LPP,Linear congruence,6.41N-A-I-AI-DS-Sem-III-IV.pdf,2483111,Mathematics for Computer Engineering,6,1,,0.1686,0.0,0,No signal: sim=0.169 delta=6 kw=0.000
Standard and Canonical of LPP,Application of congruence-RSA algorithm,6.41N-A-I-AI-DS-Sem-III-IV.pdf,2483111,Mathematics for Computer Engineering,7,1,,0.0824,0.1111,0,Low sim=0.082
Standard and Canonical of LPP,Dirichlet’s conditions,6.41N-A-I-AI-DS-Sem-III-IV.pdf,2483111,Mathematics for Computer Engineering,8,1,,0.0865,0.0,0,Low sim=0.086
Standard and Canonical of LPP,Fourier series of periodic,6.41N-A-I-AI-DS-Sem-III-IV.pdf,2483111,Mathematics for Computer Engineering,9,1,,-0.0222,0.125,0,Low sim=-0.022
Standard and Canonical of LPP,Fourier series of even and odd functions,6.41N-A-I-AI-DS-Sem-III-IV.pdf,2483111,Mathematics for Computer Engineering,10,1,,0.0379,0.2,0,Low sim=0.038
Standard and Canonical of LPP,Complex form of Fourier Series,6.41N-A-I-AI-DS-Sem-III-IV.pdf,2483111,Mathematics for Computer Engineering,11,1,,0.0169,0.1111,0,Low sim=0.017
Standard and Canonical of LPP,Lines of regression,6.41N-A-I-AI-DS-Sem-III-IV.pdf,2483111,Mathematics for Computer Engineering,12,1,,0.1162,0.1429,0,Low sim=0.116
Standard and Canonical of LPP,Moment generating function,6.41N-A-I-AI-DS-Sem-III-IV.pdf,2483111,Mathematics for Computer Engineering,13,1,,0.0601,0.0,0,Low sim=0.060
Standard and Canonical of LPP,Raw moments,6.41N-A-I-AI-DS-Sem-III-IV.pdf,2483111,Mathematics for Computer Engineering,14,1,,0.0491,0.0,0,Low sim=0.049
Basic and Feasible solutions,Simplex method,6.41N-A-I-AI-DS-Sem-III-IV.pdf,2483111,Mathematics for Computer Engineering,1,1,,0.33,0.0,1,Foundational kw + sim=0.330 + delta=1
Basic and Feasible solutions,Artificial variables,6.41N-A-I-AI-DS-Sem-III-IV.pdf,2483111,Mathematics for Computer Engineering,2,1,,0.4269,0.0,1,Foundational kw + sim=0.427 + delta=2
Basic and Feasible solutions,Kuhn-Tucker conditions,6.41N-A-I-AI-DS-Sem-III-IV.pdf,2483111,Mathematics for Computer Engineering,3,1,,0.2568,0.0,1,Foundational kw + sim=0.257 + delta=3
Basic and Feasible solutions,Introduction to Congruence,6.41N-A-I-AI-DS-Sem-III-IV.pdf,2483111,Mathematics for Computer Engineering,4,1,,0.1335,0.0,0,Low sim=0.133
Basic and Feasible solutions,Linear congruence,6.41N-A-I-AI-DS-Sem-III-IV.pdf,2483111,Mathematics for Computer Engineering,5,1,,0.1608,0.0,0,No signal: sim=0.161 delta=5 kw=0.000
Basic and Feasible solutions,Application of congruence-RSA algorithm,6.41N-A-I-AI-DS-Sem-III-IV.pdf,2483111,Mathematics for Computer Engineering,6,1,,0.1536,0.0,0,No signal: sim=0.154 delta=6 kw=0.000
Basic and Feasible solutions,Dirichlet’s conditions,6.41N-A-I-AI-DS-Sem-III-IV.pdf,2483111,Mathematics for Computer Engineering,7,1,,0.143,0.0,0,Low sim=0.143
Basic and Feasible solutions,Fourier series of periodic,6.41N-A-I-AI-DS-Sem-III-IV.pdf,2483111,Mathematics for Computer Engineering,8,1,,-0.0731,0.0,0,Low sim=-0.073
Basic and Feasible solutions,Fourier series of even and odd functions,6.41N-A-I-AI-DS-Sem-III-IV.pdf,2483111,Mathematics for Computer Engineering,9,1,,-0.0582,0.1,0,Low sim=-0.058
Basic and Feasible solutions,Complex form of Fourier Series,6.41N-A-I-AI-DS-Sem-III-IV.pdf,2483111,Mathematics for Computer Engineering,10,1,,-0.0442,0.0,0,Low sim=-0.044
Basic and Feasible solutions,Lines of regression,6.41N-A-I-AI-DS-Sem-III-IV.pdf,2483111,Mathematics for Computer Engineering,11,1,,0.1566,0.0,0,No signal: sim=0.157 delta=11 kw=0.000
Basic and Feasible solutions,Moment generating function,6.41N-A-I-AI-DS-Sem-III-IV.pdf,2483111,Mathematics for Computer Engineering,12,1,,0.0337,0.0,0,Low sim=0.034
Basic and Feasible solutions,Raw moments,6.41N-A-I-AI-DS-Sem-III-IV.pdf,2483111,Mathematics for Computer Engineering,13,1,,0.0636,0.0,0,Low sim=0.064
Simplex method,Artificial variables,6.41N-A-I-AI-DS-Sem-III-IV.pdf,2483111,Mathematics for Computer Engineering,1,1,,0.267,0.0,1,Adjacent topics: delta=1 + sim=0.267
Simplex method,Kuhn-Tucker conditions,6.41N-A-I-AI-DS-Sem-III-IV.pdf,2483111,Mathematics for Computer Engineering,2,1,,0.0561,0.0,0,Low sim=0.056
Simplex method,Introduction to Congruence,6.41N-A-I-AI-DS-Sem-III-IV.pdf,2483111,Mathematics for Computer Engineering,3,1,,0.0279,0.0,0,Low sim=0.028
Simplex method,Linear congruence,6.41N-A-I-AI-DS-Sem-III-IV.pdf,2483111,Mathematics for Computer Engineering,4,1,,0.1412,0.0,0,Low sim=0.141
Simplex method,Application of congruence-RSA algorithm,6.41N-A-I-AI-DS-Sem-III-IV.pdf,2483111,Mathematics for Computer Engineering,5,1,,0.155,0.0,0,No signal: sim=0.155 delta=5 kw=0.000
Simplex method,Dirichlet’s conditions,6.41N-A-I-AI-DS-Sem-III-IV.pdf,2483111,Mathematics for Computer Engineering,6,1,,-0.0792,0.0,0,Low sim=-0.079
Simplex method,Fourier series of periodic,6.41N-A-I-AI-DS-Sem-III-IV.pdf,2483111,Mathematics for Computer Engineering,7,1,,0.0877,0.0,0,Low sim=0.088
Simplex method,Fourier series of even and odd functions,6.41N-A-I-AI-DS-Sem-III-IV.pdf,2483111,Mathematics for Computer Engineering,8,1,,0.1592,0.0,0,No signal: sim=0.159 delta=8 kw=0.000
Simplex method,Complex form of Fourier Series,6.41N-A-I-AI-DS-Sem-III-IV.pdf,2483111,Mathematics for Computer Engineering,9,1,,0.0717,0.0,0,Low sim=0.072
Simplex method,Lines of regression,6.41N-A-I-AI-DS-Sem-III-IV.pdf,2483111,Mathematics for Computer Engineering,10,1,,0.1042,0.0,0,Low sim=0.104
Simplex method,Moment generating function,6.41N-A-I-AI-DS-Sem-III-IV.pdf,2483111,Mathematics for Computer Engineering,11,1,,0.096,0.0,0,Low sim=0.096
Simplex method,Raw moments,6.41N-A-I-AI-DS-Sem-III-IV.pdf,2483111,Mathematics for Computer Engineering,12,1,,0.0617,0.0,0,Low sim=0.062
Artificial variables,Kuhn-Tucker conditions,6.41N-A-I-AI-DS-Sem-III-IV.pdf,2483111,Mathematics for Computer Engineering,1,1,,0.208,0.0,1,Adjacent topics: delta=1 + sim=0.208
Artificial variables,Introduction to Congruence,6.41N-A-I-AI-DS-Sem-III-IV.pdf,2483111,Mathematics for Computer Engineering,2,1,,0.0703,0.0,0,Low sim=0.070
Artificial variables,Linear congruence,6.41N-A-I-AI-DS-Sem-III-IV.pdf,2483111,Mathematics for Computer Engineering,3,1,,0.0242,0.0,0,Low sim=0.024
Artificial variables,Application of congruence-RSA algorithm,6.41N-A-I-AI-DS-Sem-III-IV.pdf,2483111,Mathematics for Computer Engineering,4,1,,0.1005,0.0,0,Low sim=0.101
Artificial variables,Dirichlet’s conditions,6.41N-A-I-AI-DS-Sem-III-IV.pdf,2483111,Mathematics for Computer Engineering,5,1,,0.0852,0.0,0,Low sim=0.085
Artificial variables,Fourier series of periodic,6.41N-A-I-AI-DS-Sem-III-IV.pdf,2483111,Mathematics for Computer Engineering,6,1,,-0.0556,0.0,0,Low sim=-0.056
Artificial variables,Fourier series of even and odd functions,6.41N-A-I-AI-DS-Sem-III-IV.pdf,2483111,Mathematics for Computer Engineering,7,1,,-0.0434,0.0,0,Low sim=-0.043
Artificial variables,Complex form of Fourier Series,6.41N-A-I-AI-DS-Sem-III-IV.pdf,2483111,Mathematics for Computer Engineering,8,1,,0.0469,0.0,0,Low sim=0.047
Artificial variables,Lines of regression,6.41N-A-I-AI-DS-Sem-III-IV.pdf,2483111,Mathematics for Computer Engineering,9,1,,0.3424,0.0,0,No signal: sim=0.342 delta=9 kw=0.000
Artificial variables,Moment generating function,6.41N-A-I-AI-DS-Sem-III-IV.pdf,2483111,Mathematics for Computer Engineering,10,1,,0.1467,0.0,0,Low sim=0.147
Artificial variables,Raw moments,6.41N-A-I-AI-DS-Sem-III-IV.pdf,2483111,Mathematics for Computer Engineering,11,1,,0.121,0.0,0,Low sim=0.121
Kuhn-Tucker conditions,Introduction to Congruence,6.41N-A-I-AI-DS-Sem-III-IV.pdf,2483111,Mathematics for Computer Engineering,1,1,,0.0039,0.0,0,Low sim=0.004
Kuhn-Tucker conditions,Linear congruence,6.41N-A-I-AI-DS-Sem-III-IV.pdf,2483111,Mathematics for Computer Engineering,2,1,,-0.0388,0.0,0,Low sim=-0.039
Kuhn-Tucker conditions,Application of congruence-RSA algorithm,6.41N-A-I-AI-DS-Sem-III-IV.pdf,2483111,Mathematics for Computer Engineering,3,1,,-0.0484,0.0,0,Low sim=-0.048
Kuhn-Tucker conditions,Dirichlet’s conditions,6.41N-A-I-AI-DS-Sem-III-IV.pdf,2483111,Mathematics for Computer Engineering,4,1,,0.4166,0.2,0,No signal: sim=0.417 delta=4 kw=0.200
Kuhn-Tucker conditions,Fourier series of periodic,6.41N-A-I-AI-DS-Sem-III-IV.pdf,2483111,Mathematics for Computer Engineering,5,1,,-0.0291,0.0,0,Low sim=-0.029
Kuhn-Tucker conditions,Fourier series of even and odd functions,6.41N-A-I-AI-DS-Sem-III-IV.pdf,2483111,Mathematics for Computer Engineering,6,1,,0.0022,0.0,0,Low sim=0.002
Kuhn-Tucker conditions,Complex form of Fourier Series,6.41N-A-I-AI-DS-Sem-III-IV.pdf,2483111,Mathematics for Computer Engineering,7,1,,0.057,0.0,0,Low sim=0.057
Kuhn-Tucker conditions,Lines of regression,6.41N-A-I-AI-DS-Sem-III-IV.pdf,2483111,Mathematics for Computer Engineering,8,1,,0.0916,0.0,0,Low sim=0.092
Kuhn-Tucker conditions,Moment generating function,6.41N-A-I-AI-DS-Sem-III-IV.pdf,2483111,Mathematics for Computer Engineering,9,1,,0.0264,0.0,0,Low sim=0.026
Kuhn-Tucker conditions,Raw moments,6.41N-A-I-AI-DS-Sem-III-IV.pdf,2483111,Mathematics for Computer Engineering,10,1,,0.1,0.0,0,Low sim=0.100
Introduction to Congruence,Linear congruence,6.41N-A-I-AI-DS-Sem-III-IV.pdf,2483111,Mathematics for Computer Engineering,1,1,,0.6781,0.25,1,High sim=0.678 + delta=1
Introduction to Congruence,Application of congruence-RSA algorithm,6.41N-A-I-AI-DS-Sem-III-IV.pdf,2483111,Mathematics for Computer Engineering,2,1,,0.6881,0.1429,1,High sim=0.688 + delta=2
Introduction to Congruence,Dirichlet’s conditions,6.41N-A-I-AI-DS-Sem-III-IV.pdf,2483111,Mathematics for Computer Engineering,3,1,,0.1547,0.0,0,No signal: sim=0.155 delta=3 kw=0.000
Introduction to Congruence,Fourier series of periodic,6.41N-A-I-AI-DS-Sem-III-IV.pdf,2483111,Mathematics for Computer Engineering,4,1,,0.1555,0.0,0,No signal: sim=0.155 delta=4 kw=0.000
Introduction to Congruence,Fourier series of even and odd functions,6.41N-A-I-AI-DS-Sem-III-IV.pdf,2483111,Mathematics for Computer Engineering,5,1,,0.0929,0.0,0,Low sim=0.093
Introduction to Congruence,Complex form of Fourier Series,6.41N-A-I-AI-DS-Sem-III-IV.pdf,2483111,Mathematics for Computer Engineering,6,1,,0.0916,0.0,0,Low sim=0.092
Introduction to Congruence,Lines of regression,6.41N-A-I-AI-DS-Sem-III-IV.pdf,2483111,Mathematics for Computer Engineering,7,1,,0.0511,0.0,0,Low sim=0.051
Introduction to Congruence,Moment generating function,6.41N-A-I-AI-DS-Sem-III-IV.pdf,2483111,Mathematics for Computer Engineering,8,1,,0.0546,0.0,0,Low sim=0.055
Introduction to Congruence,Raw moments,6.41N-A-I-AI-DS-Sem-III-IV.pdf,2483111,Mathematics for Computer Engineering,9,1,,0.0832,0.0,0,Low sim=0.083
Linear congruence,Application of congruence-RSA algorithm,6.41N-A-I-AI-DS-Sem-III-IV.pdf,2483111,Mathematics for Computer Engineering,1,1,,0.5786,0.1667,1,sim=0.579>=0.45 + delta=1<=5
Linear congruence,Dirichlet’s conditions,6.41N-A-I-AI-DS-Sem-III-IV.pdf,2483111,Mathematics for Computer Engineering,2,1,,0.027,0.0,0,Low sim=0.027
Linear congruence,Fourier series of periodic,6.41N-A-I-AI-DS-Sem-III-IV.pdf,2483111,Mathematics for Computer Engineering,3,1,,0.1968,0.0,0,No signal: sim=0.197 delta=3 kw=0.000
Linear congruence,Fourier series of even and odd functions,6.41N-A-I-AI-DS-Sem-III-IV.pdf,2483111,Mathematics for Computer Engineering,4,1,,0.0794,0.0,0,Low sim=0.079
Linear congruence,Complex form of Fourier Series,6.41N-A-I-AI-DS-Sem-III-IV.pdf,2483111,Mathematics for Computer Engineering,5,1,,0.0738,0.0,0,Low sim=0.074
Linear congruence,Lines of regression,6.41N-A-I-AI-DS-Sem-III-IV.pdf,2483111,Mathematics for Computer Engineering,6,1,,0.129,0.0,0,Low sim=0.129
Linear congruence,Moment generating function,6.41N-A-I-AI-DS-Sem-III-IV.pdf,2483111,Mathematics for Computer Engineering,7,1,,0.0302,0.0,0,Low sim=0.030
Linear congruence,Raw moments,6.41N-A-I-AI-DS-Sem-III-IV.pdf,2483111,Mathematics for Computer Engineering,8,1,,-0.0164,0.0,0,Low sim=-0.016
Application of congruence-RSA algorithm,Dirichlet’s conditions,6.41N-A-I-AI-DS-Sem-III-IV.pdf,2483111,Mathematics for Computer Engineering,1,1,,0.0264,0.0,0,Low sim=0.026
Application of congruence-RSA algorithm,Fourier series of periodic,6.41N-A-I-AI-DS-Sem-III-IV.pdf,2483111,Mathematics for Computer Engineering,2,1,,0.1624,0.125,0,No signal: sim=0.162 delta=2 kw=0.125
Application of congruence-RSA algorithm,Fourier series of even and odd functions,6.41N-A-I-AI-DS-Sem-III-IV.pdf,2483111,Mathematics for Computer Engineering,3,1,,0.0774,0.0909,0,Low sim=0.077
Application of congruence-RSA algorithm,Complex form of Fourier Series,6.41N-A-I-AI-DS-Sem-III-IV.pdf,2483111,Mathematics for Computer Engineering,4,1,,0.1121,0.1111,0,Low sim=0.112
Application of congruence-RSA algorithm,Lines of regression,6.41N-A-I-AI-DS-Sem-III-IV.pdf,2483111,Mathematics for Computer Engineering,5,1,,0.0278,0.1429,0,Low sim=0.028
Application of congruence-RSA algorithm,Moment generating function,6.41N-A-I-AI-DS-Sem-III-IV.pdf,2483111,Mathematics for Computer Engineering,6,1,,0.1798,0.0,0,No signal: sim=0.180 delta=6 kw=0.000
Application of congruence-RSA algorithm,Raw moments,6.41N-A-I-AI-DS-Sem-III-IV.pdf,2483111,Mathematics for Computer Engineering,7,1,,0.0321,0.0,0,Low sim=0.032
Dirichlet’s conditions,Fourier series of periodic,6.41N-A-I-AI-DS-Sem-III-IV.pdf,2483111,Mathematics for Computer Engineering,1,1,,0.1715,0.0,0,No signal: sim=0.171 delta=1 kw=0.000
Dirichlet’s conditions,Fourier series of even and odd functions,6.41N-A-I-AI-DS-Sem-III-IV.pdf,2483111,Mathematics for Computer Engineering,2,1,,0.1507,0.0,0,No signal: sim=0.151 delta=2 kw=0.000
Dirichlet’s conditions,Complex form of Fourier Series,6.41N-A-I-AI-DS-Sem-III-IV.pdf,2483111,Mathematics for Computer Engineering,3,1,,0.1255,0.0,0,Low sim=0.125
Dirichlet’s conditions,Lines of regression,6.41N-A-I-AI-DS-Sem-III-IV.pdf,2483111,Mathematics for Computer Engineering,4,1,,0.0011,0.0,0,Low sim=0.001
Dirichlet’s conditions,Moment generating function,6.41N-A-I-AI-DS-Sem-III-IV.pdf,2483111,Mathematics for Computer Engineering,5,1,,-0.0091,0.0,0,Low sim=-0.009
Dirichlet’s conditions,Raw moments,6.41N-A-I-AI-DS-Sem-III-IV.pdf,2483111,Mathematics for Computer Engineering,6,1,,0.1015,0.0,0,Low sim=0.101
Fourier series of periodic,Fourier series of even and odd functions,6.41N-A-I-AI-DS-Sem-III-IV.pdf,2483111,Mathematics for Computer Engineering,1,1,,0.7024,0.375,1,High sim=0.702 + delta=1
Fourier series of periodic,Complex form of Fourier Series,6.41N-A-I-AI-DS-Sem-III-IV.pdf,2483111,Mathematics for Computer Engineering,2,1,,0.7343,0.5,1,High sim=0.734 + delta=2
Fourier series of periodic,Lines of regression,6.41N-A-I-AI-DS-Sem-III-IV.pdf,2483111,Mathematics for Computer Engineering,3,1,,-0.0031,0.1667,0,Low sim=-0.003
Fourier series of periodic,Moment generating function,6.41N-A-I-AI-DS-Sem-III-IV.pdf,2483111,Mathematics for Computer Engineering,4,1,,0.1743,0.0,0,No signal: sim=0.174 delta=4 kw=0.000
Fourier series of periodic,Raw moments,6.41N-A-I-AI-DS-Sem-III-IV.pdf,2483111,Mathematics for Computer Engineering,5,1,,-0.0189,0.0,0,Low sim=-0.019
Fourier series of even and odd functions,Complex form of Fourier Series,6.41N-A-I-AI-DS-Sem-III-IV.pdf,2483111,Mathematics for Computer Engineering,1,1,,0.6314,0.3333,1,High sim=0.631 + delta=1
Fourier series of even and odd functions,Lines of regression,6.41N-A-I-AI-DS-Sem-III-IV.pdf,2483111,Mathematics for Computer Engineering,2,1,,-0.005,0.1111,0,Low sim=-0.005
Fourier series of even and odd functions,Moment generating function,6.41N-A-I-AI-DS-Sem-III-IV.pdf,2483111,Mathematics for Computer Engineering,3,1,,0.1755,0.0,0,No signal: sim=0.176 delta=3 kw=0.000
Fourier series of even and odd functions,Raw moments,6.41N-A-I-AI-DS-Sem-III-IV.pdf,2483111,Mathematics for Computer Engineering,4,1,,0.0454,0.0,0,Low sim=0.045
Complex form of Fourier Series,Lines of regression,6.41N-A-I-AI-DS-Sem-III-IV.pdf,2483111,Mathematics for Computer Engineering,1,1,,0.0088,0.1429,0,Low sim=0.009
Complex form of Fourier Series,Moment generating function,6.41N-A-I-AI-DS-Sem-III-IV.pdf,2483111,Mathematics for Computer Engineering,2,1,,0.2589,0.0,1,Adjacent topics: delta=2 + sim=0.259
Complex form of Fourier Series,Raw moments,6.41N-A-I-AI-DS-Sem-III-IV.pdf,2483111,Mathematics for Computer Engineering,3,1,,0.0211,0.0,0,Low sim=0.021
Lines of regression,Moment generating function,6.41N-A-I-AI-DS-Sem-III-IV.pdf,2483111,Mathematics for Computer Engineering,1,1,,0.0172,0.0,0,Low sim=0.017
Lines of regression,Raw moments,6.41N-A-I-AI-DS-Sem-III-IV.pdf,2483111,Mathematics for Computer Engineering,2,1,,0.0828,0.0,0,Low sim=0.083
Moment generating function,Raw moments,6.41N-A-I-AI-DS-Sem-III-IV.pdf,2483111,Mathematics for Computer Engineering,1,1,,0.4099,0.0,1,Adjacent topics: delta=1 + sim=0.410
Regular operations,Arden's theorem,6.41N-A-I-AI-DS-Sem-III-IV.pdf,2484111,Computational,1,1,,0.2053,0.0,1,Adjacent topics: delta=1 + sim=0.205
Regular operations,Decision properties of RLs,6.41N-A-I-AI-DS-Sem-III-IV.pdf,2484111,Computational,2,1,,0.1942,0.0,0,No signal: sim=0.194 delta=2 kw=0.000
Regular operations,Pumping lemma,6.41N-A-I-AI-DS-Sem-III-IV.pdf,2484111,Computational,3,1,,0.1283,0.0,0,Low sim=0.128
Regular operations,RE in text search and replace,6.41N-A-I-AI-DS-Sem-III-IV.pdf,2484111,Computational,4,1,,0.178,0.0,0,No signal: sim=0.178 delta=4 kw=0.000
Regular operations,Application of Regular,6.41N-A-I-AI-DS-Sem-III-IV.pdf,2484111,Computational,5,1,,0.6872,0.25,1,High sim=0.687 + delta=5
Regular operations,Languages in Compiler Design,6.41N-A-I-AI-DS-Sem-III-IV.pdf,2484111,Computational,6,1,,0.2045,0.0,0,No signal: sim=0.205 delta=6 kw=0.000
Regular operations,Nondeterministic Finite Automata (NFA): Definitions,6.41N-A-I-AI-DS-Sem-III-IV.pdf,2484111,Computational,7,1,,0.2046,0.0,0,No signal: sim=0.205 delta=7 kw=0.000
Regular operations,Equivalence between NFA with and ϵ- transitions,6.41N-A-I-AI-DS-Sem-III-IV.pdf,2484111,Computational,8,1,,0.0974,0.0,0,Low sim=0.097
Regular operations,Minimization of DFA,6.41N-A-I-AI-DS-Sem-III-IV.pdf,2484111,Computational,9,1,,0.2333,0.0,0,No signal: sim=0.233 delta=9 kw=0.000
Arden's theorem,Decision properties of RLs,6.41N-A-I-AI-DS-Sem-III-IV.pdf,2484111,Computational,1,1,,0.0956,0.0,0,Low sim=0.096
Arden's theorem,Pumping lemma,6.41N-A-I-AI-DS-Sem-III-IV.pdf,2484111,Computational,2,1,,0.3108,0.0,1,Adjacent topics: delta=2 + sim=0.311
Arden's theorem,RE in text search and replace,6.41N-A-I-AI-DS-Sem-III-IV.pdf,2484111,Computational,3,1,,0.0297,0.0,0,Low sim=0.030
Arden's theorem,Application of Regular,6.41N-A-I-AI-DS-Sem-III-IV.pdf,2484111,Computational,4,1,,0.2475,0.0,0,No signal: sim=0.248 delta=4 kw=0.000
Arden's theorem,Languages in Compiler Design,6.41N-A-I-AI-DS-Sem-III-IV.pdf,2484111,Computational,5,1,,0.0519,0.0,0,Low sim=0.052
Arden's theorem,Nondeterministic Finite Automata (NFA): Definitions,6.41N-A-I-AI-DS-Sem-III-IV.pdf,2484111,Computational,6,1,,0.074,0.0,0,Low sim=0.074
Arden's theorem,Equivalence between NFA with and ϵ- transitions,6.41N-A-I-AI-DS-Sem-III-IV.pdf,2484111,Computational,7,1,,0.1255,0.0,0,Low sim=0.125
Arden's theorem,Minimization of DFA,6.41N-A-I-AI-DS-Sem-III-IV.pdf,2484111,Computational,8,1,,0.0896,0.0,0,Low sim=0.090
Decision properties of RLs,Pumping lemma,6.41N-A-I-AI-DS-Sem-III-IV.pdf,2484111,Computational,1,1,,0.0197,0.0,0,Low sim=0.020
Decision properties of RLs,RE in text search and replace,6.41N-A-I-AI-DS-Sem-III-IV.pdf,2484111,Computational,2,1,,0.032,0.0,0,Low sim=0.032
Decision properties of RLs,Application of Regular,6.41N-A-I-AI-DS-Sem-III-IV.pdf,2484111,Computational,3,1,,0.1588,0.1667,0,No signal: sim=0.159 delta=3 kw=0.167
Decision properties of RLs,Languages in Compiler Design,6.41N-A-I-AI-DS-Sem-III-IV.pdf,2484111,Computational,4,1,,0.1739,0.0,0,No signal: sim=0.174 delta=4 kw=0.000
Decision properties of RLs,Nondeterministic Finite Automata (NFA): Definitions,6.41N-A-I-AI-DS-Sem-III-IV.pdf,2484111,Computational,5,1,,0.2488,0.0,0,No signal: sim=0.249 delta=5 kw=0.000
Decision properties of RLs,Equivalence between NFA with and ϵ- transitions,6.41N-A-I-AI-DS-Sem-III-IV.pdf,2484111,Computational,6,1,,0.1531,0.0,0,No signal: sim=0.153 delta=6 kw=0.000
Decision properties of RLs,Minimization of DFA,6.41N-A-I-AI-DS-Sem-III-IV.pdf,2484111,Computational,7,1,,0.1913,0.1667,0,No signal: sim=0.191 delta=7 kw=0.167
Pumping lemma,RE in text search and replace,6.41N-A-I-AI-DS-Sem-III-IV.pdf,2484111,Computational,1,1,,0.1683,0.0,0,No signal: sim=0.168 delta=1 kw=0.000
Pumping lemma,Application of Regular,6.41N-A-I-AI-DS-Sem-III-IV.pdf,2484111,Computational,2,1,,0.2143,0.0,1,Adjacent topics: delta=2 + sim=0.214
Pumping lemma,Languages in Compiler Design,6.41N-A-I-AI-DS-Sem-III-IV.pdf,2484111,Computational,3,1,,0.2239,0.0,0,No signal: sim=0.224 delta=3 kw=0.000
Pumping lemma,Nondeterministic Finite Automata (NFA): Definitions,6.41N-A-I-AI-DS-Sem-III-IV.pdf,2484111,Computational,4,1,,0.1155,0.0,0,Low sim=0.116
Pumping lemma,Equivalence between NFA with and ϵ- transitions,6.41N-A-I-AI-DS-Sem-III-IV.pdf,2484111,Computational,5,1,,0.1623,0.0,0,No signal: sim=0.162 delta=5 kw=0.000
Pumping lemma,Minimization of DFA,6.41N-A-I-AI-DS-Sem-III-IV.pdf,2484111,Computational,6,1,,0.1527,0.0,0,No signal: sim=0.153 delta=6 kw=0.000
RE in text search and replace,Application of Regular,6.41N-A-I-AI-DS-Sem-III-IV.pdf,2484111,Computational,1,1,,0.1369,0.0,0,Low sim=0.137
RE in text search and replace,Languages in Compiler Design,6.41N-A-I-AI-DS-Sem-III-IV.pdf,2484111,Computational,2,1,,0.0087,0.1111,0,Low sim=0.009
RE in text search and replace,Nondeterministic Finite Automata (NFA): Definitions,6.41N-A-I-AI-DS-Sem-III-IV.pdf,2484111,Computational,3,1,,0.0547,0.0,0,Low sim=0.055
RE in text search and replace,Equivalence between NFA with and ϵ- transitions,6.41N-A-I-AI-DS-Sem-III-IV.pdf,2484111,Computational,4,1,,0.0344,0.0833,0,Low sim=0.034
RE in text search and replace,Minimization of DFA,6.41N-A-I-AI-DS-Sem-III-IV.pdf,2484111,Computational,5,1,,0.056,0.0,0,Low sim=0.056
Application of Regular,Languages in Compiler Design,6.41N-A-I-AI-DS-Sem-III-IV.pdf,2484111,Computational,1,1,,0.127,0.0,0,Low sim=0.127
Application of Regular,Nondeterministic Finite Automata (NFA): Definitions,6.41N-A-I-AI-DS-Sem-III-IV.pdf,2484111,Computational,2,1,,0.2048,0.0,1,Adjacent topics: delta=2 + sim=0.205
Application of Regular,Equivalence between NFA with and ϵ- transitions,6.41N-A-I-AI-DS-Sem-III-IV.pdf,2484111,Computational,3,1,,0.1411,0.0,0,Low sim=0.141
Application of Regular,Minimization of DFA,6.41N-A-I-AI-DS-Sem-III-IV.pdf,2484111,Computational,4,1,,0.289,0.2,0,No signal: sim=0.289 delta=4 kw=0.200
Languages in Compiler Design,Nondeterministic Finite Automata (NFA): Definitions,6.41N-A-I-AI-DS-Sem-III-IV.pdf,2484111,Computational,1,1,,0.2147,0.0,1,Adjacent topics: delta=1 + sim=0.215
Languages in Compiler Design,Equivalence between NFA with and ϵ- transitions,6.41N-A-I-AI-DS-Sem-III-IV.pdf,2484111,Computational,2,1,,0.1073,0.0,0,Low sim=0.107
Languages in Compiler Design,Minimization of DFA,6.41N-A-I-AI-DS-Sem-III-IV.pdf,2484111,Computational,3,1,,0.146,0.0,0,Low sim=0.146
Nondeterministic Finite Automata (NFA): Definitions,Equivalence between NFA with and ϵ- transitions,6.41N-A-I-AI-DS-Sem-III-IV.pdf,2484111,Computational,1,1,,0.5904,0.0909,1,sim=0.590>=0.45 + delta=1<=5
Nondeterministic Finite Automata (NFA): Definitions,Minimization of DFA,6.41N-A-I-AI-DS-Sem-III-IV.pdf,2484111,Computational,2,1,,0.5158,0.0,1,sim=0.516>=0.45 + delta=2<=5
Equivalence between NFA with and ϵ- transitions,Minimization of DFA,6.41N-A-I-AI-DS-Sem-III-IV.pdf,2484111,Computational,1,1,,0.4193,0.0,1,Adjacent topics: delta=1 + sim=0.419
"Definition of Laplace transform, Condition of Existence of Laplace","Properties of Laplace Transform: Linearity, First Shifting theorem",6.44-N-B.E.-Mecanical-Automation-Engineering-Sem-III-IV.pdf,2393111,Engineering Mathematics-III,1,1,,0.6797,0.2727,1,High sim=0.680 + delta=1
"Definition of Laplace transform, Condition of Existence of Laplace","Function, Second Shifting Theorem",6.44-N-B.E.-Mecanical-Automation-Engineering-Sem-III-IV.pdf,2393111,Engineering Mathematics-III,2,1,,0.2044,0.0,1,Adjacent topics: delta=2 + sim=0.204
"Definition of Laplace transform, Condition of Existence of Laplace","Inverse Laplace Transform, Linearity property, use of standard",6.44-N-B.E.-Mecanical-Automation-Engineering-Sem-III-IV.pdf,2393111,Engineering Mathematics-III,3,1,,0.5452,0.2727,1,sim=0.545>=0.45 + delta=3<=5
"Definition of Laplace transform, Condition of Existence of Laplace",Laplace transform using derivative,6.44-N-B.E.-Mecanical-Automation-Engineering-Sem-III-IV.pdf,2393111,Engineering Mathematics-III,4,1,,0.5844,0.25,1,sim=0.584>=0.45 + delta=4<=5
"Definition of Laplace transform, Condition of Existence of Laplace",Partial fractions method & first shift property to find inverse Laplace,6.44-N-B.E.-Mecanical-Automation-Engineering-Sem-III-IV.pdf,2393111,Engineering Mathematics-III,5,1,,0.407,0.0667,1,Foundational kw + sim=0.407 + delta=5
"Definition of Laplace transform, Condition of Existence of Laplace",Inverse Laplace transform using Convolution theorem (without,6.44-N-B.E.-Mecanical-Automation-Engineering-Sem-III-IV.pdf,2393111,Engineering Mathematics-III,6,1,,0.5618,0.1818,1,Foundational kw + sim=0.562 + delta=6
"Definition of Laplace transform, Condition of Existence of Laplace",Module: Fourier Series,6.44-N-B.E.-Mecanical-Automation-Engineering-Sem-III-IV.pdf,2393111,Engineering Mathematics-III,7,1,,0.0961,0.0,0,Low sim=0.096
"Definition of Laplace transform, Condition of Existence of Laplace","Dirichlet’s conditions, Definition of Fourier series",6.44-N-B.E.-Mecanical-Automation-Engineering-Sem-III-IV.pdf,2393111,Engineering Mathematics-III,8,1,,0.3609,0.1818,1,Foundational kw + sim=0.361 + delta=8
"Definition of Laplace transform, Condition of Existence of Laplace",Fourier series of periodic function with period 2π and 2l (No,6.44-N-B.E.-Mecanical-Automation-Engineering-Sem-III-IV.pdf,2393111,Engineering Mathematics-III,9,1,,0.0758,0.0625,0,Low sim=0.076
"Definition of Laplace transform, Condition of Existence of Laplace",Fourier series of e ve n and odd functions. (No question should be,6.44-N-B.E.-Mecanical-Automation-Engineering-Sem-III-IV.pdf,2393111,Engineering Mathematics-III,10,1,,0.1054,0.0556,0,Low sim=0.105
"Definition of Laplace transform, Condition of Existence of Laplace",Half range Sine and Cosine Series,6.44-N-B.E.-Mecanical-Automation-Engineering-Sem-III-IV.pdf,2393111,Engineering Mathematics-III,11,1,,0.1135,0.0,0,Low sim=0.113
"Definition of Laplace transform, Condition of Existence of Laplace","Analytic function, necessary and sufficient conditions for f(z) to be",6.44-N-B.E.-Mecanical-Automation-Engineering-Sem-III-IV.pdf,2393111,Engineering Mathematics-III,12,1,,0.3751,0.0,0,Far apart: delta=12 + sim=0.375
"Definition of Laplace transform, Condition of Existence of Laplace",Riemann equations in cartesian coordinates,6.44-N-B.E.-Mecanical-Automation-Engineering-Sem-III-IV.pdf,2393111,Engineering Mathematics-III,13,1,,0.1243,0.0,0,Low sim=0.124
"Definition of Laplace transform, Condition of Existence of Laplace","Harmonic function, Harmonic conjugate",6.44-N-B.E.-Mecanical-Automation-Engineering-Sem-III-IV.pdf,2393111,Engineering Mathematics-III,14,1,,0.2318,0.0,0,Far apart: delta=14 + sim=0.232
"Properties of Laplace Transform: Linearity, First Shifting theorem","Function, Second Shifting Theorem",6.44-N-B.E.-Mecanical-Automation-Engineering-Sem-III-IV.pdf,2393111,Engineering Mathematics-III,1,1,,0.5123,0.2,1,sim=0.512>=0.45 + delta=1<=5
"Properties of Laplace Transform: Linearity, First Shifting theorem","Inverse Laplace Transform, Linearity property, use of standard",6.44-N-B.E.-Mecanical-Automation-Engineering-Sem-III-IV.pdf,2393111,Engineering Mathematics-III,2,1,,0.7049,0.3333,1,High sim=0.705 + delta=2
"Properties of Laplace Transform: Linearity, First Shifting theorem",Laplace transform using derivative,6.44-N-B.E.-Mecanical-Automation-Engineering-Sem-III-IV.pdf,2393111,Engineering Mathematics-III,3,1,,0.5646,0.2,1,sim=0.565>=0.45 + delta=3<=5
"Properties of Laplace Transform: Linearity, First Shifting theorem",Partial fractions method & first shift property to find inverse Laplace,6.44-N-B.E.-Mecanical-Automation-Engineering-Sem-III-IV.pdf,2393111,Engineering Mathematics-III,4,1,,0.5072,0.125,1,sim=0.507>=0.45 + delta=4<=5
"Properties of Laplace Transform: Linearity, First Shifting theorem",Inverse Laplace transform using Convolution theorem (without,6.44-N-B.E.-Mecanical-Automation-Engineering-Sem-III-IV.pdf,2393111,Engineering Mathematics-III,5,1,,0.5822,0.25,1,sim=0.582>=0.45 + delta=5<=5
"Properties of Laplace Transform: Linearity, First Shifting theorem",Module: Fourier Series,6.44-N-B.E.-Mecanical-Automation-Engineering-Sem-III-IV.pdf,2393111,Engineering Mathematics-III,6,1,,0.1243,0.0,0,Low sim=0.124
"Properties of Laplace Transform: Linearity, First Shifting theorem","Dirichlet’s conditions, Definition of Fourier series",6.44-N-B.E.-Mecanical-Automation-Engineering-Sem-III-IV.pdf,2393111,Engineering Mathematics-III,7,1,,0.2815,0.0714,0,No signal: sim=0.282 delta=7 kw=0.071
"Properties of Laplace Transform: Linearity, First Shifting theorem",Fourier series of periodic function with period 2π and 2l (No,6.44-N-B.E.-Mecanical-Automation-Engineering-Sem-III-IV.pdf,2393111,Engineering Mathematics-III,8,1,,0.1347,0.0556,0,Low sim=0.135
"Properties of Laplace Transform: Linearity, First Shifting theorem",Fourier series of e ve n and odd functions. (No question should be,6.44-N-B.E.-Mecanical-Automation-Engineering-Sem-III-IV.pdf,2393111,Engineering Mathematics-III,9,1,,0.1878,0.05,0,No signal: sim=0.188 delta=9 kw=0.050
"Properties of Laplace Transform: Linearity, First Shifting theorem",Half range Sine and Cosine Series,6.44-N-B.E.-Mecanical-Automation-Engineering-Sem-III-IV.pdf,2393111,Engineering Mathematics-III,10,1,,0.1472,0.0,0,Low sim=0.147
"Properties of Laplace Transform: Linearity, First Shifting theorem","Analytic function, necessary and sufficient conditions for f(z) to be",6.44-N-B.E.-Mecanical-Automation-Engineering-Sem-III-IV.pdf,2393111,Engineering Mathematics-III,11,1,,0.2258,0.0,0,No signal: sim=0.226 delta=11 kw=0.000
"Properties of Laplace Transform: Linearity, First Shifting theorem",Riemann equations in cartesian coordinates,6.44-N-B.E.-Mecanical-Automation-Engineering-Sem-III-IV.pdf,2393111,Engineering Mathematics-III,12,1,,0.167,0.0,0,Far apart: delta=12 + sim=0.167
"Properties of Laplace Transform: Linearity, First Shifting theorem","Harmonic function, Harmonic conjugate",6.44-N-B.E.-Mecanical-Automation-Engineering-Sem-III-IV.pdf,2393111,Engineering Mathematics-III,13,1,,0.236,0.0,0,Far apart: delta=13 + sim=0.236
"Properties of Laplace Transform: Linearity, First Shifting theorem","Characteristic equation, Eigen values and Eigen vectors",6.44-N-B.E.-Mecanical-Automation-Engineering-Sem-III-IV.pdf,2393111,Engineering Mathematics-III,14,1,,0.1788,0.0,0,Far apart: delta=14 + sim=0.179
"Function, Second Shifting Theorem","Inverse Laplace Transform, Linearity property, use of standard",6.44-N-B.E.-Mecanical-Automation-Engineering-Sem-III-IV.pdf,2393111,Engineering Mathematics-III,1,1,,0.1612,0.0,0,No signal: sim=0.161 delta=1 kw=0.000
"Function, Second Shifting Theorem",Laplace transform using derivative,6.44-N-B.E.-Mecanical-Automation-Engineering-Sem-III-IV.pdf,2393111,Engineering Mathematics-III,2,1,,0.0951,0.0,0,Low sim=0.095
"Function, Second Shifting Theorem",Partial fractions method & first shift property to find inverse Laplace,6.44-N-B.E.-Mecanical-Automation-Engineering-Sem-III-IV.pdf,2393111,Engineering Mathematics-III,3,1,,0.1937,0.0,0,No signal: sim=0.194 delta=3 kw=0.000
"Function, Second Shifting Theorem",Inverse Laplace transform using Convolution theorem (without,6.44-N-B.E.-Mecanical-Automation-Engineering-Sem-III-IV.pdf,2393111,Engineering Mathematics-III,4,1,,0.1859,0.1,0,No signal: sim=0.186 delta=4 kw=0.100
"Function, Second Shifting Theorem",Module: Fourier Series,6.44-N-B.E.-Mecanical-Automation-Engineering-Sem-III-IV.pdf,2393111,Engineering Mathematics-III,5,1,,0.1306,0.0,0,Low sim=0.131
"Function, Second Shifting Theorem","Dirichlet’s conditions, Definition of Fourier series",6.44-N-B.E.-Mecanical-Automation-Engineering-Sem-III-IV.pdf,2393111,Engineering Mathematics-III,6,1,,0.1259,0.0,0,Low sim=0.126
"Function, Second Shifting Theorem",Fourier series of periodic function with period 2π and 2l (No,6.44-N-B.E.-Mecanical-Automation-Engineering-Sem-III-IV.pdf,2393111,Engineering Mathematics-III,7,1,,0.1487,0.0714,0,Low sim=0.149
"Function, Second Shifting Theorem",Fourier series of e ve n and odd functions. (No question should be,6.44-N-B.E.-Mecanical-Automation-Engineering-Sem-III-IV.pdf,2393111,Engineering Mathematics-III,8,1,,0.1401,0.0,0,Low sim=0.140
"Function, Second Shifting Theorem",Half range Sine and Cosine Series,6.44-N-B.E.-Mecanical-Automation-Engineering-Sem-III-IV.pdf,2393111,Engineering Mathematics-III,9,1,,0.1485,0.0,0,Low sim=0.148
"Function, Second Shifting Theorem","Analytic function, necessary and sufficient conditions for f(z) to be",6.44-N-B.E.-Mecanical-Automation-Engineering-Sem-III-IV.pdf,2393111,Engineering Mathematics-III,10,1,,0.2538,0.0714,0,No signal: sim=0.254 delta=10 kw=0.071
"Function, Second Shifting Theorem",Riemann equations in cartesian coordinates,6.44-N-B.E.-Mecanical-Automation-Engineering-Sem-III-IV.pdf,2393111,Engineering Mathematics-III,11,1,,0.195,0.0,0,No signal: sim=0.195 delta=11 kw=0.000
"Function, Second Shifting Theorem","Harmonic function, Harmonic conjugate",6.44-N-B.E.-Mecanical-Automation-Engineering-Sem-III-IV.pdf,2393111,Engineering Mathematics-III,12,1,,0.1568,0.1667,0,Far apart: delta=12 + sim=0.157
"Function, Second Shifting Theorem","Characteristic equation, Eigen values and Eigen vectors",6.44-N-B.E.-Mecanical-Automation-Engineering-Sem-III-IV.pdf,2393111,Engineering Mathematics-III,13,1,,-0.0265,0.0,0,Low sim=-0.026
"Function, Second Shifting Theorem",Properties of Eigen values and Eigen vectors. (No theorems/,6.44-N-B.E.-Mecanical-Automation-Engineering-Sem-III-IV.pdf,2393111,Engineering Mathematics-III,14,1,,0.1128,0.0,0,Low sim=0.113
"Inverse Laplace Transform, Linearity property, use of standard",Laplace transform using derivative,6.44-N-B.E.-Mecanical-Automation-Engineering-Sem-III-IV.pdf,2393111,Engineering Mathematics-III,1,1,,0.6044,0.2,1,High sim=0.604 + delta=1
"Inverse Laplace Transform, Linearity property, use of standard",Partial fractions method & first shift property to find inverse Laplace,6.44-N-B.E.-Mecanical-Automation-Engineering-Sem-III-IV.pdf,2393111,Engineering Mathematics-III,2,1,,0.6326,0.2,1,High sim=0.633 + delta=2
"Inverse Laplace Transform, Linearity property, use of standard",Inverse Laplace transform using Convolution theorem (without,6.44-N-B.E.-Mecanical-Automation-Engineering-Sem-III-IV.pdf,2393111,Engineering Mathematics-III,3,1,,0.7052,0.25,1,High sim=0.705 + delta=3
"Inverse Laplace Transform, Linearity property, use of standard",Module: Fourier Series,6.44-N-B.E.-Mecanical-Automation-Engineering-Sem-III-IV.pdf,2393111,Engineering Mathematics-III,4,1,,0.0838,0.0,0,Low sim=0.084
"Inverse Laplace Transform, Linearity property, use of standard","Dirichlet’s conditions, Definition of Fourier series",6.44-N-B.E.-Mecanical-Automation-Engineering-Sem-III-IV.pdf,2393111,Engineering Mathematics-III,5,1,,0.1219,0.0714,0,Low sim=0.122
"Inverse Laplace Transform, Linearity property, use of standard",Fourier series of periodic function with period 2π and 2l (No,6.44-N-B.E.-Mecanical-Automation-Engineering-Sem-III-IV.pdf,2393111,Engineering Mathematics-III,6,1,,0.1008,0.0556,0,Low sim=0.101
"Inverse Laplace Transform, Linearity property, use of standard",Fourier series of e ve n and odd functions. (No question should be,6.44-N-B.E.-Mecanical-Automation-Engineering-Sem-III-IV.pdf,2393111,Engineering Mathematics-III,7,1,,0.1559,0.05,0,No signal: sim=0.156 delta=7 kw=0.050
"Inverse Laplace Transform, Linearity property, use of standard",Half range Sine and Cosine Series,6.44-N-B.E.-Mecanical-Automation-Engineering-Sem-III-IV.pdf,2393111,Engineering Mathematics-III,8,1,,0.1143,0.0,0,Low sim=0.114
"Inverse Laplace Transform, Linearity property, use of standard","Analytic function, necessary and sufficient conditions for f(z) to be",6.44-N-B.E.-Mecanical-Automation-Engineering-Sem-III-IV.pdf,2393111,Engineering Mathematics-III,9,1,,0.1841,0.0,0,No signal: sim=0.184 delta=9 kw=0.000
"Inverse Laplace Transform, Linearity property, use of standard",Riemann equations in cartesian coordinates,6.44-N-B.E.-Mecanical-Automation-Engineering-Sem-III-IV.pdf,2393111,Engineering Mathematics-III,10,1,,0.0873,0.0,0,Low sim=0.087
"Inverse Laplace Transform, Linearity property, use of standard","Harmonic function, Harmonic conjugate",6.44-N-B.E.-Mecanical-Automation-Engineering-Sem-III-IV.pdf,2393111,Engineering Mathematics-III,11,1,,0.2359,0.0,0,No signal: sim=0.236 delta=11 kw=0.000
"Inverse Laplace Transform, Linearity property, use of standard","Characteristic equation, Eigen values and Eigen vectors",6.44-N-B.E.-Mecanical-Automation-Engineering-Sem-III-IV.pdf,2393111,Engineering Mathematics-III,12,1,,0.1501,0.0,0,Far apart: delta=12 + sim=0.150
"Inverse Laplace Transform, Linearity property, use of standard",Properties of Eigen values and Eigen vectors. (No theorems/,6.44-N-B.E.-Mecanical-Automation-Engineering-Sem-III-IV.pdf,2393111,Engineering Mathematics-III,13,1,,0.1551,0.0667,0,Far apart: delta=13 + sim=0.155
"Inverse Laplace Transform, Linearity property, use of standard",Hamilton theorem (without proof): Application to find,6.44-N-B.E.-Mecanical-Automation-Engineering-Sem-III-IV.pdf,2393111,Engineering Mathematics-III,14,1,,0.072,0.0,0,Low sim=0.072
Laplace transform using derivative,Partial fractions method & first shift property to find inverse Laplace,6.44-N-B.E.-Mecanical-Automation-Engineering-Sem-III-IV.pdf,2393111,Engineering Mathematics-III,1,1,,0.6175,0.0769,1,High sim=0.618 + delta=1
Laplace transform using derivative,Inverse Laplace transform using Convolution theorem (without,6.44-N-B.E.-Mecanical-Automation-Engineering-Sem-III-IV.pdf,2393111,Engineering Mathematics-III,2,1,,0.6781,0.375,1,High sim=0.678 + delta=2
Laplace transform using derivative,Module: Fourier Series,6.44-N-B.E.-Mecanical-Automation-Engineering-Sem-III-IV.pdf,2393111,Engineering Mathematics-III,3,1,,0.1429,0.0,0,Low sim=0.143
Laplace transform using derivative,"Dirichlet’s conditions, Definition of Fourier series",6.44-N-B.E.-Mecanical-Automation-Engineering-Sem-III-IV.pdf,2393111,Engineering Mathematics-III,4,1,,0.1463,0.0,0,Low sim=0.146
Laplace transform using derivative,Fourier series of periodic function with period 2π and 2l (No,6.44-N-B.E.-Mecanical-Automation-Engineering-Sem-III-IV.pdf,2393111,Engineering Mathematics-III,5,1,,0.0876,0.0,0,Low sim=0.088
Laplace transform using derivative,Fourier series of e ve n and odd functions. (No question should be,6.44-N-B.E.-Mecanical-Automation-Engineering-Sem-III-IV.pdf,2393111,Engineering Mathematics-III,6,1,,0.1441,0.0,0,Low sim=0.144
Laplace transform using derivative,Half range Sine and Cosine Series,6.44-N-B.E.-Mecanical-Automation-Engineering-Sem-III-IV.pdf,2393111,Engineering Mathematics-III,7,1,,0.1279,0.0,0,Low sim=0.128
Laplace transform using derivative,"Analytic function, necessary and sufficient conditions for f(z) to be",6.44-N-B.E.-Mecanical-Automation-Engineering-Sem-III-IV.pdf,2393111,Engineering Mathematics-III,8,1,,0.163,0.0,0,No signal: sim=0.163 delta=8 kw=0.000
Laplace transform using derivative,Riemann equations in cartesian coordinates,6.44-N-B.E.-Mecanical-Automation-Engineering-Sem-III-IV.pdf,2393111,Engineering Mathematics-III,9,1,,0.0948,0.0,0,Low sim=0.095
Laplace transform using derivative,"Harmonic function, Harmonic conjugate",6.44-N-B.E.-Mecanical-Automation-Engineering-Sem-III-IV.pdf,2393111,Engineering Mathematics-III,10,1,,0.2742,0.0,0,No signal: sim=0.274 delta=10 kw=0.000
Laplace transform using derivative,"Characteristic equation, Eigen values and Eigen vectors",6.44-N-B.E.-Mecanical-Automation-Engineering-Sem-III-IV.pdf,2393111,Engineering Mathematics-III,11,1,,0.0994,0.0,0,Low sim=0.099
Laplace transform using derivative,Properties of Eigen values and Eigen vectors. (No theorems/,6.44-N-B.E.-Mecanical-Automation-Engineering-Sem-III-IV.pdf,2393111,Engineering Mathematics-III,12,1,,-0.0361,0.0,0,Low sim=-0.036
Laplace transform using derivative,Hamilton theorem (without proof): Application to find,6.44-N-B.E.-Mecanical-Automation-Engineering-Sem-III-IV.pdf,2393111,Engineering Mathematics-III,13,1,,0.054,0.0,0,Low sim=0.054
Laplace transform using derivative,"Similarity of matrices, Diagonalization of matrices",6.44-N-B.E.-Mecanical-Automation-Engineering-Sem-III-IV.pdf,2393111,Engineering Mathematics-III,14,1,,-0.0907,0.0,0,Low sim=-0.091
Partial fractions method & first shift property to find inverse Laplace,Inverse Laplace transform using Convolution theorem (without,6.44-N-B.E.-Mecanical-Automation-Engineering-Sem-III-IV.pdf,2393111,Engineering Mathematics-III,1,1,,0.6813,0.1333,1,High sim=0.681 + delta=1
Partial fractions method & first shift property to find inverse Laplace,Module: Fourier Series,6.44-N-B.E.-Mecanical-Automation-Engineering-Sem-III-IV.pdf,2393111,Engineering Mathematics-III,2,1,,0.0722,0.0,0,Low sim=0.072
Partial fractions method & first shift property to find inverse Laplace,"Dirichlet’s conditions, Definition of Fourier series",6.44-N-B.E.-Mecanical-Automation-Engineering-Sem-III-IV.pdf,2393111,Engineering Mathematics-III,3,1,,0.0977,0.0,0,Low sim=0.098
Partial fractions method & first shift property to find inverse Laplace,Fourier series of periodic function with period 2π and 2l (No,6.44-N-B.E.-Mecanical-Automation-Engineering-Sem-III-IV.pdf,2393111,Engineering Mathematics-III,4,1,,0.0768,0.0,0,Low sim=0.077
Partial fractions method & first shift property to find inverse Laplace,Fourier series of e ve n and odd functions. (No question should be,6.44-N-B.E.-Mecanical-Automation-Engineering-Sem-III-IV.pdf,2393111,Engineering Mathematics-III,5,1,,0.0643,0.0,0,Low sim=0.064
Partial fractions method & first shift property to find inverse Laplace,Half range Sine and Cosine Series,6.44-N-B.E.-Mecanical-Automation-Engineering-Sem-III-IV.pdf,2393111,Engineering Mathematics-III,6,1,,0.207,0.0,0,No signal: sim=0.207 delta=6 kw=0.000
Partial fractions method & first shift property to find inverse Laplace,"Analytic function, necessary and sufficient conditions for f(z) to be",6.44-N-B.E.-Mecanical-Automation-Engineering-Sem-III-IV.pdf,2393111,Engineering Mathematics-III,7,1,,0.0739,0.05,0,Low sim=0.074
Partial fractions method & first shift property to find inverse Laplace,Riemann equations in cartesian coordinates,6.44-N-B.E.-Mecanical-Automation-Engineering-Sem-III-IV.pdf,2393111,Engineering Mathematics-III,8,1,,0.1853,0.0,0,No signal: sim=0.185 delta=8 kw=0.000
Partial fractions method & first shift property to find inverse Laplace,"Harmonic function, Harmonic conjugate",6.44-N-B.E.-Mecanical-Automation-Engineering-Sem-III-IV.pdf,2393111,Engineering Mathematics-III,9,1,,0.2475,0.0,0,No signal: sim=0.248 delta=9 kw=0.000
Partial fractions method & first shift property to find inverse Laplace,"Characteristic equation, Eigen values and Eigen vectors",6.44-N-B.E.-Mecanical-Automation-Engineering-Sem-III-IV.pdf,2393111,Engineering Mathematics-III,10,1,,0.059,0.0,0,Low sim=0.059
Partial fractions method & first shift property to find inverse Laplace,Properties of Eigen values and Eigen vectors. (No theorems/,6.44-N-B.E.-Mecanical-Automation-Engineering-Sem-III-IV.pdf,2393111,Engineering Mathematics-III,11,1,,-0.0413,0.0,0,Low sim=-0.041
Partial fractions method & first shift property to find inverse Laplace,Hamilton theorem (without proof): Application to find,6.44-N-B.E.-Mecanical-Automation-Engineering-Sem-III-IV.pdf,2393111,Engineering Mathematics-III,12,1,,0.0791,0.1333,0,Low sim=0.079
Partial fractions method & first shift property to find inverse Laplace,"Similarity of matrices, Diagonalization of matrices",6.44-N-B.E.-Mecanical-Automation-Engineering-Sem-III-IV.pdf,2393111,Engineering Mathematics-III,13,1,,-0.0699,0.0,0,Low sim=-0.070
Partial fractions method & first shift property to find inverse Laplace,Module: Numerical methods for PDE,6.44-N-B.E.-Mecanical-Automation-Engineering-Sem-III-IV.pdf,2393111,Engineering Mathematics-III,14,1,,0.2991,0.0,0,Far apart: delta=14 + sim=0.299
Inverse Laplace transform using Convolution theorem (without,Module: Fourier Series,6.44-N-B.E.-Mecanical-Automation-Engineering-Sem-III-IV.pdf,2393111,Engineering Mathematics-III,1,1,,0.1139,0.0,0,Low sim=0.114
Inverse Laplace transform using Convolution theorem (without,"Dirichlet’s conditions, Definition of Fourier series",6.44-N-B.E.-Mecanical-Automation-Engineering-Sem-III-IV.pdf,2393111,Engineering Mathematics-III,2,1,,0.123,0.0,0,Low sim=0.123
Inverse Laplace transform using Convolution theorem (without,Fourier series of periodic function with period 2π and 2l (No,6.44-N-B.E.-Mecanical-Automation-Engineering-Sem-III-IV.pdf,2393111,Engineering Mathematics-III,3,1,,0.1531,0.0,0,No signal: sim=0.153 delta=3 kw=0.000
Inverse Laplace transform using Convolution theorem (without,Fourier series of e ve n and odd functions. (No question should be,6.44-N-B.E.-Mecanical-Automation-Engineering-Sem-III-IV.pdf,2393111,Engineering Mathematics-III,4,1,,0.1483,0.0,0,Low sim=0.148
Inverse Laplace transform using Convolution theorem (without,Half range Sine and Cosine Series,6.44-N-B.E.-Mecanical-Automation-Engineering-Sem-III-IV.pdf,2393111,Engineering Mathematics-III,5,1,,0.1392,0.0,0,Low sim=0.139
Inverse Laplace transform using Convolution theorem (without,"Analytic function, necessary and sufficient conditions for f(z) to be",6.44-N-B.E.-Mecanical-Automation-Engineering-Sem-III-IV.pdf,2393111,Engineering Mathematics-III,6,1,,0.1582,0.0,0,No signal: sim=0.158 delta=6 kw=0.000
Inverse Laplace transform using Convolution theorem (without,Riemann equations in cartesian coordinates,6.44-N-B.E.-Mecanical-Automation-Engineering-Sem-III-IV.pdf,2393111,Engineering Mathematics-III,7,1,,0.0931,0.0,0,Low sim=0.093
Inverse Laplace transform using Convolution theorem (without,"Harmonic function, Harmonic conjugate",6.44-N-B.E.-Mecanical-Automation-Engineering-Sem-III-IV.pdf,2393111,Engineering Mathematics-III,8,1,,0.364,0.0,0,No signal: sim=0.364 delta=8 kw=0.000
Inverse Laplace transform using Convolution theorem (without,"Characteristic equation, Eigen values and Eigen vectors",6.44-N-B.E.-Mecanical-Automation-Engineering-Sem-III-IV.pdf,2393111,Engineering Mathematics-III,9,1,,0.1015,0.0,0,Low sim=0.101
Inverse Laplace transform using Convolution theorem (without,Properties of Eigen values and Eigen vectors. (No theorems/,6.44-N-B.E.-Mecanical-Automation-Engineering-Sem-III-IV.pdf,2393111,Engineering Mathematics-III,10,1,,0.0482,0.0,0,Low sim=0.048
Inverse Laplace transform using Convolution theorem (without,Hamilton theorem (without proof): Application to find,6.44-N-B.E.-Mecanical-Automation-Engineering-Sem-III-IV.pdf,2393111,Engineering Mathematics-III,11,1,,0.1479,0.1667,0,Low sim=0.148
Inverse Laplace transform using Convolution theorem (without,"Similarity of matrices, Diagonalization of matrices",6.44-N-B.E.-Mecanical-Automation-Engineering-Sem-III-IV.pdf,2393111,Engineering Mathematics-III,12,1,,-0.0493,0.0,0,Low sim=-0.049
Inverse Laplace transform using Convolution theorem (without,Module: Numerical methods for PDE,6.44-N-B.E.-Mecanical-Automation-Engineering-Sem-III-IV.pdf,2393111,Engineering Mathematics-III,13,1,,0.1102,0.0,0,Low sim=0.110
Inverse Laplace transform using Convolution theorem (without,"Introduction of Partial Differential equations, method of separation",6.44-N-B.E.-Mecanical-Automation-Engineering-Sem-III-IV.pdf,2393111,Engineering Mathematics-III,14,1,,0.1604,0.0,0,Far apart: delta=14 + sim=0.160
Module: Fourier Series,"Dirichlet’s conditions, Definition of Fourier series",6.44-N-B.E.-Mecanical-Automation-Engineering-Sem-III-IV.pdf,2393111,Engineering Mathematics-III,1,1,,0.5706,0.25,1,sim=0.571>=0.45 + delta=1<=5
Module: Fourier Series,Fourier series of periodic function with period 2π and 2l (No,6.44-N-B.E.-Mecanical-Automation-Engineering-Sem-III-IV.pdf,2393111,Engineering Mathematics-III,2,1,,0.5917,0.1667,1,sim=0.592>=0.45 + delta=2<=5
Module: Fourier Series,Fourier series of e ve n and odd functions. (No question should be,6.44-N-B.E.-Mecanical-Automation-Engineering-Sem-III-IV.pdf,2393111,Engineering Mathematics-III,3,1,,0.5914,0.1429,1,sim=0.591>=0.45 + delta=3<=5
Module: Fourier Series,Half range Sine and Cosine Series,6.44-N-B.E.-Mecanical-Automation-Engineering-Sem-III-IV.pdf,2393111,Engineering Mathematics-III,4,1,,0.4259,0.125,0,No signal: sim=0.426 delta=4 kw=0.125
Module: Fourier Series,"Analytic function, necessary and sufficient conditions for f(z) to be",6.44-N-B.E.-Mecanical-Automation-Engineering-Sem-III-IV.pdf,2393111,Engineering Mathematics-III,5,1,,0.0961,0.0,0,Low sim=0.096
Module: Fourier Series,Riemann equations in cartesian coordinates,6.44-N-B.E.-Mecanical-Automation-Engineering-Sem-III-IV.pdf,2393111,Engineering Mathematics-III,6,1,,0.0562,0.0,0,Low sim=0.056
Module: Fourier Series,"Harmonic function, Harmonic conjugate",6.44-N-B.E.-Mecanical-Automation-Engineering-Sem-III-IV.pdf,2393111,Engineering Mathematics-III,7,1,,0.1845,0.0,0,No signal: sim=0.184 delta=7 kw=0.000
Module: Fourier Series,"Characteristic equation, Eigen values and Eigen vectors",6.44-N-B.E.-Mecanical-Automation-Engineering-Sem-III-IV.pdf,2393111,Engineering Mathematics-III,8,1,,0.0898,0.0,0,Low sim=0.090
Module: Fourier Series,Properties of Eigen values and Eigen vectors. (No theorems/,6.44-N-B.E.-Mecanical-Automation-Engineering-Sem-III-IV.pdf,2393111,Engineering Mathematics-III,9,1,,0.0233,0.0,0,Low sim=0.023
Module: Fourier Series,Hamilton theorem (without proof): Application to find,6.44-N-B.E.-Mecanical-Automation-Engineering-Sem-III-IV.pdf,2393111,Engineering Mathematics-III,10,1,,0.1301,0.0,0,Low sim=0.130
Module: Fourier Series,"Similarity of matrices, Diagonalization of matrices",6.44-N-B.E.-Mecanical-Automation-Engineering-Sem-III-IV.pdf,2393111,Engineering Mathematics-III,11,1,,-0.0046,0.0,0,Low sim=-0.005
Module: Fourier Series,Module: Numerical methods for PDE,6.44-N-B.E.-Mecanical-Automation-Engineering-Sem-III-IV.pdf,2393111,Engineering Mathematics-III,12,1,,0.3252,0.1429,0,Far apart: delta=12 + sim=0.325
Module: Fourier Series,"Introduction of Partial Differential equations, method of separation",6.44-N-B.E.-Mecanical-Automation-Engineering-Sem-III-IV.pdf,2393111,Engineering Mathematics-III,13,1,,0.0977,0.0,0,Low sim=0.098
Module: Fourier Series,Crank Nicholson method,6.44-N-B.E.-Mecanical-Automation-Engineering-Sem-III-IV.pdf,2393111,Engineering Mathematics-III,14,1,,0.095,0.0,0,Low sim=0.095
"Dirichlet’s conditions, Definition of Fourier series",Fourier series of periodic function with period 2π and 2l (No,6.44-N-B.E.-Mecanical-Automation-Engineering-Sem-III-IV.pdf,2393111,Engineering Mathematics-III,1,1,,0.5547,0.2,1,sim=0.555>=0.45 + delta=1<=5
"Dirichlet’s conditions, Definition of Fourier series",Fourier series of e ve n and odd functions. (No question should be,6.44-N-B.E.-Mecanical-Automation-Engineering-Sem-III-IV.pdf,2393111,Engineering Mathematics-III,2,1,,0.5314,0.1765,1,sim=0.531>=0.45 + delta=2<=5
"Dirichlet’s conditions, Definition of Fourier series",Half range Sine and Cosine Series,6.44-N-B.E.-Mecanical-Automation-Engineering-Sem-III-IV.pdf,2393111,Engineering Mathematics-III,3,1,,0.3225,0.0833,1,Foundational kw + sim=0.322 + delta=3
"Dirichlet’s conditions, Definition of Fourier series","Analytic function, necessary and sufficient conditions for f(z) to be",6.44-N-B.E.-Mecanical-Automation-Engineering-Sem-III-IV.pdf,2393111,Engineering Mathematics-III,4,1,,0.2688,0.0588,1,Foundational kw + sim=0.269 + delta=4
"Dirichlet’s conditions, Definition of Fourier series",Riemann equations in cartesian coordinates,6.44-N-B.E.-Mecanical-Automation-Engineering-Sem-III-IV.pdf,2393111,Engineering Mathematics-III,5,1,,0.116,0.0,0,Low sim=0.116
"Dirichlet’s conditions, Definition of Fourier series","Harmonic function, Harmonic conjugate",6.44-N-B.E.-Mecanical-Automation-Engineering-Sem-III-IV.pdf,2393111,Engineering Mathematics-III,6,1,,0.2672,0.0,1,Foundational kw + sim=0.267 + delta=6
"Dirichlet’s conditions, Definition of Fourier series","Characteristic equation, Eigen values and Eigen vectors",6.44-N-B.E.-Mecanical-Automation-Engineering-Sem-III-IV.pdf,2393111,Engineering Mathematics-III,7,1,,0.175,0.0,0,No signal: sim=0.175 delta=7 kw=0.000
"Dirichlet’s conditions, Definition of Fourier series",Properties of Eigen values and Eigen vectors. (No theorems/,6.44-N-B.E.-Mecanical-Automation-Engineering-Sem-III-IV.pdf,2393111,Engineering Mathematics-III,8,1,,0.1542,0.0714,0,No signal: sim=0.154 delta=8 kw=0.071
"Dirichlet’s conditions, Definition of Fourier series",Hamilton theorem (without proof): Application to find,6.44-N-B.E.-Mecanical-Automation-Engineering-Sem-III-IV.pdf,2393111,Engineering Mathematics-III,9,1,,0.165,0.0,0,No signal: sim=0.165 delta=9 kw=0.000
"Dirichlet’s conditions, Definition of Fourier series","Similarity of matrices, Diagonalization of matrices",6.44-N-B.E.-Mecanical-Automation-Engineering-Sem-III-IV.pdf,2393111,Engineering Mathematics-III,10,1,,-0.0341,0.1,0,Low sim=-0.034
"Dirichlet’s conditions, Definition of Fourier series",Module: Numerical methods for PDE,6.44-N-B.E.-Mecanical-Automation-Engineering-Sem-III-IV.pdf,2393111,Engineering Mathematics-III,11,1,,0.1724,0.0,0,No signal: sim=0.172 delta=11 kw=0.000
"Dirichlet’s conditions, Definition of Fourier series","Introduction of Partial Differential equations, method of separation",6.44-N-B.E.-Mecanical-Automation-Engineering-Sem-III-IV.pdf,2393111,Engineering Mathematics-III,12,1,,0.1652,0.0769,0,Far apart: delta=12 + sim=0.165
"Dirichlet’s conditions, Definition of Fourier series",Crank Nicholson method,6.44-N-B.E.-Mecanical-Automation-Engineering-Sem-III-IV.pdf,2393111,Engineering Mathematics-III,13,1,,0.0271,0.0,0,Low sim=0.027
"Dirichlet’s conditions, Definition of Fourier series",Bender Schmidt method,6.44-N-B.E.-Mecanical-Automation-Engineering-Sem-III-IV.pdf,2393111,Engineering Mathematics-III,14,1,,0.2019,0.0,0,Far apart: delta=14 + sim=0.202
Fourier series of periodic function with period 2π and 2l (No,Fourier series of e ve n and odd functions. (No question should be,6.44-N-B.E.-Mecanical-Automation-Engineering-Sem-III-IV.pdf,2393111,Engineering Mathematics-III,1,1,,0.6496,0.2632,1,High sim=0.650 + delta=1
Fourier series of periodic function with period 2π and 2l (No,Half range Sine and Cosine Series,6.44-N-B.E.-Mecanical-Automation-Engineering-Sem-III-IV.pdf,2393111,Engineering Mathematics-III,2,1,,0.4807,0.1333,1,sim=0.481>=0.45 + delta=2<=5
Fourier series of periodic function with period 2π and 2l (No,"Analytic function, necessary and sufficient conditions for f(z) to be",6.44-N-B.E.-Mecanical-Automation-Engineering-Sem-III-IV.pdf,2393111,Engineering Mathematics-III,3,1,,0.1276,0.1,0,Low sim=0.128
Fourier series of periodic function with period 2π and 2l (No,Riemann equations in cartesian coordinates,6.44-N-B.E.-Mecanical-Automation-Engineering-Sem-III-IV.pdf,2393111,Engineering Mathematics-III,4,1,,0.0978,0.0,0,Low sim=0.098
Fourier series of periodic function with period 2π and 2l (No,"Harmonic function, Harmonic conjugate",6.44-N-B.E.-Mecanical-Automation-Engineering-Sem-III-IV.pdf,2393111,Engineering Mathematics-III,5,1,,0.2461,0.0769,0,No signal: sim=0.246 delta=5 kw=0.077
Fourier series of periodic function with period 2π and 2l (No,"Characteristic equation, Eigen values and Eigen vectors",6.44-N-B.E.-Mecanical-Automation-Engineering-Sem-III-IV.pdf,2393111,Engineering Mathematics-III,6,1,,0.1761,0.0625,0,No signal: sim=0.176 delta=6 kw=0.062
Fourier series of periodic function with period 2π and 2l (No,Properties of Eigen values and Eigen vectors. (No theorems/,6.44-N-B.E.-Mecanical-Automation-Engineering-Sem-III-IV.pdf,2393111,Engineering Mathematics-III,7,1,,0.0725,0.1875,0,Low sim=0.072
Fourier series of periodic function with period 2π and 2l (No,Hamilton theorem (without proof): Application to find,6.44-N-B.E.-Mecanical-Automation-Engineering-Sem-III-IV.pdf,2393111,Engineering Mathematics-III,8,1,,0.1729,0.0,0,No signal: sim=0.173 delta=8 kw=0.000
Fourier series of periodic function with period 2π and 2l (No,"Similarity of matrices, Diagonalization of matrices",6.44-N-B.E.-Mecanical-Automation-Engineering-Sem-III-IV.pdf,2393111,Engineering Mathematics-III,9,1,,-0.0022,0.0714,0,Low sim=-0.002
Fourier series of periodic function with period 2π and 2l (No,Module: Numerical methods for PDE,6.44-N-B.E.-Mecanical-Automation-Engineering-Sem-III-IV.pdf,2393111,Engineering Mathematics-III,10,1,,0.0851,0.0,0,Low sim=0.085
Fourier series of periodic function with period 2π and 2l (No,"Introduction of Partial Differential equations, method of separation",6.44-N-B.E.-Mecanical-Automation-Engineering-Sem-III-IV.pdf,2393111,Engineering Mathematics-III,11,1,,0.0766,0.0588,0,Low sim=0.077
Fourier series of periodic function with period 2π and 2l (No,Crank Nicholson method,6.44-N-B.E.-Mecanical-Automation-Engineering-Sem-III-IV.pdf,2393111,Engineering Mathematics-III,12,1,,0.0591,0.0,0,Low sim=0.059
Fourier series of periodic function with period 2π and 2l (No,Bender Schmidt method,6.44-N-B.E.-Mecanical-Automation-Engineering-Sem-III-IV.pdf,2393111,Engineering Mathematics-III,13,1,,0.1531,0.0,0,Far apart: delta=13 + sim=0.153
Fourier series of periodic function with period 2π and 2l (No,Analytical methods of solving two and three dimensional,6.44-N-B.E.-Mecanical-Automation-Engineering-Sem-III-IV.pdf,2393111,Engineering Mathematics-III,14,1,,0.0554,0.1176,0,Low sim=0.055
Fourier series of e ve n and odd functions. (No question should be,Half range Sine and Cosine Series,6.44-N-B.E.-Mecanical-Automation-Engineering-Sem-III-IV.pdf,2393111,Engineering Mathematics-III,1,1,,0.452,0.1176,1,sim=0.452>=0.45 + delta=1<=5
Fourier series of e ve n and odd functions. (No question should be,"Analytic function, necessary and sufficient conditions for f(z) to be",6.44-N-B.E.-Mecanical-Automation-Engineering-Sem-III-IV.pdf,2393111,Engineering Mathematics-III,2,1,,0.144,0.0909,0,Low sim=0.144
Fourier series of e ve n and odd functions. (No question should be,Riemann equations in cartesian coordinates,6.44-N-B.E.-Mecanical-Automation-Engineering-Sem-III-IV.pdf,2393111,Engineering Mathematics-III,3,1,,0.0276,0.0,0,Low sim=0.028
Fourier series of e ve n and odd functions. (No question should be,"Harmonic function, Harmonic conjugate",6.44-N-B.E.-Mecanical-Automation-Engineering-Sem-III-IV.pdf,2393111,Engineering Mathematics-III,4,1,,0.1871,0.0,0,No signal: sim=0.187 delta=4 kw=0.000
Fourier series of e ve n and odd functions. (No question should be,"Characteristic equation, Eigen values and Eigen vectors",6.44-N-B.E.-Mecanical-Automation-Engineering-Sem-III-IV.pdf,2393111,Engineering Mathematics-III,5,1,,0.2172,0.0556,0,No signal: sim=0.217 delta=5 kw=0.056
Fourier series of e ve n and odd functions. (No question should be,Properties of Eigen values and Eigen vectors. (No theorems/,6.44-N-B.E.-Mecanical-Automation-Engineering-Sem-III-IV.pdf,2393111,Engineering Mathematics-III,6,1,,0.1607,0.1667,0,No signal: sim=0.161 delta=6 kw=0.167
Fourier series of e ve n and odd functions. (No question should be,Hamilton theorem (without proof): Application to find,6.44-N-B.E.-Mecanical-Automation-Engineering-Sem-III-IV.pdf,2393111,Engineering Mathematics-III,7,1,,0.1467,0.0,0,Low sim=0.147
Fourier series of e ve n and odd functions. (No question should be,"Similarity of matrices, Diagonalization of matrices",6.44-N-B.E.-Mecanical-Automation-Engineering-Sem-III-IV.pdf,2393111,Engineering Mathematics-III,8,1,,-0.0293,0.0625,0,Low sim=-0.029
Fourier series of e ve n and odd functions. (No question should be,Module: Numerical methods for PDE,6.44-N-B.E.-Mecanical-Automation-Engineering-Sem-III-IV.pdf,2393111,Engineering Mathematics-III,9,1,,0.111,0.0,0,Low sim=0.111
Fourier series of e ve n and odd functions. (No question should be,"Introduction of Partial Differential equations, method of separation",6.44-N-B.E.-Mecanical-Automation-Engineering-Sem-III-IV.pdf,2393111,Engineering Mathematics-III,10,1,,0.061,0.0526,0,Low sim=0.061
Fourier series of e ve n and odd functions. (No question should be,Crank Nicholson method,6.44-N-B.E.-Mecanical-Automation-Engineering-Sem-III-IV.pdf,2393111,Engineering Mathematics-III,11,1,,0.0297,0.0,0,Low sim=0.030
Fourier series of e ve n and odd functions. (No question should be,Bender Schmidt method,6.44-N-B.E.-Mecanical-Automation-Engineering-Sem-III-IV.pdf,2393111,Engineering Mathematics-III,12,1,,0.1715,0.0,0,Far apart: delta=12 + sim=0.171
Fourier series of e ve n and odd functions. (No question should be,Analytical methods of solving two and three dimensional,6.44-N-B.E.-Mecanical-Automation-Engineering-Sem-III-IV.pdf,2393111,Engineering Mathematics-III,13,1,,0.0639,0.1053,0,Low sim=0.064
Fourier series of e ve n and odd functions. (No question should be,University pattern for practicals,6.44-N-B.E.-Mecanical-Automation-Engineering-Sem-III-IV.pdf,2393111,Engineering Mathematics-III,14,1,,0.0353,0.0,0,Low sim=0.035
Half range Sine and Cosine Series,"Analytic function, necessary and sufficient conditions for f(z) to be",6.44-N-B.E.-Mecanical-Automation-Engineering-Sem-III-IV.pdf,2393111,Engineering Mathematics-III,1,1,,0.0527,0.0625,0,Low sim=0.053
Half range Sine and Cosine Series,Riemann equations in cartesian coordinates,6.44-N-B.E.-Mecanical-Automation-Engineering-Sem-III-IV.pdf,2393111,Engineering Mathematics-III,2,1,,0.1432,0.0,0,Low sim=0.143
Half range Sine and Cosine Series,"Harmonic function, Harmonic conjugate",6.44-N-B.E.-Mecanical-Automation-Engineering-Sem-III-IV.pdf,2393111,Engineering Mathematics-III,3,1,,0.215,0.0,0,No signal: sim=0.215 delta=3 kw=0.000
Half range Sine and Cosine Series,"Characteristic equation, Eigen values and Eigen vectors",6.44-N-B.E.-Mecanical-Automation-Engineering-Sem-III-IV.pdf,2393111,Engineering Mathematics-III,4,1,,0.1682,0.0909,0,No signal: sim=0.168 delta=4 kw=0.091
Half range Sine and Cosine Series,Properties of Eigen values and Eigen vectors. (No theorems/,6.44-N-B.E.-Mecanical-Automation-Engineering-Sem-III-IV.pdf,2393111,Engineering Mathematics-III,5,1,,0.0945,0.0769,0,Low sim=0.094
Half range Sine and Cosine Series,Hamilton theorem (without proof): Application to find,6.44-N-B.E.-Mecanical-Automation-Engineering-Sem-III-IV.pdf,2393111,Engineering Mathematics-III,6,1,,0.0685,0.0,0,Low sim=0.068
Half range Sine and Cosine Series,"Similarity of matrices, Diagonalization of matrices",6.44-N-B.E.-Mecanical-Automation-Engineering-Sem-III-IV.pdf,2393111,Engineering Mathematics-III,7,1,,-0.003,0.0,0,Low sim=-0.003
Half range Sine and Cosine Series,Module: Numerical methods for PDE,6.44-N-B.E.-Mecanical-Automation-Engineering-Sem-III-IV.pdf,2393111,Engineering Mathematics-III,8,1,,0.0768,0.0,0,Low sim=0.077
Half range Sine and Cosine Series,"Introduction of Partial Differential equations, method of separation",6.44-N-B.E.-Mecanical-Automation-Engineering-Sem-III-IV.pdf,2393111,Engineering Mathematics-III,9,1,,0.1609,0.0,0,No signal: sim=0.161 delta=9 kw=0.000
Half range Sine and Cosine Series,Crank Nicholson method,6.44-N-B.E.-Mecanical-Automation-Engineering-Sem-III-IV.pdf,2393111,Engineering Mathematics-III,10,1,,0.0719,0.0,0,Low sim=0.072
Half range Sine and Cosine Series,Bender Schmidt method,6.44-N-B.E.-Mecanical-Automation-Engineering-Sem-III-IV.pdf,2393111,Engineering Mathematics-III,11,1,,0.1143,0.0,0,Low sim=0.114
Half range Sine and Cosine Series,Analytical methods of solving two and three dimensional,6.44-N-B.E.-Mecanical-Automation-Engineering-Sem-III-IV.pdf,2393111,Engineering Mathematics-III,12,1,,0.1228,0.0769,0,Low sim=0.123
Half range Sine and Cosine Series,University pattern for practicals,6.44-N-B.E.-Mecanical-Automation-Engineering-Sem-III-IV.pdf,2393111,Engineering Mathematics-III,13,1,,-0.0121,0.0,0,Low sim=-0.012
Half range Sine and Cosine Series,Students must be encouraged to write at least 6 class tutorials on entire syllabus,6.44-N-B.E.-Mecanical-Automation-Engineering-Sem-III-IV.pdf,2393111,Engineering Mathematics-III,14,1,,0.0367,0.0,0,Low sim=0.037
"Analytic function, necessary and sufficient conditions for f(z) to be",Riemann equations in cartesian coordinates,6.44-N-B.E.-Mecanical-Automation-Engineering-Sem-III-IV.pdf,2393111,Engineering Mathematics-III,1,1,,0.1125,0.0,0,Low sim=0.112
"Analytic function, necessary and sufficient conditions for f(z) to be","Harmonic function, Harmonic conjugate",6.44-N-B.E.-Mecanical-Automation-Engineering-Sem-III-IV.pdf,2393111,Engineering Mathematics-III,2,1,,0.2957,0.0769,1,Adjacent topics: delta=2 + sim=0.296
"Analytic function, necessary and sufficient conditions for f(z) to be","Characteristic equation, Eigen values and Eigen vectors",6.44-N-B.E.-Mecanical-Automation-Engineering-Sem-III-IV.pdf,2393111,Engineering Mathematics-III,3,1,,0.0775,0.0625,0,Low sim=0.078
"Analytic function, necessary and sufficient conditions for f(z) to be",Properties of Eigen values and Eigen vectors. (No theorems/,6.44-N-B.E.-Mecanical-Automation-Engineering-Sem-III-IV.pdf,2393111,Engineering Mathematics-III,4,1,,0.1064,0.0556,0,Low sim=0.106
"Analytic function, necessary and sufficient conditions for f(z) to be",Hamilton theorem (without proof): Application to find,6.44-N-B.E.-Mecanical-Automation-Engineering-Sem-III-IV.pdf,2393111,Engineering Mathematics-III,5,1,,0.1008,0.0588,0,Low sim=0.101
"Analytic function, necessary and sufficient conditions for f(z) to be","Similarity of matrices, Diagonalization of matrices",6.44-N-B.E.-Mecanical-Automation-Engineering-Sem-III-IV.pdf,2393111,Engineering Mathematics-III,6,1,,-0.0942,0.0,0,Low sim=-0.094
"Analytic function, necessary and sufficient conditions for f(z) to be",Module: Numerical methods for PDE,6.44-N-B.E.-Mecanical-Automation-Engineering-Sem-III-IV.pdf,2393111,Engineering Mathematics-III,7,1,,0.0605,0.0667,0,Low sim=0.060
"Analytic function, necessary and sufficient conditions for f(z) to be","Introduction of Partial Differential equations, method of separation",6.44-N-B.E.-Mecanical-Automation-Engineering-Sem-III-IV.pdf,2393111,Engineering Mathematics-III,8,1,,0.1371,0.0,0,Low sim=0.137
"Analytic function, necessary and sufficient conditions for f(z) to be",Crank Nicholson method,6.44-N-B.E.-Mecanical-Automation-Engineering-Sem-III-IV.pdf,2393111,Engineering Mathematics-III,9,1,,0.0487,0.0,0,Low sim=0.049
"Analytic function, necessary and sufficient conditions for f(z) to be",Bender Schmidt method,6.44-N-B.E.-Mecanical-Automation-Engineering-Sem-III-IV.pdf,2393111,Engineering Mathematics-III,10,1,,0.0774,0.0,0,Low sim=0.077
"Analytic function, necessary and sufficient conditions for f(z) to be",Analytical methods of solving two and three dimensional,6.44-N-B.E.-Mecanical-Automation-Engineering-Sem-III-IV.pdf,2393111,Engineering Mathematics-III,11,1,,0.1115,0.0556,0,Low sim=0.112
"Analytic function, necessary and sufficient conditions for f(z) to be",University pattern for practicals,6.44-N-B.E.-Mecanical-Automation-Engineering-Sem-III-IV.pdf,2393111,Engineering Mathematics-III,12,1,,0.0139,0.0714,0,Low sim=0.014
"Analytic function, necessary and sufficient conditions for f(z) to be",Students must be encouraged to write at least 6 class tutorials on entire syllabus,6.44-N-B.E.-Mecanical-Automation-Engineering-Sem-III-IV.pdf,2393111,Engineering Mathematics-III,13,1,,0.048,0.087,0,Low sim=0.048
"Analytic function, necessary and sufficient conditions for f(z) to be",Class Tutorials on entire syllabus,6.44-N-B.E.-Mecanical-Automation-Engineering-Sem-III-IV.pdf,2393111,Engineering Mathematics-III,14,1,,-0.0147,0.0,0,Low sim=-0.015
Riemann equations in cartesian coordinates,"Harmonic function, Harmonic conjugate",6.44-N-B.E.-Mecanical-Automation-Engineering-Sem-III-IV.pdf,2393111,Engineering Mathematics-III,1,1,,0.1916,0.0,0,No signal: sim=0.192 delta=1 kw=0.000
Riemann equations in cartesian coordinates,"Characteristic equation, Eigen values and Eigen vectors",6.44-N-B.E.-Mecanical-Automation-Engineering-Sem-III-IV.pdf,2393111,Engineering Mathematics-III,2,1,,0.151,0.0,0,No signal: sim=0.151 delta=2 kw=0.000
Riemann equations in cartesian coordinates,Properties of Eigen values and Eigen vectors. (No theorems/,6.44-N-B.E.-Mecanical-Automation-Engineering-Sem-III-IV.pdf,2393111,Engineering Mathematics-III,3,1,,0.0573,0.0,0,Low sim=0.057
Riemann equations in cartesian coordinates,Hamilton theorem (without proof): Application to find,6.44-N-B.E.-Mecanical-Automation-Engineering-Sem-III-IV.pdf,2393111,Engineering Mathematics-III,4,1,,0.1348,0.0,0,Low sim=0.135
Riemann equations in cartesian coordinates,"Similarity of matrices, Diagonalization of matrices",6.44-N-B.E.-Mecanical-Automation-Engineering-Sem-III-IV.pdf,2393111,Engineering Mathematics-III,5,1,,-0.0468,0.0,0,Low sim=-0.047
Riemann equations in cartesian coordinates,Module: Numerical methods for PDE,6.44-N-B.E.-Mecanical-Automation-Engineering-Sem-III-IV.pdf,2393111,Engineering Mathematics-III,6,1,,0.2321,0.0,0,No signal: sim=0.232 delta=6 kw=0.000
Riemann equations in cartesian coordinates,"Introduction of Partial Differential equations, method of separation",6.44-N-B.E.-Mecanical-Automation-Engineering-Sem-III-IV.pdf,2393111,Engineering Mathematics-III,7,1,,0.2318,0.0909,0,No signal: sim=0.232 delta=7 kw=0.091
Riemann equations in cartesian coordinates,Crank Nicholson method,6.44-N-B.E.-Mecanical-Automation-Engineering-Sem-III-IV.pdf,2393111,Engineering Mathematics-III,8,1,,-0.065,0.0,0,Low sim=-0.065
Riemann equations in cartesian coordinates,Bender Schmidt method,6.44-N-B.E.-Mecanical-Automation-Engineering-Sem-III-IV.pdf,2393111,Engineering Mathematics-III,9,1,,0.1196,0.0,0,Low sim=0.120
Riemann equations in cartesian coordinates,Analytical methods of solving two and three dimensional,6.44-N-B.E.-Mecanical-Automation-Engineering-Sem-III-IV.pdf,2393111,Engineering Mathematics-III,10,1,,0.3579,0.0,0,No signal: sim=0.358 delta=10 kw=0.000
Riemann equations in cartesian coordinates,University pattern for practicals,6.44-N-B.E.-Mecanical-Automation-Engineering-Sem-III-IV.pdf,2393111,Engineering Mathematics-III,11,1,,0.005,0.0,0,Low sim=0.005
Riemann equations in cartesian coordinates,Students must be encouraged to write at least 6 class tutorials on entire syllabus,6.44-N-B.E.-Mecanical-Automation-Engineering-Sem-III-IV.pdf,2393111,Engineering Mathematics-III,12,1,,0.1164,0.0,0,Low sim=0.116
Riemann equations in cartesian coordinates,Class Tutorials on entire syllabus,6.44-N-B.E.-Mecanical-Automation-Engineering-Sem-III-IV.pdf,2393111,Engineering Mathematics-III,13,1,,0.086,0.0,0,Low sim=0.086
Riemann equations in cartesian coordinates,End Semester Theory Examination,6.44-N-B.E.-Mecanical-Automation-Engineering-Sem-III-IV.pdf,2393111,Engineering Mathematics-III,14,1,,0.0382,0.0,0,Low sim=0.038
"Harmonic function, Harmonic conjugate","Characteristic equation, Eigen values and Eigen vectors",6.44-N-B.E.-Mecanical-Automation-Engineering-Sem-III-IV.pdf,2393111,Engineering Mathematics-III,1,1,,0.129,0.0,0,Low sim=0.129
"Harmonic function, Harmonic conjugate",Properties of Eigen values and Eigen vectors. (No theorems/,6.44-N-B.E.-Mecanical-Automation-Engineering-Sem-III-IV.pdf,2393111,Engineering Mathematics-III,2,1,,0.0799,0.0,0,Low sim=0.080
"Harmonic function, Harmonic conjugate",Hamilton theorem (without proof): Application to find,6.44-N-B.E.-Mecanical-Automation-Engineering-Sem-III-IV.pdf,2393111,Engineering Mathematics-III,3,1,,0.2203,0.0,0,No signal: sim=0.220 delta=3 kw=0.000
"Harmonic function, Harmonic conjugate","Similarity of matrices, Diagonalization of matrices",6.44-N-B.E.-Mecanical-Automation-Engineering-Sem-III-IV.pdf,2393111,Engineering Mathematics-III,4,1,,0.005,0.0,0,Low sim=0.005
"Harmonic function, Harmonic conjugate",Module: Numerical methods for PDE,6.44-N-B.E.-Mecanical-Automation-Engineering-Sem-III-IV.pdf,2393111,Engineering Mathematics-III,5,1,,0.1005,0.0,0,Low sim=0.101
"Harmonic function, Harmonic conjugate","Introduction of Partial Differential equations, method of separation",6.44-N-B.E.-Mecanical-Automation-Engineering-Sem-III-IV.pdf,2393111,Engineering Mathematics-III,6,1,,0.1754,0.0,0,No signal: sim=0.175 delta=6 kw=0.000
"Harmonic function, Harmonic conjugate",Crank Nicholson method,6.44-N-B.E.-Mecanical-Automation-Engineering-Sem-III-IV.pdf,2393111,Engineering Mathematics-III,7,1,,0.0272,0.0,0,Low sim=0.027
"Harmonic function, Harmonic conjugate",Bender Schmidt method,6.44-N-B.E.-Mecanical-Automation-Engineering-Sem-III-IV.pdf,2393111,Engineering Mathematics-III,8,1,,0.1072,0.0,0,Low sim=0.107
"Harmonic function, Harmonic conjugate",Analytical methods of solving two and three dimensional,6.44-N-B.E.-Mecanical-Automation-Engineering-Sem-III-IV.pdf,2393111,Engineering Mathematics-III,9,1,,0.0657,0.0,0,Low sim=0.066
"Harmonic function, Harmonic conjugate",University pattern for practicals,6.44-N-B.E.-Mecanical-Automation-Engineering-Sem-III-IV.pdf,2393111,Engineering Mathematics-III,10,1,,-0.0824,0.0,0,Low sim=-0.082
"Harmonic function, Harmonic conjugate",Students must be encouraged to write at least 6 class tutorials on entire syllabus,6.44-N-B.E.-Mecanical-Automation-Engineering-Sem-III-IV.pdf,2393111,Engineering Mathematics-III,11,1,,-0.0179,0.0,0,Low sim=-0.018
"Harmonic function, Harmonic conjugate",Class Tutorials on entire syllabus,6.44-N-B.E.-Mecanical-Automation-Engineering-Sem-III-IV.pdf,2393111,Engineering Mathematics-III,12,1,,0.023,0.0,0,Low sim=0.023
"Harmonic function, Harmonic conjugate",End Semester Theory Examination,6.44-N-B.E.-Mecanical-Automation-Engineering-Sem-III-IV.pdf,2393111,Engineering Mathematics-III,13,1,,0.0242,0.0,0,Low sim=0.024
"Characteristic equation, Eigen values and Eigen vectors",Properties of Eigen values and Eigen vectors. (No theorems/,6.44-N-B.E.-Mecanical-Automation-Engineering-Sem-III-IV.pdf,2393111,Engineering Mathematics-III,1,1,,0.6854,0.4,1,High sim=0.685 + delta=1
"Characteristic equation, Eigen values and Eigen vectors",Hamilton theorem (without proof): Application to find,6.44-N-B.E.-Mecanical-Automation-Engineering-Sem-III-IV.pdf,2393111,Engineering Mathematics-III,2,1,,0.2076,0.0,1,Adjacent topics: delta=2 + sim=0.208
"Characteristic equation, Eigen values and Eigen vectors","Similarity of matrices, Diagonalization of matrices",6.44-N-B.E.-Mecanical-Automation-Engineering-Sem-III-IV.pdf,2393111,Engineering Mathematics-III,3,1,,0.3849,0.0,0,No signal: sim=0.385 delta=3 kw=0.000
"Characteristic equation, Eigen values and Eigen vectors",Module: Numerical methods for PDE,6.44-N-B.E.-Mecanical-Automation-Engineering-Sem-III-IV.pdf,2393111,Engineering Mathematics-III,4,1,,0.1573,0.0,0,No signal: sim=0.157 delta=4 kw=0.000
"Characteristic equation, Eigen values and Eigen vectors","Introduction of Partial Differential equations, method of separation",6.44-N-B.E.-Mecanical-Automation-Engineering-Sem-III-IV.pdf,2393111,Engineering Mathematics-III,5,1,,0.1742,0.0,0,No signal: sim=0.174 delta=5 kw=0.000
"Characteristic equation, Eigen values and Eigen vectors",Crank Nicholson method,6.44-N-B.E.-Mecanical-Automation-Engineering-Sem-III-IV.pdf,2393111,Engineering Mathematics-III,6,1,,-0.0569,0.0,0,Low sim=-0.057
"Characteristic equation, Eigen values and Eigen vectors",Bender Schmidt method,6.44-N-B.E.-Mecanical-Automation-Engineering-Sem-III-IV.pdf,2393111,Engineering Mathematics-III,7,1,,0.0739,0.0,0,Low sim=0.074
"Characteristic equation, Eigen values and Eigen vectors",Analytical methods of solving two and three dimensional,6.44-N-B.E.-Mecanical-Automation-Engineering-Sem-III-IV.pdf,2393111,Engineering Mathematics-III,8,1,,0.2451,0.0769,0,No signal: sim=0.245 delta=8 kw=0.077
"Characteristic equation, Eigen values and Eigen vectors",University pattern for practicals,6.44-N-B.E.-Mecanical-Automation-Engineering-Sem-III-IV.pdf,2393111,Engineering Mathematics-III,9,1,,-0.0106,0.0,0,Low sim=-0.011
"Characteristic equation, Eigen values and Eigen vectors",Students must be encouraged to write at least 6 class tutorials on entire syllabus,6.44-N-B.E.-Mecanical-Automation-Engineering-Sem-III-IV.pdf,2393111,Engineering Mathematics-III,10,1,,0.1205,0.0,0,Low sim=0.120
"Characteristic equation, Eigen values and Eigen vectors",Class Tutorials on entire syllabus,6.44-N-B.E.-Mecanical-Automation-Engineering-Sem-III-IV.pdf,2393111,Engineering Mathematics-III,11,1,,0.0712,0.0,0,Low sim=0.071
"Characteristic equation, Eigen values and Eigen vectors",End Semester Theory Examination,6.44-N-B.E.-Mecanical-Automation-Engineering-Sem-III-IV.pdf,2393111,Engineering Mathematics-III,12,1,,0.035,0.0,0,Low sim=0.035
Properties of Eigen values and Eigen vectors. (No theorems/,Hamilton theorem (without proof): Application to find,6.44-N-B.E.-Mecanical-Automation-Engineering-Sem-III-IV.pdf,2393111,Engineering Mathematics-III,1,1,,0.2346,0.0,1,Adjacent topics: delta=1 + sim=0.235
Properties of Eigen values and Eigen vectors. (No theorems/,"Similarity of matrices, Diagonalization of matrices",6.44-N-B.E.-Mecanical-Automation-Engineering-Sem-III-IV.pdf,2393111,Engineering Mathematics-III,2,1,,0.4137,0.0909,1,Adjacent topics: delta=2 + sim=0.414
Properties of Eigen values and Eigen vectors. (No theorems/,Module: Numerical methods for PDE,6.44-N-B.E.-Mecanical-Automation-Engineering-Sem-III-IV.pdf,2393111,Engineering Mathematics-III,3,1,,0.0081,0.0,0,Low sim=0.008
Properties of Eigen values and Eigen vectors. (No theorems/,"Introduction of Partial Differential equations, method of separation",6.44-N-B.E.-Mecanical-Automation-Engineering-Sem-III-IV.pdf,2393111,Engineering Mathematics-III,4,1,,0.0435,0.0714,0,Low sim=0.043
Properties of Eigen values and Eigen vectors. (No theorems/,Crank Nicholson method,6.44-N-B.E.-Mecanical-Automation-Engineering-Sem-III-IV.pdf,2393111,Engineering Mathematics-III,5,1,,-0.0597,0.0,0,Low sim=-0.060
Properties of Eigen values and Eigen vectors. (No theorems/,Bender Schmidt method,6.44-N-B.E.-Mecanical-Automation-Engineering-Sem-III-IV.pdf,2393111,Engineering Mathematics-III,6,1,,0.0895,0.0,0,Low sim=0.090
Properties of Eigen values and Eigen vectors. (No theorems/,Analytical methods of solving two and three dimensional,6.44-N-B.E.-Mecanical-Automation-Engineering-Sem-III-IV.pdf,2393111,Engineering Mathematics-III,7,1,,0.1116,0.1429,0,Low sim=0.112
Properties of Eigen values and Eigen vectors. (No theorems/,University pattern for practicals,6.44-N-B.E.-Mecanical-Automation-Engineering-Sem-III-IV.pdf,2393111,Engineering Mathematics-III,8,1,,0.0855,0.0,0,Low sim=0.086
Properties of Eigen values and Eigen vectors. (No theorems/,Students must be encouraged to write at least 6 class tutorials on entire syllabus,6.44-N-B.E.-Mecanical-Automation-Engineering-Sem-III-IV.pdf,2393111,Engineering Mathematics-III,9,1,,0.1514,0.0,0,No signal: sim=0.151 delta=9 kw=0.000
Properties of Eigen values and Eigen vectors. (No theorems/,Class Tutorials on entire syllabus,6.44-N-B.E.-Mecanical-Automation-Engineering-Sem-III-IV.pdf,2393111,Engineering Mathematics-III,10,1,,0.1449,0.0,0,Low sim=0.145
Properties of Eigen values and Eigen vectors. (No theorems/,End Semester Theory Examination,6.44-N-B.E.-Mecanical-Automation-Engineering-Sem-III-IV.pdf,2393111,Engineering Mathematics-III,11,1,,0.0944,0.0,0,Low sim=0.094
Hamilton theorem (without proof): Application to find,"Similarity of matrices, Diagonalization of matrices",6.44-N-B.E.-Mecanical-Automation-Engineering-Sem-III-IV.pdf,2393111,Engineering Mathematics-III,1,1,,0.0902,0.0,0,Low sim=0.090
Hamilton theorem (without proof): Application to find,Module: Numerical methods for PDE,6.44-N-B.E.-Mecanical-Automation-Engineering-Sem-III-IV.pdf,2393111,Engineering Mathematics-III,2,1,,0.0769,0.0,0,Low sim=0.077
Hamilton theorem (without proof): Application to find,"Introduction of Partial Differential equations, method of separation",6.44-N-B.E.-Mecanical-Automation-Engineering-Sem-III-IV.pdf,2393111,Engineering Mathematics-III,3,1,,0.1773,0.0,0,No signal: sim=0.177 delta=3 kw=0.000
Hamilton theorem (without proof): Application to find,Crank Nicholson method,6.44-N-B.E.-Mecanical-Automation-Engineering-Sem-III-IV.pdf,2393111,Engineering Mathematics-III,4,1,,0.169,0.0,0,No signal: sim=0.169 delta=4 kw=0.000
Hamilton theorem (without proof): Application to find,Bender Schmidt method,6.44-N-B.E.-Mecanical-Automation-Engineering-Sem-III-IV.pdf,2393111,Engineering Mathematics-III,5,1,,0.1804,0.0,0,No signal: sim=0.180 delta=5 kw=0.000
Hamilton theorem (without proof): Application to find,Analytical methods of solving two and three dimensional,6.44-N-B.E.-Mecanical-Automation-Engineering-Sem-III-IV.pdf,2393111,Engineering Mathematics-III,6,1,,0.0953,0.0,0,Low sim=0.095
Hamilton theorem (without proof): Application to find,University pattern for practicals,6.44-N-B.E.-Mecanical-Automation-Engineering-Sem-III-IV.pdf,2393111,Engineering Mathematics-III,7,1,,-0.0301,0.0,0,Low sim=-0.030
Hamilton theorem (without proof): Application to find,Students must be encouraged to write at least 6 class tutorials on entire syllabus,6.44-N-B.E.-Mecanical-Automation-Engineering-Sem-III-IV.pdf,2393111,Engineering Mathematics-III,8,1,,0.0083,0.05,0,Low sim=0.008
Hamilton theorem (without proof): Application to find,Class Tutorials on entire syllabus,6.44-N-B.E.-Mecanical-Automation-Engineering-Sem-III-IV.pdf,2393111,Engineering Mathematics-III,9,1,,0.0033,0.0,0,Low sim=0.003
Hamilton theorem (without proof): Application to find,End Semester Theory Examination,6.44-N-B.E.-Mecanical-Automation-Engineering-Sem-III-IV.pdf,2393111,Engineering Mathematics-III,10,1,,0.0385,0.0,0,Low sim=0.038
"Similarity of matrices, Diagonalization of matrices",Module: Numerical methods for PDE,6.44-N-B.E.-Mecanical-Automation-Engineering-Sem-III-IV.pdf,2393111,Engineering Mathematics-III,1,1,,0.0546,0.0,0,Low sim=0.055
"Similarity of matrices, Diagonalization of matrices","Introduction of Partial Differential equations, method of separation",6.44-N-B.E.-Mecanical-Automation-Engineering-Sem-III-IV.pdf,2393111,Engineering Mathematics-III,2,1,,0.0012,0.1,0,Low sim=0.001
"Similarity of matrices, Diagonalization of matrices",Crank Nicholson method,6.44-N-B.E.-Mecanical-Automation-Engineering-Sem-III-IV.pdf,2393111,Engineering Mathematics-III,3,1,,0.0848,0.0,0,Low sim=0.085
"Similarity of matrices, Diagonalization of matrices",Bender Schmidt method,6.44-N-B.E.-Mecanical-Automation-Engineering-Sem-III-IV.pdf,2393111,Engineering Mathematics-III,4,1,,0.0485,0.0,0,Low sim=0.049
"Similarity of matrices, Diagonalization of matrices",Analytical methods of solving two and three dimensional,6.44-N-B.E.-Mecanical-Automation-Engineering-Sem-III-IV.pdf,2393111,Engineering Mathematics-III,5,1,,0.0964,0.0909,0,Low sim=0.096
"Similarity of matrices, Diagonalization of matrices",University pattern for practicals,6.44-N-B.E.-Mecanical-Automation-Engineering-Sem-III-IV.pdf,2393111,Engineering Mathematics-III,6,1,,0.1529,0.0,0,No signal: sim=0.153 delta=6 kw=0.000
"Similarity of matrices, Diagonalization of matrices",Students must be encouraged to write at least 6 class tutorials on entire syllabus,6.44-N-B.E.-Mecanical-Automation-Engineering-Sem-III-IV.pdf,2393111,Engineering Mathematics-III,7,1,,0.0728,0.0,0,Low sim=0.073
"Similarity of matrices, Diagonalization of matrices",Class Tutorials on entire syllabus,6.44-N-B.E.-Mecanical-Automation-Engineering-Sem-III-IV.pdf,2393111,Engineering Mathematics-III,8,1,,0.1134,0.0,0,Low sim=0.113
"Similarity of matrices, Diagonalization of matrices",End Semester Theory Examination,6.44-N-B.E.-Mecanical-Automation-Engineering-Sem-III-IV.pdf,2393111,Engineering Mathematics-III,9,1,,-0.0122,0.0,0,Low sim=-0.012
Module: Numerical methods for PDE,"Introduction of Partial Differential equations, method of separation",6.44-N-B.E.-Mecanical-Automation-Engineering-Sem-III-IV.pdf,2393111,Engineering Mathematics-III,1,1,,0.5195,0.0,1,sim=0.520>=0.45 + delta=1<=5
Module: Numerical methods for PDE,Crank Nicholson method,6.44-N-B.E.-Mecanical-Automation-Engineering-Sem-III-IV.pdf,2393111,Engineering Mathematics-III,2,1,,0.1765,0.0,0,No signal: sim=0.176 delta=2 kw=0.000
Module: Numerical methods for PDE,Bender Schmidt method,6.44-N-B.E.-Mecanical-Automation-Engineering-Sem-III-IV.pdf,2393111,Engineering Mathematics-III,3,1,,0.3464,0.0,0,No signal: sim=0.346 delta=3 kw=0.000
Module: Numerical methods for PDE,Analytical methods of solving two and three dimensional,6.44-N-B.E.-Mecanical-Automation-Engineering-Sem-III-IV.pdf,2393111,Engineering Mathematics-III,4,1,,0.4831,0.0833,1,sim=0.483>=0.45 + delta=4<=5
Module: Numerical methods for PDE,University pattern for practicals,6.44-N-B.E.-Mecanical-Automation-Engineering-Sem-III-IV.pdf,2393111,Engineering Mathematics-III,5,1,,0.0994,0.125,0,Low sim=0.099
Module: Numerical methods for PDE,Students must be encouraged to write at least 6 class tutorials on entire syllabus,6.44-N-B.E.-Mecanical-Automation-Engineering-Sem-III-IV.pdf,2393111,Engineering Mathematics-III,6,1,,0.11,0.0,0,Low sim=0.110
Module: Numerical methods for PDE,Class Tutorials on entire syllabus,6.44-N-B.E.-Mecanical-Automation-Engineering-Sem-III-IV.pdf,2393111,Engineering Mathematics-III,7,1,,0.1171,0.0,0,Low sim=0.117
Module: Numerical methods for PDE,End Semester Theory Examination,6.44-N-B.E.-Mecanical-Automation-Engineering-Sem-III-IV.pdf,2393111,Engineering Mathematics-III,8,1,,0.0434,0.0,0,Low sim=0.043
"Introduction of Partial Differential equations, method of separation",Crank Nicholson method,6.44-N-B.E.-Mecanical-Automation-Engineering-Sem-III-IV.pdf,2393111,Engineering Mathematics-III,1,1,,0.1658,0.1111,0,No signal: sim=0.166 delta=1 kw=0.111
"Introduction of Partial Differential equations, method of separation",Bender Schmidt method,6.44-N-B.E.-Mecanical-Automation-Engineering-Sem-III-IV.pdf,2393111,Engineering Mathematics-III,2,1,,0.2317,0.1111,1,Adjacent topics: delta=2 + sim=0.232
"Introduction of Partial Differential equations, method of separation",Analytical methods of solving two and three dimensional,6.44-N-B.E.-Mecanical-Automation-Engineering-Sem-III-IV.pdf,2393111,Engineering Mathematics-III,3,1,,0.4674,0.0714,1,sim=0.467>=0.45 + delta=3<=5
"Introduction of Partial Differential equations, method of separation",University pattern for practicals,6.44-N-B.E.-Mecanical-Automation-Engineering-Sem-III-IV.pdf,2393111,Engineering Mathematics-III,4,1,,0.0259,0.0,0,Low sim=0.026
"Introduction of Partial Differential equations, method of separation",Students must be encouraged to write at least 6 class tutorials on entire syllabus,6.44-N-B.E.-Mecanical-Automation-Engineering-Sem-III-IV.pdf,2393111,Engineering Mathematics-III,5,1,,0.0571,0.0,0,Low sim=0.057
"Introduction of Partial Differential equations, method of separation",Class Tutorials on entire syllabus,6.44-N-B.E.-Mecanical-Automation-Engineering-Sem-III-IV.pdf,2393111,Engineering Mathematics-III,6,1,,0.0959,0.0,0,Low sim=0.096
"Introduction of Partial Differential equations, method of separation",End Semester Theory Examination,6.44-N-B.E.-Mecanical-Automation-Engineering-Sem-III-IV.pdf,2393111,Engineering Mathematics-III,7,1,,0.0371,0.0,0,Low sim=0.037
Crank Nicholson method,Bender Schmidt method,6.44-N-B.E.-Mecanical-Automation-Engineering-Sem-III-IV.pdf,2393111,Engineering Mathematics-III,1,1,,0.365,0.2,1,Adjacent topics: delta=1 + sim=0.365
Crank Nicholson method,Analytical methods of solving two and three dimensional,6.44-N-B.E.-Mecanical-Automation-Engineering-Sem-III-IV.pdf,2393111,Engineering Mathematics-III,2,1,,0.1948,0.0,0,No signal: sim=0.195 delta=2 kw=0.000
Crank Nicholson method,University pattern for practicals,6.44-N-B.E.-Mecanical-Automation-Engineering-Sem-III-IV.pdf,2393111,Engineering Mathematics-III,3,1,,0.1043,0.0,0,Low sim=0.104
Crank Nicholson method,Students must be encouraged to write at least 6 class tutorials on entire syllabus,6.44-N-B.E.-Mecanical-Automation-Engineering-Sem-III-IV.pdf,2393111,Engineering Mathematics-III,4,1,,0.0025,0.0,0,Low sim=0.002
Crank Nicholson method,Class Tutorials on entire syllabus,6.44-N-B.E.-Mecanical-Automation-Engineering-Sem-III-IV.pdf,2393111,Engineering Mathematics-III,5,1,,0.0304,0.0,0,Low sim=0.030
Crank Nicholson method,End Semester Theory Examination,6.44-N-B.E.-Mecanical-Automation-Engineering-Sem-III-IV.pdf,2393111,Engineering Mathematics-III,6,1,,0.0483,0.0,0,Low sim=0.048
Bender Schmidt method,Analytical methods of solving two and three dimensional,6.44-N-B.E.-Mecanical-Automation-Engineering-Sem-III-IV.pdf,2393111,Engineering Mathematics-III,1,1,,0.3491,0.0,1,Adjacent topics: delta=1 + sim=0.349
Bender Schmidt method,University pattern for practicals,6.44-N-B.E.-Mecanical-Automation-Engineering-Sem-III-IV.pdf,2393111,Engineering Mathematics-III,2,1,,-0.0314,0.0,0,Low sim=-0.031
Bender Schmidt method,Students must be encouraged to write at least 6 class tutorials on entire syllabus,6.44-N-B.E.-Mecanical-Automation-Engineering-Sem-III-IV.pdf,2393111,Engineering Mathematics-III,3,1,,0.009,0.0,0,Low sim=0.009
Bender Schmidt method,Class Tutorials on entire syllabus,6.44-N-B.E.-Mecanical-Automation-Engineering-Sem-III-IV.pdf,2393111,Engineering Mathematics-III,4,1,,-0.0083,0.0,0,Low sim=-0.008
Bender Schmidt method,End Semester Theory Examination,6.44-N-B.E.-Mecanical-Automation-Engineering-Sem-III-IV.pdf,2393111,Engineering Mathematics-III,5,1,,-0.0515,0.0,0,Low sim=-0.052
Analytical methods of solving two and three dimensional,University pattern for practicals,6.44-N-B.E.-Mecanical-Automation-Engineering-Sem-III-IV.pdf,2393111,Engineering Mathematics-III,1,1,,0.1359,0.0,0,Low sim=0.136
Analytical methods of solving two and three dimensional,Students must be encouraged to write at least 6 class tutorials on entire syllabus,6.44-N-B.E.-Mecanical-Automation-Engineering-Sem-III-IV.pdf,2393111,Engineering Mathematics-III,2,1,,0.0935,0.0,0,Low sim=0.094
Analytical methods of solving two and three dimensional,Class Tutorials on entire syllabus,6.44-N-B.E.-Mecanical-Automation-Engineering-Sem-III-IV.pdf,2393111,Engineering Mathematics-III,3,1,,0.0649,0.0,0,Low sim=0.065
Analytical methods of solving two and three dimensional,End Semester Theory Examination,6.44-N-B.E.-Mecanical-Automation-Engineering-Sem-III-IV.pdf,2393111,Engineering Mathematics-III,4,1,,0.047,0.0,0,Low sim=0.047
University pattern for practicals,Students must be encouraged to write at least 6 class tutorials on entire syllabus,6.44-N-B.E.-Mecanical-Automation-Engineering-Sem-III-IV.pdf,2393111,Engineering Mathematics-III,1,1,,0.3399,0.0,1,Adjacent topics: delta=1 + sim=0.340
University pattern for practicals,Class Tutorials on entire syllabus,6.44-N-B.E.-Mecanical-Automation-Engineering-Sem-III-IV.pdf,2393111,Engineering Mathematics-III,2,1,,0.4145,0.0,1,Adjacent topics: delta=2 + sim=0.414
University pattern for practicals,End Semester Theory Examination,6.44-N-B.E.-Mecanical-Automation-Engineering-Sem-III-IV.pdf,2393111,Engineering Mathematics-III,3,1,,0.4897,0.0,1,sim=0.490>=0.45 + delta=3<=5
Students must be encouraged to write at least 6 class tutorials on entire syllabus,Class Tutorials on entire syllabus,6.44-N-B.E.-Mecanical-Automation-Engineering-Sem-III-IV.pdf,2393111,Engineering Mathematics-III,1,1,,0.8092,0.3571,1,High sim=0.809 + delta=1
Students must be encouraged to write at least 6 class tutorials on entire syllabus,End Semester Theory Examination,6.44-N-B.E.-Mecanical-Automation-Engineering-Sem-III-IV.pdf,2393111,Engineering Mathematics-III,2,1,,0.4017,0.0,1,Adjacent topics: delta=2 + sim=0.402
Class Tutorials on entire syllabus,End Semester Theory Examination,6.44-N-B.E.-Mecanical-Automation-Engineering-Sem-III-IV.pdf,2393111,Engineering Mathematics-III,1,1,,0.4518,0.0,1,sim=0.452>=0.45 + delta=1<=5
"Concepts of equilibrium in beams, support reactions",Concept of Stress,6.44-N-B.E.-Mecanical-Automation-Engineering-Sem-III-IV.pdf,2393112,Strength of Materials,1,1,,0.1393,0.1111,0,Low sim=0.139
"Concepts of equilibrium in beams, support reactions",Area Moment of Inertia,6.44-N-B.E.-Mecanical-Automation-Engineering-Sem-III-IV.pdf,2393112,Strength of Materials,2,1,,0.1369,0.1,0,Low sim=0.137
"Concepts of equilibrium in beams, support reactions","Area Moment of Inertia about centroidal axes, Parallel Axes theorem, Polar",6.44-N-B.E.-Mecanical-Automation-Engineering-Sem-III-IV.pdf,2393112,Strength of Materials,3,1,,0.1005,0.0625,0,Low sim=0.101
"Concepts of equilibrium in beams, support reactions",Moment of Inertia,6.44-N-B.E.-Mecanical-Automation-Engineering-Sem-III-IV.pdf,2393112,Strength of Materials,4,1,,0.1819,0.1111,0,No signal: sim=0.182 delta=4 kw=0.111
"Concepts of equilibrium in beams, support reactions","Torsion equation, Torsion of circular shafts",6.44-N-B.E.-Mecanical-Automation-Engineering-Sem-III-IV.pdf,2393112,Strength of Materials,5,1,,0.1953,0.0909,0,No signal: sim=0.195 delta=5 kw=0.091
"Concepts of equilibrium in beams, support reactions","Strain energy stored in the member due to gradual, sudden and impact loads",6.44-N-B.E.-Mecanical-Automation-Engineering-Sem-III-IV.pdf,2393112,Strength of Materials,6,1,,0.2972,0.0526,1,Foundational kw + sim=0.297 + delta=6
"Concepts of equilibrium in beams, support reactions",Strain energy due to bending and torsion,6.44-N-B.E.-Mecanical-Automation-Engineering-Sem-III-IV.pdf,2393112,Strength of Materials,7,1,,0.2411,0.0,0,No signal: sim=0.241 delta=7 kw=0.000
"Concepts of equilibrium in beams, support reactions","Introduction to types of beams, supports and loadings. Definition of bending",6.44-N-B.E.-Mecanical-Automation-Engineering-Sem-III-IV.pdf,2393112,Strength of Materials,8,1,,0.5257,0.1333,1,Foundational kw + sim=0.526 + delta=8
"Concepts of equilibrium in beams, support reactions",Stresses in Beams and Thin Shells,6.44-N-B.E.-Mecanical-Automation-Engineering-Sem-III-IV.pdf,2393112,Strength of Materials,9,1,,0.4498,0.1818,0,No signal: sim=0.450 delta=9 kw=0.182
"Concepts of equilibrium in beams, support reactions",Bending and Shear Stresses in Beams,6.44-N-B.E.-Mecanical-Automation-Engineering-Sem-III-IV.pdf,2393112,Strength of Materials,10,1,,0.5065,0.1818,0,No signal: sim=0.507 delta=10 kw=0.182
"Concepts of equilibrium in beams, support reactions","Theory of bending of beams, bending stress distribution, shear stress distribution",6.44-N-B.E.-Mecanical-Automation-Engineering-Sem-III-IV.pdf,2393112,Strength of Materials,11,1,,0.5187,0.1667,0,No signal: sim=0.519 delta=11 kw=0.167
"Concepts of equilibrium in beams, support reactions",Deflection of Beams,6.44-N-B.E.-Mecanical-Automation-Engineering-Sem-III-IV.pdf,2393112,Strength of Materials,12,1,,0.4837,0.25,0,No signal: sim=0.484 delta=12 kw=0.250
"Concepts of equilibrium in beams, support reactions","Buckling load, Types of end conditions for column, Euler’s column theory",6.44-N-B.E.-Mecanical-Automation-Engineering-Sem-III-IV.pdf,2393112,Strength of Materials,13,1,,0.2887,0.0588,0,Far apart: delta=13 + sim=0.289
"Concepts of equilibrium in beams, support reactions",Consisting Two Compulsory Class Tests,6.44-N-B.E.-Mecanical-Automation-Engineering-Sem-III-IV.pdf,2393112,Strength of Materials,14,1,,-0.0881,0.0,0,Low sim=-0.088
Concept of Stress,Area Moment of Inertia,6.44-N-B.E.-Mecanical-Automation-Engineering-Sem-III-IV.pdf,2393112,Strength of Materials,1,1,,0.08,0.1667,0,Low sim=0.080
Concept of Stress,"Area Moment of Inertia about centroidal axes, Parallel Axes theorem, Polar",6.44-N-B.E.-Mecanical-Automation-Engineering-Sem-III-IV.pdf,2393112,Strength of Materials,2,1,,0.0362,0.0833,0,Low sim=0.036
Concept of Stress,Moment of Inertia,6.44-N-B.E.-Mecanical-Automation-Engineering-Sem-III-IV.pdf,2393112,Strength of Materials,3,1,,0.1021,0.2,0,Low sim=0.102
Concept of Stress,"Torsion equation, Torsion of circular shafts",6.44-N-B.E.-Mecanical-Automation-Engineering-Sem-III-IV.pdf,2393112,Strength of Materials,4,1,,0.139,0.1429,0,Low sim=0.139
Concept of Stress,"Strain energy stored in the member due to gradual, sudden and impact loads",6.44-N-B.E.-Mecanical-Automation-Engineering-Sem-III-IV.pdf,2393112,Strength of Materials,5,1,,0.3261,0.0,1,Foundational kw + sim=0.326 + delta=5
Concept of Stress,Strain energy due to bending and torsion,6.44-N-B.E.-Mecanical-Automation-Engineering-Sem-III-IV.pdf,2393112,Strength of Materials,6,1,,0.2772,0.0,1,Foundational kw + sim=0.277 + delta=6
Concept of Stress,"Introduction to types of beams, supports and loadings. Definition of bending",6.44-N-B.E.-Mecanical-Automation-Engineering-Sem-III-IV.pdf,2393112,Strength of Materials,7,1,,0.2145,0.0833,0,No signal: sim=0.214 delta=7 kw=0.083
Concept of Stress,Stresses in Beams and Thin Shells,6.44-N-B.E.-Mecanical-Automation-Engineering-Sem-III-IV.pdf,2393112,Strength of Materials,8,1,,0.4857,0.0,1,Foundational kw + sim=0.486 + delta=8
Concept of Stress,Bending and Shear Stresses in Beams,6.44-N-B.E.-Mecanical-Automation-Engineering-Sem-III-IV.pdf,2393112,Strength of Materials,9,1,,0.3871,0.0,0,No signal: sim=0.387 delta=9 kw=0.000
Concept of Stress,"Theory of bending of beams, bending stress distribution, shear stress distribution",6.44-N-B.E.-Mecanical-Automation-Engineering-Sem-III-IV.pdf,2393112,Strength of Materials,10,1,,0.3262,0.25,0,No signal: sim=0.326 delta=10 kw=0.250
Concept of Stress,Deflection of Beams,6.44-N-B.E.-Mecanical-Automation-Engineering-Sem-III-IV.pdf,2393112,Strength of Materials,11,1,,0.0853,0.2,0,Low sim=0.085
Concept of Stress,"Buckling load, Types of end conditions for column, Euler’s column theory",6.44-N-B.E.-Mecanical-Automation-Engineering-Sem-III-IV.pdf,2393112,Strength of Materials,12,1,,0.1558,0.0769,0,Far apart: delta=12 + sim=0.156
Concept of Stress,Consisting Two Compulsory Class Tests,6.44-N-B.E.-Mecanical-Automation-Engineering-Sem-III-IV.pdf,2393112,Strength of Materials,13,1,,0.1505,0.0,0,Far apart: delta=13 + sim=0.150
Concept of Stress,First test based on approximately 40% of contents and second test based on remaining contents,6.44-N-B.E.-Mecanical-Automation-Engineering-Sem-III-IV.pdf,2393112,Strength of Materials,14,1,,0.0758,0.0769,0,Low sim=0.076
Area Moment of Inertia,"Area Moment of Inertia about centroidal axes, Parallel Axes theorem, Polar",6.44-N-B.E.-Mecanical-Automation-Engineering-Sem-III-IV.pdf,2393112,Strength of Materials,1,1,,0.7828,0.4,1,Lexical containment + delta=1
Area Moment of Inertia,Moment of Inertia,6.44-N-B.E.-Mecanical-Automation-Engineering-Sem-III-IV.pdf,2393112,Strength of Materials,2,1,,0.8723,0.75,1,High sim=0.872 + delta=2
Area Moment of Inertia,"Torsion equation, Torsion of circular shafts",6.44-N-B.E.-Mecanical-Automation-Engineering-Sem-III-IV.pdf,2393112,Strength of Materials,3,1,,0.2547,0.125,0,No signal: sim=0.255 delta=3 kw=0.125
Area Moment of Inertia,"Strain energy stored in the member due to gradual, sudden and impact loads",6.44-N-B.E.-Mecanical-Automation-Engineering-Sem-III-IV.pdf,2393112,Strength of Materials,4,1,,0.0857,0.0,0,Low sim=0.086
Area Moment of Inertia,Strain energy due to bending and torsion,6.44-N-B.E.-Mecanical-Automation-Engineering-Sem-III-IV.pdf,2393112,Strength of Materials,5,1,,0.149,0.0,0,Low sim=0.149
Area Moment of Inertia,"Introduction to types of beams, supports and loadings. Definition of bending",6.44-N-B.E.-Mecanical-Automation-Engineering-Sem-III-IV.pdf,2393112,Strength of Materials,6,1,,0.0325,0.0769,0,Low sim=0.032
Area Moment of Inertia,Stresses in Beams and Thin Shells,6.44-N-B.E.-Mecanical-Automation-Engineering-Sem-III-IV.pdf,2393112,Strength of Materials,7,1,,0.1445,0.0,0,Low sim=0.145
Area Moment of Inertia,Bending and Shear Stresses in Beams,6.44-N-B.E.-Mecanical-Automation-Engineering-Sem-III-IV.pdf,2393112,Strength of Materials,8,1,,0.1114,0.0,0,Low sim=0.111
Area Moment of Inertia,"Theory of bending of beams, bending stress distribution, shear stress distribution",6.44-N-B.E.-Mecanical-Automation-Engineering-Sem-III-IV.pdf,2393112,Strength of Materials,9,1,,0.1823,0.1,0,No signal: sim=0.182 delta=9 kw=0.100
Area Moment of Inertia,Deflection of Beams,6.44-N-B.E.-Mecanical-Automation-Engineering-Sem-III-IV.pdf,2393112,Strength of Materials,10,1,,0.148,0.1667,0,Low sim=0.148
Area Moment of Inertia,"Buckling load, Types of end conditions for column, Euler’s column theory",6.44-N-B.E.-Mecanical-Automation-Engineering-Sem-III-IV.pdf,2393112,Strength of Materials,11,1,,0.0442,0.0714,0,Low sim=0.044
Area Moment of Inertia,Consisting Two Compulsory Class Tests,6.44-N-B.E.-Mecanical-Automation-Engineering-Sem-III-IV.pdf,2393112,Strength of Materials,12,1,,0.0033,0.0,0,Low sim=0.003
Area Moment of Inertia,First test based on approximately 40% of contents and second test based on remaining contents,6.44-N-B.E.-Mecanical-Automation-Engineering-Sem-III-IV.pdf,2393112,Strength of Materials,13,1,,0.0493,0.0714,0,Low sim=0.049
Area Moment of Inertia,Only Four questions need to be solved,6.44-N-B.E.-Mecanical-Automation-Engineering-Sem-III-IV.pdf,2393112,Strength of Materials,14,1,,-0.0782,0.0,0,Low sim=-0.078
"Area Moment of Inertia about centroidal axes, Parallel Axes theorem, Polar",Moment of Inertia,6.44-N-B.E.-Mecanical-Automation-Engineering-Sem-III-IV.pdf,2393112,Strength of Materials,1,1,,0.672,0.3,1,High sim=0.672 + delta=1
"Area Moment of Inertia about centroidal axes, Parallel Axes theorem, Polar","Torsion equation, Torsion of circular shafts",6.44-N-B.E.-Mecanical-Automation-Engineering-Sem-III-IV.pdf,2393112,Strength of Materials,2,1,,0.2781,0.0714,1,Adjacent topics: delta=2 + sim=0.278
"Area Moment of Inertia about centroidal axes, Parallel Axes theorem, Polar","Strain energy stored in the member due to gradual, sudden and impact loads",6.44-N-B.E.-Mecanical-Automation-Engineering-Sem-III-IV.pdf,2393112,Strength of Materials,3,1,,-0.0128,0.0,0,Low sim=-0.013
"Area Moment of Inertia about centroidal axes, Parallel Axes theorem, Polar",Strain energy due to bending and torsion,6.44-N-B.E.-Mecanical-Automation-Engineering-Sem-III-IV.pdf,2393112,Strength of Materials,4,1,,0.1033,0.0,0,Low sim=0.103
"Area Moment of Inertia about centroidal axes, Parallel Axes theorem, Polar","Introduction to types of beams, supports and loadings. Definition of bending",6.44-N-B.E.-Mecanical-Automation-Engineering-Sem-III-IV.pdf,2393112,Strength of Materials,5,1,,0.0192,0.0526,0,Low sim=0.019
"Area Moment of Inertia about centroidal axes, Parallel Axes theorem, Polar",Stresses in Beams and Thin Shells,6.44-N-B.E.-Mecanical-Automation-Engineering-Sem-III-IV.pdf,2393112,Strength of Materials,6,1,,0.1401,0.0,0,Low sim=0.140
"Area Moment of Inertia about centroidal axes, Parallel Axes theorem, Polar",Bending and Shear Stresses in Beams,6.44-N-B.E.-Mecanical-Automation-Engineering-Sem-III-IV.pdf,2393112,Strength of Materials,7,1,,0.123,0.0,0,Low sim=0.123
"Area Moment of Inertia about centroidal axes, Parallel Axes theorem, Polar","Theory of bending of beams, bending stress distribution, shear stress distribution",6.44-N-B.E.-Mecanical-Automation-Engineering-Sem-III-IV.pdf,2393112,Strength of Materials,8,1,,0.1576,0.0625,0,No signal: sim=0.158 delta=8 kw=0.062
"Area Moment of Inertia about centroidal axes, Parallel Axes theorem, Polar",Deflection of Beams,6.44-N-B.E.-Mecanical-Automation-Engineering-Sem-III-IV.pdf,2393112,Strength of Materials,9,1,,0.0714,0.0833,0,Low sim=0.071
"Area Moment of Inertia about centroidal axes, Parallel Axes theorem, Polar","Buckling load, Types of end conditions for column, Euler’s column theory",6.44-N-B.E.-Mecanical-Automation-Engineering-Sem-III-IV.pdf,2393112,Strength of Materials,10,1,,0.0429,0.05,0,Low sim=0.043
"Area Moment of Inertia about centroidal axes, Parallel Axes theorem, Polar",Consisting Two Compulsory Class Tests,6.44-N-B.E.-Mecanical-Automation-Engineering-Sem-III-IV.pdf,2393112,Strength of Materials,11,1,,0.0379,0.0,0,Low sim=0.038
"Area Moment of Inertia about centroidal axes, Parallel Axes theorem, Polar",First test based on approximately 40% of contents and second test based on remaining contents,6.44-N-B.E.-Mecanical-Automation-Engineering-Sem-III-IV.pdf,2393112,Strength of Materials,12,1,,0.0296,0.05,0,Low sim=0.030
"Area Moment of Inertia about centroidal axes, Parallel Axes theorem, Polar",Only Four questions need to be solved,6.44-N-B.E.-Mecanical-Automation-Engineering-Sem-III-IV.pdf,2393112,Strength of Materials,13,1,,-0.0631,0.0,0,Low sim=-0.063
Moment of Inertia,"Torsion equation, Torsion of circular shafts",6.44-N-B.E.-Mecanical-Automation-Engineering-Sem-III-IV.pdf,2393112,Strength of Materials,1,1,,0.2742,0.1429,1,Adjacent topics: delta=1 + sim=0.274
Moment of Inertia,"Strain energy stored in the member due to gradual, sudden and impact loads",6.44-N-B.E.-Mecanical-Automation-Engineering-Sem-III-IV.pdf,2393112,Strength of Materials,2,1,,0.1108,0.0,0,Low sim=0.111
Moment of Inertia,Strain energy due to bending and torsion,6.44-N-B.E.-Mecanical-Automation-Engineering-Sem-III-IV.pdf,2393112,Strength of Materials,3,1,,0.1769,0.0,0,No signal: sim=0.177 delta=3 kw=0.000
Moment of Inertia,"Introduction to types of beams, supports and loadings. Definition of bending",6.44-N-B.E.-Mecanical-Automation-Engineering-Sem-III-IV.pdf,2393112,Strength of Materials,4,1,,0.0694,0.0833,0,Low sim=0.069
Moment of Inertia,Stresses in Beams and Thin Shells,6.44-N-B.E.-Mecanical-Automation-Engineering-Sem-III-IV.pdf,2393112,Strength of Materials,5,1,,0.1483,0.0,0,Low sim=0.148
Moment of Inertia,Bending and Shear Stresses in Beams,6.44-N-B.E.-Mecanical-Automation-Engineering-Sem-III-IV.pdf,2393112,Strength of Materials,6,1,,0.1687,0.0,0,No signal: sim=0.169 delta=6 kw=0.000
Moment of Inertia,"Theory of bending of beams, bending stress distribution, shear stress distribution",6.44-N-B.E.-Mecanical-Automation-Engineering-Sem-III-IV.pdf,2393112,Strength of Materials,7,1,,0.214,0.1111,0,No signal: sim=0.214 delta=7 kw=0.111
Moment of Inertia,Deflection of Beams,6.44-N-B.E.-Mecanical-Automation-Engineering-Sem-III-IV.pdf,2393112,Strength of Materials,8,1,,0.1741,0.2,0,No signal: sim=0.174 delta=8 kw=0.200
Moment of Inertia,"Buckling load, Types of end conditions for column, Euler’s column theory",6.44-N-B.E.-Mecanical-Automation-Engineering-Sem-III-IV.pdf,2393112,Strength of Materials,9,1,,0.0375,0.0769,0,Low sim=0.038
Moment of Inertia,Consisting Two Compulsory Class Tests,6.44-N-B.E.-Mecanical-Automation-Engineering-Sem-III-IV.pdf,2393112,Strength of Materials,10,1,,0.006,0.0,0,Low sim=0.006
Moment of Inertia,First test based on approximately 40% of contents and second test based on remaining contents,6.44-N-B.E.-Mecanical-Automation-Engineering-Sem-III-IV.pdf,2393112,Strength of Materials,11,1,,-0.0082,0.0769,0,Low sim=-0.008
Moment of Inertia,Only Four questions need to be solved,6.44-N-B.E.-Mecanical-Automation-Engineering-Sem-III-IV.pdf,2393112,Strength of Materials,12,1,,-0.0702,0.0,0,Low sim=-0.070
"Torsion equation, Torsion of circular shafts","Strain energy stored in the member due to gradual, sudden and impact loads",6.44-N-B.E.-Mecanical-Automation-Engineering-Sem-III-IV.pdf,2393112,Strength of Materials,1,1,,0.1371,0.0,0,Low sim=0.137
"Torsion equation, Torsion of circular shafts",Strain energy due to bending and torsion,6.44-N-B.E.-Mecanical-Automation-Engineering-Sem-III-IV.pdf,2393112,Strength of Materials,2,1,,0.4784,0.0909,1,sim=0.478>=0.45 + delta=2<=5
"Torsion equation, Torsion of circular shafts","Introduction to types of beams, supports and loadings. Definition of bending",6.44-N-B.E.-Mecanical-Automation-Engineering-Sem-III-IV.pdf,2393112,Strength of Materials,3,1,,0.1659,0.0714,0,No signal: sim=0.166 delta=3 kw=0.071
"Torsion equation, Torsion of circular shafts",Stresses in Beams and Thin Shells,6.44-N-B.E.-Mecanical-Automation-Engineering-Sem-III-IV.pdf,2393112,Strength of Materials,4,1,,0.2602,0.0,0,No signal: sim=0.260 delta=4 kw=0.000
"Torsion equation, Torsion of circular shafts",Bending and Shear Stresses in Beams,6.44-N-B.E.-Mecanical-Automation-Engineering-Sem-III-IV.pdf,2393112,Strength of Materials,5,1,,0.2773,0.0,0,No signal: sim=0.277 delta=5 kw=0.000
"Torsion equation, Torsion of circular shafts","Theory of bending of beams, bending stress distribution, shear stress distribution",6.44-N-B.E.-Mecanical-Automation-Engineering-Sem-III-IV.pdf,2393112,Strength of Materials,6,1,,0.2969,0.0909,0,No signal: sim=0.297 delta=6 kw=0.091
"Torsion equation, Torsion of circular shafts",Deflection of Beams,6.44-N-B.E.-Mecanical-Automation-Engineering-Sem-III-IV.pdf,2393112,Strength of Materials,7,1,,0.1685,0.1429,0,No signal: sim=0.169 delta=7 kw=0.143
"Torsion equation, Torsion of circular shafts","Buckling load, Types of end conditions for column, Euler’s column theory",6.44-N-B.E.-Mecanical-Automation-Engineering-Sem-III-IV.pdf,2393112,Strength of Materials,8,1,,0.2607,0.0667,0,No signal: sim=0.261 delta=8 kw=0.067
"Torsion equation, Torsion of circular shafts",Consisting Two Compulsory Class Tests,6.44-N-B.E.-Mecanical-Automation-Engineering-Sem-III-IV.pdf,2393112,Strength of Materials,9,1,,-0.104,0.0,0,Low sim=-0.104
"Torsion equation, Torsion of circular shafts",First test based on approximately 40% of contents and second test based on remaining contents,6.44-N-B.E.-Mecanical-Automation-Engineering-Sem-III-IV.pdf,2393112,Strength of Materials,10,1,,-0.0035,0.0667,0,Low sim=-0.004
"Torsion equation, Torsion of circular shafts",Only Four questions need to be solved,6.44-N-B.E.-Mecanical-Automation-Engineering-Sem-III-IV.pdf,2393112,Strength of Materials,11,1,,0.0816,0.0,0,Low sim=0.082
"Strain energy stored in the member due to gradual, sudden and impact loads",Strain energy due to bending and torsion,6.44-N-B.E.-Mecanical-Automation-Engineering-Sem-III-IV.pdf,2393112,Strength of Materials,1,1,,0.5877,0.3333,1,sim=0.588>=0.45 + delta=1<=5
"Strain energy stored in the member due to gradual, sudden and impact loads","Introduction to types of beams, supports and loadings. Definition of bending",6.44-N-B.E.-Mecanical-Automation-Engineering-Sem-III-IV.pdf,2393112,Strength of Materials,2,1,,0.3872,0.0952,1,Adjacent topics: delta=2 + sim=0.387
"Strain energy stored in the member due to gradual, sudden and impact loads",Stresses in Beams and Thin Shells,6.44-N-B.E.-Mecanical-Automation-Engineering-Sem-III-IV.pdf,2393112,Strength of Materials,3,1,,0.4278,0.1176,0,No signal: sim=0.428 delta=3 kw=0.118
"Strain energy stored in the member due to gradual, sudden and impact loads",Bending and Shear Stresses in Beams,6.44-N-B.E.-Mecanical-Automation-Engineering-Sem-III-IV.pdf,2393112,Strength of Materials,4,1,,0.3902,0.1176,0,No signal: sim=0.390 delta=4 kw=0.118
"Strain energy stored in the member due to gradual, sudden and impact loads","Theory of bending of beams, bending stress distribution, shear stress distribution",6.44-N-B.E.-Mecanical-Automation-Engineering-Sem-III-IV.pdf,2393112,Strength of Materials,5,1,,0.3885,0.0,0,No signal: sim=0.389 delta=5 kw=0.000
"Strain energy stored in the member due to gradual, sudden and impact loads",Deflection of Beams,6.44-N-B.E.-Mecanical-Automation-Engineering-Sem-III-IV.pdf,2393112,Strength of Materials,6,1,,0.267,0.0,0,No signal: sim=0.267 delta=6 kw=0.000
"Strain energy stored in the member due to gradual, sudden and impact loads","Buckling load, Types of end conditions for column, Euler’s column theory",6.44-N-B.E.-Mecanical-Automation-Engineering-Sem-III-IV.pdf,2393112,Strength of Materials,7,1,,0.3207,0.0,0,No signal: sim=0.321 delta=7 kw=0.000
"Strain energy stored in the member due to gradual, sudden and impact loads",Consisting Two Compulsory Class Tests,6.44-N-B.E.-Mecanical-Automation-Engineering-Sem-III-IV.pdf,2393112,Strength of Materials,8,1,,0.0252,0.0,0,Low sim=0.025
"Strain energy stored in the member due to gradual, sudden and impact loads",First test based on approximately 40% of contents and second test based on remaining contents,6.44-N-B.E.-Mecanical-Automation-Engineering-Sem-III-IV.pdf,2393112,Strength of Materials,9,1,,0.0566,0.0435,0,Low sim=0.057
"Strain energy stored in the member due to gradual, sudden and impact loads",Only Four questions need to be solved,6.44-N-B.E.-Mecanical-Automation-Engineering-Sem-III-IV.pdf,2393112,Strength of Materials,10,1,,0.0151,0.0526,0,Low sim=0.015
Strain energy due to bending and torsion,"Introduction to types of beams, supports and loadings. Definition of bending",6.44-N-B.E.-Mecanical-Automation-Engineering-Sem-III-IV.pdf,2393112,Strength of Materials,1,1,,0.4728,0.2143,1,sim=0.473>=0.45 + delta=1<=5
Strain energy due to bending and torsion,Stresses in Beams and Thin Shells,6.44-N-B.E.-Mecanical-Automation-Engineering-Sem-III-IV.pdf,2393112,Strength of Materials,2,1,,0.4658,0.0833,1,sim=0.466>=0.45 + delta=2<=5
Strain energy due to bending and torsion,Bending and Shear Stresses in Beams,6.44-N-B.E.-Mecanical-Automation-Engineering-Sem-III-IV.pdf,2393112,Strength of Materials,3,1,,0.5796,0.1818,1,sim=0.580>=0.45 + delta=3<=5
Strain energy due to bending and torsion,"Theory of bending of beams, bending stress distribution, shear stress distribution",6.44-N-B.E.-Mecanical-Automation-Engineering-Sem-III-IV.pdf,2393112,Strength of Materials,4,1,,0.5451,0.0769,1,sim=0.545>=0.45 + delta=4<=5
Strain energy due to bending and torsion,Deflection of Beams,6.44-N-B.E.-Mecanical-Automation-Engineering-Sem-III-IV.pdf,2393112,Strength of Materials,5,1,,0.2878,0.0,0,No signal: sim=0.288 delta=5 kw=0.000
Strain energy due to bending and torsion,"Buckling load, Types of end conditions for column, Euler’s column theory",6.44-N-B.E.-Mecanical-Automation-Engineering-Sem-III-IV.pdf,2393112,Strength of Materials,6,1,,0.3152,0.0,0,No signal: sim=0.315 delta=6 kw=0.000
Strain energy due to bending and torsion,Consisting Two Compulsory Class Tests,6.44-N-B.E.-Mecanical-Automation-Engineering-Sem-III-IV.pdf,2393112,Strength of Materials,7,1,,-0.0532,0.0,0,Low sim=-0.053
Strain energy due to bending and torsion,First test based on approximately 40% of contents and second test based on remaining contents,6.44-N-B.E.-Mecanical-Automation-Engineering-Sem-III-IV.pdf,2393112,Strength of Materials,8,1,,0.0137,0.0588,0,Low sim=0.014
Strain energy due to bending and torsion,Only Four questions need to be solved,6.44-N-B.E.-Mecanical-Automation-Engineering-Sem-III-IV.pdf,2393112,Strength of Materials,9,1,,0.0322,0.0769,0,Low sim=0.032
"Introduction to types of beams, supports and loadings. Definition of bending",Stresses in Beams and Thin Shells,6.44-N-B.E.-Mecanical-Automation-Engineering-Sem-III-IV.pdf,2393112,Strength of Materials,1,1,,0.5136,0.1429,1,sim=0.514>=0.45 + delta=1<=5
"Introduction to types of beams, supports and loadings. Definition of bending",Bending and Shear Stresses in Beams,6.44-N-B.E.-Mecanical-Automation-Engineering-Sem-III-IV.pdf,2393112,Strength of Materials,2,1,,0.6945,0.2308,1,High sim=0.695 + delta=2
"Introduction to types of beams, supports and loadings. Definition of bending","Theory of bending of beams, bending stress distribution, shear stress distribution",6.44-N-B.E.-Mecanical-Automation-Engineering-Sem-III-IV.pdf,2393112,Strength of Materials,3,1,,0.7337,0.2143,1,High sim=0.734 + delta=3
"Introduction to types of beams, supports and loadings. Definition of bending",Deflection of Beams,6.44-N-B.E.-Mecanical-Automation-Engineering-Sem-III-IV.pdf,2393112,Strength of Materials,4,1,,0.5148,0.1818,1,sim=0.515>=0.45 + delta=4<=5
"Introduction to types of beams, supports and loadings. Definition of bending","Buckling load, Types of end conditions for column, Euler’s column theory",6.44-N-B.E.-Mecanical-Automation-Engineering-Sem-III-IV.pdf,2393112,Strength of Materials,5,1,,0.3882,0.1053,1,Foundational kw + sim=0.388 + delta=5
"Introduction to types of beams, supports and loadings. Definition of bending",Consisting Two Compulsory Class Tests,6.44-N-B.E.-Mecanical-Automation-Engineering-Sem-III-IV.pdf,2393112,Strength of Materials,6,1,,0.0379,0.0,0,Low sim=0.038
"Introduction to types of beams, supports and loadings. Definition of bending",First test based on approximately 40% of contents and second test based on remaining contents,6.44-N-B.E.-Mecanical-Automation-Engineering-Sem-III-IV.pdf,2393112,Strength of Materials,7,1,,0.0147,0.1053,0,Low sim=0.015
"Introduction to types of beams, supports and loadings. Definition of bending",Only Four questions need to be solved,6.44-N-B.E.-Mecanical-Automation-Engineering-Sem-III-IV.pdf,2393112,Strength of Materials,8,1,,0.0721,0.0625,0,Low sim=0.072
Stresses in Beams and Thin Shells,Bending and Shear Stresses in Beams,6.44-N-B.E.-Mecanical-Automation-Engineering-Sem-III-IV.pdf,2393112,Strength of Materials,1,1,,0.7446,0.5,1,High sim=0.745 + delta=1
Stresses in Beams and Thin Shells,"Theory of bending of beams, bending stress distribution, shear stress distribution",6.44-N-B.E.-Mecanical-Automation-Engineering-Sem-III-IV.pdf,2393112,Strength of Materials,2,1,,0.636,0.0833,1,High sim=0.636 + delta=2
Stresses in Beams and Thin Shells,Deflection of Beams,6.44-N-B.E.-Mecanical-Automation-Engineering-Sem-III-IV.pdf,2393112,Strength of Materials,3,1,,0.4862,0.125,1,sim=0.486>=0.45 + delta=3<=5
Stresses in Beams and Thin Shells,"Buckling load, Types of end conditions for column, Euler’s column theory",6.44-N-B.E.-Mecanical-Automation-Engineering-Sem-III-IV.pdf,2393112,Strength of Materials,4,1,,0.3054,0.0,0,No signal: sim=0.305 delta=4 kw=0.000
Stresses in Beams and Thin Shells,Consisting Two Compulsory Class Tests,6.44-N-B.E.-Mecanical-Automation-Engineering-Sem-III-IV.pdf,2393112,Strength of Materials,5,1,,0.0009,0.0,0,Low sim=0.001
Stresses in Beams and Thin Shells,First test based on approximately 40% of contents and second test based on remaining contents,6.44-N-B.E.-Mecanical-Automation-Engineering-Sem-III-IV.pdf,2393112,Strength of Materials,6,1,,0.0402,0.0625,0,Low sim=0.040
Stresses in Beams and Thin Shells,Only Four questions need to be solved,6.44-N-B.E.-Mecanical-Automation-Engineering-Sem-III-IV.pdf,2393112,Strength of Materials,7,1,,0.0421,0.0,0,Low sim=0.042
Bending and Shear Stresses in Beams,"Theory of bending of beams, bending stress distribution, shear stress distribution",6.44-N-B.E.-Mecanical-Automation-Engineering-Sem-III-IV.pdf,2393112,Strength of Materials,1,1,,0.8585,0.3,1,High sim=0.859 + delta=1
Bending and Shear Stresses in Beams,Deflection of Beams,6.44-N-B.E.-Mecanical-Automation-Engineering-Sem-III-IV.pdf,2393112,Strength of Materials,2,1,,0.5827,0.125,1,sim=0.583>=0.45 + delta=2<=5
Bending and Shear Stresses in Beams,"Buckling load, Types of end conditions for column, Euler’s column theory",6.44-N-B.E.-Mecanical-Automation-Engineering-Sem-III-IV.pdf,2393112,Strength of Materials,3,1,,0.254,0.0,0,No signal: sim=0.254 delta=3 kw=0.000
Bending and Shear Stresses in Beams,Consisting Two Compulsory Class Tests,6.44-N-B.E.-Mecanical-Automation-Engineering-Sem-III-IV.pdf,2393112,Strength of Materials,4,1,,0.0165,0.0,0,Low sim=0.016
Bending and Shear Stresses in Beams,First test based on approximately 40% of contents and second test based on remaining contents,6.44-N-B.E.-Mecanical-Automation-Engineering-Sem-III-IV.pdf,2393112,Strength of Materials,5,1,,0.0436,0.0625,0,Low sim=0.044
Bending and Shear Stresses in Beams,Only Four questions need to be solved,6.44-N-B.E.-Mecanical-Automation-Engineering-Sem-III-IV.pdf,2393112,Strength of Materials,6,1,,0.0798,0.0,0,Low sim=0.080
"Theory of bending of beams, bending stress distribution, shear stress distribution",Deflection of Beams,6.44-N-B.E.-Mecanical-Automation-Engineering-Sem-III-IV.pdf,2393112,Strength of Materials,1,1,,0.5485,0.25,1,sim=0.549>=0.45 + delta=1<=5
"Theory of bending of beams, bending stress distribution, shear stress distribution","Buckling load, Types of end conditions for column, Euler’s column theory",6.44-N-B.E.-Mecanical-Automation-Engineering-Sem-III-IV.pdf,2393112,Strength of Materials,2,1,,0.3432,0.125,1,Foundational kw + sim=0.343 + delta=2
"Theory of bending of beams, bending stress distribution, shear stress distribution",Consisting Two Compulsory Class Tests,6.44-N-B.E.-Mecanical-Automation-Engineering-Sem-III-IV.pdf,2393112,Strength of Materials,3,1,,0.0046,0.0,0,Low sim=0.005
"Theory of bending of beams, bending stress distribution, shear stress distribution",First test based on approximately 40% of contents and second test based on remaining contents,6.44-N-B.E.-Mecanical-Automation-Engineering-Sem-III-IV.pdf,2393112,Strength of Materials,4,1,,0.1049,0.0588,0,Low sim=0.105
"Theory of bending of beams, bending stress distribution, shear stress distribution",Only Four questions need to be solved,6.44-N-B.E.-Mecanical-Automation-Engineering-Sem-III-IV.pdf,2393112,Strength of Materials,5,1,,0.0751,0.0,0,Low sim=0.075
Deflection of Beams,"Buckling load, Types of end conditions for column, Euler’s column theory",6.44-N-B.E.-Mecanical-Automation-Engineering-Sem-III-IV.pdf,2393112,Strength of Materials,1,1,,0.1479,0.0769,0,Low sim=0.148
Deflection of Beams,Consisting Two Compulsory Class Tests,6.44-N-B.E.-Mecanical-Automation-Engineering-Sem-III-IV.pdf,2393112,Strength of Materials,2,1,,0.0147,0.0,0,Low sim=0.015
Deflection of Beams,First test based on approximately 40% of contents and second test based on remaining contents,6.44-N-B.E.-Mecanical-Automation-Engineering-Sem-III-IV.pdf,2393112,Strength of Materials,3,1,,0.0003,0.0769,0,Low sim=0.000
Deflection of Beams,Only Four questions need to be solved,6.44-N-B.E.-Mecanical-Automation-Engineering-Sem-III-IV.pdf,2393112,Strength of Materials,4,1,,0.0007,0.0,0,Low sim=0.001
"Buckling load, Types of end conditions for column, Euler’s column theory",Consisting Two Compulsory Class Tests,6.44-N-B.E.-Mecanical-Automation-Engineering-Sem-III-IV.pdf,2393112,Strength of Materials,1,1,,0.0123,0.0,0,Low sim=0.012
"Buckling load, Types of end conditions for column, Euler’s column theory",First test based on approximately 40% of contents and second test based on remaining contents,6.44-N-B.E.-Mecanical-Automation-Engineering-Sem-III-IV.pdf,2393112,Strength of Materials,2,1,,0.029,0.0476,0,Low sim=0.029
"Buckling load, Types of end conditions for column, Euler’s column theory",Only Four questions need to be solved,6.44-N-B.E.-Mecanical-Automation-Engineering-Sem-III-IV.pdf,2393112,Strength of Materials,3,1,,0.1073,0.0,0,Low sim=0.107
Consisting Two Compulsory Class Tests,First test based on approximately 40% of contents and second test based on remaining contents,6.44-N-B.E.-Mecanical-Automation-Engineering-Sem-III-IV.pdf,2393112,Strength of Materials,1,1,,0.4806,0.0,1,sim=0.481>=0.45 + delta=1<=5
Consisting Two Compulsory Class Tests,Only Four questions need to be solved,6.44-N-B.E.-Mecanical-Automation-Engineering-Sem-III-IV.pdf,2393112,Strength of Materials,2,1,,0.2415,0.0,1,Adjacent topics: delta=2 + sim=0.242
First test based on approximately 40% of contents and second test based on remaining contents,Only Four questions need to be solved,6.44-N-B.E.-Mecanical-Automation-Engineering-Sem-III-IV.pdf,2393112,Strength of Materials,1,1,,0.245,0.0,1,Adjacent topics: delta=1 + sim=0.245
Carnot cycle,Carnot theorem,6.44-N-B.E.-Mecanical-Automation-Engineering-Sem-III-IV.pdf,2393113,Thermodynamics,1,1,,0.6397,0.3333,1,High sim=0.640 + delta=1
Carnot cycle,Clausius theorem,6.44-N-B.E.-Mecanical-Automation-Engineering-Sem-III-IV.pdf,2393113,Thermodynamics,2,1,,0.0858,0.0,0,Low sim=0.086
Carnot cycle,Entropy is property of a system,6.44-N-B.E.-Mecanical-Automation-Engineering-Sem-III-IV.pdf,2393113,Thermodynamics,3,1,,0.0402,0.0,0,Low sim=0.040
Carnot cycle,Temperature-Entropy,6.44-N-B.E.-Mecanical-Automation-Engineering-Sem-III-IV.pdf,2393113,Thermodynamics,4,1,,0.0649,0.0,0,Low sim=0.065
Carnot cycle,Increase of entropy principle,6.44-N-B.E.-Mecanical-Automation-Engineering-Sem-III-IV.pdf,2393113,Thermodynamics,5,1,,0.0445,0.0,0,Low sim=0.045
Carnot theorem,Clausius theorem,6.44-N-B.E.-Mecanical-Automation-Engineering-Sem-III-IV.pdf,2393113,Thermodynamics,1,1,,0.3946,0.3333,1,kw_overlap=0.333 + delta=1<=6
Carnot theorem,Entropy is property of a system,6.44-N-B.E.-Mecanical-Automation-Engineering-Sem-III-IV.pdf,2393113,Thermodynamics,2,1,,0.0874,0.0,0,Low sim=0.087
Carnot theorem,Temperature-Entropy,6.44-N-B.E.-Mecanical-Automation-Engineering-Sem-III-IV.pdf,2393113,Thermodynamics,3,1,,0.0716,0.0,0,Low sim=0.072
Carnot theorem,Increase of entropy principle,6.44-N-B.E.-Mecanical-Automation-Engineering-Sem-III-IV.pdf,2393113,Thermodynamics,4,1,,0.173,0.0,0,No signal: sim=0.173 delta=4 kw=0.000
Clausius theorem,Entropy is property of a system,6.44-N-B.E.-Mecanical-Automation-Engineering-Sem-III-IV.pdf,2393113,Thermodynamics,1,1,,0.3065,0.0,1,Adjacent topics: delta=1 + sim=0.306
Clausius theorem,Temperature-Entropy,6.44-N-B.E.-Mecanical-Automation-Engineering-Sem-III-IV.pdf,2393113,Thermodynamics,2,1,,0.4205,0.0,1,Adjacent topics: delta=2 + sim=0.421
Clausius theorem,Increase of entropy principle,6.44-N-B.E.-Mecanical-Automation-Engineering-Sem-III-IV.pdf,2393113,Thermodynamics,3,1,,0.365,0.0,0,No signal: sim=0.365 delta=3 kw=0.000
Entropy is property of a system,Temperature-Entropy,6.44-N-B.E.-Mecanical-Automation-Engineering-Sem-III-IV.pdf,2393113,Thermodynamics,1,1,,0.6221,0.1429,1,High sim=0.622 + delta=1
Entropy is property of a system,Increase of entropy principle,6.44-N-B.E.-Mecanical-Automation-Engineering-Sem-III-IV.pdf,2393113,Thermodynamics,2,1,,0.6447,0.25,1,High sim=0.645 + delta=2
Temperature-Entropy,Increase of entropy principle,6.44-N-B.E.-Mecanical-Automation-Engineering-Sem-III-IV.pdf,2393113,Thermodynamics,1,1,,0.6406,0.2,1,High sim=0.641 + delta=1
Introduction to Crystals and Imperfections Classification of materials: Introduction to engineering,Concepts of crystals- Crystalline and Non-crystalline,6.44-N-B.E.-Mecanical-Automation-Engineering-Sem-III-IV.pdf,2393114,Material Science,1,1,,0.5982,0.25,1,sim=0.598>=0.45 + delta=1<=5
Introduction to Crystals and Imperfections Classification of materials: Introduction to engineering,Materials Unit cell,6.44-N-B.E.-Mecanical-Automation-Engineering-Sem-III-IV.pdf,2393114,Material Science,2,1,,0.3681,0.0909,1,Foundational kw + sim=0.368 + delta=2
Introduction to Crystals and Imperfections Classification of materials: Introduction to engineering,Crystal structures of metals,6.44-N-B.E.-Mecanical-Automation-Engineering-Sem-III-IV.pdf,2393114,Material Science,3,1,,0.501,0.0833,1,sim=0.501>=0.45 + delta=3<=5
Introduction to Crystals and Imperfections Classification of materials: Introduction to engineering,Defects: Crystal Imperfections-definition,6.44-N-B.E.-Mecanical-Automation-Engineering-Sem-III-IV.pdf,2393114,Material Science,4,1,,0.7349,0.0833,1,High sim=0.735 + delta=4
Concepts of crystals- Crystalline and Non-crystalline,Materials Unit cell,6.44-N-B.E.-Mecanical-Automation-Engineering-Sem-III-IV.pdf,2393114,Material Science,1,1,,0.3426,0.0,1,Foundational kw + sim=0.343 + delta=1
Concepts of crystals- Crystalline and Non-crystalline,Crystal structures of metals,6.44-N-B.E.-Mecanical-Automation-Engineering-Sem-III-IV.pdf,2393114,Material Science,2,1,,0.5861,0.1111,1,sim=0.586>=0.45 + delta=2<=5
Concepts of crystals- Crystalline and Non-crystalline,Defects: Crystal Imperfections-definition,6.44-N-B.E.-Mecanical-Automation-Engineering-Sem-III-IV.pdf,2393114,Material Science,3,1,,0.5239,0.0,1,sim=0.524>=0.45 + delta=3<=5
Materials Unit cell,Crystal structures of metals,6.44-N-B.E.-Mecanical-Automation-Engineering-Sem-III-IV.pdf,2393114,Material Science,1,1,,0.4001,0.0,1,Adjacent topics: delta=1 + sim=0.400
Materials Unit cell,Defects: Crystal Imperfections-definition,6.44-N-B.E.-Mecanical-Automation-Engineering-Sem-III-IV.pdf,2393114,Material Science,2,1,,0.2544,0.0,1,Adjacent topics: delta=2 + sim=0.254
Crystal structures of metals,Defects: Crystal Imperfections-definition,6.44-N-B.E.-Mecanical-Automation-Engineering-Sem-III-IV.pdf,2393114,Material Science,1,1,,0.399,0.1429,1,Adjacent topics: delta=1 + sim=0.399
Classification of various joining processes,Adhesive bonding,6.44-N-B.E.-Mecanical-Automation-Engineering-Sem-III-IV.pdf,2394112,Manufacturing Processes,1,1,,0.26,0.0,1,Foundational kw + sim=0.260 + delta=1
Classification of various joining processes,Mechanical Fastening; Welding,6.44-N-B.E.-Mecanical-Automation-Engineering-Sem-III-IV.pdf,2394112,Manufacturing Processes,2,1,,0.3295,0.0,1,Foundational kw + sim=0.329 + delta=2
Classification of various joining processes,Hybrid joining processes,6.44-N-B.E.-Mecanical-Automation-Engineering-Sem-III-IV.pdf,2394112,Manufacturing Processes,3,1,,0.7206,0.3333,1,High sim=0.721 + delta=3
Classification of various joining processes,Solid State etc,6.44-N-B.E.-Mecanical-Automation-Engineering-Sem-III-IV.pdf,2394112,Manufacturing Processes,4,1,,0.1731,0.0,0,No signal: sim=0.173 delta=4 kw=0.000
Classification of various joining processes,III Metal Forming,6.44-N-B.E.-Mecanical-Automation-Engineering-Sem-III-IV.pdf,2394112,Manufacturing Processes,5,1,,0.2603,0.0,1,Foundational kw + sim=0.260 + delta=5
Classification of various joining processes,Metal Forming Process,6.44-N-B.E.-Mecanical-Automation-Engineering-Sem-III-IV.pdf,2394112,Manufacturing Processes,6,1,,0.3359,0.0,1,Foundational kw + sim=0.336 + delta=6
Classification of various joining processes,Defects in rolled and forged,6.44-N-B.E.-Mecanical-Automation-Engineering-Sem-III-IV.pdf,2394112,Manufacturing Processes,7,1,,0.1087,0.0,0,Low sim=0.109
Classification of various joining processes,Sheet metal working processes,6.44-N-B.E.-Mecanical-Automation-Engineering-Sem-III-IV.pdf,2394112,Manufacturing Processes,8,1,,0.272,0.125,1,Foundational kw + sim=0.272 + delta=8
Classification of various joining processes,Classification of Sheet metal operations,6.44-N-B.E.-Mecanical-Automation-Engineering-Sem-III-IV.pdf,2394112,Manufacturing Processes,9,1,,0.3423,0.25,0,No signal: sim=0.342 delta=9 kw=0.250
Classification of various joining processes,Presses used in sheet metal operations,6.44-N-B.E.-Mecanical-Automation-Engineering-Sem-III-IV.pdf,2394112,Manufacturing Processes,10,1,,0.1153,0.0,0,Low sim=0.115
Classification of various joining processes,Sheet metal,6.44-N-B.E.-Mecanical-Automation-Engineering-Sem-III-IV.pdf,2394112,Manufacturing Processes,11,1,,0.1365,0.0,0,Low sim=0.137
Adhesive bonding,Mechanical Fastening; Welding,6.44-N-B.E.-Mecanical-Automation-Engineering-Sem-III-IV.pdf,2394112,Manufacturing Processes,1,1,,0.2654,0.0,1,Adjacent topics: delta=1 + sim=0.265
Adhesive bonding,Hybrid joining processes,6.44-N-B.E.-Mecanical-Automation-Engineering-Sem-III-IV.pdf,2394112,Manufacturing Processes,2,1,,0.2519,0.0,1,Adjacent topics: delta=2 + sim=0.252
Adhesive bonding,Solid State etc,6.44-N-B.E.-Mecanical-Automation-Engineering-Sem-III-IV.pdf,2394112,Manufacturing Processes,3,1,,0.189,0.0,0,No signal: sim=0.189 delta=3 kw=0.000
Adhesive bonding,III Metal Forming,6.44-N-B.E.-Mecanical-Automation-Engineering-Sem-III-IV.pdf,2394112,Manufacturing Processes,4,1,,0.205,0.0,0,No signal: sim=0.205 delta=4 kw=0.000
Adhesive bonding,Metal Forming Process,6.44-N-B.E.-Mecanical-Automation-Engineering-Sem-III-IV.pdf,2394112,Manufacturing Processes,5,1,,0.1997,0.0,0,No signal: sim=0.200 delta=5 kw=0.000
Adhesive bonding,Defects in rolled and forged,6.44-N-B.E.-Mecanical-Automation-Engineering-Sem-III-IV.pdf,2394112,Manufacturing Processes,6,1,,0.1259,0.0,0,Low sim=0.126
Adhesive bonding,Sheet metal working processes,6.44-N-B.E.-Mecanical-Automation-Engineering-Sem-III-IV.pdf,2394112,Manufacturing Processes,7,1,,0.2242,0.0,0,No signal: sim=0.224 delta=7 kw=0.000
Adhesive bonding,Classification of Sheet metal operations,6.44-N-B.E.-Mecanical-Automation-Engineering-Sem-III-IV.pdf,2394112,Manufacturing Processes,8,1,,0.1976,0.0,0,No signal: sim=0.198 delta=8 kw=0.000
Adhesive bonding,Presses used in sheet metal operations,6.44-N-B.E.-Mecanical-Automation-Engineering-Sem-III-IV.pdf,2394112,Manufacturing Processes,9,1,,0.2507,0.0,0,No signal: sim=0.251 delta=9 kw=0.000
Adhesive bonding,Sheet metal,6.44-N-B.E.-Mecanical-Automation-Engineering-Sem-III-IV.pdf,2394112,Manufacturing Processes,10,1,,0.2869,0.0,0,No signal: sim=0.287 delta=10 kw=0.000
Mechanical Fastening; Welding,Hybrid joining processes,6.44-N-B.E.-Mecanical-Automation-Engineering-Sem-III-IV.pdf,2394112,Manufacturing Processes,1,1,,0.2612,0.0,1,Adjacent topics: delta=1 + sim=0.261
Mechanical Fastening; Welding,Solid State etc,6.44-N-B.E.-Mecanical-Automation-Engineering-Sem-III-IV.pdf,2394112,Manufacturing Processes,2,1,,0.1763,0.0,0,No signal: sim=0.176 delta=2 kw=0.000
Mechanical Fastening; Welding,III Metal Forming,6.44-N-B.E.-Mecanical-Automation-Engineering-Sem-III-IV.pdf,2394112,Manufacturing Processes,3,1,,0.3746,0.0,0,No signal: sim=0.375 delta=3 kw=0.000
Mechanical Fastening; Welding,Metal Forming Process,6.44-N-B.E.-Mecanical-Automation-Engineering-Sem-III-IV.pdf,2394112,Manufacturing Processes,4,1,,0.3745,0.0,0,No signal: sim=0.375 delta=4 kw=0.000
Mechanical Fastening; Welding,Defects in rolled and forged,6.44-N-B.E.-Mecanical-Automation-Engineering-Sem-III-IV.pdf,2394112,Manufacturing Processes,5,1,,0.2035,0.0,0,No signal: sim=0.204 delta=5 kw=0.000
Mechanical Fastening; Welding,Sheet metal working processes,6.44-N-B.E.-Mecanical-Automation-Engineering-Sem-III-IV.pdf,2394112,Manufacturing Processes,6,1,,0.3582,0.0,0,No signal: sim=0.358 delta=6 kw=0.000
Mechanical Fastening; Welding,Classification of Sheet metal operations,6.44-N-B.E.-Mecanical-Automation-Engineering-Sem-III-IV.pdf,2394112,Manufacturing Processes,7,1,,0.3277,0.0,0,No signal: sim=0.328 delta=7 kw=0.000
Mechanical Fastening; Welding,Presses used in sheet metal operations,6.44-N-B.E.-Mecanical-Automation-Engineering-Sem-III-IV.pdf,2394112,Manufacturing Processes,8,1,,0.3394,0.0,0,No signal: sim=0.339 delta=8 kw=0.000
Mechanical Fastening; Welding,Sheet metal,6.44-N-B.E.-Mecanical-Automation-Engineering-Sem-III-IV.pdf,2394112,Manufacturing Processes,9,1,,0.2381,0.0,0,No signal: sim=0.238 delta=9 kw=0.000
Hybrid joining processes,Solid State etc,6.44-N-B.E.-Mecanical-Automation-Engineering-Sem-III-IV.pdf,2394112,Manufacturing Processes,1,1,,0.1374,0.0,0,Low sim=0.137
Hybrid joining processes,III Metal Forming,6.44-N-B.E.-Mecanical-Automation-Engineering-Sem-III-IV.pdf,2394112,Manufacturing Processes,2,1,,0.1353,0.0,0,Low sim=0.135
Hybrid joining processes,Metal Forming Process,6.44-N-B.E.-Mecanical-Automation-Engineering-Sem-III-IV.pdf,2394112,Manufacturing Processes,3,1,,0.2365,0.0,0,No signal: sim=0.236 delta=3 kw=0.000
Hybrid joining processes,Defects in rolled and forged,6.44-N-B.E.-Mecanical-Automation-Engineering-Sem-III-IV.pdf,2394112,Manufacturing Processes,4,1,,0.0128,0.0,0,Low sim=0.013
Hybrid joining processes,Sheet metal working processes,6.44-N-B.E.-Mecanical-Automation-Engineering-Sem-III-IV.pdf,2394112,Manufacturing Processes,5,1,,0.2364,0.1667,0,No signal: sim=0.236 delta=5 kw=0.167
Hybrid joining processes,Classification of Sheet metal operations,6.44-N-B.E.-Mecanical-Automation-Engineering-Sem-III-IV.pdf,2394112,Manufacturing Processes,6,1,,0.1254,0.0,0,Low sim=0.125
Hybrid joining processes,Presses used in sheet metal operations,6.44-N-B.E.-Mecanical-Automation-Engineering-Sem-III-IV.pdf,2394112,Manufacturing Processes,7,1,,0.0793,0.0,0,Low sim=0.079
Hybrid joining processes,Sheet metal,6.44-N-B.E.-Mecanical-Automation-Engineering-Sem-III-IV.pdf,2394112,Manufacturing Processes,8,1,,0.068,0.0,0,Low sim=0.068
Solid State etc,III Metal Forming,6.44-N-B.E.-Mecanical-Automation-Engineering-Sem-III-IV.pdf,2394112,Manufacturing Processes,1,1,,0.2833,0.0,1,Adjacent topics: delta=1 + sim=0.283
Solid State etc,Metal Forming Process,6.44-N-B.E.-Mecanical-Automation-Engineering-Sem-III-IV.pdf,2394112,Manufacturing Processes,2,1,,0.2233,0.0,1,Adjacent topics: delta=2 + sim=0.223
Solid State etc,Defects in rolled and forged,6.44-N-B.E.-Mecanical-Automation-Engineering-Sem-III-IV.pdf,2394112,Manufacturing Processes,3,1,,0.2308,0.0,0,No signal: sim=0.231 delta=3 kw=0.000
Solid State etc,Sheet metal working processes,6.44-N-B.E.-Mecanical-Automation-Engineering-Sem-III-IV.pdf,2394112,Manufacturing Processes,4,1,,0.2946,0.0,0,No signal: sim=0.295 delta=4 kw=0.000
Solid State etc,Classification of Sheet metal operations,6.44-N-B.E.-Mecanical-Automation-Engineering-Sem-III-IV.pdf,2394112,Manufacturing Processes,5,1,,0.2564,0.0,0,No signal: sim=0.256 delta=5 kw=0.000
Solid State etc,Presses used in sheet metal operations,6.44-N-B.E.-Mecanical-Automation-Engineering-Sem-III-IV.pdf,2394112,Manufacturing Processes,6,1,,0.2582,0.0,0,No signal: sim=0.258 delta=6 kw=0.000
Solid State etc,Sheet metal,6.44-N-B.E.-Mecanical-Automation-Engineering-Sem-III-IV.pdf,2394112,Manufacturing Processes,7,1,,0.4212,0.0,0,No signal: sim=0.421 delta=7 kw=0.000
III Metal Forming,Metal Forming Process,6.44-N-B.E.-Mecanical-Automation-Engineering-Sem-III-IV.pdf,2394112,Manufacturing Processes,1,1,,0.741,0.5,1,High sim=0.741 + delta=1
III Metal Forming,Defects in rolled and forged,6.44-N-B.E.-Mecanical-Automation-Engineering-Sem-III-IV.pdf,2394112,Manufacturing Processes,2,1,,0.3016,0.0,1,Adjacent topics: delta=2 + sim=0.302
III Metal Forming,Sheet metal working processes,6.44-N-B.E.-Mecanical-Automation-Engineering-Sem-III-IV.pdf,2394112,Manufacturing Processes,3,1,,0.552,0.1667,1,sim=0.552>=0.45 + delta=3<=5
III Metal Forming,Classification of Sheet metal operations,6.44-N-B.E.-Mecanical-Automation-Engineering-Sem-III-IV.pdf,2394112,Manufacturing Processes,4,1,,0.5128,0.1429,1,sim=0.513>=0.45 + delta=4<=5
III Metal Forming,Presses used in sheet metal operations,6.44-N-B.E.-Mecanical-Automation-Engineering-Sem-III-IV.pdf,2394112,Manufacturing Processes,5,1,,0.4448,0.125,0,No signal: sim=0.445 delta=5 kw=0.125
III Metal Forming,Sheet metal,6.44-N-B.E.-Mecanical-Automation-Engineering-Sem-III-IV.pdf,2394112,Manufacturing Processes,6,1,,0.5482,0.25,0,No signal: sim=0.548 delta=6 kw=0.250
Metal Forming Process,Defects in rolled and forged,6.44-N-B.E.-Mecanical-Automation-Engineering-Sem-III-IV.pdf,2394112,Manufacturing Processes,1,1,,0.3067,0.0,1,Adjacent topics: delta=1 + sim=0.307
Metal Forming Process,Sheet metal working processes,6.44-N-B.E.-Mecanical-Automation-Engineering-Sem-III-IV.pdf,2394112,Manufacturing Processes,2,1,,0.6792,0.1667,1,High sim=0.679 + delta=2
Metal Forming Process,Classification of Sheet metal operations,6.44-N-B.E.-Mecanical-Automation-Engineering-Sem-III-IV.pdf,2394112,Manufacturing Processes,3,1,,0.5069,0.1429,1,sim=0.507>=0.45 + delta=3<=5
Metal Forming Process,Presses used in sheet metal operations,6.44-N-B.E.-Mecanical-Automation-Engineering-Sem-III-IV.pdf,2394112,Manufacturing Processes,4,1,,0.4893,0.125,1,sim=0.489>=0.45 + delta=4<=5
Metal Forming Process,Sheet metal,6.44-N-B.E.-Mecanical-Automation-Engineering-Sem-III-IV.pdf,2394112,Manufacturing Processes,5,1,,0.5162,0.25,1,sim=0.516>=0.45 + delta=5<=5
Defects in rolled and forged,Sheet metal working processes,6.44-N-B.E.-Mecanical-Automation-Engineering-Sem-III-IV.pdf,2394112,Manufacturing Processes,1,1,,0.2837,0.0,1,Adjacent topics: delta=1 + sim=0.284
Defects in rolled and forged,Classification of Sheet metal operations,6.44-N-B.E.-Mecanical-Automation-Engineering-Sem-III-IV.pdf,2394112,Manufacturing Processes,2,1,,0.3047,0.0,1,Adjacent topics: delta=2 + sim=0.305
Defects in rolled and forged,Presses used in sheet metal operations,6.44-N-B.E.-Mecanical-Automation-Engineering-Sem-III-IV.pdf,2394112,Manufacturing Processes,3,1,,0.1997,0.1,0,No signal: sim=0.200 delta=3 kw=0.100
Defects in rolled and forged,Sheet metal,6.44-N-B.E.-Mecanical-Automation-Engineering-Sem-III-IV.pdf,2394112,Manufacturing Processes,4,1,,0.2819,0.0,0,No signal: sim=0.282 delta=4 kw=0.000
Sheet metal working processes,Classification of Sheet metal operations,6.44-N-B.E.-Mecanical-Automation-Engineering-Sem-III-IV.pdf,2394112,Manufacturing Processes,1,1,,0.7441,0.2857,1,High sim=0.744 + delta=1
Sheet metal working processes,Presses used in sheet metal operations,6.44-N-B.E.-Mecanical-Automation-Engineering-Sem-III-IV.pdf,2394112,Manufacturing Processes,2,1,,0.6485,0.25,1,High sim=0.649 + delta=2
Sheet metal working processes,Sheet metal,6.44-N-B.E.-Mecanical-Automation-Engineering-Sem-III-IV.pdf,2394112,Manufacturing Processes,3,1,,0.7043,0.5,1,High sim=0.704 + delta=3
Classification of Sheet metal operations,Presses used in sheet metal operations,6.44-N-B.E.-Mecanical-Automation-Engineering-Sem-III-IV.pdf,2394112,Manufacturing Processes,1,1,,0.598,0.375,1,sim=0.598>=0.45 + delta=1<=5
Classification of Sheet metal operations,Sheet metal,6.44-N-B.E.-Mecanical-Automation-Engineering-Sem-III-IV.pdf,2394112,Manufacturing Processes,2,1,,0.6406,0.4,1,High sim=0.641 + delta=2
Presses used in sheet metal operations,Sheet metal,6.44-N-B.E.-Mecanical-Automation-Engineering-Sem-III-IV.pdf,2394112,Manufacturing Processes,1,1,,0.5058,0.3333,1,sim=0.506>=0.45 + delta=1<=5
Usability Testing: Evaluation of the effectiveness and user,Create an empathy map for a target user group. Break them into four sections,6.44-N-B.E.-Mecanical-Automation-Engineering-Sem-III-IV.pdf,2394512,Design Thinking,1,1,,0.1391,0.0476,0,Low sim=0.139
Usability Testing: Evaluation of the effectiveness and user,"Based on research, students will create user personas including demographic",6.44-N-B.E.-Mecanical-Automation-Engineering-Sem-III-IV.pdf,2394512,Design Thinking,2,1,,0.2492,0.0588,1,Adjacent topics: delta=2 + sim=0.249
Usability Testing: Evaluation of the effectiveness and user,Consider 3 examples of real,6.44-N-B.E.-Mecanical-Automation-Engineering-Sem-III-IV.pdf,2394512,Design Thinking,3,1,,0.1421,0.0833,0,Low sim=0.142
Usability Testing: Evaluation of the effectiveness and user,May take user survey to support your work,6.44-N-B.E.-Mecanical-Automation-Engineering-Sem-III-IV.pdf,2394512,Design Thinking,4,1,,0.2966,0.0667,0,No signal: sim=0.297 delta=4 kw=0.067
Usability Testing: Evaluation of the effectiveness and user,Study any open,6.44-N-B.E.-Mecanical-Automation-Engineering-Sem-III-IV.pdf,2394512,Design Thinking,5,1,,0.1213,0.0,0,Low sim=0.121
Create an empathy map for a target user group. Break them into four sections,"Based on research, students will create user personas including demographic",6.44-N-B.E.-Mecanical-Automation-Engineering-Sem-III-IV.pdf,2394512,Design Thinking,1,1,,0.2531,0.0909,1,Adjacent topics: delta=1 + sim=0.253
Create an empathy map for a target user group. Break them into four sections,Consider 3 examples of real,6.44-N-B.E.-Mecanical-Automation-Engineering-Sem-III-IV.pdf,2394512,Design Thinking,2,1,,-0.0077,0.0,0,Low sim=-0.008
Create an empathy map for a target user group. Break them into four sections,May take user survey to support your work,6.44-N-B.E.-Mecanical-Automation-Engineering-Sem-III-IV.pdf,2394512,Design Thinking,3,1,,0.1761,0.0476,0,No signal: sim=0.176 delta=3 kw=0.048
Create an empathy map for a target user group. Break them into four sections,Study any open,6.44-N-B.E.-Mecanical-Automation-Engineering-Sem-III-IV.pdf,2394512,Design Thinking,4,1,,0.0077,0.0,0,Low sim=0.008
"Based on research, students will create user personas including demographic",Consider 3 examples of real,6.44-N-B.E.-Mecanical-Automation-Engineering-Sem-III-IV.pdf,2394512,Design Thinking,1,1,,0.0705,0.0,0,Low sim=0.071
"Based on research, students will create user personas including demographic",May take user survey to support your work,6.44-N-B.E.-Mecanical-Automation-Engineering-Sem-III-IV.pdf,2394512,Design Thinking,2,1,,0.3261,0.0588,1,Adjacent topics: delta=2 + sim=0.326
"Based on research, students will create user personas including demographic",Study any open,6.44-N-B.E.-Mecanical-Automation-Engineering-Sem-III-IV.pdf,2394512,Design Thinking,3,1,,0.1924,0.0,0,No signal: sim=0.192 delta=3 kw=0.000
Consider 3 examples of real,May take user survey to support your work,6.44-N-B.E.-Mecanical-Automation-Engineering-Sem-III-IV.pdf,2394512,Design Thinking,1,1,,0.1151,0.0,0,Low sim=0.115
Consider 3 examples of real,Study any open,6.44-N-B.E.-Mecanical-Automation-Engineering-Sem-III-IV.pdf,2394512,Design Thinking,2,1,,0.1656,0.0,0,No signal: sim=0.166 delta=2 kw=0.000
May take user survey to support your work,Study any open,6.44-N-B.E.-Mecanical-Automation-Engineering-Sem-III-IV.pdf,2394512,Design Thinking,1,1,,0.2653,0.0,1,Adjacent topics: delta=1 + sim=0.265
Digital frequency meter,Voltage sensor,6.51N-B.E.-Electrical-Computer-EngineeringSem-III-IV.pdf,2213114,Measurements and Measuring Instruments,1,1,,0.2968,0.0,1,Adjacent topics: delta=1 + sim=0.297
Digital frequency meter,Verification of Truth Table of Logic Gates,6.51N-B.E.-Electrical-Computer-EngineeringSem-III-IV.pdf,2213114,Measurements and Measuring Instruments,2,1,,0.0523,0.0,0,Low sim=0.052
Digital frequency meter,Constructing Flip-Flops Using All NAND Gates,6.51N-B.E.-Electrical-Computer-EngineeringSem-III-IV.pdf,2213114,Measurements and Measuring Instruments,3,1,,0.0047,0.0,0,Low sim=0.005
Digital frequency meter,BJT and FET characteristics & analysis,6.51N-B.E.-Electrical-Computer-EngineeringSem-III-IV.pdf,2213114,Measurements and Measuring Instruments,4,1,,0.0326,0.0,0,Low sim=0.033
Digital frequency meter,Design of adjustable Voltage regulator based on LM317,6.51N-B.E.-Electrical-Computer-EngineeringSem-III-IV.pdf,2213114,Measurements and Measuring Instruments,5,1,,0.0574,0.0,0,Low sim=0.057
Voltage sensor,Verification of Truth Table of Logic Gates,6.51N-B.E.-Electrical-Computer-EngineeringSem-III-IV.pdf,2213114,Measurements and Measuring Instruments,1,1,,0.0091,0.0,0,Low sim=0.009
Voltage sensor,Constructing Flip-Flops Using All NAND Gates,6.51N-B.E.-Electrical-Computer-EngineeringSem-III-IV.pdf,2213114,Measurements and Measuring Instruments,2,1,,-0.0471,0.0,0,Low sim=-0.047
Voltage sensor,BJT and FET characteristics & analysis,6.51N-B.E.-Electrical-Computer-EngineeringSem-III-IV.pdf,2213114,Measurements and Measuring Instruments,3,1,,0.0314,0.0,0,Low sim=0.031
Voltage sensor,Design of adjustable Voltage regulator based on LM317,6.51N-B.E.-Electrical-Computer-EngineeringSem-III-IV.pdf,2213114,Measurements and Measuring Instruments,4,1,,0.2547,0.1111,0,No signal: sim=0.255 delta=4 kw=0.111
Verification of Truth Table of Logic Gates,Constructing Flip-Flops Using All NAND Gates,6.51N-B.E.-Electrical-Computer-EngineeringSem-III-IV.pdf,2213114,Measurements and Measuring Instruments,1,1,,0.5003,0.0833,1,sim=0.500>=0.45 + delta=1<=5
Verification of Truth Table of Logic Gates,BJT and FET characteristics & analysis,6.51N-B.E.-Electrical-Computer-EngineeringSem-III-IV.pdf,2213114,Measurements and Measuring Instruments,2,1,,0.126,0.0,0,Low sim=0.126
Verification of Truth Table of Logic Gates,Design of adjustable Voltage regulator based on LM317,6.51N-B.E.-Electrical-Computer-EngineeringSem-III-IV.pdf,2213114,Measurements and Measuring Instruments,3,1,,-0.002,0.0769,0,Low sim=-0.002
Constructing Flip-Flops Using All NAND Gates,BJT and FET characteristics & analysis,6.51N-B.E.-Electrical-Computer-EngineeringSem-III-IV.pdf,2213114,Measurements and Measuring Instruments,1,1,,0.1096,0.0,0,Low sim=0.110
Constructing Flip-Flops Using All NAND Gates,Design of adjustable Voltage regulator based on LM317,6.51N-B.E.-Electrical-Computer-EngineeringSem-III-IV.pdf,2213114,Measurements and Measuring Instruments,2,1,,-0.0476,0.0,0,Low sim=-0.048
BJT and FET characteristics & analysis,Design of adjustable Voltage regulator based on LM317,6.51N-B.E.-Electrical-Computer-EngineeringSem-III-IV.pdf,2213114,Measurements and Measuring Instruments,1,1,,0.0694,0.0,0,Low sim=0.069
Modes of operation of silicon-controlled rectifier,Two transistor Analogy,6.51N-B.E.-Electrical-Computer-EngineeringSem-III-IV.pdf,2214113,Power Electronics Devices and Circuits,1,1,,0.1195,0.0,0,Low sim=0.119
Modes of operation of silicon-controlled rectifier,Thyristors voltage & current rating,6.51N-B.E.-Electrical-Computer-EngineeringSem-III-IV.pdf,2214113,Power Electronics Devices and Circuits,2,1,,0.2258,0.0,1,Adjacent topics: delta=2 + sim=0.226
Modes of operation of silicon-controlled rectifier,Firing circuits (R,6.51N-B.E.-Electrical-Computer-EngineeringSem-III-IV.pdf,2214113,Power Electronics Devices and Circuits,3,1,,0.0915,0.0,0,Low sim=0.091
Modes of operation of silicon-controlled rectifier,Protection circuit of SCR,6.51N-B.E.-Electrical-Computer-EngineeringSem-III-IV.pdf,2214113,Power Electronics Devices and Circuits,4,1,,0.1751,0.1111,0,No signal: sim=0.175 delta=4 kw=0.111
Two transistor Analogy,Thyristors voltage & current rating,6.51N-B.E.-Electrical-Computer-EngineeringSem-III-IV.pdf,2214113,Power Electronics Devices and Circuits,1,1,,0.0594,0.0,0,Low sim=0.059
Two transistor Analogy,Firing circuits (R,6.51N-B.E.-Electrical-Computer-EngineeringSem-III-IV.pdf,2214113,Power Electronics Devices and Circuits,2,1,,0.2559,0.0,1,Adjacent topics: delta=2 + sim=0.256
Two transistor Analogy,Protection circuit of SCR,6.51N-B.E.-Electrical-Computer-EngineeringSem-III-IV.pdf,2214113,Power Electronics Devices and Circuits,3,1,,0.165,0.0,0,No signal: sim=0.165 delta=3 kw=0.000
Thyristors voltage & current rating,Firing circuits (R,6.51N-B.E.-Electrical-Computer-EngineeringSem-III-IV.pdf,2214113,Power Electronics Devices and Circuits,1,1,,0.1232,0.0,0,Low sim=0.123
Thyristors voltage & current rating,Protection circuit of SCR,6.51N-B.E.-Electrical-Computer-EngineeringSem-III-IV.pdf,2214113,Power Electronics Devices and Circuits,2,1,,0.3415,0.0,1,Adjacent topics: delta=2 + sim=0.342
Firing circuits (R,Protection circuit of SCR,6.51N-B.E.-Electrical-Computer-EngineeringSem-III-IV.pdf,2214113,Power Electronics Devices and Circuits,1,1,,0.3098,0.0,1,Adjacent topics: delta=1 + sim=0.310
Propositional and Predicate Logic,Determining risk,6.54-N-B.E-Computer-Science-EngineeringSem-III-IV.pdf,2493112,Discrete Structures and Graph Theory,1,1,,0.0908,0.0,0,Low sim=0.091
Propositional and Predicate Logic,Taxes and tax brackets,6.54-N-B.E-Computer-Science-EngineeringSem-III-IV.pdf,2493112,Discrete Structures and Graph Theory,2,1,,0.1498,0.1429,0,Low sim=0.150
Propositional and Predicate Logic,Vending machines,6.54-N-B.E-Computer-Science-EngineeringSem-III-IV.pdf,2493112,Discrete Structures and Graph Theory,3,1,,0.1332,0.0,0,Low sim=0.133
Propositional and Predicate Logic,"Counting Pigeonhole Principle, Inclusion-Exclusion Principle. Recurrence relations, Solving recurrence relations",6.54-N-B.E-Computer-Science-EngineeringSem-III-IV.pdf,2493112,Discrete Structures and Graph Theory,4,1,,0.0888,0.0,0,Low sim=0.089
Determining risk,Taxes and tax brackets,6.54-N-B.E-Computer-Science-EngineeringSem-III-IV.pdf,2493112,Discrete Structures and Graph Theory,1,1,,0.0822,0.0,0,Low sim=0.082
Determining risk,Vending machines,6.54-N-B.E-Computer-Science-EngineeringSem-III-IV.pdf,2493112,Discrete Structures and Graph Theory,2,1,,0.0863,0.0,0,Low sim=0.086
Determining risk,"Counting Pigeonhole Principle, Inclusion-Exclusion Principle. Recurrence relations, Solving recurrence relations",6.54-N-B.E-Computer-Science-EngineeringSem-III-IV.pdf,2493112,Discrete Structures and Graph Theory,3,1,,-0.0421,0.0,0,Low sim=-0.042
Taxes and tax brackets,Vending machines,6.54-N-B.E-Computer-Science-EngineeringSem-III-IV.pdf,2493112,Discrete Structures and Graph Theory,1,1,,0.0465,0.0,0,Low sim=0.047
Taxes and tax brackets,"Counting Pigeonhole Principle, Inclusion-Exclusion Principle. Recurrence relations, Solving recurrence relations",6.54-N-B.E-Computer-Science-EngineeringSem-III-IV.pdf,2493112,Discrete Structures and Graph Theory,2,1,,0.115,0.0,0,Low sim=0.115
Vending machines,"Counting Pigeonhole Principle, Inclusion-Exclusion Principle. Recurrence relations, Solving recurrence relations",6.54-N-B.E-Computer-Science-EngineeringSem-III-IV.pdf,2493112,Discrete Structures and Graph Theory,1,1,,0.2789,0.0,1,Adjacent topics: delta=1 + sim=0.279
Regular operations,Arden's theorem,6.54-N-B.E-Computer-Science-EngineeringSem-III-IV.pdf,2494111,Computational,1,1,,0.2053,0.0,1,Adjacent topics: delta=1 + sim=0.205
Regular operations,Decision properties of RLs,6.54-N-B.E-Computer-Science-EngineeringSem-III-IV.pdf,2494111,Computational,2,1,,0.1942,0.0,0,No signal: sim=0.194 delta=2 kw=0.000
Regular operations,Pumping lemma for RLs,6.54-N-B.E-Computer-Science-EngineeringSem-III-IV.pdf,2494111,Computational,3,1,,0.1179,0.0,0,Low sim=0.118
Regular operations,RE in text search and replace,6.54-N-B.E-Computer-Science-EngineeringSem-III-IV.pdf,2494111,Computational,4,1,,0.178,0.0,0,No signal: sim=0.178 delta=4 kw=0.000
Regular operations,Application of Regular,6.54-N-B.E-Computer-Science-EngineeringSem-III-IV.pdf,2494111,Computational,5,1,,0.6872,0.25,1,High sim=0.687 + delta=5
Regular operations,Languages in Compiler Design,6.54-N-B.E-Computer-Science-EngineeringSem-III-IV.pdf,2494111,Computational,6,1,,0.2045,0.0,0,No signal: sim=0.205 delta=6 kw=0.000
Regular operations,Nondeterministic Finite Automata (NFA): Definitions,6.54-N-B.E-Computer-Science-EngineeringSem-III-IV.pdf,2494111,Computational,7,1,,0.2046,0.0,0,No signal: sim=0.205 delta=7 kw=0.000
Regular operations,Equivalence between NFA with and ϵ- transitions,6.54-N-B.E-Computer-Science-EngineeringSem-III-IV.pdf,2494111,Computational,8,1,,0.0974,0.0,0,Low sim=0.097
Regular operations,Minimization of DFA,6.54-N-B.E-Computer-Science-EngineeringSem-III-IV.pdf,2494111,Computational,9,1,,0.2333,0.0,0,No signal: sim=0.233 delta=9 kw=0.000
Arden's theorem,Decision properties of RLs,6.54-N-B.E-Computer-Science-EngineeringSem-III-IV.pdf,2494111,Computational,1,1,,0.0956,0.0,0,Low sim=0.096
Arden's theorem,Pumping lemma for RLs,6.54-N-B.E-Computer-Science-EngineeringSem-III-IV.pdf,2494111,Computational,2,1,,0.2223,0.0,1,Adjacent topics: delta=2 + sim=0.222
Arden's theorem,RE in text search and replace,6.54-N-B.E-Computer-Science-EngineeringSem-III-IV.pdf,2494111,Computational,3,1,,0.0297,0.0,0,Low sim=0.030
Arden's theorem,Application of Regular,6.54-N-B.E-Computer-Science-EngineeringSem-III-IV.pdf,2494111,Computational,4,1,,0.2475,0.0,0,No signal: sim=0.248 delta=4 kw=0.000
Arden's theorem,Languages in Compiler Design,6.54-N-B.E-Computer-Science-EngineeringSem-III-IV.pdf,2494111,Computational,5,1,,0.0519,0.0,0,Low sim=0.052
Arden's theorem,Nondeterministic Finite Automata (NFA): Definitions,6.54-N-B.E-Computer-Science-EngineeringSem-III-IV.pdf,2494111,Computational,6,1,,0.074,0.0,0,Low sim=0.074
Arden's theorem,Equivalence between NFA with and ϵ- transitions,6.54-N-B.E-Computer-Science-EngineeringSem-III-IV.pdf,2494111,Computational,7,1,,0.1255,0.0,0,Low sim=0.125
Arden's theorem,Minimization of DFA,6.54-N-B.E-Computer-Science-EngineeringSem-III-IV.pdf,2494111,Computational,8,1,,0.0896,0.0,0,Low sim=0.090
Decision properties of RLs,Pumping lemma for RLs,6.54-N-B.E-Computer-Science-EngineeringSem-III-IV.pdf,2494111,Computational,1,1,,0.5024,0.1429,1,sim=0.502>=0.45 + delta=1<=5
Decision properties of RLs,RE in text search and replace,6.54-N-B.E-Computer-Science-EngineeringSem-III-IV.pdf,2494111,Computational,2,1,,0.032,0.0,0,Low sim=0.032
Decision properties of RLs,Application of Regular,6.54-N-B.E-Computer-Science-EngineeringSem-III-IV.pdf,2494111,Computational,3,1,,0.1588,0.1667,0,No signal: sim=0.159 delta=3 kw=0.167
Decision properties of RLs,Languages in Compiler Design,6.54-N-B.E-Computer-Science-EngineeringSem-III-IV.pdf,2494111,Computational,4,1,,0.1739,0.0,0,No signal: sim=0.174 delta=4 kw=0.000
Decision properties of RLs,Nondeterministic Finite Automata (NFA): Definitions,6.54-N-B.E-Computer-Science-EngineeringSem-III-IV.pdf,2494111,Computational,5,1,,0.2488,0.0,0,No signal: sim=0.249 delta=5 kw=0.000
Decision properties of RLs,Equivalence between NFA with and ϵ- transitions,6.54-N-B.E-Computer-Science-EngineeringSem-III-IV.pdf,2494111,Computational,6,1,,0.1531,0.0,0,No signal: sim=0.153 delta=6 kw=0.000
Decision properties of RLs,Minimization of DFA,6.54-N-B.E-Computer-Science-EngineeringSem-III-IV.pdf,2494111,Computational,7,1,,0.1913,0.1667,0,No signal: sim=0.191 delta=7 kw=0.167
Pumping lemma for RLs,RE in text search and replace,6.54-N-B.E-Computer-Science-EngineeringSem-III-IV.pdf,2494111,Computational,1,1,,0.1502,0.0,0,No signal: sim=0.150 delta=1 kw=0.000
Pumping lemma for RLs,Application of Regular,6.54-N-B.E-Computer-Science-EngineeringSem-III-IV.pdf,2494111,Computational,2,1,,0.1671,0.0,0,No signal: sim=0.167 delta=2 kw=0.000
Pumping lemma for RLs,Languages in Compiler Design,6.54-N-B.E-Computer-Science-EngineeringSem-III-IV.pdf,2494111,Computational,3,1,,0.258,0.0,0,No signal: sim=0.258 delta=3 kw=0.000
Pumping lemma for RLs,Nondeterministic Finite Automata (NFA): Definitions,6.54-N-B.E-Computer-Science-EngineeringSem-III-IV.pdf,2494111,Computational,4,1,,0.1616,0.0,0,No signal: sim=0.162 delta=4 kw=0.000
Pumping lemma for RLs,Equivalence between NFA with and ϵ- transitions,6.54-N-B.E-Computer-Science-EngineeringSem-III-IV.pdf,2494111,Computational,5,1,,0.1734,0.0,0,No signal: sim=0.173 delta=5 kw=0.000
Pumping lemma for RLs,Minimization of DFA,6.54-N-B.E-Computer-Science-EngineeringSem-III-IV.pdf,2494111,Computational,6,1,,0.1472,0.0,0,Low sim=0.147
RE in text search and replace,Application of Regular,6.54-N-B.E-Computer-Science-EngineeringSem-III-IV.pdf,2494111,Computational,1,1,,0.1369,0.0,0,Low sim=0.137
RE in text search and replace,Languages in Compiler Design,6.54-N-B.E-Computer-Science-EngineeringSem-III-IV.pdf,2494111,Computational,2,1,,0.0087,0.1111,0,Low sim=0.009
RE in text search and replace,Nondeterministic Finite Automata (NFA): Definitions,6.54-N-B.E-Computer-Science-EngineeringSem-III-IV.pdf,2494111,Computational,3,1,,0.0547,0.0,0,Low sim=0.055
RE in text search and replace,Equivalence between NFA with and ϵ- transitions,6.54-N-B.E-Computer-Science-EngineeringSem-III-IV.pdf,2494111,Computational,4,1,,0.0344,0.0833,0,Low sim=0.034
RE in text search and replace,Minimization of DFA,6.54-N-B.E-Computer-Science-EngineeringSem-III-IV.pdf,2494111,Computational,5,1,,0.056,0.0,0,Low sim=0.056
Application of Regular,Languages in Compiler Design,6.54-N-B.E-Computer-Science-EngineeringSem-III-IV.pdf,2494111,Computational,1,1,,0.127,0.0,0,Low sim=0.127
Application of Regular,Nondeterministic Finite Automata (NFA): Definitions,6.54-N-B.E-Computer-Science-EngineeringSem-III-IV.pdf,2494111,Computational,2,1,,0.2048,0.0,1,Adjacent topics: delta=2 + sim=0.205
Application of Regular,Equivalence between NFA with and ϵ- transitions,6.54-N-B.E-Computer-Science-EngineeringSem-III-IV.pdf,2494111,Computational,3,1,,0.1411,0.0,0,Low sim=0.141
Application of Regular,Minimization of DFA,6.54-N-B.E-Computer-Science-EngineeringSem-III-IV.pdf,2494111,Computational,4,1,,0.289,0.2,0,No signal: sim=0.289 delta=4 kw=0.200
Languages in Compiler Design,Nondeterministic Finite Automata (NFA): Definitions,6.54-N-B.E-Computer-Science-EngineeringSem-III-IV.pdf,2494111,Computational,1,1,,0.2147,0.0,1,Adjacent topics: delta=1 + sim=0.215
Languages in Compiler Design,Equivalence between NFA with and ϵ- transitions,6.54-N-B.E-Computer-Science-EngineeringSem-III-IV.pdf,2494111,Computational,2,1,,0.1073,0.0,0,Low sim=0.107
Languages in Compiler Design,Minimization of DFA,6.54-N-B.E-Computer-Science-EngineeringSem-III-IV.pdf,2494111,Computational,3,1,,0.146,0.0,0,Low sim=0.146
Nondeterministic Finite Automata (NFA): Definitions,Equivalence between NFA with and ϵ- transitions,6.54-N-B.E-Computer-Science-EngineeringSem-III-IV.pdf,2494111,Computational,1,1,,0.5904,0.0909,1,sim=0.590>=0.45 + delta=1<=5
Nondeterministic Finite Automata (NFA): Definitions,Minimization of DFA,6.54-N-B.E-Computer-Science-EngineeringSem-III-IV.pdf,2494111,Computational,2,1,,0.5158,0.0,1,sim=0.516>=0.45 + delta=2<=5
Equivalence between NFA with and ϵ- transitions,Minimization of DFA,6.54-N-B.E-Computer-Science-EngineeringSem-III-IV.pdf,2494111,Computational,1,1,,0.4193,0.0,1,Adjacent topics: delta=1 + sim=0.419
Relationship (EER) Model,"Generalization, Specialization and Aggregation",6.54-N-B.E-Computer-Science-EngineeringSem-III-IV.pdf,2494112,Database Management System,1,1,,0.1203,0.0,0,Low sim=0.120
Relationship (EER) Model,"Introduction to the Relational Model, relational",6.54-N-B.E-Computer-Science-EngineeringSem-III-IV.pdf,2494112,Database Management System,2,1,,0.5185,0.1429,1,sim=0.518>=0.45 + delta=2<=5
Relationship (EER) Model,"EER Model to the Relational Model, Relational",6.54-N-B.E-Computer-Science-EngineeringSem-III-IV.pdf,2494112,Database Management System,3,1,,0.8421,0.3333,1,High sim=0.842 + delta=3
Relationship (EER) Model,"Overview of SQL, Data Definition Commands",6.54-N-B.E-Computer-Science-EngineeringSem-III-IV.pdf,2494112,Database Management System,4,1,,0.1176,0.0,0,Low sim=0.118
Relationship (EER) Model,"Integrity constraints: key constraints, Domain",6.54-N-B.E-Computer-Science-EngineeringSem-III-IV.pdf,2494112,Database Management System,5,1,,0.2034,0.0,0,No signal: sim=0.203 delta=5 kw=0.000
Relationship (EER) Model,"Triggers, Introduction to Pl/SQL Block Structure",6.54-N-B.E-Computer-Science-EngineeringSem-III-IV.pdf,2494112,Database Management System,6,1,,0.1301,0.0,0,Low sim=0.130
Relationship (EER) Model,"Pitfalls in relational database designs, Concept",6.54-N-B.E-Computer-Science-EngineeringSem-III-IV.pdf,2494112,Database Management System,7,1,,0.3273,0.0,1,Foundational kw + sim=0.327 + delta=7
Relationship (EER) Model,"Concurrent Executions, Serializability",6.54-N-B.E-Computer-Science-EngineeringSem-III-IV.pdf,2494112,Database Management System,8,1,,0.0581,0.0,0,Low sim=0.058
Relationship (EER) Model,"Cloud Database, Introduction of Distributed",6.54-N-B.E-Computer-Science-EngineeringSem-III-IV.pdf,2494112,Database Management System,9,1,,0.1208,0.0,0,Low sim=0.121
"Generalization, Specialization and Aggregation","Introduction to the Relational Model, relational",6.54-N-B.E-Computer-Science-EngineeringSem-III-IV.pdf,2494112,Database Management System,1,1,,0.2568,0.0,1,Adjacent topics: delta=1 + sim=0.257
"Generalization, Specialization and Aggregation","EER Model to the Relational Model, Relational",6.54-N-B.E-Computer-Science-EngineeringSem-III-IV.pdf,2494112,Database Management System,2,1,,0.2326,0.0,1,Adjacent topics: delta=2 + sim=0.233
"Generalization, Specialization and Aggregation","Overview of SQL, Data Definition Commands",6.54-N-B.E-Computer-Science-EngineeringSem-III-IV.pdf,2494112,Database Management System,3,1,,0.2145,0.0,0,No signal: sim=0.214 delta=3 kw=0.000
"Generalization, Specialization and Aggregation","Integrity constraints: key constraints, Domain",6.54-N-B.E-Computer-Science-EngineeringSem-III-IV.pdf,2494112,Database Management System,4,1,,0.2391,0.0,0,No signal: sim=0.239 delta=4 kw=0.000
"Generalization, Specialization and Aggregation","Triggers, Introduction to Pl/SQL Block Structure",6.54-N-B.E-Computer-Science-EngineeringSem-III-IV.pdf,2494112,Database Management System,5,1,,0.2173,0.0,0,No signal: sim=0.217 delta=5 kw=0.000
"Generalization, Specialization and Aggregation","Pitfalls in relational database designs, Concept",6.54-N-B.E-Computer-Science-EngineeringSem-III-IV.pdf,2494112,Database Management System,6,1,,0.2946,0.0,0,No signal: sim=0.295 delta=6 kw=0.000
"Generalization, Specialization and Aggregation","Concurrent Executions, Serializability",6.54-N-B.E-Computer-Science-EngineeringSem-III-IV.pdf,2494112,Database Management System,7,1,,0.2549,0.0,0,No signal: sim=0.255 delta=7 kw=0.000
"Generalization, Specialization and Aggregation","Cloud Database, Introduction of Distributed",6.54-N-B.E-Computer-Science-EngineeringSem-III-IV.pdf,2494112,Database Management System,8,1,,0.2213,0.0,0,No signal: sim=0.221 delta=8 kw=0.000
"Introduction to the Relational Model, relational","EER Model to the Relational Model, Relational",6.54-N-B.E-Computer-Science-EngineeringSem-III-IV.pdf,2494112,Database Management System,1,1,,0.723,0.6667,1,High sim=0.723 + delta=1
"Introduction to the Relational Model, relational","Overview of SQL, Data Definition Commands",6.54-N-B.E-Computer-Science-EngineeringSem-III-IV.pdf,2494112,Database Management System,2,1,,0.2286,0.0,1,Adjacent topics: delta=2 + sim=0.229
"Introduction to the Relational Model, relational","Integrity constraints: key constraints, Domain",6.54-N-B.E-Computer-Science-EngineeringSem-III-IV.pdf,2494112,Database Management System,3,1,,0.3045,0.0,1,Foundational kw + sim=0.305 + delta=3
"Introduction to the Relational Model, relational","Triggers, Introduction to Pl/SQL Block Structure",6.54-N-B.E-Computer-Science-EngineeringSem-III-IV.pdf,2494112,Database Management System,4,1,,0.2218,0.2,0,No signal: sim=0.222 delta=4 kw=0.200
"Introduction to the Relational Model, relational","Pitfalls in relational database designs, Concept",6.54-N-B.E-Computer-Science-EngineeringSem-III-IV.pdf,2494112,Database Management System,5,1,,0.5666,0.1,1,sim=0.567>=0.45 + delta=5<=5
"Introduction to the Relational Model, relational","Concurrent Executions, Serializability",6.54-N-B.E-Computer-Science-EngineeringSem-III-IV.pdf,2494112,Database Management System,6,1,,0.1168,0.0,0,Low sim=0.117
"Introduction to the Relational Model, relational","Cloud Database, Introduction of Distributed",6.54-N-B.E-Computer-Science-EngineeringSem-III-IV.pdf,2494112,Database Management System,7,1,,0.2594,0.1111,1,Foundational kw + sim=0.259 + delta=7
"EER Model to the Relational Model, Relational","Overview of SQL, Data Definition Commands",6.54-N-B.E-Computer-Science-EngineeringSem-III-IV.pdf,2494112,Database Management System,1,1,,0.2588,0.0,1,Foundational kw + sim=0.259 + delta=1
"EER Model to the Relational Model, Relational","Integrity constraints: key constraints, Domain",6.54-N-B.E-Computer-Science-EngineeringSem-III-IV.pdf,2494112,Database Management System,2,1,,0.2939,0.0,1,Foundational kw + sim=0.294 + delta=2
"EER Model to the Relational Model, Relational","Triggers, Introduction to Pl/SQL Block Structure",6.54-N-B.E-Computer-Science-EngineeringSem-III-IV.pdf,2494112,Database Management System,3,1,,0.235,0.0909,0,No signal: sim=0.235 delta=3 kw=0.091
"EER Model to the Relational Model, Relational","Pitfalls in relational database designs, Concept",6.54-N-B.E-Computer-Science-EngineeringSem-III-IV.pdf,2494112,Database Management System,4,1,,0.5219,0.1,1,sim=0.522>=0.45 + delta=4<=5
"EER Model to the Relational Model, Relational","Concurrent Executions, Serializability",6.54-N-B.E-Computer-Science-EngineeringSem-III-IV.pdf,2494112,Database Management System,5,1,,0.1145,0.0,0,Low sim=0.115
"EER Model to the Relational Model, Relational","Cloud Database, Introduction of Distributed",6.54-N-B.E-Computer-Science-EngineeringSem-III-IV.pdf,2494112,Database Management System,6,1,,0.217,0.0,0,No signal: sim=0.217 delta=6 kw=0.000
"Overview of SQL, Data Definition Commands","Integrity constraints: key constraints, Domain",6.54-N-B.E-Computer-Science-EngineeringSem-III-IV.pdf,2494112,Database Management System,1,1,,0.2471,0.0,1,Adjacent topics: delta=1 + sim=0.247
"Overview of SQL, Data Definition Commands","Triggers, Introduction to Pl/SQL Block Structure",6.54-N-B.E-Computer-Science-EngineeringSem-III-IV.pdf,2494112,Database Management System,2,1,,0.5056,0.0833,1,sim=0.506>=0.45 + delta=2<=5
"Overview of SQL, Data Definition Commands","Pitfalls in relational database designs, Concept",6.54-N-B.E-Computer-Science-EngineeringSem-III-IV.pdf,2494112,Database Management System,3,1,,0.3288,0.0,1,Foundational kw + sim=0.329 + delta=3
"Overview of SQL, Data Definition Commands","Concurrent Executions, Serializability",6.54-N-B.E-Computer-Science-EngineeringSem-III-IV.pdf,2494112,Database Management System,4,1,,0.1166,0.0,0,Low sim=0.117
"Overview of SQL, Data Definition Commands","Cloud Database, Introduction of Distributed",6.54-N-B.E-Computer-Science-EngineeringSem-III-IV.pdf,2494112,Database Management System,5,1,,0.2886,0.1,1,Foundational kw + sim=0.289 + delta=5
"Integrity constraints: key constraints, Domain","Triggers, Introduction to Pl/SQL Block Structure",6.54-N-B.E-Computer-Science-EngineeringSem-III-IV.pdf,2494112,Database Management System,1,1,,0.3377,0.0,1,Adjacent topics: delta=1 + sim=0.338
"Integrity constraints: key constraints, Domain","Pitfalls in relational database designs, Concept",6.54-N-B.E-Computer-Science-EngineeringSem-III-IV.pdf,2494112,Database Management System,2,1,,0.3556,0.0,1,Adjacent topics: delta=2 + sim=0.356
"Integrity constraints: key constraints, Domain","Concurrent Executions, Serializability",6.54-N-B.E-Computer-Science-EngineeringSem-III-IV.pdf,2494112,Database Management System,3,1,,0.3471,0.0,0,No signal: sim=0.347 delta=3 kw=0.000
"Integrity constraints: key constraints, Domain","Cloud Database, Introduction of Distributed",6.54-N-B.E-Computer-Science-EngineeringSem-III-IV.pdf,2494112,Database Management System,4,1,,0.1594,0.0,0,No signal: sim=0.159 delta=4 kw=0.000
"Triggers, Introduction to Pl/SQL Block Structure","Pitfalls in relational database designs, Concept",6.54-N-B.E-Computer-Science-EngineeringSem-III-IV.pdf,2494112,Database Management System,1,1,,0.397,0.0,1,Foundational kw + sim=0.397 + delta=1
"Triggers, Introduction to Pl/SQL Block Structure","Concurrent Executions, Serializability",6.54-N-B.E-Computer-Science-EngineeringSem-III-IV.pdf,2494112,Database Management System,2,1,,0.2327,0.0,1,Adjacent topics: delta=2 + sim=0.233
"Triggers, Introduction to Pl/SQL Block Structure","Cloud Database, Introduction of Distributed",6.54-N-B.E-Computer-Science-EngineeringSem-III-IV.pdf,2494112,Database Management System,3,1,,0.2646,0.0909,1,Foundational kw + sim=0.265 + delta=3
"Pitfalls in relational database designs, Concept","Concurrent Executions, Serializability",6.54-N-B.E-Computer-Science-EngineeringSem-III-IV.pdf,2494112,Database Management System,1,1,,0.1842,0.0,0,No signal: sim=0.184 delta=1 kw=0.000
"Pitfalls in relational database designs, Concept","Cloud Database, Introduction of Distributed",6.54-N-B.E-Computer-Science-EngineeringSem-III-IV.pdf,2494112,Database Management System,2,1,,0.3498,0.1,1,Foundational kw + sim=0.350 + delta=2
"Concurrent Executions, Serializability","Cloud Database, Introduction of Distributed",6.54-N-B.E-Computer-Science-EngineeringSem-III-IV.pdf,2494112,Database Management System,1,1,,0.2068,0.0,1,Adjacent topics: delta=1 + sim=0.207
Special-purpose,Open-source and Proprietary Operating System,6.54-N-B.E-Computer-Science-EngineeringSem-III-IV.pdf,2494113,Operating System,1,1,,0.1526,0.0,0,No signal: sim=0.153 delta=1 kw=0.000
Special-purpose,Fundamentals of Distributed Operating System,6.54-N-B.E-Computer-Science-EngineeringSem-III-IV.pdf,2494113,Operating System,2,1,,0.1752,0.0,0,No signal: sim=0.175 delta=2 kw=0.000
Special-purpose,Network Operating System,6.54-N-B.E-Computer-Science-EngineeringSem-III-IV.pdf,2494113,Operating System,3,1,,0.1191,0.0,0,Low sim=0.119
Special-purpose,Real-Time,6.54-N-B.E-Computer-Science-EngineeringSem-III-IV.pdf,2494113,Operating System,4,1,,0.2769,0.0,0,No signal: sim=0.277 delta=4 kw=0.000
Special-purpose,Mobile Operating System,6.54-N-B.E-Computer-Science-EngineeringSem-III-IV.pdf,2494113,Operating System,5,1,,0.1539,0.0,0,No signal: sim=0.154 delta=5 kw=0.000
Special-purpose,Special-purpose Operating Systems,6.54-N-B.E-Computer-Science-EngineeringSem-III-IV.pdf,2494113,Operating System,6,1,,0.5603,0.5,1,Lexical containment + delta=6
Open-source and Proprietary Operating System,Fundamentals of Distributed Operating System,6.54-N-B.E-Computer-Science-EngineeringSem-III-IV.pdf,2494113,Operating System,1,1,,0.5654,0.2222,1,sim=0.565>=0.45 + delta=1<=5
Open-source and Proprietary Operating System,Network Operating System,6.54-N-B.E-Computer-Science-EngineeringSem-III-IV.pdf,2494113,Operating System,2,1,,0.5509,0.2857,1,sim=0.551>=0.45 + delta=2<=5
Open-source and Proprietary Operating System,Real-Time,6.54-N-B.E-Computer-Science-EngineeringSem-III-IV.pdf,2494113,Operating System,3,1,,0.2827,0.0,0,No signal: sim=0.283 delta=3 kw=0.000
Open-source and Proprietary Operating System,Mobile Operating System,6.54-N-B.E-Computer-Science-EngineeringSem-III-IV.pdf,2494113,Operating System,4,1,,0.531,0.2857,1,sim=0.531>=0.45 + delta=4<=5
Open-source and Proprietary Operating System,Special-purpose Operating Systems,6.54-N-B.E-Computer-Science-EngineeringSem-III-IV.pdf,2494113,Operating System,5,1,,0.6814,0.1111,1,High sim=0.681 + delta=5
Fundamentals of Distributed Operating System,Network Operating System,6.54-N-B.E-Computer-Science-EngineeringSem-III-IV.pdf,2494113,Operating System,1,1,,0.647,0.3333,1,High sim=0.647 + delta=1
Fundamentals of Distributed Operating System,Real-Time,6.54-N-B.E-Computer-Science-EngineeringSem-III-IV.pdf,2494113,Operating System,2,1,,0.2594,0.0,1,Foundational kw + sim=0.259 + delta=2
Fundamentals of Distributed Operating System,Mobile Operating System,6.54-N-B.E-Computer-Science-EngineeringSem-III-IV.pdf,2494113,Operating System,3,1,,0.5512,0.3333,1,sim=0.551>=0.45 + delta=3<=5
Fundamentals of Distributed Operating System,Special-purpose Operating Systems,6.54-N-B.E-Computer-Science-EngineeringSem-III-IV.pdf,2494113,Operating System,4,1,,0.6744,0.125,1,High sim=0.674 + delta=4
Network Operating System,Real-Time,6.54-N-B.E-Computer-Science-EngineeringSem-III-IV.pdf,2494113,Operating System,1,1,,0.2475,0.0,1,Adjacent topics: delta=1 + sim=0.248
Network Operating System,Mobile Operating System,6.54-N-B.E-Computer-Science-EngineeringSem-III-IV.pdf,2494113,Operating System,2,1,,0.6214,0.5,1,High sim=0.621 + delta=2
Network Operating System,Special-purpose Operating Systems,6.54-N-B.E-Computer-Science-EngineeringSem-III-IV.pdf,2494113,Operating System,3,1,,0.6075,0.1667,1,High sim=0.608 + delta=3
Real-Time,Mobile Operating System,6.54-N-B.E-Computer-Science-EngineeringSem-III-IV.pdf,2494113,Operating System,1,1,,0.2806,0.0,1,Adjacent topics: delta=1 + sim=0.281
Real-Time,Special-purpose Operating Systems,6.54-N-B.E-Computer-Science-EngineeringSem-III-IV.pdf,2494113,Operating System,2,1,,0.3042,0.0,1,Adjacent topics: delta=2 + sim=0.304
Mobile Operating System,Special-purpose Operating Systems,6.54-N-B.E-Computer-Science-EngineeringSem-III-IV.pdf,2494113,Operating System,1,1,,0.5923,0.1667,1,sim=0.592>=0.45 + delta=1<=5
"Testing: Functionality Testing, UI Testing",Testing: Principles of Agile Testers,SEM-V.pdf,2165113,Agile Software Development & DevOps,1,1,,0.5561,0.1429,1,sim=0.556>=0.45 + delta=1<=5
"Testing: Functionality Testing, UI Testing","Automation, Test Automation Pyramid. Case",SEM-V.pdf,2165113,Agile Software Development & DevOps,2,1,,0.4809,0.0,1,sim=0.481>=0.45 + delta=2<=5
"Testing: Functionality Testing, UI Testing",Study – Selenium/ Jira,SEM-V.pdf,2165113,Agile Software Development & DevOps,3,1,,0.2311,0.0,0,No signal: sim=0.231 delta=3 kw=0.000
"Testing: Functionality Testing, UI Testing","Postman, and JMeter",SEM-V.pdf,2165113,Agile Software Development & DevOps,4,1,,0.2123,0.0,0,No signal: sim=0.212 delta=4 kw=0.000
"Testing: Functionality Testing, UI Testing","DevOps: Introduction, DevOps - Importance",SEM-V.pdf,2165113,Agile Software Development & DevOps,5,1,,0.2233,0.0,0,No signal: sim=0.223 delta=5 kw=0.000
"Testing: Functionality Testing, UI Testing",C’s of DevOps Lifecycle for Business,SEM-V.pdf,2165113,Agile Software Development & DevOps,6,1,,0.1888,0.0,0,No signal: sim=0.189 delta=6 kw=0.000
"Testing: Functionality Testing, UI Testing","Agility, DevOps and Continuous Testing",SEM-V.pdf,2165113,Agile Software Development & DevOps,7,1,,0.3721,0.1429,0,No signal: sim=0.372 delta=7 kw=0.143
"Testing: Functionality Testing, UI Testing",Choosing the right DevOps tools and challenges,SEM-V.pdf,2165113,Agile Software Development & DevOps,8,1,,0.2951,0.0,0,No signal: sim=0.295 delta=8 kw=0.000
"Testing: Functionality Testing, UI Testing",Assessment. Study of various Open,SEM-V.pdf,2165113,Agile Software Development & DevOps,9,1,,0.2412,0.0,0,No signal: sim=0.241 delta=9 kw=0.000
"Testing: Functionality Testing, UI Testing",Source Tools in DevOps,SEM-V.pdf,2165113,Agile Software Development & DevOps,10,1,,0.1977,0.0,0,No signal: sim=0.198 delta=10 kw=0.000
Testing: Principles of Agile Testers,"Automation, Test Automation Pyramid. Case",SEM-V.pdf,2165113,Agile Software Development & DevOps,1,1,,0.4104,0.0,1,Foundational kw + sim=0.410 + delta=1
Testing: Principles of Agile Testers,Study – Selenium/ Jira,SEM-V.pdf,2165113,Agile Software Development & DevOps,2,1,,0.1561,0.0,0,No signal: sim=0.156 delta=2 kw=0.000
Testing: Principles of Agile Testers,"Postman, and JMeter",SEM-V.pdf,2165113,Agile Software Development & DevOps,3,1,,0.1462,0.0,0,Low sim=0.146
Testing: Principles of Agile Testers,"DevOps: Introduction, DevOps - Importance",SEM-V.pdf,2165113,Agile Software Development & DevOps,4,1,,0.3125,0.0,1,Foundational kw + sim=0.312 + delta=4
Testing: Principles of Agile Testers,C’s of DevOps Lifecycle for Business,SEM-V.pdf,2165113,Agile Software Development & DevOps,5,1,,0.2559,0.0909,1,Foundational kw + sim=0.256 + delta=5
Testing: Principles of Agile Testers,"Agility, DevOps and Continuous Testing",SEM-V.pdf,2165113,Agile Software Development & DevOps,6,1,,0.5555,0.1111,1,Foundational kw + sim=0.555 + delta=6
Testing: Principles of Agile Testers,Choosing the right DevOps tools and challenges,SEM-V.pdf,2165113,Agile Software Development & DevOps,7,1,,0.3265,0.0,1,Foundational kw + sim=0.326 + delta=7
Testing: Principles of Agile Testers,Assessment. Study of various Open,SEM-V.pdf,2165113,Agile Software Development & DevOps,8,1,,0.2224,0.1111,0,No signal: sim=0.222 delta=8 kw=0.111
Testing: Principles of Agile Testers,Source Tools in DevOps,SEM-V.pdf,2165113,Agile Software Development & DevOps,9,1,,0.2008,0.0,0,No signal: sim=0.201 delta=9 kw=0.000
"Automation, Test Automation Pyramid. Case",Study – Selenium/ Jira,SEM-V.pdf,2165113,Agile Software Development & DevOps,1,1,,0.2309,0.0,1,Adjacent topics: delta=1 + sim=0.231
"Automation, Test Automation Pyramid. Case","Postman, and JMeter",SEM-V.pdf,2165113,Agile Software Development & DevOps,2,1,,0.209,0.0,1,Adjacent topics: delta=2 + sim=0.209
"Automation, Test Automation Pyramid. Case","DevOps: Introduction, DevOps - Importance",SEM-V.pdf,2165113,Agile Software Development & DevOps,3,1,,0.3015,0.0,0,No signal: sim=0.301 delta=3 kw=0.000
"Automation, Test Automation Pyramid. Case",C’s of DevOps Lifecycle for Business,SEM-V.pdf,2165113,Agile Software Development & DevOps,4,1,,0.2831,0.0,0,No signal: sim=0.283 delta=4 kw=0.000
"Automation, Test Automation Pyramid. Case","Agility, DevOps and Continuous Testing",SEM-V.pdf,2165113,Agile Software Development & DevOps,5,1,,0.388,0.0,0,No signal: sim=0.388 delta=5 kw=0.000
"Automation, Test Automation Pyramid. Case",Choosing the right DevOps tools and challenges,SEM-V.pdf,2165113,Agile Software Development & DevOps,6,1,,0.2963,0.0,0,No signal: sim=0.296 delta=6 kw=0.000
"Automation, Test Automation Pyramid. Case",Assessment. Study of various Open,SEM-V.pdf,2165113,Agile Software Development & DevOps,7,1,,0.157,0.0,0,No signal: sim=0.157 delta=7 kw=0.000
"Automation, Test Automation Pyramid. Case",Source Tools in DevOps,SEM-V.pdf,2165113,Agile Software Development & DevOps,8,1,,0.2506,0.0,0,No signal: sim=0.251 delta=8 kw=0.000
Study – Selenium/ Jira,"Postman, and JMeter",SEM-V.pdf,2165113,Agile Software Development & DevOps,1,1,,0.2072,0.0,1,Adjacent topics: delta=1 + sim=0.207
Study – Selenium/ Jira,"DevOps: Introduction, DevOps - Importance",SEM-V.pdf,2165113,Agile Software Development & DevOps,2,1,,0.0929,0.0,0,Low sim=0.093
Study – Selenium/ Jira,C’s of DevOps Lifecycle for Business,SEM-V.pdf,2165113,Agile Software Development & DevOps,3,1,,0.0636,0.0,0,Low sim=0.064
Study – Selenium/ Jira,"Agility, DevOps and Continuous Testing",SEM-V.pdf,2165113,Agile Software Development & DevOps,4,1,,0.1944,0.0,0,No signal: sim=0.194 delta=4 kw=0.000
Study – Selenium/ Jira,Choosing the right DevOps tools and challenges,SEM-V.pdf,2165113,Agile Software Development & DevOps,5,1,,0.1434,0.0,0,Low sim=0.143
Study – Selenium/ Jira,Assessment. Study of various Open,SEM-V.pdf,2165113,Agile Software Development & DevOps,6,1,,0.2642,0.1429,0,No signal: sim=0.264 delta=6 kw=0.143
Study – Selenium/ Jira,Source Tools in DevOps,SEM-V.pdf,2165113,Agile Software Development & DevOps,7,1,,0.1566,0.0,0,No signal: sim=0.157 delta=7 kw=0.000
"Postman, and JMeter","DevOps: Introduction, DevOps - Importance",SEM-V.pdf,2165113,Agile Software Development & DevOps,1,1,,0.0938,0.0,0,Low sim=0.094
"Postman, and JMeter",C’s of DevOps Lifecycle for Business,SEM-V.pdf,2165113,Agile Software Development & DevOps,2,1,,0.0141,0.0,0,Low sim=0.014
"Postman, and JMeter","Agility, DevOps and Continuous Testing",SEM-V.pdf,2165113,Agile Software Development & DevOps,3,1,,0.1956,0.1429,0,No signal: sim=0.196 delta=3 kw=0.143
"Postman, and JMeter",Choosing the right DevOps tools and challenges,SEM-V.pdf,2165113,Agile Software Development & DevOps,4,1,,0.1803,0.1111,0,No signal: sim=0.180 delta=4 kw=0.111
"Postman, and JMeter",Assessment. Study of various Open,SEM-V.pdf,2165113,Agile Software Development & DevOps,5,1,,0.2123,0.0,0,No signal: sim=0.212 delta=5 kw=0.000
"Postman, and JMeter",Source Tools in DevOps,SEM-V.pdf,2165113,Agile Software Development & DevOps,6,1,,0.126,0.0,0,Low sim=0.126
"DevOps: Introduction, DevOps - Importance",C’s of DevOps Lifecycle for Business,SEM-V.pdf,2165113,Agile Software Development & DevOps,1,1,,0.7441,0.1111,1,High sim=0.744 + delta=1
"DevOps: Introduction, DevOps - Importance","Agility, DevOps and Continuous Testing",SEM-V.pdf,2165113,Agile Software Development & DevOps,2,1,,0.618,0.1429,1,High sim=0.618 + delta=2
"DevOps: Introduction, DevOps - Importance",Choosing the right DevOps tools and challenges,SEM-V.pdf,2165113,Agile Software Development & DevOps,3,1,,0.6887,0.1111,1,High sim=0.689 + delta=3
"DevOps: Introduction, DevOps - Importance",Assessment. Study of various Open,SEM-V.pdf,2165113,Agile Software Development & DevOps,4,1,,0.0704,0.0,0,Low sim=0.070
"DevOps: Introduction, DevOps - Importance",Source Tools in DevOps,SEM-V.pdf,2165113,Agile Software Development & DevOps,5,1,,0.6476,0.1667,1,High sim=0.648 + delta=5
C’s of DevOps Lifecycle for Business,"Agility, DevOps and Continuous Testing",SEM-V.pdf,2165113,Agile Software Development & DevOps,1,1,,0.5748,0.0909,1,sim=0.575>=0.45 + delta=1<=5
C’s of DevOps Lifecycle for Business,Choosing the right DevOps tools and challenges,SEM-V.pdf,2165113,Agile Software Development & DevOps,2,1,,0.58,0.0769,1,sim=0.580>=0.45 + delta=2<=5
C’s of DevOps Lifecycle for Business,Assessment. Study of various Open,SEM-V.pdf,2165113,Agile Software Development & DevOps,3,1,,0.17,0.0909,0,No signal: sim=0.170 delta=3 kw=0.091
C’s of DevOps Lifecycle for Business,Source Tools in DevOps,SEM-V.pdf,2165113,Agile Software Development & DevOps,4,1,,0.5705,0.1,1,sim=0.571>=0.45 + delta=4<=5
"Agility, DevOps and Continuous Testing",Choosing the right DevOps tools and challenges,SEM-V.pdf,2165113,Agile Software Development & DevOps,1,1,,0.619,0.2,1,High sim=0.619 + delta=1
"Agility, DevOps and Continuous Testing",Assessment. Study of various Open,SEM-V.pdf,2165113,Agile Software Development & DevOps,2,1,,0.1719,0.0,0,No signal: sim=0.172 delta=2 kw=0.000
"Agility, DevOps and Continuous Testing",Source Tools in DevOps,SEM-V.pdf,2165113,Agile Software Development & DevOps,3,1,,0.5209,0.125,1,sim=0.521>=0.45 + delta=3<=5
Choosing the right DevOps tools and challenges,Assessment. Study of various Open,SEM-V.pdf,2165113,Agile Software Development & DevOps,1,1,,0.1265,0.0,0,Low sim=0.126
Choosing the right DevOps tools and challenges,Source Tools in DevOps,SEM-V.pdf,2165113,Agile Software Development & DevOps,2,1,,0.7288,0.2222,1,High sim=0.729 + delta=2
Assessment. Study of various Open,Source Tools in DevOps,SEM-V.pdf,2165113,Agile Software Development & DevOps,1,1,,0.1028,0.0,0,Low sim=0.103
"Pre-Requisite Topics Basic Concepts: HTML5, CSS3; JavaScript, Client-Server paradigm, Front-end and Back-end development",React DevTools,SEM-V.pdf,2165114,Web and Mobile Application,1,1,,0.0633,0.0,0,Low sim=0.063
"Pre-Requisite Topics Basic Concepts: HTML5, CSS3; JavaScript, Client-Server paradigm, Front-end and Back-end development",Custom Hooks creation,SEM-V.pdf,2165114,Web and Mobile Application,2,1,,0.0869,0.0,0,Low sim=0.087
"Pre-Requisite Topics Basic Concepts: HTML5, CSS3; JavaScript, Client-Server paradigm, Front-end and Back-end development",Low-code/No-code development,SEM-V.pdf,2165114,Web and Mobile Application,3,1,,0.2339,0.0526,0,No signal: sim=0.234 delta=3 kw=0.053
React DevTools,Custom Hooks creation,SEM-V.pdf,2165114,Web and Mobile Application,1,1,,0.0819,0.0,0,Low sim=0.082
React DevTools,Low-code/No-code development,SEM-V.pdf,2165114,Web and Mobile Application,2,1,,0.131,0.0,0,Low sim=0.131
Custom Hooks creation,Low-code/No-code development,SEM-V.pdf,2165114,Web and Mobile Application,1,1,,0.1549,0.0,0,No signal: sim=0.155 delta=1 kw=0.000
Applications of Swarm Intelligence in Machine,"Optimization, Particle Swarm Optimizer , ABC",SEM-V.pdf,2166111,Machine Learning and Swarm,1,1,,0.5422,0.1,1,sim=0.542>=0.45 + delta=1<=5
Applications of Swarm Intelligence in Machine,Algorithm  Bat Algorithm,SEM-V.pdf,2166111,Machine Learning and Swarm,2,1,,0.5012,0.0,1,sim=0.501>=0.45 + delta=2<=5
Applications of Swarm Intelligence in Machine,Learning : Quantum,SEM-V.pdf,2166111,Machine Learning and Swarm,3,1,,0.1873,0.0,0,No signal: sim=0.187 delta=3 kw=0.000
Applications of Swarm Intelligence in Machine,Inspired and Multi,SEM-V.pdf,2166111,Machine Learning and Swarm,4,1,,0.2106,0.0,0,No signal: sim=0.211 delta=4 kw=0.000
Applications of Swarm Intelligence in Machine,Objective Swarm Optimization,SEM-V.pdf,2166111,Machine Learning and Swarm,5,1,,0.6101,0.125,1,High sim=0.610 + delta=5
"Optimization, Particle Swarm Optimizer , ABC",Algorithm  Bat Algorithm,SEM-V.pdf,2166111,Machine Learning and Swarm,1,1,,0.4988,0.0,1,sim=0.499>=0.45 + delta=1<=5
"Optimization, Particle Swarm Optimizer , ABC",Learning : Quantum,SEM-V.pdf,2166111,Machine Learning and Swarm,2,1,,0.1854,0.0,0,No signal: sim=0.185 delta=2 kw=0.000
"Optimization, Particle Swarm Optimizer , ABC",Inspired and Multi,SEM-V.pdf,2166111,Machine Learning and Swarm,3,1,,0.2124,0.0,0,No signal: sim=0.212 delta=3 kw=0.000
"Optimization, Particle Swarm Optimizer , ABC",Objective Swarm Optimization,SEM-V.pdf,2166111,Machine Learning and Swarm,4,1,,0.6924,0.3333,1,High sim=0.692 + delta=4
Algorithm  Bat Algorithm,Learning : Quantum,SEM-V.pdf,2166111,Machine Learning and Swarm,1,1,,0.1264,0.0,0,Low sim=0.126
Algorithm  Bat Algorithm,Inspired and Multi,SEM-V.pdf,2166111,Machine Learning and Swarm,2,1,,0.1817,0.0,0,No signal: sim=0.182 delta=2 kw=0.000
Algorithm  Bat Algorithm,Objective Swarm Optimization,SEM-V.pdf,2166111,Machine Learning and Swarm,3,1,,0.565,0.0,1,sim=0.565>=0.45 + delta=3<=5
Learning : Quantum,Inspired and Multi,SEM-V.pdf,2166111,Machine Learning and Swarm,1,1,,0.2228,0.0,1,Adjacent topics: delta=1 + sim=0.223
Learning : Quantum,Objective Swarm Optimization,SEM-V.pdf,2166111,Machine Learning and Swarm,2,1,,0.1402,0.0,0,Low sim=0.140
Inspired and Multi,Objective Swarm Optimization,SEM-V.pdf,2166111,Machine Learning and Swarm,1,1,,0.2301,0.0,1,Adjacent topics: delta=1 + sim=0.230
Introduction to Data Analytics,Background and Overview of Data,SEM-V.pdf,2166112,Data Analytics and Visualization,1,1,,0.4901,0.125,1,sim=0.490>=0.45 + delta=1<=5
Introduction to Data Analytics,Analytics:  Key Roles for a Successful,SEM-V.pdf,2166112,Data Analytics and Visualization,2,1,,0.4724,0.1111,1,sim=0.472>=0.45 + delta=2<=5
Introduction to Data Analytics,Data Analytics life cycle,SEM-V.pdf,2166112,Data Analytics and Visualization,3,1,,0.5806,0.3333,1,sim=0.581>=0.45 + delta=3<=5
Introduction to Data Analytics,Types of analytics,SEM-V.pdf,2166112,Data Analytics and Visualization,4,1,,0.5219,0.1667,1,sim=0.522>=0.45 + delta=4<=5
Introduction to Data Analytics,Roles in Industry,SEM-V.pdf,2166112,Data Analytics and Visualization,5,1,,0.1268,0.0,0,Low sim=0.127
Background and Overview of Data,Analytics:  Key Roles for a Successful,SEM-V.pdf,2166112,Data Analytics and Visualization,1,1,,0.3413,0.0,1,Foundational kw + sim=0.341 + delta=1
Background and Overview of Data,Data Analytics life cycle,SEM-V.pdf,2166112,Data Analytics and Visualization,2,1,,0.4013,0.125,1,Foundational kw + sim=0.401 + delta=2
Background and Overview of Data,Types of analytics,SEM-V.pdf,2166112,Data Analytics and Visualization,3,1,,0.4262,0.1429,1,Foundational kw + sim=0.426 + delta=3
Background and Overview of Data,Roles in Industry,SEM-V.pdf,2166112,Data Analytics and Visualization,4,1,,0.1371,0.0,0,Low sim=0.137
Analytics:  Key Roles for a Successful,Data Analytics life cycle,SEM-V.pdf,2166112,Data Analytics and Visualization,1,1,,0.4646,0.1111,1,sim=0.465>=0.45 + delta=1<=5
Analytics:  Key Roles for a Successful,Types of analytics,SEM-V.pdf,2166112,Data Analytics and Visualization,2,1,,0.6069,0.125,1,High sim=0.607 + delta=2
Analytics:  Key Roles for a Successful,Roles in Industry,SEM-V.pdf,2166112,Data Analytics and Visualization,3,1,,0.5535,0.125,1,sim=0.553>=0.45 + delta=3<=5
Data Analytics life cycle,Types of analytics,SEM-V.pdf,2166112,Data Analytics and Visualization,1,1,,0.5176,0.1667,1,sim=0.518>=0.45 + delta=1<=5
Data Analytics life cycle,Roles in Industry,SEM-V.pdf,2166112,Data Analytics and Visualization,2,1,,0.1134,0.0,0,Low sim=0.113
Types of analytics,Roles in Industry,SEM-V.pdf,2166112,Data Analytics and Visualization,1,1,,0.205,0.0,1,Adjacent topics: delta=1 + sim=0.205
Super-Simple,Metrics: Measuring performance,SEM-V.pdf,2166115,Nature- Inspired Optimization,1,1,,0.1291,0.0,0,Low sim=0.129
Super-Simple,Quality (Error Rate,SEM-V.pdf,2166115,Nature- Inspired Optimization,2,1,,0.0808,0.0,0,Low sim=0.081
Super-Simple,Applications and variants,SEM-V.pdf,2166115,Nature- Inspired Optimization,3,1,,0.1153,0.0,0,Low sim=0.115
Super-Simple,Edge Systems: Application in feature selection,SEM-V.pdf,2166115,Nature- Inspired Optimization,4,1,,0.0971,0.0,0,Low sim=0.097
Super-Simple,Edge resource optimization,SEM-V.pdf,2166115,Nature- Inspired Optimization,5,1,,0.1383,0.0,0,Low sim=0.138
Metrics: Measuring performance,Quality (Error Rate,SEM-V.pdf,2166115,Nature- Inspired Optimization,1,1,,0.429,0.0,1,Adjacent topics: delta=1 + sim=0.429
Metrics: Measuring performance,Applications and variants,SEM-V.pdf,2166115,Nature- Inspired Optimization,2,1,,0.2507,0.0,1,Adjacent topics: delta=2 + sim=0.251
Metrics: Measuring performance,Edge Systems: Application in feature selection,SEM-V.pdf,2166115,Nature- Inspired Optimization,3,1,,0.1944,0.0,0,No signal: sim=0.194 delta=3 kw=0.000
Metrics: Measuring performance,Edge resource optimization,SEM-V.pdf,2166115,Nature- Inspired Optimization,4,1,,0.2601,0.0,0,No signal: sim=0.260 delta=4 kw=0.000
Quality (Error Rate,Applications and variants,SEM-V.pdf,2166115,Nature- Inspired Optimization,1,1,,0.156,0.0,0,No signal: sim=0.156 delta=1 kw=0.000
Quality (Error Rate,Edge Systems: Application in feature selection,SEM-V.pdf,2166115,Nature- Inspired Optimization,2,1,,0.1079,0.0,0,Low sim=0.108
Quality (Error Rate,Edge resource optimization,SEM-V.pdf,2166115,Nature- Inspired Optimization,3,1,,0.176,0.0,0,No signal: sim=0.176 delta=3 kw=0.000
Applications and variants,Edge Systems: Application in feature selection,SEM-V.pdf,2166115,Nature- Inspired Optimization,1,1,,0.3763,0.0,1,Adjacent topics: delta=1 + sim=0.376
Applications and variants,Edge resource optimization,SEM-V.pdf,2166115,Nature- Inspired Optimization,2,1,,0.1404,0.0,0,Low sim=0.140
Edge Systems: Application in feature selection,Edge resource optimization,SEM-V.pdf,2166115,Nature- Inspired Optimization,1,1,,0.5775,0.125,1,sim=0.577>=0.45 + delta=1<=5
"ERC721 Tokens, ICO: basics and related terms","Metaverse, Cryptocurrency wallets: Hot and cold",SEM-V.pdf,2166118,Blockchain Technology,1,1,,0.2219,0.0833,1,Adjacent topics: delta=1 + sim=0.222
"ERC721 Tokens, ICO: basics and related terms","Blockchain, UTXO and double spending problem",SEM-V.pdf,2166118,Blockchain Technology,2,1,,0.1835,0.0833,0,No signal: sim=0.184 delta=2 kw=0.083
"ERC721 Tokens, ICO: basics and related terms",Common security threats in Blockchain,SEM-V.pdf,2166118,Blockchain Technology,3,1,,0.2149,0.0,0,No signal: sim=0.215 delta=3 kw=0.000
"ERC721 Tokens, ICO: basics and related terms","Mitigating attacks: 51% attack, Sybil attack, replay",SEM-V.pdf,2166118,Blockchain Technology,4,1,,0.1834,0.0,0,No signal: sim=0.183 delta=4 kw=0.000
"ERC721 Tokens, ICO: basics and related terms",Cryptocurrency Valuation Models,SEM-V.pdf,2166118,Blockchain Technology,5,1,,0.1985,0.0,0,No signal: sim=0.199 delta=5 kw=0.000
"ERC721 Tokens, ICO: basics and related terms",Emerging trends,SEM-V.pdf,2166118,Blockchain Technology,6,1,,0.1635,0.0,0,No signal: sim=0.163 delta=6 kw=0.000
"ERC721 Tokens, ICO: basics and related terms",Models on Blockchain: decentralized AI,SEM-V.pdf,2166118,Blockchain Technology,7,1,,0.1884,0.0,0,No signal: sim=0.188 delta=7 kw=0.000
"ERC721 Tokens, ICO: basics and related terms","Case study: AI for transaction validation, fraud",SEM-V.pdf,2166118,Blockchain Technology,8,1,,0.2371,0.0,0,No signal: sim=0.237 delta=8 kw=0.000
"Metaverse, Cryptocurrency wallets: Hot and cold","Blockchain, UTXO and double spending problem",SEM-V.pdf,2166118,Blockchain Technology,1,1,,0.2289,0.0909,1,Adjacent topics: delta=1 + sim=0.229
"Metaverse, Cryptocurrency wallets: Hot and cold",Common security threats in Blockchain,SEM-V.pdf,2166118,Blockchain Technology,2,1,,0.3746,0.0,1,Adjacent topics: delta=2 + sim=0.375
"Metaverse, Cryptocurrency wallets: Hot and cold","Mitigating attacks: 51% attack, Sybil attack, replay",SEM-V.pdf,2166118,Blockchain Technology,3,1,,0.218,0.0,0,No signal: sim=0.218 delta=3 kw=0.000
"Metaverse, Cryptocurrency wallets: Hot and cold",Cryptocurrency Valuation Models,SEM-V.pdf,2166118,Blockchain Technology,4,1,,0.4022,0.125,0,No signal: sim=0.402 delta=4 kw=0.125
"Metaverse, Cryptocurrency wallets: Hot and cold",Emerging trends,SEM-V.pdf,2166118,Blockchain Technology,5,1,,0.2646,0.0,0,No signal: sim=0.265 delta=5 kw=0.000
"Metaverse, Cryptocurrency wallets: Hot and cold",Models on Blockchain: decentralized AI,SEM-V.pdf,2166118,Blockchain Technology,6,1,,0.2515,0.0,0,No signal: sim=0.252 delta=6 kw=0.000
"Metaverse, Cryptocurrency wallets: Hot and cold","Case study: AI for transaction validation, fraud",SEM-V.pdf,2166118,Blockchain Technology,7,1,,0.1053,0.0,0,Low sim=0.105
"Blockchain, UTXO and double spending problem",Common security threats in Blockchain,SEM-V.pdf,2166118,Blockchain Technology,1,1,,0.3931,0.1,1,Adjacent topics: delta=1 + sim=0.393
"Blockchain, UTXO and double spending problem","Mitigating attacks: 51% attack, Sybil attack, replay",SEM-V.pdf,2166118,Blockchain Technology,2,1,,0.2384,0.0,1,Adjacent topics: delta=2 + sim=0.238
"Blockchain, UTXO and double spending problem",Cryptocurrency Valuation Models,SEM-V.pdf,2166118,Blockchain Technology,3,1,,0.3104,0.0,0,No signal: sim=0.310 delta=3 kw=0.000
"Blockchain, UTXO and double spending problem",Emerging trends,SEM-V.pdf,2166118,Blockchain Technology,4,1,,0.0779,0.0,0,Low sim=0.078
"Blockchain, UTXO and double spending problem",Models on Blockchain: decentralized AI,SEM-V.pdf,2166118,Blockchain Technology,5,1,,0.3429,0.1,0,No signal: sim=0.343 delta=5 kw=0.100
"Blockchain, UTXO and double spending problem","Case study: AI for transaction validation, fraud",SEM-V.pdf,2166118,Blockchain Technology,6,1,,0.221,0.0,0,No signal: sim=0.221 delta=6 kw=0.000
Common security threats in Blockchain,"Mitigating attacks: 51% attack, Sybil attack, replay",SEM-V.pdf,2166118,Blockchain Technology,1,1,,0.3899,0.0,1,Adjacent topics: delta=1 + sim=0.390
Common security threats in Blockchain,Cryptocurrency Valuation Models,SEM-V.pdf,2166118,Blockchain Technology,2,1,,0.3077,0.0,1,Adjacent topics: delta=2 + sim=0.308
Common security threats in Blockchain,Emerging trends,SEM-V.pdf,2166118,Blockchain Technology,3,1,,0.2184,0.0,0,No signal: sim=0.218 delta=3 kw=0.000
Common security threats in Blockchain,Models on Blockchain: decentralized AI,SEM-V.pdf,2166118,Blockchain Technology,4,1,,0.4405,0.1111,0,No signal: sim=0.440 delta=4 kw=0.111
Common security threats in Blockchain,"Case study: AI for transaction validation, fraud",SEM-V.pdf,2166118,Blockchain Technology,5,1,,0.2791,0.0,0,No signal: sim=0.279 delta=5 kw=0.000
"Mitigating attacks: 51% attack, Sybil attack, replay",Cryptocurrency Valuation Models,SEM-V.pdf,2166118,Blockchain Technology,1,1,,0.2102,0.0,1,Adjacent topics: delta=1 + sim=0.210
"Mitigating attacks: 51% attack, Sybil attack, replay",Emerging trends,SEM-V.pdf,2166118,Blockchain Technology,2,1,,0.148,0.0,0,Low sim=0.148
"Mitigating attacks: 51% attack, Sybil attack, replay",Models on Blockchain: decentralized AI,SEM-V.pdf,2166118,Blockchain Technology,3,1,,0.2559,0.0,0,No signal: sim=0.256 delta=3 kw=0.000
"Mitigating attacks: 51% attack, Sybil attack, replay","Case study: AI for transaction validation, fraud",SEM-V.pdf,2166118,Blockchain Technology,4,1,,0.2234,0.0,0,No signal: sim=0.223 delta=4 kw=0.000
Cryptocurrency Valuation Models,Emerging trends,SEM-V.pdf,2166118,Blockchain Technology,1,1,,0.1829,0.0,0,No signal: sim=0.183 delta=1 kw=0.000
Cryptocurrency Valuation Models,Models on Blockchain: decentralized AI,SEM-V.pdf,2166118,Blockchain Technology,2,1,,0.4882,0.1429,1,sim=0.488>=0.45 + delta=2<=5
Cryptocurrency Valuation Models,"Case study: AI for transaction validation, fraud",SEM-V.pdf,2166118,Blockchain Technology,3,1,,0.1919,0.0,0,No signal: sim=0.192 delta=3 kw=0.000
Emerging trends,Models on Blockchain: decentralized AI,SEM-V.pdf,2166118,Blockchain Technology,1,1,,0.0851,0.0,0,Low sim=0.085
Emerging trends,"Case study: AI for transaction validation, fraud",SEM-V.pdf,2166118,Blockchain Technology,2,1,,0.122,0.0,0,Low sim=0.122
Models on Blockchain: decentralized AI,"Case study: AI for transaction validation, fraud",SEM-V.pdf,2166118,Blockchain Technology,1,1,,0.4036,0.0909,1,Adjacent topics: delta=1 + sim=0.404
