concept_a,concept_b,source_syllabus,Course_Code,course_name,order_delta,domain_match,ai_suggested_label
Cayley-Hamilton,Linear Algebra (Theory of Matrices) verification and reduction of higher degree polynomials,6.20N-B.E.-AI-DS.-Sem-III-IV.pdf,2013111,Mathematics for Computer Engineering,1,1,
Cayley-Hamilton,Similarity of matrices,6.20N-B.E.-AI-DS.-Sem-III-IV.pdf,2013111,Mathematics for Computer Engineering,2,1,
Cayley-Hamilton,Quadratic forms,6.20N-B.E.-AI-DS.-Sem-III-IV.pdf,2013111,Mathematics for Computer Engineering,3,1,
Cayley-Hamilton,Linear and Non-Linear Programming Problems,6.20N-B.E.-AI-DS.-Sem-III-IV.pdf,2013111,Mathematics for Computer Engineering,4,1,
Cayley-Hamilton,Types of solutions,6.20N-B.E.-AI-DS.-Sem-III-IV.pdf,2013111,Mathematics for Computer Engineering,5,1,
Cayley-Hamilton,Standard and Canonical of LPP,6.20N-B.E.-AI-DS.-Sem-III-IV.pdf,2013111,Mathematics for Computer Engineering,6,1,
Cayley-Hamilton,Basic and Feasible solutions,6.20N-B.E.-AI-DS.-Sem-III-IV.pdf,2013111,Mathematics for Computer Engineering,7,1,
Cayley-Hamilton,Simplex method,6.20N-B.E.-AI-DS.-Sem-III-IV.pdf,2013111,Mathematics for Computer Engineering,8,1,
Cayley-Hamilton,Artificial variables,6.20N-B.E.-AI-DS.-Sem-III-IV.pdf,2013111,Mathematics for Computer Engineering,9,1,
Cayley-Hamilton,Kuhn-Tucker conditions,6.20N-B.E.-AI-DS.-Sem-III-IV.pdf,2013111,Mathematics for Computer Engineering,10,1,
Cayley-Hamilton,Introduction to Congruence,6.20N-B.E.-AI-DS.-Sem-III-IV.pdf,2013111,Mathematics for Computer Engineering,11,1,
Cayley-Hamilton,Linear congruence,6.20N-B.E.-AI-DS.-Sem-III-IV.pdf,2013111,Mathematics for Computer Engineering,12,1,
Cayley-Hamilton,Application of congruence-RSA algorithm,6.20N-B.E.-AI-DS.-Sem-III-IV.pdf,2013111,Mathematics for Computer Engineering,13,1,
Cayley-Hamilton,Dirichlet’s conditions,6.20N-B.E.-AI-DS.-Sem-III-IV.pdf,2013111,Mathematics for Computer Engineering,14,1,
Linear Algebra (Theory of Matrices) verification and reduction of higher degree polynomials,Similarity of matrices,6.20N-B.E.-AI-DS.-Sem-III-IV.pdf,2013111,Mathematics for Computer Engineering,1,1,
Linear Algebra (Theory of Matrices) verification and reduction of higher degree polynomials,Quadratic forms,6.20N-B.E.-AI-DS.-Sem-III-IV.pdf,2013111,Mathematics for Computer Engineering,2,1,
Linear Algebra (Theory of Matrices) verification and reduction of higher degree polynomials,Linear and Non-Linear Programming Problems,6.20N-B.E.-AI-DS.-Sem-III-IV.pdf,2013111,Mathematics for Computer Engineering,3,1,
Linear Algebra (Theory of Matrices) verification and reduction of higher degree polynomials,Types of solutions,6.20N-B.E.-AI-DS.-Sem-III-IV.pdf,2013111,Mathematics for Computer Engineering,4,1,
Linear Algebra (Theory of Matrices) verification and reduction of higher degree polynomials,Standard and Canonical of LPP,6.20N-B.E.-AI-DS.-Sem-III-IV.pdf,2013111,Mathematics for Computer Engineering,5,1,
Linear Algebra (Theory of Matrices) verification and reduction of higher degree polynomials,Basic and Feasible solutions,6.20N-B.E.-AI-DS.-Sem-III-IV.pdf,2013111,Mathematics for Computer Engineering,6,1,
Linear Algebra (Theory of Matrices) verification and reduction of higher degree polynomials,Simplex method,6.20N-B.E.-AI-DS.-Sem-III-IV.pdf,2013111,Mathematics for Computer Engineering,7,1,
Linear Algebra (Theory of Matrices) verification and reduction of higher degree polynomials,Artificial variables,6.20N-B.E.-AI-DS.-Sem-III-IV.pdf,2013111,Mathematics for Computer Engineering,8,1,
Linear Algebra (Theory of Matrices) verification and reduction of higher degree polynomials,Kuhn-Tucker conditions,6.20N-B.E.-AI-DS.-Sem-III-IV.pdf,2013111,Mathematics for Computer Engineering,9,1,
Linear Algebra (Theory of Matrices) verification and reduction of higher degree polynomials,Introduction to Congruence,6.20N-B.E.-AI-DS.-Sem-III-IV.pdf,2013111,Mathematics for Computer Engineering,10,1,
Linear Algebra (Theory of Matrices) verification and reduction of higher degree polynomials,Linear congruence,6.20N-B.E.-AI-DS.-Sem-III-IV.pdf,2013111,Mathematics for Computer Engineering,11,1,
Linear Algebra (Theory of Matrices) verification and reduction of higher degree polynomials,Application of congruence-RSA algorithm,6.20N-B.E.-AI-DS.-Sem-III-IV.pdf,2013111,Mathematics for Computer Engineering,12,1,
Linear Algebra (Theory of Matrices) verification and reduction of higher degree polynomials,Dirichlet’s conditions,6.20N-B.E.-AI-DS.-Sem-III-IV.pdf,2013111,Mathematics for Computer Engineering,13,1,
Linear Algebra (Theory of Matrices) verification and reduction of higher degree polynomials,Fourier series of periodic,6.20N-B.E.-AI-DS.-Sem-III-IV.pdf,2013111,Mathematics for Computer Engineering,14,1,
Similarity of matrices,Quadratic forms,6.20N-B.E.-AI-DS.-Sem-III-IV.pdf,2013111,Mathematics for Computer Engineering,1,1,
Similarity of matrices,Linear and Non-Linear Programming Problems,6.20N-B.E.-AI-DS.-Sem-III-IV.pdf,2013111,Mathematics for Computer Engineering,2,1,
Similarity of matrices,Types of solutions,6.20N-B.E.-AI-DS.-Sem-III-IV.pdf,2013111,Mathematics for Computer Engineering,3,1,
Similarity of matrices,Standard and Canonical of LPP,6.20N-B.E.-AI-DS.-Sem-III-IV.pdf,2013111,Mathematics for Computer Engineering,4,1,
Similarity of matrices,Basic and Feasible solutions,6.20N-B.E.-AI-DS.-Sem-III-IV.pdf,2013111,Mathematics for Computer Engineering,5,1,
Similarity of matrices,Simplex method,6.20N-B.E.-AI-DS.-Sem-III-IV.pdf,2013111,Mathematics for Computer Engineering,6,1,
Similarity of matrices,Artificial variables,6.20N-B.E.-AI-DS.-Sem-III-IV.pdf,2013111,Mathematics for Computer Engineering,7,1,
Similarity of matrices,Kuhn-Tucker conditions,6.20N-B.E.-AI-DS.-Sem-III-IV.pdf,2013111,Mathematics for Computer Engineering,8,1,
Similarity of matrices,Introduction to Congruence,6.20N-B.E.-AI-DS.-Sem-III-IV.pdf,2013111,Mathematics for Computer Engineering,9,1,
Similarity of matrices,Linear congruence,6.20N-B.E.-AI-DS.-Sem-III-IV.pdf,2013111,Mathematics for Computer Engineering,10,1,
Similarity of matrices,Application of congruence-RSA algorithm,6.20N-B.E.-AI-DS.-Sem-III-IV.pdf,2013111,Mathematics for Computer Engineering,11,1,
Similarity of matrices,Dirichlet’s conditions,6.20N-B.E.-AI-DS.-Sem-III-IV.pdf,2013111,Mathematics for Computer Engineering,12,1,
Similarity of matrices,Fourier series of periodic,6.20N-B.E.-AI-DS.-Sem-III-IV.pdf,2013111,Mathematics for Computer Engineering,13,1,
Similarity of matrices,Fourier series of even and odd functions,6.20N-B.E.-AI-DS.-Sem-III-IV.pdf,2013111,Mathematics for Computer Engineering,14,1,
Quadratic forms,Linear and Non-Linear Programming Problems,6.20N-B.E.-AI-DS.-Sem-III-IV.pdf,2013111,Mathematics for Computer Engineering,1,1,
Quadratic forms,Types of solutions,6.20N-B.E.-AI-DS.-Sem-III-IV.pdf,2013111,Mathematics for Computer Engineering,2,1,
Quadratic forms,Standard and Canonical of LPP,6.20N-B.E.-AI-DS.-Sem-III-IV.pdf,2013111,Mathematics for Computer Engineering,3,1,
Quadratic forms,Basic and Feasible solutions,6.20N-B.E.-AI-DS.-Sem-III-IV.pdf,2013111,Mathematics for Computer Engineering,4,1,
Quadratic forms,Simplex method,6.20N-B.E.-AI-DS.-Sem-III-IV.pdf,2013111,Mathematics for Computer Engineering,5,1,
Quadratic forms,Artificial variables,6.20N-B.E.-AI-DS.-Sem-III-IV.pdf,2013111,Mathematics for Computer Engineering,6,1,
Quadratic forms,Kuhn-Tucker conditions,6.20N-B.E.-AI-DS.-Sem-III-IV.pdf,2013111,Mathematics for Computer Engineering,7,1,
Quadratic forms,Introduction to Congruence,6.20N-B.E.-AI-DS.-Sem-III-IV.pdf,2013111,Mathematics for Computer Engineering,8,1,
Quadratic forms,Linear congruence,6.20N-B.E.-AI-DS.-Sem-III-IV.pdf,2013111,Mathematics for Computer Engineering,9,1,
Quadratic forms,Application of congruence-RSA algorithm,6.20N-B.E.-AI-DS.-Sem-III-IV.pdf,2013111,Mathematics for Computer Engineering,10,1,
Quadratic forms,Dirichlet’s conditions,6.20N-B.E.-AI-DS.-Sem-III-IV.pdf,2013111,Mathematics for Computer Engineering,11,1,
Quadratic forms,Fourier series of periodic,6.20N-B.E.-AI-DS.-Sem-III-IV.pdf,2013111,Mathematics for Computer Engineering,12,1,
Quadratic forms,Fourier series of even and odd functions,6.20N-B.E.-AI-DS.-Sem-III-IV.pdf,2013111,Mathematics for Computer Engineering,13,1,
Quadratic forms,Complex form of Fourier Series,6.20N-B.E.-AI-DS.-Sem-III-IV.pdf,2013111,Mathematics for Computer Engineering,14,1,
Linear and Non-Linear Programming Problems,Types of solutions,6.20N-B.E.-AI-DS.-Sem-III-IV.pdf,2013111,Mathematics for Computer Engineering,1,1,
Linear and Non-Linear Programming Problems,Standard and Canonical of LPP,6.20N-B.E.-AI-DS.-Sem-III-IV.pdf,2013111,Mathematics for Computer Engineering,2,1,
Linear and Non-Linear Programming Problems,Basic and Feasible solutions,6.20N-B.E.-AI-DS.-Sem-III-IV.pdf,2013111,Mathematics for Computer Engineering,3,1,
Linear and Non-Linear Programming Problems,Simplex method,6.20N-B.E.-AI-DS.-Sem-III-IV.pdf,2013111,Mathematics for Computer Engineering,4,1,
Linear and Non-Linear Programming Problems,Artificial variables,6.20N-B.E.-AI-DS.-Sem-III-IV.pdf,2013111,Mathematics for Computer Engineering,5,1,
Linear and Non-Linear Programming Problems,Kuhn-Tucker conditions,6.20N-B.E.-AI-DS.-Sem-III-IV.pdf,2013111,Mathematics for Computer Engineering,6,1,
Linear and Non-Linear Programming Problems,Introduction to Congruence,6.20N-B.E.-AI-DS.-Sem-III-IV.pdf,2013111,Mathematics for Computer Engineering,7,1,
Linear and Non-Linear Programming Problems,Linear congruence,6.20N-B.E.-AI-DS.-Sem-III-IV.pdf,2013111,Mathematics for Computer Engineering,8,1,
Linear and Non-Linear Programming Problems,Application of congruence-RSA algorithm,6.20N-B.E.-AI-DS.-Sem-III-IV.pdf,2013111,Mathematics for Computer Engineering,9,1,
Linear and Non-Linear Programming Problems,Dirichlet’s conditions,6.20N-B.E.-AI-DS.-Sem-III-IV.pdf,2013111,Mathematics for Computer Engineering,10,1,
Linear and Non-Linear Programming Problems,Fourier series of periodic,6.20N-B.E.-AI-DS.-Sem-III-IV.pdf,2013111,Mathematics for Computer Engineering,11,1,
Linear and Non-Linear Programming Problems,Fourier series of even and odd functions,6.20N-B.E.-AI-DS.-Sem-III-IV.pdf,2013111,Mathematics for Computer Engineering,12,1,
Linear and Non-Linear Programming Problems,Complex form of Fourier Series,6.20N-B.E.-AI-DS.-Sem-III-IV.pdf,2013111,Mathematics for Computer Engineering,13,1,
Linear and Non-Linear Programming Problems,Lines of regression,6.20N-B.E.-AI-DS.-Sem-III-IV.pdf,2013111,Mathematics for Computer Engineering,14,1,
Types of solutions,Standard and Canonical of LPP,6.20N-B.E.-AI-DS.-Sem-III-IV.pdf,2013111,Mathematics for Computer Engineering,1,1,
Types of solutions,Basic and Feasible solutions,6.20N-B.E.-AI-DS.-Sem-III-IV.pdf,2013111,Mathematics for Computer Engineering,2,1,
Types of solutions,Simplex method,6.20N-B.E.-AI-DS.-Sem-III-IV.pdf,2013111,Mathematics for Computer Engineering,3,1,
Types of solutions,Artificial variables,6.20N-B.E.-AI-DS.-Sem-III-IV.pdf,2013111,Mathematics for Computer Engineering,4,1,
Types of solutions,Kuhn-Tucker conditions,6.20N-B.E.-AI-DS.-Sem-III-IV.pdf,2013111,Mathematics for Computer Engineering,5,1,
Types of solutions,Introduction to Congruence,6.20N-B.E.-AI-DS.-Sem-III-IV.pdf,2013111,Mathematics for Computer Engineering,6,1,
Types of solutions,Linear congruence,6.20N-B.E.-AI-DS.-Sem-III-IV.pdf,2013111,Mathematics for Computer Engineering,7,1,
Types of solutions,Application of congruence-RSA algorithm,6.20N-B.E.-AI-DS.-Sem-III-IV.pdf,2013111,Mathematics for Computer Engineering,8,1,
Types of solutions,Dirichlet’s conditions,6.20N-B.E.-AI-DS.-Sem-III-IV.pdf,2013111,Mathematics for Computer Engineering,9,1,
Types of solutions,Fourier series of periodic,6.20N-B.E.-AI-DS.-Sem-III-IV.pdf,2013111,Mathematics for Computer Engineering,10,1,
Types of solutions,Fourier series of even and odd functions,6.20N-B.E.-AI-DS.-Sem-III-IV.pdf,2013111,Mathematics for Computer Engineering,11,1,
Types of solutions,Complex form of Fourier Series,6.20N-B.E.-AI-DS.-Sem-III-IV.pdf,2013111,Mathematics for Computer Engineering,12,1,
Types of solutions,Lines of regression,6.20N-B.E.-AI-DS.-Sem-III-IV.pdf,2013111,Mathematics for Computer Engineering,13,1,
Types of solutions,Moment generating function,6.20N-B.E.-AI-DS.-Sem-III-IV.pdf,2013111,Mathematics for Computer Engineering,14,1,
Standard and Canonical of LPP,Basic and Feasible solutions,6.20N-B.E.-AI-DS.-Sem-III-IV.pdf,2013111,Mathematics for Computer Engineering,1,1,
Standard and Canonical of LPP,Simplex method,6.20N-B.E.-AI-DS.-Sem-III-IV.pdf,2013111,Mathematics for Computer Engineering,2,1,
Standard and Canonical of LPP,Artificial variables,6.20N-B.E.-AI-DS.-Sem-III-IV.pdf,2013111,Mathematics for Computer Engineering,3,1,
Standard and Canonical of LPP,Kuhn-Tucker conditions,6.20N-B.E.-AI-DS.-Sem-III-IV.pdf,2013111,Mathematics for Computer Engineering,4,1,
Standard and Canonical of LPP,Introduction to Congruence,6.20N-B.E.-AI-DS.-Sem-III-IV.pdf,2013111,Mathematics for Computer Engineering,5,1,
Standard and Canonical of LPP,Linear congruence,6.20N-B.E.-AI-DS.-Sem-III-IV.pdf,2013111,Mathematics for Computer Engineering,6,1,
Standard and Canonical of LPP,Application of congruence-RSA algorithm,6.20N-B.E.-AI-DS.-Sem-III-IV.pdf,2013111,Mathematics for Computer Engineering,7,1,
Standard and Canonical of LPP,Dirichlet’s conditions,6.20N-B.E.-AI-DS.-Sem-III-IV.pdf,2013111,Mathematics for Computer Engineering,8,1,
Standard and Canonical of LPP,Fourier series of periodic,6.20N-B.E.-AI-DS.-Sem-III-IV.pdf,2013111,Mathematics for Computer Engineering,9,1,
Standard and Canonical of LPP,Fourier series of even and odd functions,6.20N-B.E.-AI-DS.-Sem-III-IV.pdf,2013111,Mathematics for Computer Engineering,10,1,
Standard and Canonical of LPP,Complex form of Fourier Series,6.20N-B.E.-AI-DS.-Sem-III-IV.pdf,2013111,Mathematics for Computer Engineering,11,1,
Standard and Canonical of LPP,Lines of regression,6.20N-B.E.-AI-DS.-Sem-III-IV.pdf,2013111,Mathematics for Computer Engineering,12,1,
Standard and Canonical of LPP,Moment generating function,6.20N-B.E.-AI-DS.-Sem-III-IV.pdf,2013111,Mathematics for Computer Engineering,13,1,
Standard and Canonical of LPP,Raw moments,6.20N-B.E.-AI-DS.-Sem-III-IV.pdf,2013111,Mathematics for Computer Engineering,14,1,
Basic and Feasible solutions,Simplex method,6.20N-B.E.-AI-DS.-Sem-III-IV.pdf,2013111,Mathematics for Computer Engineering,1,1,
Basic and Feasible solutions,Artificial variables,6.20N-B.E.-AI-DS.-Sem-III-IV.pdf,2013111,Mathematics for Computer Engineering,2,1,
Basic and Feasible solutions,Kuhn-Tucker conditions,6.20N-B.E.-AI-DS.-Sem-III-IV.pdf,2013111,Mathematics for Computer Engineering,3,1,
Basic and Feasible solutions,Introduction to Congruence,6.20N-B.E.-AI-DS.-Sem-III-IV.pdf,2013111,Mathematics for Computer Engineering,4,1,
Basic and Feasible solutions,Linear congruence,6.20N-B.E.-AI-DS.-Sem-III-IV.pdf,2013111,Mathematics for Computer Engineering,5,1,
Basic and Feasible solutions,Application of congruence-RSA algorithm,6.20N-B.E.-AI-DS.-Sem-III-IV.pdf,2013111,Mathematics for Computer Engineering,6,1,
Basic and Feasible solutions,Dirichlet’s conditions,6.20N-B.E.-AI-DS.-Sem-III-IV.pdf,2013111,Mathematics for Computer Engineering,7,1,
Basic and Feasible solutions,Fourier series of periodic,6.20N-B.E.-AI-DS.-Sem-III-IV.pdf,2013111,Mathematics for Computer Engineering,8,1,
Basic and Feasible solutions,Fourier series of even and odd functions,6.20N-B.E.-AI-DS.-Sem-III-IV.pdf,2013111,Mathematics for Computer Engineering,9,1,
Basic and Feasible solutions,Complex form of Fourier Series,6.20N-B.E.-AI-DS.-Sem-III-IV.pdf,2013111,Mathematics for Computer Engineering,10,1,
Basic and Feasible solutions,Lines of regression,6.20N-B.E.-AI-DS.-Sem-III-IV.pdf,2013111,Mathematics for Computer Engineering,11,1,
Basic and Feasible solutions,Moment generating function,6.20N-B.E.-AI-DS.-Sem-III-IV.pdf,2013111,Mathematics for Computer Engineering,12,1,
Basic and Feasible solutions,Raw moments,6.20N-B.E.-AI-DS.-Sem-III-IV.pdf,2013111,Mathematics for Computer Engineering,13,1,
Simplex method,Artificial variables,6.20N-B.E.-AI-DS.-Sem-III-IV.pdf,2013111,Mathematics for Computer Engineering,1,1,
Simplex method,Kuhn-Tucker conditions,6.20N-B.E.-AI-DS.-Sem-III-IV.pdf,2013111,Mathematics for Computer Engineering,2,1,
Simplex method,Introduction to Congruence,6.20N-B.E.-AI-DS.-Sem-III-IV.pdf,2013111,Mathematics for Computer Engineering,3,1,
Simplex method,Linear congruence,6.20N-B.E.-AI-DS.-Sem-III-IV.pdf,2013111,Mathematics for Computer Engineering,4,1,
Simplex method,Application of congruence-RSA algorithm,6.20N-B.E.-AI-DS.-Sem-III-IV.pdf,2013111,Mathematics for Computer Engineering,5,1,
Simplex method,Dirichlet’s conditions,6.20N-B.E.-AI-DS.-Sem-III-IV.pdf,2013111,Mathematics for Computer Engineering,6,1,
Simplex method,Fourier series of periodic,6.20N-B.E.-AI-DS.-Sem-III-IV.pdf,2013111,Mathematics for Computer Engineering,7,1,
Simplex method,Fourier series of even and odd functions,6.20N-B.E.-AI-DS.-Sem-III-IV.pdf,2013111,Mathematics for Computer Engineering,8,1,
Simplex method,Complex form of Fourier Series,6.20N-B.E.-AI-DS.-Sem-III-IV.pdf,2013111,Mathematics for Computer Engineering,9,1,
Simplex method,Lines of regression,6.20N-B.E.-AI-DS.-Sem-III-IV.pdf,2013111,Mathematics for Computer Engineering,10,1,
Simplex method,Moment generating function,6.20N-B.E.-AI-DS.-Sem-III-IV.pdf,2013111,Mathematics for Computer Engineering,11,1,
Simplex method,Raw moments,6.20N-B.E.-AI-DS.-Sem-III-IV.pdf,2013111,Mathematics for Computer Engineering,12,1,
Artificial variables,Kuhn-Tucker conditions,6.20N-B.E.-AI-DS.-Sem-III-IV.pdf,2013111,Mathematics for Computer Engineering,1,1,
Artificial variables,Introduction to Congruence,6.20N-B.E.-AI-DS.-Sem-III-IV.pdf,2013111,Mathematics for Computer Engineering,2,1,
Artificial variables,Linear congruence,6.20N-B.E.-AI-DS.-Sem-III-IV.pdf,2013111,Mathematics for Computer Engineering,3,1,
Artificial variables,Application of congruence-RSA algorithm,6.20N-B.E.-AI-DS.-Sem-III-IV.pdf,2013111,Mathematics for Computer Engineering,4,1,
Artificial variables,Dirichlet’s conditions,6.20N-B.E.-AI-DS.-Sem-III-IV.pdf,2013111,Mathematics for Computer Engineering,5,1,
Artificial variables,Fourier series of periodic,6.20N-B.E.-AI-DS.-Sem-III-IV.pdf,2013111,Mathematics for Computer Engineering,6,1,
Artificial variables,Fourier series of even and odd functions,6.20N-B.E.-AI-DS.-Sem-III-IV.pdf,2013111,Mathematics for Computer Engineering,7,1,
Artificial variables,Complex form of Fourier Series,6.20N-B.E.-AI-DS.-Sem-III-IV.pdf,2013111,Mathematics for Computer Engineering,8,1,
Artificial variables,Lines of regression,6.20N-B.E.-AI-DS.-Sem-III-IV.pdf,2013111,Mathematics for Computer Engineering,9,1,
Artificial variables,Moment generating function,6.20N-B.E.-AI-DS.-Sem-III-IV.pdf,2013111,Mathematics for Computer Engineering,10,1,
Artificial variables,Raw moments,6.20N-B.E.-AI-DS.-Sem-III-IV.pdf,2013111,Mathematics for Computer Engineering,11,1,
Kuhn-Tucker conditions,Introduction to Congruence,6.20N-B.E.-AI-DS.-Sem-III-IV.pdf,2013111,Mathematics for Computer Engineering,1,1,
Kuhn-Tucker conditions,Linear congruence,6.20N-B.E.-AI-DS.-Sem-III-IV.pdf,2013111,Mathematics for Computer Engineering,2,1,
Kuhn-Tucker conditions,Application of congruence-RSA algorithm,6.20N-B.E.-AI-DS.-Sem-III-IV.pdf,2013111,Mathematics for Computer Engineering,3,1,
Kuhn-Tucker conditions,Dirichlet’s conditions,6.20N-B.E.-AI-DS.-Sem-III-IV.pdf,2013111,Mathematics for Computer Engineering,4,1,
Kuhn-Tucker conditions,Fourier series of periodic,6.20N-B.E.-AI-DS.-Sem-III-IV.pdf,2013111,Mathematics for Computer Engineering,5,1,
Kuhn-Tucker conditions,Fourier series of even and odd functions,6.20N-B.E.-AI-DS.-Sem-III-IV.pdf,2013111,Mathematics for Computer Engineering,6,1,
Kuhn-Tucker conditions,Complex form of Fourier Series,6.20N-B.E.-AI-DS.-Sem-III-IV.pdf,2013111,Mathematics for Computer Engineering,7,1,
Kuhn-Tucker conditions,Lines of regression,6.20N-B.E.-AI-DS.-Sem-III-IV.pdf,2013111,Mathematics for Computer Engineering,8,1,
Kuhn-Tucker conditions,Moment generating function,6.20N-B.E.-AI-DS.-Sem-III-IV.pdf,2013111,Mathematics for Computer Engineering,9,1,
Kuhn-Tucker conditions,Raw moments,6.20N-B.E.-AI-DS.-Sem-III-IV.pdf,2013111,Mathematics for Computer Engineering,10,1,
Introduction to Congruence,Linear congruence,6.20N-B.E.-AI-DS.-Sem-III-IV.pdf,2013111,Mathematics for Computer Engineering,1,1,
Introduction to Congruence,Application of congruence-RSA algorithm,6.20N-B.E.-AI-DS.-Sem-III-IV.pdf,2013111,Mathematics for Computer Engineering,2,1,
Introduction to Congruence,Dirichlet’s conditions,6.20N-B.E.-AI-DS.-Sem-III-IV.pdf,2013111,Mathematics for Computer Engineering,3,1,
Introduction to Congruence,Fourier series of periodic,6.20N-B.E.-AI-DS.-Sem-III-IV.pdf,2013111,Mathematics for Computer Engineering,4,1,
Introduction to Congruence,Fourier series of even and odd functions,6.20N-B.E.-AI-DS.-Sem-III-IV.pdf,2013111,Mathematics for Computer Engineering,5,1,
Introduction to Congruence,Complex form of Fourier Series,6.20N-B.E.-AI-DS.-Sem-III-IV.pdf,2013111,Mathematics for Computer Engineering,6,1,
Introduction to Congruence,Lines of regression,6.20N-B.E.-AI-DS.-Sem-III-IV.pdf,2013111,Mathematics for Computer Engineering,7,1,
Introduction to Congruence,Moment generating function,6.20N-B.E.-AI-DS.-Sem-III-IV.pdf,2013111,Mathematics for Computer Engineering,8,1,
Introduction to Congruence,Raw moments,6.20N-B.E.-AI-DS.-Sem-III-IV.pdf,2013111,Mathematics for Computer Engineering,9,1,
Linear congruence,Application of congruence-RSA algorithm,6.20N-B.E.-AI-DS.-Sem-III-IV.pdf,2013111,Mathematics for Computer Engineering,1,1,
Linear congruence,Dirichlet’s conditions,6.20N-B.E.-AI-DS.-Sem-III-IV.pdf,2013111,Mathematics for Computer Engineering,2,1,
Linear congruence,Fourier series of periodic,6.20N-B.E.-AI-DS.-Sem-III-IV.pdf,2013111,Mathematics for Computer Engineering,3,1,
Linear congruence,Fourier series of even and odd functions,6.20N-B.E.-AI-DS.-Sem-III-IV.pdf,2013111,Mathematics for Computer Engineering,4,1,
Linear congruence,Complex form of Fourier Series,6.20N-B.E.-AI-DS.-Sem-III-IV.pdf,2013111,Mathematics for Computer Engineering,5,1,
Linear congruence,Lines of regression,6.20N-B.E.-AI-DS.-Sem-III-IV.pdf,2013111,Mathematics for Computer Engineering,6,1,
Linear congruence,Moment generating function,6.20N-B.E.-AI-DS.-Sem-III-IV.pdf,2013111,Mathematics for Computer Engineering,7,1,
Linear congruence,Raw moments,6.20N-B.E.-AI-DS.-Sem-III-IV.pdf,2013111,Mathematics for Computer Engineering,8,1,
Application of congruence-RSA algorithm,Dirichlet’s conditions,6.20N-B.E.-AI-DS.-Sem-III-IV.pdf,2013111,Mathematics for Computer Engineering,1,1,
Application of congruence-RSA algorithm,Fourier series of periodic,6.20N-B.E.-AI-DS.-Sem-III-IV.pdf,2013111,Mathematics for Computer Engineering,2,1,
Application of congruence-RSA algorithm,Fourier series of even and odd functions,6.20N-B.E.-AI-DS.-Sem-III-IV.pdf,2013111,Mathematics for Computer Engineering,3,1,
Application of congruence-RSA algorithm,Complex form of Fourier Series,6.20N-B.E.-AI-DS.-Sem-III-IV.pdf,2013111,Mathematics for Computer Engineering,4,1,
Application of congruence-RSA algorithm,Lines of regression,6.20N-B.E.-AI-DS.-Sem-III-IV.pdf,2013111,Mathematics for Computer Engineering,5,1,
Application of congruence-RSA algorithm,Moment generating function,6.20N-B.E.-AI-DS.-Sem-III-IV.pdf,2013111,Mathematics for Computer Engineering,6,1,
Application of congruence-RSA algorithm,Raw moments,6.20N-B.E.-AI-DS.-Sem-III-IV.pdf,2013111,Mathematics for Computer Engineering,7,1,
Dirichlet’s conditions,Fourier series of periodic,6.20N-B.E.-AI-DS.-Sem-III-IV.pdf,2013111,Mathematics for Computer Engineering,1,1,
Dirichlet’s conditions,Fourier series of even and odd functions,6.20N-B.E.-AI-DS.-Sem-III-IV.pdf,2013111,Mathematics for Computer Engineering,2,1,
Dirichlet’s conditions,Complex form of Fourier Series,6.20N-B.E.-AI-DS.-Sem-III-IV.pdf,2013111,Mathematics for Computer Engineering,3,1,
Dirichlet’s conditions,Lines of regression,6.20N-B.E.-AI-DS.-Sem-III-IV.pdf,2013111,Mathematics for Computer Engineering,4,1,
Dirichlet’s conditions,Moment generating function,6.20N-B.E.-AI-DS.-Sem-III-IV.pdf,2013111,Mathematics for Computer Engineering,5,1,
Dirichlet’s conditions,Raw moments,6.20N-B.E.-AI-DS.-Sem-III-IV.pdf,2013111,Mathematics for Computer Engineering,6,1,
Fourier series of periodic,Fourier series of even and odd functions,6.20N-B.E.-AI-DS.-Sem-III-IV.pdf,2013111,Mathematics for Computer Engineering,1,1,
Fourier series of periodic,Complex form of Fourier Series,6.20N-B.E.-AI-DS.-Sem-III-IV.pdf,2013111,Mathematics for Computer Engineering,2,1,
Fourier series of periodic,Lines of regression,6.20N-B.E.-AI-DS.-Sem-III-IV.pdf,2013111,Mathematics for Computer Engineering,3,1,
Fourier series of periodic,Moment generating function,6.20N-B.E.-AI-DS.-Sem-III-IV.pdf,2013111,Mathematics for Computer Engineering,4,1,
Fourier series of periodic,Raw moments,6.20N-B.E.-AI-DS.-Sem-III-IV.pdf,2013111,Mathematics for Computer Engineering,5,1,
Fourier series of even and odd functions,Complex form of Fourier Series,6.20N-B.E.-AI-DS.-Sem-III-IV.pdf,2013111,Mathematics for Computer Engineering,1,1,
Fourier series of even and odd functions,Lines of regression,6.20N-B.E.-AI-DS.-Sem-III-IV.pdf,2013111,Mathematics for Computer Engineering,2,1,
Fourier series of even and odd functions,Moment generating function,6.20N-B.E.-AI-DS.-Sem-III-IV.pdf,2013111,Mathematics for Computer Engineering,3,1,
Fourier series of even and odd functions,Raw moments,6.20N-B.E.-AI-DS.-Sem-III-IV.pdf,2013111,Mathematics for Computer Engineering,4,1,
Complex form of Fourier Series,Lines of regression,6.20N-B.E.-AI-DS.-Sem-III-IV.pdf,2013111,Mathematics for Computer Engineering,1,1,
Complex form of Fourier Series,Moment generating function,6.20N-B.E.-AI-DS.-Sem-III-IV.pdf,2013111,Mathematics for Computer Engineering,2,1,
Complex form of Fourier Series,Raw moments,6.20N-B.E.-AI-DS.-Sem-III-IV.pdf,2013111,Mathematics for Computer Engineering,3,1,
Lines of regression,Moment generating function,6.20N-B.E.-AI-DS.-Sem-III-IV.pdf,2013111,Mathematics for Computer Engineering,1,1,
Lines of regression,Raw moments,6.20N-B.E.-AI-DS.-Sem-III-IV.pdf,2013111,Mathematics for Computer Engineering,2,1,
Moment generating function,Raw moments,6.20N-B.E.-AI-DS.-Sem-III-IV.pdf,2013111,Mathematics for Computer Engineering,1,1,
Regular operations,Arden's theorem,6.20N-B.E.-AI-DS.-Sem-III-IV.pdf,2014111,Computational,1,1,
Regular operations,Decision properties of RLs,6.20N-B.E.-AI-DS.-Sem-III-IV.pdf,2014111,Computational,2,1,
Regular operations,Pumping lemma,6.20N-B.E.-AI-DS.-Sem-III-IV.pdf,2014111,Computational,3,1,
Regular operations,RE in text search and replace,6.20N-B.E.-AI-DS.-Sem-III-IV.pdf,2014111,Computational,4,1,
Regular operations,Application of Regular,6.20N-B.E.-AI-DS.-Sem-III-IV.pdf,2014111,Computational,5,1,
Regular operations,Languages in Compiler Design,6.20N-B.E.-AI-DS.-Sem-III-IV.pdf,2014111,Computational,6,1,
Regular operations,Nondeterministic Finite Automata (NFA): Definitions,6.20N-B.E.-AI-DS.-Sem-III-IV.pdf,2014111,Computational,7,1,
Regular operations,Equivalence between NFA with and ϵ- transitions,6.20N-B.E.-AI-DS.-Sem-III-IV.pdf,2014111,Computational,8,1,
Regular operations,Minimization of DFA,6.20N-B.E.-AI-DS.-Sem-III-IV.pdf,2014111,Computational,9,1,
Arden's theorem,Decision properties of RLs,6.20N-B.E.-AI-DS.-Sem-III-IV.pdf,2014111,Computational,1,1,
Arden's theorem,Pumping lemma,6.20N-B.E.-AI-DS.-Sem-III-IV.pdf,2014111,Computational,2,1,
Arden's theorem,RE in text search and replace,6.20N-B.E.-AI-DS.-Sem-III-IV.pdf,2014111,Computational,3,1,
Arden's theorem,Application of Regular,6.20N-B.E.-AI-DS.-Sem-III-IV.pdf,2014111,Computational,4,1,
Arden's theorem,Languages in Compiler Design,6.20N-B.E.-AI-DS.-Sem-III-IV.pdf,2014111,Computational,5,1,
Arden's theorem,Nondeterministic Finite Automata (NFA): Definitions,6.20N-B.E.-AI-DS.-Sem-III-IV.pdf,2014111,Computational,6,1,
Arden's theorem,Equivalence between NFA with and ϵ- transitions,6.20N-B.E.-AI-DS.-Sem-III-IV.pdf,2014111,Computational,7,1,
Arden's theorem,Minimization of DFA,6.20N-B.E.-AI-DS.-Sem-III-IV.pdf,2014111,Computational,8,1,
Decision properties of RLs,Pumping lemma,6.20N-B.E.-AI-DS.-Sem-III-IV.pdf,2014111,Computational,1,1,
Decision properties of RLs,RE in text search and replace,6.20N-B.E.-AI-DS.-Sem-III-IV.pdf,2014111,Computational,2,1,
Decision properties of RLs,Application of Regular,6.20N-B.E.-AI-DS.-Sem-III-IV.pdf,2014111,Computational,3,1,
Decision properties of RLs,Languages in Compiler Design,6.20N-B.E.-AI-DS.-Sem-III-IV.pdf,2014111,Computational,4,1,
Decision properties of RLs,Nondeterministic Finite Automata (NFA): Definitions,6.20N-B.E.-AI-DS.-Sem-III-IV.pdf,2014111,Computational,5,1,
Decision properties of RLs,Equivalence between NFA with and ϵ- transitions,6.20N-B.E.-AI-DS.-Sem-III-IV.pdf,2014111,Computational,6,1,
Decision properties of RLs,Minimization of DFA,6.20N-B.E.-AI-DS.-Sem-III-IV.pdf,2014111,Computational,7,1,
Pumping lemma,RE in text search and replace,6.20N-B.E.-AI-DS.-Sem-III-IV.pdf,2014111,Computational,1,1,
Pumping lemma,Application of Regular,6.20N-B.E.-AI-DS.-Sem-III-IV.pdf,2014111,Computational,2,1,
Pumping lemma,Languages in Compiler Design,6.20N-B.E.-AI-DS.-Sem-III-IV.pdf,2014111,Computational,3,1,
Pumping lemma,Nondeterministic Finite Automata (NFA): Definitions,6.20N-B.E.-AI-DS.-Sem-III-IV.pdf,2014111,Computational,4,1,
Pumping lemma,Equivalence between NFA with and ϵ- transitions,6.20N-B.E.-AI-DS.-Sem-III-IV.pdf,2014111,Computational,5,1,
Pumping lemma,Minimization of DFA,6.20N-B.E.-AI-DS.-Sem-III-IV.pdf,2014111,Computational,6,1,
RE in text search and replace,Application of Regular,6.20N-B.E.-AI-DS.-Sem-III-IV.pdf,2014111,Computational,1,1,
RE in text search and replace,Languages in Compiler Design,6.20N-B.E.-AI-DS.-Sem-III-IV.pdf,2014111,Computational,2,1,
RE in text search and replace,Nondeterministic Finite Automata (NFA): Definitions,6.20N-B.E.-AI-DS.-Sem-III-IV.pdf,2014111,Computational,3,1,
RE in text search and replace,Equivalence between NFA with and ϵ- transitions,6.20N-B.E.-AI-DS.-Sem-III-IV.pdf,2014111,Computational,4,1,
RE in text search and replace,Minimization of DFA,6.20N-B.E.-AI-DS.-Sem-III-IV.pdf,2014111,Computational,5,1,
Application of Regular,Languages in Compiler Design,6.20N-B.E.-AI-DS.-Sem-III-IV.pdf,2014111,Computational,1,1,
Application of Regular,Nondeterministic Finite Automata (NFA): Definitions,6.20N-B.E.-AI-DS.-Sem-III-IV.pdf,2014111,Computational,2,1,
Application of Regular,Equivalence between NFA with and ϵ- transitions,6.20N-B.E.-AI-DS.-Sem-III-IV.pdf,2014111,Computational,3,1,
Application of Regular,Minimization of DFA,6.20N-B.E.-AI-DS.-Sem-III-IV.pdf,2014111,Computational,4,1,
Languages in Compiler Design,Nondeterministic Finite Automata (NFA): Definitions,6.20N-B.E.-AI-DS.-Sem-III-IV.pdf,2014111,Computational,1,1,
Languages in Compiler Design,Equivalence between NFA with and ϵ- transitions,6.20N-B.E.-AI-DS.-Sem-III-IV.pdf,2014111,Computational,2,1,
Languages in Compiler Design,Minimization of DFA,6.20N-B.E.-AI-DS.-Sem-III-IV.pdf,2014111,Computational,3,1,
Nondeterministic Finite Automata (NFA): Definitions,Equivalence between NFA with and ϵ- transitions,6.20N-B.E.-AI-DS.-Sem-III-IV.pdf,2014111,Computational,1,1,
Nondeterministic Finite Automata (NFA): Definitions,Minimization of DFA,6.20N-B.E.-AI-DS.-Sem-III-IV.pdf,2014111,Computational,2,1,
Equivalence between NFA with and ϵ- transitions,Minimization of DFA,6.20N-B.E.-AI-DS.-Sem-III-IV.pdf,2014111,Computational,1,1,
Special-purpose,Open-source and Proprietary Operating System,6.20N-B.E.-AI-DS.-Sem-III-IV.pdf,2014113,Operating System,1,1,
Special-purpose,Fundamentals of Distributed Operating System,6.20N-B.E.-AI-DS.-Sem-III-IV.pdf,2014113,Operating System,2,1,
Special-purpose,Network Operating System,6.20N-B.E.-AI-DS.-Sem-III-IV.pdf,2014113,Operating System,3,1,
Special-purpose,Real-Time,6.20N-B.E.-AI-DS.-Sem-III-IV.pdf,2014113,Operating System,4,1,
Special-purpose,Mobile Operating System,6.20N-B.E.-AI-DS.-Sem-III-IV.pdf,2014113,Operating System,5,1,
Special-purpose,Special-purpose Operating Systems,6.20N-B.E.-AI-DS.-Sem-III-IV.pdf,2014113,Operating System,6,1,
Open-source and Proprietary Operating System,Fundamentals of Distributed Operating System,6.20N-B.E.-AI-DS.-Sem-III-IV.pdf,2014113,Operating System,1,1,
Open-source and Proprietary Operating System,Network Operating System,6.20N-B.E.-AI-DS.-Sem-III-IV.pdf,2014113,Operating System,2,1,
Open-source and Proprietary Operating System,Real-Time,6.20N-B.E.-AI-DS.-Sem-III-IV.pdf,2014113,Operating System,3,1,
Open-source and Proprietary Operating System,Mobile Operating System,6.20N-B.E.-AI-DS.-Sem-III-IV.pdf,2014113,Operating System,4,1,
Open-source and Proprietary Operating System,Special-purpose Operating Systems,6.20N-B.E.-AI-DS.-Sem-III-IV.pdf,2014113,Operating System,5,1,
Fundamentals of Distributed Operating System,Network Operating System,6.20N-B.E.-AI-DS.-Sem-III-IV.pdf,2014113,Operating System,1,1,
Fundamentals of Distributed Operating System,Real-Time,6.20N-B.E.-AI-DS.-Sem-III-IV.pdf,2014113,Operating System,2,1,
Fundamentals of Distributed Operating System,Mobile Operating System,6.20N-B.E.-AI-DS.-Sem-III-IV.pdf,2014113,Operating System,3,1,
Fundamentals of Distributed Operating System,Special-purpose Operating Systems,6.20N-B.E.-AI-DS.-Sem-III-IV.pdf,2014113,Operating System,4,1,
Network Operating System,Real-Time,6.20N-B.E.-AI-DS.-Sem-III-IV.pdf,2014113,Operating System,1,1,
Network Operating System,Mobile Operating System,6.20N-B.E.-AI-DS.-Sem-III-IV.pdf,2014113,Operating System,2,1,
Network Operating System,Special-purpose Operating Systems,6.20N-B.E.-AI-DS.-Sem-III-IV.pdf,2014113,Operating System,3,1,
Real-Time,Mobile Operating System,6.20N-B.E.-AI-DS.-Sem-III-IV.pdf,2014113,Operating System,1,1,
Real-Time,Special-purpose Operating Systems,6.20N-B.E.-AI-DS.-Sem-III-IV.pdf,2014113,Operating System,2,1,
Mobile Operating System,Special-purpose Operating Systems,6.20N-B.E.-AI-DS.-Sem-III-IV.pdf,2014113,Operating System,1,1,
Cayley-Hamilton,Linear Algebra (Theory of Matrices) verification and reduction of higher degree polynomials,6.21-N-B.E.-AI-ML-sem-III-IV.pdf,2023111,Mathematics for Computer Engineering,1,1,
Cayley-Hamilton,Similarity of matrices,6.21-N-B.E.-AI-ML-sem-III-IV.pdf,2023111,Mathematics for Computer Engineering,2,1,
Cayley-Hamilton,Quadratic forms,6.21-N-B.E.-AI-ML-sem-III-IV.pdf,2023111,Mathematics for Computer Engineering,3,1,
Cayley-Hamilton,Linear and Non-Linear Programming Problems,6.21-N-B.E.-AI-ML-sem-III-IV.pdf,2023111,Mathematics for Computer Engineering,4,1,
Cayley-Hamilton,Types of solutions,6.21-N-B.E.-AI-ML-sem-III-IV.pdf,2023111,Mathematics for Computer Engineering,5,1,
Cayley-Hamilton,Standard and Canonical of LPP,6.21-N-B.E.-AI-ML-sem-III-IV.pdf,2023111,Mathematics for Computer Engineering,6,1,
Cayley-Hamilton,Basic and Feasible solutions,6.21-N-B.E.-AI-ML-sem-III-IV.pdf,2023111,Mathematics for Computer Engineering,7,1,
Cayley-Hamilton,Simplex method,6.21-N-B.E.-AI-ML-sem-III-IV.pdf,2023111,Mathematics for Computer Engineering,8,1,
Cayley-Hamilton,Artificial variables,6.21-N-B.E.-AI-ML-sem-III-IV.pdf,2023111,Mathematics for Computer Engineering,9,1,
Cayley-Hamilton,Kuhn-Tucker conditions,6.21-N-B.E.-AI-ML-sem-III-IV.pdf,2023111,Mathematics for Computer Engineering,10,1,
Cayley-Hamilton,Introduction to Congruence,6.21-N-B.E.-AI-ML-sem-III-IV.pdf,2023111,Mathematics for Computer Engineering,11,1,
Cayley-Hamilton,Linear congruence,6.21-N-B.E.-AI-ML-sem-III-IV.pdf,2023111,Mathematics for Computer Engineering,12,1,
Cayley-Hamilton,Application of congruence-RSA algorithm,6.21-N-B.E.-AI-ML-sem-III-IV.pdf,2023111,Mathematics for Computer Engineering,13,1,
Cayley-Hamilton,Dirichlet’s conditions,6.21-N-B.E.-AI-ML-sem-III-IV.pdf,2023111,Mathematics for Computer Engineering,14,1,
Linear Algebra (Theory of Matrices) verification and reduction of higher degree polynomials,Similarity of matrices,6.21-N-B.E.-AI-ML-sem-III-IV.pdf,2023111,Mathematics for Computer Engineering,1,1,
Linear Algebra (Theory of Matrices) verification and reduction of higher degree polynomials,Quadratic forms,6.21-N-B.E.-AI-ML-sem-III-IV.pdf,2023111,Mathematics for Computer Engineering,2,1,
Linear Algebra (Theory of Matrices) verification and reduction of higher degree polynomials,Linear and Non-Linear Programming Problems,6.21-N-B.E.-AI-ML-sem-III-IV.pdf,2023111,Mathematics for Computer Engineering,3,1,
Linear Algebra (Theory of Matrices) verification and reduction of higher degree polynomials,Types of solutions,6.21-N-B.E.-AI-ML-sem-III-IV.pdf,2023111,Mathematics for Computer Engineering,4,1,
Linear Algebra (Theory of Matrices) verification and reduction of higher degree polynomials,Standard and Canonical of LPP,6.21-N-B.E.-AI-ML-sem-III-IV.pdf,2023111,Mathematics for Computer Engineering,5,1,
Linear Algebra (Theory of Matrices) verification and reduction of higher degree polynomials,Basic and Feasible solutions,6.21-N-B.E.-AI-ML-sem-III-IV.pdf,2023111,Mathematics for Computer Engineering,6,1,
Linear Algebra (Theory of Matrices) verification and reduction of higher degree polynomials,Simplex method,6.21-N-B.E.-AI-ML-sem-III-IV.pdf,2023111,Mathematics for Computer Engineering,7,1,
Linear Algebra (Theory of Matrices) verification and reduction of higher degree polynomials,Artificial variables,6.21-N-B.E.-AI-ML-sem-III-IV.pdf,2023111,Mathematics for Computer Engineering,8,1,
Linear Algebra (Theory of Matrices) verification and reduction of higher degree polynomials,Kuhn-Tucker conditions,6.21-N-B.E.-AI-ML-sem-III-IV.pdf,2023111,Mathematics for Computer Engineering,9,1,
Linear Algebra (Theory of Matrices) verification and reduction of higher degree polynomials,Introduction to Congruence,6.21-N-B.E.-AI-ML-sem-III-IV.pdf,2023111,Mathematics for Computer Engineering,10,1,
Linear Algebra (Theory of Matrices) verification and reduction of higher degree polynomials,Linear congruence,6.21-N-B.E.-AI-ML-sem-III-IV.pdf,2023111,Mathematics for Computer Engineering,11,1,
Linear Algebra (Theory of Matrices) verification and reduction of higher degree polynomials,Application of congruence-RSA algorithm,6.21-N-B.E.-AI-ML-sem-III-IV.pdf,2023111,Mathematics for Computer Engineering,12,1,
Linear Algebra (Theory of Matrices) verification and reduction of higher degree polynomials,Dirichlet’s conditions,6.21-N-B.E.-AI-ML-sem-III-IV.pdf,2023111,Mathematics for Computer Engineering,13,1,
Linear Algebra (Theory of Matrices) verification and reduction of higher degree polynomials,Fourier series of periodic,6.21-N-B.E.-AI-ML-sem-III-IV.pdf,2023111,Mathematics for Computer Engineering,14,1,
Similarity of matrices,Quadratic forms,6.21-N-B.E.-AI-ML-sem-III-IV.pdf,2023111,Mathematics for Computer Engineering,1,1,
Similarity of matrices,Linear and Non-Linear Programming Problems,6.21-N-B.E.-AI-ML-sem-III-IV.pdf,2023111,Mathematics for Computer Engineering,2,1,
Similarity of matrices,Types of solutions,6.21-N-B.E.-AI-ML-sem-III-IV.pdf,2023111,Mathematics for Computer Engineering,3,1,
Similarity of matrices,Standard and Canonical of LPP,6.21-N-B.E.-AI-ML-sem-III-IV.pdf,2023111,Mathematics for Computer Engineering,4,1,
Similarity of matrices,Basic and Feasible solutions,6.21-N-B.E.-AI-ML-sem-III-IV.pdf,2023111,Mathematics for Computer Engineering,5,1,
Similarity of matrices,Simplex method,6.21-N-B.E.-AI-ML-sem-III-IV.pdf,2023111,Mathematics for Computer Engineering,6,1,
Similarity of matrices,Artificial variables,6.21-N-B.E.-AI-ML-sem-III-IV.pdf,2023111,Mathematics for Computer Engineering,7,1,
Similarity of matrices,Kuhn-Tucker conditions,6.21-N-B.E.-AI-ML-sem-III-IV.pdf,2023111,Mathematics for Computer Engineering,8,1,
Similarity of matrices,Introduction to Congruence,6.21-N-B.E.-AI-ML-sem-III-IV.pdf,2023111,Mathematics for Computer Engineering,9,1,
Similarity of matrices,Linear congruence,6.21-N-B.E.-AI-ML-sem-III-IV.pdf,2023111,Mathematics for Computer Engineering,10,1,
Similarity of matrices,Application of congruence-RSA algorithm,6.21-N-B.E.-AI-ML-sem-III-IV.pdf,2023111,Mathematics for Computer Engineering,11,1,
Similarity of matrices,Dirichlet’s conditions,6.21-N-B.E.-AI-ML-sem-III-IV.pdf,2023111,Mathematics for Computer Engineering,12,1,
Similarity of matrices,Fourier series of periodic,6.21-N-B.E.-AI-ML-sem-III-IV.pdf,2023111,Mathematics for Computer Engineering,13,1,
Similarity of matrices,Fourier series of even and odd functions,6.21-N-B.E.-AI-ML-sem-III-IV.pdf,2023111,Mathematics for Computer Engineering,14,1,
Quadratic forms,Linear and Non-Linear Programming Problems,6.21-N-B.E.-AI-ML-sem-III-IV.pdf,2023111,Mathematics for Computer Engineering,1,1,
Quadratic forms,Types of solutions,6.21-N-B.E.-AI-ML-sem-III-IV.pdf,2023111,Mathematics for Computer Engineering,2,1,
Quadratic forms,Standard and Canonical of LPP,6.21-N-B.E.-AI-ML-sem-III-IV.pdf,2023111,Mathematics for Computer Engineering,3,1,
Quadratic forms,Basic and Feasible solutions,6.21-N-B.E.-AI-ML-sem-III-IV.pdf,2023111,Mathematics for Computer Engineering,4,1,
Quadratic forms,Simplex method,6.21-N-B.E.-AI-ML-sem-III-IV.pdf,2023111,Mathematics for Computer Engineering,5,1,
Quadratic forms,Artificial variables,6.21-N-B.E.-AI-ML-sem-III-IV.pdf,2023111,Mathematics for Computer Engineering,6,1,
Quadratic forms,Kuhn-Tucker conditions,6.21-N-B.E.-AI-ML-sem-III-IV.pdf,2023111,Mathematics for Computer Engineering,7,1,
Quadratic forms,Introduction to Congruence,6.21-N-B.E.-AI-ML-sem-III-IV.pdf,2023111,Mathematics for Computer Engineering,8,1,
Quadratic forms,Linear congruence,6.21-N-B.E.-AI-ML-sem-III-IV.pdf,2023111,Mathematics for Computer Engineering,9,1,
Quadratic forms,Application of congruence-RSA algorithm,6.21-N-B.E.-AI-ML-sem-III-IV.pdf,2023111,Mathematics for Computer Engineering,10,1,
Quadratic forms,Dirichlet’s conditions,6.21-N-B.E.-AI-ML-sem-III-IV.pdf,2023111,Mathematics for Computer Engineering,11,1,
Quadratic forms,Fourier series of periodic,6.21-N-B.E.-AI-ML-sem-III-IV.pdf,2023111,Mathematics for Computer Engineering,12,1,
Quadratic forms,Fourier series of even and odd functions,6.21-N-B.E.-AI-ML-sem-III-IV.pdf,2023111,Mathematics for Computer Engineering,13,1,
Quadratic forms,Complex form of Fourier Series,6.21-N-B.E.-AI-ML-sem-III-IV.pdf,2023111,Mathematics for Computer Engineering,14,1,
Linear and Non-Linear Programming Problems,Types of solutions,6.21-N-B.E.-AI-ML-sem-III-IV.pdf,2023111,Mathematics for Computer Engineering,1,1,
Linear and Non-Linear Programming Problems,Standard and Canonical of LPP,6.21-N-B.E.-AI-ML-sem-III-IV.pdf,2023111,Mathematics for Computer Engineering,2,1,
Linear and Non-Linear Programming Problems,Basic and Feasible solutions,6.21-N-B.E.-AI-ML-sem-III-IV.pdf,2023111,Mathematics for Computer Engineering,3,1,
Linear and Non-Linear Programming Problems,Simplex method,6.21-N-B.E.-AI-ML-sem-III-IV.pdf,2023111,Mathematics for Computer Engineering,4,1,
Linear and Non-Linear Programming Problems,Artificial variables,6.21-N-B.E.-AI-ML-sem-III-IV.pdf,2023111,Mathematics for Computer Engineering,5,1,
Linear and Non-Linear Programming Problems,Kuhn-Tucker conditions,6.21-N-B.E.-AI-ML-sem-III-IV.pdf,2023111,Mathematics for Computer Engineering,6,1,
Linear and Non-Linear Programming Problems,Introduction to Congruence,6.21-N-B.E.-AI-ML-sem-III-IV.pdf,2023111,Mathematics for Computer Engineering,7,1,
Linear and Non-Linear Programming Problems,Linear congruence,6.21-N-B.E.-AI-ML-sem-III-IV.pdf,2023111,Mathematics for Computer Engineering,8,1,
Linear and Non-Linear Programming Problems,Application of congruence-RSA algorithm,6.21-N-B.E.-AI-ML-sem-III-IV.pdf,2023111,Mathematics for Computer Engineering,9,1,
Linear and Non-Linear Programming Problems,Dirichlet’s conditions,6.21-N-B.E.-AI-ML-sem-III-IV.pdf,2023111,Mathematics for Computer Engineering,10,1,
Linear and Non-Linear Programming Problems,Fourier series of periodic,6.21-N-B.E.-AI-ML-sem-III-IV.pdf,2023111,Mathematics for Computer Engineering,11,1,
Linear and Non-Linear Programming Problems,Fourier series of even and odd functions,6.21-N-B.E.-AI-ML-sem-III-IV.pdf,2023111,Mathematics for Computer Engineering,12,1,
Linear and Non-Linear Programming Problems,Complex form of Fourier Series,6.21-N-B.E.-AI-ML-sem-III-IV.pdf,2023111,Mathematics for Computer Engineering,13,1,
Linear and Non-Linear Programming Problems,Lines of regression,6.21-N-B.E.-AI-ML-sem-III-IV.pdf,2023111,Mathematics for Computer Engineering,14,1,
Types of solutions,Standard and Canonical of LPP,6.21-N-B.E.-AI-ML-sem-III-IV.pdf,2023111,Mathematics for Computer Engineering,1,1,
Types of solutions,Basic and Feasible solutions,6.21-N-B.E.-AI-ML-sem-III-IV.pdf,2023111,Mathematics for Computer Engineering,2,1,
Types of solutions,Simplex method,6.21-N-B.E.-AI-ML-sem-III-IV.pdf,2023111,Mathematics for Computer Engineering,3,1,
Types of solutions,Artificial variables,6.21-N-B.E.-AI-ML-sem-III-IV.pdf,2023111,Mathematics for Computer Engineering,4,1,
Types of solutions,Kuhn-Tucker conditions,6.21-N-B.E.-AI-ML-sem-III-IV.pdf,2023111,Mathematics for Computer Engineering,5,1,
Types of solutions,Introduction to Congruence,6.21-N-B.E.-AI-ML-sem-III-IV.pdf,2023111,Mathematics for Computer Engineering,6,1,
Types of solutions,Linear congruence,6.21-N-B.E.-AI-ML-sem-III-IV.pdf,2023111,Mathematics for Computer Engineering,7,1,
Types of solutions,Application of congruence-RSA algorithm,6.21-N-B.E.-AI-ML-sem-III-IV.pdf,2023111,Mathematics for Computer Engineering,8,1,
Types of solutions,Dirichlet’s conditions,6.21-N-B.E.-AI-ML-sem-III-IV.pdf,2023111,Mathematics for Computer Engineering,9,1,
Types of solutions,Fourier series of periodic,6.21-N-B.E.-AI-ML-sem-III-IV.pdf,2023111,Mathematics for Computer Engineering,10,1,
Types of solutions,Fourier series of even and odd functions,6.21-N-B.E.-AI-ML-sem-III-IV.pdf,2023111,Mathematics for Computer Engineering,11,1,
Types of solutions,Complex form of Fourier Series,6.21-N-B.E.-AI-ML-sem-III-IV.pdf,2023111,Mathematics for Computer Engineering,12,1,
Types of solutions,Lines of regression,6.21-N-B.E.-AI-ML-sem-III-IV.pdf,2023111,Mathematics for Computer Engineering,13,1,
Types of solutions,Moment generating function,6.21-N-B.E.-AI-ML-sem-III-IV.pdf,2023111,Mathematics for Computer Engineering,14,1,
Standard and Canonical of LPP,Basic and Feasible solutions,6.21-N-B.E.-AI-ML-sem-III-IV.pdf,2023111,Mathematics for Computer Engineering,1,1,
Standard and Canonical of LPP,Simplex method,6.21-N-B.E.-AI-ML-sem-III-IV.pdf,2023111,Mathematics for Computer Engineering,2,1,
Standard and Canonical of LPP,Artificial variables,6.21-N-B.E.-AI-ML-sem-III-IV.pdf,2023111,Mathematics for Computer Engineering,3,1,
Standard and Canonical of LPP,Kuhn-Tucker conditions,6.21-N-B.E.-AI-ML-sem-III-IV.pdf,2023111,Mathematics for Computer Engineering,4,1,
Standard and Canonical of LPP,Introduction to Congruence,6.21-N-B.E.-AI-ML-sem-III-IV.pdf,2023111,Mathematics for Computer Engineering,5,1,
Standard and Canonical of LPP,Linear congruence,6.21-N-B.E.-AI-ML-sem-III-IV.pdf,2023111,Mathematics for Computer Engineering,6,1,
Standard and Canonical of LPP,Application of congruence-RSA algorithm,6.21-N-B.E.-AI-ML-sem-III-IV.pdf,2023111,Mathematics for Computer Engineering,7,1,
Standard and Canonical of LPP,Dirichlet’s conditions,6.21-N-B.E.-AI-ML-sem-III-IV.pdf,2023111,Mathematics for Computer Engineering,8,1,
Standard and Canonical of LPP,Fourier series of periodic,6.21-N-B.E.-AI-ML-sem-III-IV.pdf,2023111,Mathematics for Computer Engineering,9,1,
Standard and Canonical of LPP,Fourier series of even and odd functions,6.21-N-B.E.-AI-ML-sem-III-IV.pdf,2023111,Mathematics for Computer Engineering,10,1,
Standard and Canonical of LPP,Complex form of Fourier Series,6.21-N-B.E.-AI-ML-sem-III-IV.pdf,2023111,Mathematics for Computer Engineering,11,1,
Standard and Canonical of LPP,Lines of regression,6.21-N-B.E.-AI-ML-sem-III-IV.pdf,2023111,Mathematics for Computer Engineering,12,1,
Standard and Canonical of LPP,Moment generating function,6.21-N-B.E.-AI-ML-sem-III-IV.pdf,2023111,Mathematics for Computer Engineering,13,1,
Standard and Canonical of LPP,Raw moments,6.21-N-B.E.-AI-ML-sem-III-IV.pdf,2023111,Mathematics for Computer Engineering,14,1,
Basic and Feasible solutions,Simplex method,6.21-N-B.E.-AI-ML-sem-III-IV.pdf,2023111,Mathematics for Computer Engineering,1,1,
Basic and Feasible solutions,Artificial variables,6.21-N-B.E.-AI-ML-sem-III-IV.pdf,2023111,Mathematics for Computer Engineering,2,1,
Basic and Feasible solutions,Kuhn-Tucker conditions,6.21-N-B.E.-AI-ML-sem-III-IV.pdf,2023111,Mathematics for Computer Engineering,3,1,
Basic and Feasible solutions,Introduction to Congruence,6.21-N-B.E.-AI-ML-sem-III-IV.pdf,2023111,Mathematics for Computer Engineering,4,1,
Basic and Feasible solutions,Linear congruence,6.21-N-B.E.-AI-ML-sem-III-IV.pdf,2023111,Mathematics for Computer Engineering,5,1,
Basic and Feasible solutions,Application of congruence-RSA algorithm,6.21-N-B.E.-AI-ML-sem-III-IV.pdf,2023111,Mathematics for Computer Engineering,6,1,
Basic and Feasible solutions,Dirichlet’s conditions,6.21-N-B.E.-AI-ML-sem-III-IV.pdf,2023111,Mathematics for Computer Engineering,7,1,
Basic and Feasible solutions,Fourier series of periodic,6.21-N-B.E.-AI-ML-sem-III-IV.pdf,2023111,Mathematics for Computer Engineering,8,1,
Basic and Feasible solutions,Fourier series of even and odd functions,6.21-N-B.E.-AI-ML-sem-III-IV.pdf,2023111,Mathematics for Computer Engineering,9,1,
Basic and Feasible solutions,Complex form of Fourier Series,6.21-N-B.E.-AI-ML-sem-III-IV.pdf,2023111,Mathematics for Computer Engineering,10,1,
Basic and Feasible solutions,Lines of regression,6.21-N-B.E.-AI-ML-sem-III-IV.pdf,2023111,Mathematics for Computer Engineering,11,1,
Basic and Feasible solutions,Moment generating function,6.21-N-B.E.-AI-ML-sem-III-IV.pdf,2023111,Mathematics for Computer Engineering,12,1,
Basic and Feasible solutions,Raw moments,6.21-N-B.E.-AI-ML-sem-III-IV.pdf,2023111,Mathematics for Computer Engineering,13,1,
Simplex method,Artificial variables,6.21-N-B.E.-AI-ML-sem-III-IV.pdf,2023111,Mathematics for Computer Engineering,1,1,
Simplex method,Kuhn-Tucker conditions,6.21-N-B.E.-AI-ML-sem-III-IV.pdf,2023111,Mathematics for Computer Engineering,2,1,
Simplex method,Introduction to Congruence,6.21-N-B.E.-AI-ML-sem-III-IV.pdf,2023111,Mathematics for Computer Engineering,3,1,
Simplex method,Linear congruence,6.21-N-B.E.-AI-ML-sem-III-IV.pdf,2023111,Mathematics for Computer Engineering,4,1,
Simplex method,Application of congruence-RSA algorithm,6.21-N-B.E.-AI-ML-sem-III-IV.pdf,2023111,Mathematics for Computer Engineering,5,1,
Simplex method,Dirichlet’s conditions,6.21-N-B.E.-AI-ML-sem-III-IV.pdf,2023111,Mathematics for Computer Engineering,6,1,
Simplex method,Fourier series of periodic,6.21-N-B.E.-AI-ML-sem-III-IV.pdf,2023111,Mathematics for Computer Engineering,7,1,
Simplex method,Fourier series of even and odd functions,6.21-N-B.E.-AI-ML-sem-III-IV.pdf,2023111,Mathematics for Computer Engineering,8,1,
Simplex method,Complex form of Fourier Series,6.21-N-B.E.-AI-ML-sem-III-IV.pdf,2023111,Mathematics for Computer Engineering,9,1,
Simplex method,Lines of regression,6.21-N-B.E.-AI-ML-sem-III-IV.pdf,2023111,Mathematics for Computer Engineering,10,1,
Simplex method,Moment generating function,6.21-N-B.E.-AI-ML-sem-III-IV.pdf,2023111,Mathematics for Computer Engineering,11,1,
Simplex method,Raw moments,6.21-N-B.E.-AI-ML-sem-III-IV.pdf,2023111,Mathematics for Computer Engineering,12,1,
Artificial variables,Kuhn-Tucker conditions,6.21-N-B.E.-AI-ML-sem-III-IV.pdf,2023111,Mathematics for Computer Engineering,1,1,
Artificial variables,Introduction to Congruence,6.21-N-B.E.-AI-ML-sem-III-IV.pdf,2023111,Mathematics for Computer Engineering,2,1,
Artificial variables,Linear congruence,6.21-N-B.E.-AI-ML-sem-III-IV.pdf,2023111,Mathematics for Computer Engineering,3,1,
Artificial variables,Application of congruence-RSA algorithm,6.21-N-B.E.-AI-ML-sem-III-IV.pdf,2023111,Mathematics for Computer Engineering,4,1,
Artificial variables,Dirichlet’s conditions,6.21-N-B.E.-AI-ML-sem-III-IV.pdf,2023111,Mathematics for Computer Engineering,5,1,
Artificial variables,Fourier series of periodic,6.21-N-B.E.-AI-ML-sem-III-IV.pdf,2023111,Mathematics for Computer Engineering,6,1,
Artificial variables,Fourier series of even and odd functions,6.21-N-B.E.-AI-ML-sem-III-IV.pdf,2023111,Mathematics for Computer Engineering,7,1,
Artificial variables,Complex form of Fourier Series,6.21-N-B.E.-AI-ML-sem-III-IV.pdf,2023111,Mathematics for Computer Engineering,8,1,
Artificial variables,Lines of regression,6.21-N-B.E.-AI-ML-sem-III-IV.pdf,2023111,Mathematics for Computer Engineering,9,1,
Artificial variables,Moment generating function,6.21-N-B.E.-AI-ML-sem-III-IV.pdf,2023111,Mathematics for Computer Engineering,10,1,
Artificial variables,Raw moments,6.21-N-B.E.-AI-ML-sem-III-IV.pdf,2023111,Mathematics for Computer Engineering,11,1,
Kuhn-Tucker conditions,Introduction to Congruence,6.21-N-B.E.-AI-ML-sem-III-IV.pdf,2023111,Mathematics for Computer Engineering,1,1,
Kuhn-Tucker conditions,Linear congruence,6.21-N-B.E.-AI-ML-sem-III-IV.pdf,2023111,Mathematics for Computer Engineering,2,1,
Kuhn-Tucker conditions,Application of congruence-RSA algorithm,6.21-N-B.E.-AI-ML-sem-III-IV.pdf,2023111,Mathematics for Computer Engineering,3,1,
Kuhn-Tucker conditions,Dirichlet’s conditions,6.21-N-B.E.-AI-ML-sem-III-IV.pdf,2023111,Mathematics for Computer Engineering,4,1,
Kuhn-Tucker conditions,Fourier series of periodic,6.21-N-B.E.-AI-ML-sem-III-IV.pdf,2023111,Mathematics for Computer Engineering,5,1,
Kuhn-Tucker conditions,Fourier series of even and odd functions,6.21-N-B.E.-AI-ML-sem-III-IV.pdf,2023111,Mathematics for Computer Engineering,6,1,
Kuhn-Tucker conditions,Complex form of Fourier Series,6.21-N-B.E.-AI-ML-sem-III-IV.pdf,2023111,Mathematics for Computer Engineering,7,1,
Kuhn-Tucker conditions,Lines of regression,6.21-N-B.E.-AI-ML-sem-III-IV.pdf,2023111,Mathematics for Computer Engineering,8,1,
Kuhn-Tucker conditions,Moment generating function,6.21-N-B.E.-AI-ML-sem-III-IV.pdf,2023111,Mathematics for Computer Engineering,9,1,
Kuhn-Tucker conditions,Raw moments,6.21-N-B.E.-AI-ML-sem-III-IV.pdf,2023111,Mathematics for Computer Engineering,10,1,
Introduction to Congruence,Linear congruence,6.21-N-B.E.-AI-ML-sem-III-IV.pdf,2023111,Mathematics for Computer Engineering,1,1,
Introduction to Congruence,Application of congruence-RSA algorithm,6.21-N-B.E.-AI-ML-sem-III-IV.pdf,2023111,Mathematics for Computer Engineering,2,1,
Introduction to Congruence,Dirichlet’s conditions,6.21-N-B.E.-AI-ML-sem-III-IV.pdf,2023111,Mathematics for Computer Engineering,3,1,
Introduction to Congruence,Fourier series of periodic,6.21-N-B.E.-AI-ML-sem-III-IV.pdf,2023111,Mathematics for Computer Engineering,4,1,
Introduction to Congruence,Fourier series of even and odd functions,6.21-N-B.E.-AI-ML-sem-III-IV.pdf,2023111,Mathematics for Computer Engineering,5,1,
Introduction to Congruence,Complex form of Fourier Series,6.21-N-B.E.-AI-ML-sem-III-IV.pdf,2023111,Mathematics for Computer Engineering,6,1,
Introduction to Congruence,Lines of regression,6.21-N-B.E.-AI-ML-sem-III-IV.pdf,2023111,Mathematics for Computer Engineering,7,1,
Introduction to Congruence,Moment generating function,6.21-N-B.E.-AI-ML-sem-III-IV.pdf,2023111,Mathematics for Computer Engineering,8,1,
Introduction to Congruence,Raw moments,6.21-N-B.E.-AI-ML-sem-III-IV.pdf,2023111,Mathematics for Computer Engineering,9,1,
Linear congruence,Application of congruence-RSA algorithm,6.21-N-B.E.-AI-ML-sem-III-IV.pdf,2023111,Mathematics for Computer Engineering,1,1,
Linear congruence,Dirichlet’s conditions,6.21-N-B.E.-AI-ML-sem-III-IV.pdf,2023111,Mathematics for Computer Engineering,2,1,
Linear congruence,Fourier series of periodic,6.21-N-B.E.-AI-ML-sem-III-IV.pdf,2023111,Mathematics for Computer Engineering,3,1,
Linear congruence,Fourier series of even and odd functions,6.21-N-B.E.-AI-ML-sem-III-IV.pdf,2023111,Mathematics for Computer Engineering,4,1,
Linear congruence,Complex form of Fourier Series,6.21-N-B.E.-AI-ML-sem-III-IV.pdf,2023111,Mathematics for Computer Engineering,5,1,
Linear congruence,Lines of regression,6.21-N-B.E.-AI-ML-sem-III-IV.pdf,2023111,Mathematics for Computer Engineering,6,1,
Linear congruence,Moment generating function,6.21-N-B.E.-AI-ML-sem-III-IV.pdf,2023111,Mathematics for Computer Engineering,7,1,
Linear congruence,Raw moments,6.21-N-B.E.-AI-ML-sem-III-IV.pdf,2023111,Mathematics for Computer Engineering,8,1,
Application of congruence-RSA algorithm,Dirichlet’s conditions,6.21-N-B.E.-AI-ML-sem-III-IV.pdf,2023111,Mathematics for Computer Engineering,1,1,
Application of congruence-RSA algorithm,Fourier series of periodic,6.21-N-B.E.-AI-ML-sem-III-IV.pdf,2023111,Mathematics for Computer Engineering,2,1,
Application of congruence-RSA algorithm,Fourier series of even and odd functions,6.21-N-B.E.-AI-ML-sem-III-IV.pdf,2023111,Mathematics for Computer Engineering,3,1,
Application of congruence-RSA algorithm,Complex form of Fourier Series,6.21-N-B.E.-AI-ML-sem-III-IV.pdf,2023111,Mathematics for Computer Engineering,4,1,
Application of congruence-RSA algorithm,Lines of regression,6.21-N-B.E.-AI-ML-sem-III-IV.pdf,2023111,Mathematics for Computer Engineering,5,1,
Application of congruence-RSA algorithm,Moment generating function,6.21-N-B.E.-AI-ML-sem-III-IV.pdf,2023111,Mathematics for Computer Engineering,6,1,
Application of congruence-RSA algorithm,Raw moments,6.21-N-B.E.-AI-ML-sem-III-IV.pdf,2023111,Mathematics for Computer Engineering,7,1,
Dirichlet’s conditions,Fourier series of periodic,6.21-N-B.E.-AI-ML-sem-III-IV.pdf,2023111,Mathematics for Computer Engineering,1,1,
Dirichlet’s conditions,Fourier series of even and odd functions,6.21-N-B.E.-AI-ML-sem-III-IV.pdf,2023111,Mathematics for Computer Engineering,2,1,
Dirichlet’s conditions,Complex form of Fourier Series,6.21-N-B.E.-AI-ML-sem-III-IV.pdf,2023111,Mathematics for Computer Engineering,3,1,
Dirichlet’s conditions,Lines of regression,6.21-N-B.E.-AI-ML-sem-III-IV.pdf,2023111,Mathematics for Computer Engineering,4,1,
Dirichlet’s conditions,Moment generating function,6.21-N-B.E.-AI-ML-sem-III-IV.pdf,2023111,Mathematics for Computer Engineering,5,1,
Dirichlet’s conditions,Raw moments,6.21-N-B.E.-AI-ML-sem-III-IV.pdf,2023111,Mathematics for Computer Engineering,6,1,
Fourier series of periodic,Fourier series of even and odd functions,6.21-N-B.E.-AI-ML-sem-III-IV.pdf,2023111,Mathematics for Computer Engineering,1,1,
Fourier series of periodic,Complex form of Fourier Series,6.21-N-B.E.-AI-ML-sem-III-IV.pdf,2023111,Mathematics for Computer Engineering,2,1,
Fourier series of periodic,Lines of regression,6.21-N-B.E.-AI-ML-sem-III-IV.pdf,2023111,Mathematics for Computer Engineering,3,1,
Fourier series of periodic,Moment generating function,6.21-N-B.E.-AI-ML-sem-III-IV.pdf,2023111,Mathematics for Computer Engineering,4,1,
Fourier series of periodic,Raw moments,6.21-N-B.E.-AI-ML-sem-III-IV.pdf,2023111,Mathematics for Computer Engineering,5,1,
Fourier series of even and odd functions,Complex form of Fourier Series,6.21-N-B.E.-AI-ML-sem-III-IV.pdf,2023111,Mathematics for Computer Engineering,1,1,
Fourier series of even and odd functions,Lines of regression,6.21-N-B.E.-AI-ML-sem-III-IV.pdf,2023111,Mathematics for Computer Engineering,2,1,
Fourier series of even and odd functions,Moment generating function,6.21-N-B.E.-AI-ML-sem-III-IV.pdf,2023111,Mathematics for Computer Engineering,3,1,
Fourier series of even and odd functions,Raw moments,6.21-N-B.E.-AI-ML-sem-III-IV.pdf,2023111,Mathematics for Computer Engineering,4,1,
Complex form of Fourier Series,Lines of regression,6.21-N-B.E.-AI-ML-sem-III-IV.pdf,2023111,Mathematics for Computer Engineering,1,1,
Complex form of Fourier Series,Moment generating function,6.21-N-B.E.-AI-ML-sem-III-IV.pdf,2023111,Mathematics for Computer Engineering,2,1,
Complex form of Fourier Series,Raw moments,6.21-N-B.E.-AI-ML-sem-III-IV.pdf,2023111,Mathematics for Computer Engineering,3,1,
Lines of regression,Moment generating function,6.21-N-B.E.-AI-ML-sem-III-IV.pdf,2023111,Mathematics for Computer Engineering,1,1,
Lines of regression,Raw moments,6.21-N-B.E.-AI-ML-sem-III-IV.pdf,2023111,Mathematics for Computer Engineering,2,1,
Moment generating function,Raw moments,6.21-N-B.E.-AI-ML-sem-III-IV.pdf,2023111,Mathematics for Computer Engineering,1,1,
Propositional and Predicate Logic,Determining risk,6.21-N-B.E.-AI-ML-sem-III-IV.pdf,2023112,Discrete Structures and Graph,1,1,
Propositional and Predicate Logic,Taxes and tax brackets,6.21-N-B.E.-AI-ML-sem-III-IV.pdf,2023112,Discrete Structures and Graph,2,1,
Propositional and Predicate Logic,Vending machines,6.21-N-B.E.-AI-ML-sem-III-IV.pdf,2023112,Discrete Structures and Graph,3,1,
Propositional and Predicate Logic,"Counting Pigeonhole Principle, Inclusion-Exclusion Principle. Recurrence relations, Solving recurrence relations",6.21-N-B.E.-AI-ML-sem-III-IV.pdf,2023112,Discrete Structures and Graph,4,1,
Determining risk,Taxes and tax brackets,6.21-N-B.E.-AI-ML-sem-III-IV.pdf,2023112,Discrete Structures and Graph,1,1,
Determining risk,Vending machines,6.21-N-B.E.-AI-ML-sem-III-IV.pdf,2023112,Discrete Structures and Graph,2,1,
Determining risk,"Counting Pigeonhole Principle, Inclusion-Exclusion Principle. Recurrence relations, Solving recurrence relations",6.21-N-B.E.-AI-ML-sem-III-IV.pdf,2023112,Discrete Structures and Graph,3,1,
Taxes and tax brackets,Vending machines,6.21-N-B.E.-AI-ML-sem-III-IV.pdf,2023112,Discrete Structures and Graph,1,1,
Taxes and tax brackets,"Counting Pigeonhole Principle, Inclusion-Exclusion Principle. Recurrence relations, Solving recurrence relations",6.21-N-B.E.-AI-ML-sem-III-IV.pdf,2023112,Discrete Structures and Graph,2,1,
Vending machines,"Counting Pigeonhole Principle, Inclusion-Exclusion Principle. Recurrence relations, Solving recurrence relations",6.21-N-B.E.-AI-ML-sem-III-IV.pdf,2023112,Discrete Structures and Graph,1,1,
RE in text search and replace,Application of Regular,6.21-N-B.E.-AI-ML-sem-III-IV.pdf,2024111,Computational,1,1,
RE in text search and replace,Languages in Compiler Design,6.21-N-B.E.-AI-ML-sem-III-IV.pdf,2024111,Computational,2,1,
RE in text search and replace,Nondeterministic Finite Automata (NFA): Definitions,6.21-N-B.E.-AI-ML-sem-III-IV.pdf,2024111,Computational,3,1,
RE in text search and replace,Equivalence between NFA with and ϵ- transitions,6.21-N-B.E.-AI-ML-sem-III-IV.pdf,2024111,Computational,4,1,
RE in text search and replace,Minimization of DFA,6.21-N-B.E.-AI-ML-sem-III-IV.pdf,2024111,Computational,5,1,
Application of Regular,Languages in Compiler Design,6.21-N-B.E.-AI-ML-sem-III-IV.pdf,2024111,Computational,1,1,
Application of Regular,Nondeterministic Finite Automata (NFA): Definitions,6.21-N-B.E.-AI-ML-sem-III-IV.pdf,2024111,Computational,2,1,
Application of Regular,Equivalence between NFA with and ϵ- transitions,6.21-N-B.E.-AI-ML-sem-III-IV.pdf,2024111,Computational,3,1,
Application of Regular,Minimization of DFA,6.21-N-B.E.-AI-ML-sem-III-IV.pdf,2024111,Computational,4,1,
Languages in Compiler Design,Nondeterministic Finite Automata (NFA): Definitions,6.21-N-B.E.-AI-ML-sem-III-IV.pdf,2024111,Computational,1,1,
Languages in Compiler Design,Equivalence between NFA with and ϵ- transitions,6.21-N-B.E.-AI-ML-sem-III-IV.pdf,2024111,Computational,2,1,
Languages in Compiler Design,Minimization of DFA,6.21-N-B.E.-AI-ML-sem-III-IV.pdf,2024111,Computational,3,1,
Nondeterministic Finite Automata (NFA): Definitions,Equivalence between NFA with and ϵ- transitions,6.21-N-B.E.-AI-ML-sem-III-IV.pdf,2024111,Computational,1,1,
Nondeterministic Finite Automata (NFA): Definitions,Minimization of DFA,6.21-N-B.E.-AI-ML-sem-III-IV.pdf,2024111,Computational,2,1,
Equivalence between NFA with and ϵ- transitions,Minimization of DFA,6.21-N-B.E.-AI-ML-sem-III-IV.pdf,2024111,Computational,1,1,
Cayley-Hamilton,Linear Algebra (Theory of Matrices) verification and reduction of higher degree polynomials,6.24-N-B.E.-Computer-Engineering-Sem-III-IV.pdf,2113111,Mathematics for Computer Engineering,1,1,
Cayley-Hamilton,Similarity of matrices,6.24-N-B.E.-Computer-Engineering-Sem-III-IV.pdf,2113111,Mathematics for Computer Engineering,2,1,
Cayley-Hamilton,Quadratic forms,6.24-N-B.E.-Computer-Engineering-Sem-III-IV.pdf,2113111,Mathematics for Computer Engineering,3,1,
Cayley-Hamilton,Linear and Non-Linear Programming Problems,6.24-N-B.E.-Computer-Engineering-Sem-III-IV.pdf,2113111,Mathematics for Computer Engineering,4,1,
Cayley-Hamilton,Types of solutions,6.24-N-B.E.-Computer-Engineering-Sem-III-IV.pdf,2113111,Mathematics for Computer Engineering,5,1,
Cayley-Hamilton,Standard and Canonical of LPP,6.24-N-B.E.-Computer-Engineering-Sem-III-IV.pdf,2113111,Mathematics for Computer Engineering,6,1,
Cayley-Hamilton,Basic and Feasible solutions,6.24-N-B.E.-Computer-Engineering-Sem-III-IV.pdf,2113111,Mathematics for Computer Engineering,7,1,
Cayley-Hamilton,Simplex method,6.24-N-B.E.-Computer-Engineering-Sem-III-IV.pdf,2113111,Mathematics for Computer Engineering,8,1,
Cayley-Hamilton,Artificial variables,6.24-N-B.E.-Computer-Engineering-Sem-III-IV.pdf,2113111,Mathematics for Computer Engineering,9,1,
Cayley-Hamilton,Kuhn-Tucker conditions,6.24-N-B.E.-Computer-Engineering-Sem-III-IV.pdf,2113111,Mathematics for Computer Engineering,10,1,
Cayley-Hamilton,Introduction to Congruence,6.24-N-B.E.-Computer-Engineering-Sem-III-IV.pdf,2113111,Mathematics for Computer Engineering,11,1,
Cayley-Hamilton,Linear congruence,6.24-N-B.E.-Computer-Engineering-Sem-III-IV.pdf,2113111,Mathematics for Computer Engineering,12,1,
Cayley-Hamilton,Application of congruence-RSA algorithm,6.24-N-B.E.-Computer-Engineering-Sem-III-IV.pdf,2113111,Mathematics for Computer Engineering,13,1,
Cayley-Hamilton,Dirichlet’s conditions,6.24-N-B.E.-Computer-Engineering-Sem-III-IV.pdf,2113111,Mathematics for Computer Engineering,14,1,
Linear Algebra (Theory of Matrices) verification and reduction of higher degree polynomials,Similarity of matrices,6.24-N-B.E.-Computer-Engineering-Sem-III-IV.pdf,2113111,Mathematics for Computer Engineering,1,1,
Linear Algebra (Theory of Matrices) verification and reduction of higher degree polynomials,Quadratic forms,6.24-N-B.E.-Computer-Engineering-Sem-III-IV.pdf,2113111,Mathematics for Computer Engineering,2,1,
Linear Algebra (Theory of Matrices) verification and reduction of higher degree polynomials,Linear and Non-Linear Programming Problems,6.24-N-B.E.-Computer-Engineering-Sem-III-IV.pdf,2113111,Mathematics for Computer Engineering,3,1,
Linear Algebra (Theory of Matrices) verification and reduction of higher degree polynomials,Types of solutions,6.24-N-B.E.-Computer-Engineering-Sem-III-IV.pdf,2113111,Mathematics for Computer Engineering,4,1,
Linear Algebra (Theory of Matrices) verification and reduction of higher degree polynomials,Standard and Canonical of LPP,6.24-N-B.E.-Computer-Engineering-Sem-III-IV.pdf,2113111,Mathematics for Computer Engineering,5,1,
Linear Algebra (Theory of Matrices) verification and reduction of higher degree polynomials,Basic and Feasible solutions,6.24-N-B.E.-Computer-Engineering-Sem-III-IV.pdf,2113111,Mathematics for Computer Engineering,6,1,
Linear Algebra (Theory of Matrices) verification and reduction of higher degree polynomials,Simplex method,6.24-N-B.E.-Computer-Engineering-Sem-III-IV.pdf,2113111,Mathematics for Computer Engineering,7,1,
Linear Algebra (Theory of Matrices) verification and reduction of higher degree polynomials,Artificial variables,6.24-N-B.E.-Computer-Engineering-Sem-III-IV.pdf,2113111,Mathematics for Computer Engineering,8,1,
Linear Algebra (Theory of Matrices) verification and reduction of higher degree polynomials,Kuhn-Tucker conditions,6.24-N-B.E.-Computer-Engineering-Sem-III-IV.pdf,2113111,Mathematics for Computer Engineering,9,1,
Linear Algebra (Theory of Matrices) verification and reduction of higher degree polynomials,Introduction to Congruence,6.24-N-B.E.-Computer-Engineering-Sem-III-IV.pdf,2113111,Mathematics for Computer Engineering,10,1,
Linear Algebra (Theory of Matrices) verification and reduction of higher degree polynomials,Linear congruence,6.24-N-B.E.-Computer-Engineering-Sem-III-IV.pdf,2113111,Mathematics for Computer Engineering,11,1,
Linear Algebra (Theory of Matrices) verification and reduction of higher degree polynomials,Application of congruence-RSA algorithm,6.24-N-B.E.-Computer-Engineering-Sem-III-IV.pdf,2113111,Mathematics for Computer Engineering,12,1,
Linear Algebra (Theory of Matrices) verification and reduction of higher degree polynomials,Dirichlet’s conditions,6.24-N-B.E.-Computer-Engineering-Sem-III-IV.pdf,2113111,Mathematics for Computer Engineering,13,1,
Linear Algebra (Theory of Matrices) verification and reduction of higher degree polynomials,Fourier series of periodic,6.24-N-B.E.-Computer-Engineering-Sem-III-IV.pdf,2113111,Mathematics for Computer Engineering,14,1,
Similarity of matrices,Quadratic forms,6.24-N-B.E.-Computer-Engineering-Sem-III-IV.pdf,2113111,Mathematics for Computer Engineering,1,1,
Similarity of matrices,Linear and Non-Linear Programming Problems,6.24-N-B.E.-Computer-Engineering-Sem-III-IV.pdf,2113111,Mathematics for Computer Engineering,2,1,
Similarity of matrices,Types of solutions,6.24-N-B.E.-Computer-Engineering-Sem-III-IV.pdf,2113111,Mathematics for Computer Engineering,3,1,
Similarity of matrices,Standard and Canonical of LPP,6.24-N-B.E.-Computer-Engineering-Sem-III-IV.pdf,2113111,Mathematics for Computer Engineering,4,1,
Similarity of matrices,Basic and Feasible solutions,6.24-N-B.E.-Computer-Engineering-Sem-III-IV.pdf,2113111,Mathematics for Computer Engineering,5,1,
Similarity of matrices,Simplex method,6.24-N-B.E.-Computer-Engineering-Sem-III-IV.pdf,2113111,Mathematics for Computer Engineering,6,1,
Similarity of matrices,Artificial variables,6.24-N-B.E.-Computer-Engineering-Sem-III-IV.pdf,2113111,Mathematics for Computer Engineering,7,1,
Similarity of matrices,Kuhn-Tucker conditions,6.24-N-B.E.-Computer-Engineering-Sem-III-IV.pdf,2113111,Mathematics for Computer Engineering,8,1,
Similarity of matrices,Introduction to Congruence,6.24-N-B.E.-Computer-Engineering-Sem-III-IV.pdf,2113111,Mathematics for Computer Engineering,9,1,
Similarity of matrices,Linear congruence,6.24-N-B.E.-Computer-Engineering-Sem-III-IV.pdf,2113111,Mathematics for Computer Engineering,10,1,
Similarity of matrices,Application of congruence-RSA algorithm,6.24-N-B.E.-Computer-Engineering-Sem-III-IV.pdf,2113111,Mathematics for Computer Engineering,11,1,
Similarity of matrices,Dirichlet’s conditions,6.24-N-B.E.-Computer-Engineering-Sem-III-IV.pdf,2113111,Mathematics for Computer Engineering,12,1,
Similarity of matrices,Fourier series of periodic,6.24-N-B.E.-Computer-Engineering-Sem-III-IV.pdf,2113111,Mathematics for Computer Engineering,13,1,
Similarity of matrices,Fourier series of even and odd functions,6.24-N-B.E.-Computer-Engineering-Sem-III-IV.pdf,2113111,Mathematics for Computer Engineering,14,1,
Quadratic forms,Linear and Non-Linear Programming Problems,6.24-N-B.E.-Computer-Engineering-Sem-III-IV.pdf,2113111,Mathematics for Computer Engineering,1,1,
Quadratic forms,Types of solutions,6.24-N-B.E.-Computer-Engineering-Sem-III-IV.pdf,2113111,Mathematics for Computer Engineering,2,1,
Quadratic forms,Standard and Canonical of LPP,6.24-N-B.E.-Computer-Engineering-Sem-III-IV.pdf,2113111,Mathematics for Computer Engineering,3,1,
Quadratic forms,Basic and Feasible solutions,6.24-N-B.E.-Computer-Engineering-Sem-III-IV.pdf,2113111,Mathematics for Computer Engineering,4,1,
Quadratic forms,Simplex method,6.24-N-B.E.-Computer-Engineering-Sem-III-IV.pdf,2113111,Mathematics for Computer Engineering,5,1,
Quadratic forms,Artificial variables,6.24-N-B.E.-Computer-Engineering-Sem-III-IV.pdf,2113111,Mathematics for Computer Engineering,6,1,
Quadratic forms,Kuhn-Tucker conditions,6.24-N-B.E.-Computer-Engineering-Sem-III-IV.pdf,2113111,Mathematics for Computer Engineering,7,1,
Quadratic forms,Introduction to Congruence,6.24-N-B.E.-Computer-Engineering-Sem-III-IV.pdf,2113111,Mathematics for Computer Engineering,8,1,
Quadratic forms,Linear congruence,6.24-N-B.E.-Computer-Engineering-Sem-III-IV.pdf,2113111,Mathematics for Computer Engineering,9,1,
Quadratic forms,Application of congruence-RSA algorithm,6.24-N-B.E.-Computer-Engineering-Sem-III-IV.pdf,2113111,Mathematics for Computer Engineering,10,1,
Quadratic forms,Dirichlet’s conditions,6.24-N-B.E.-Computer-Engineering-Sem-III-IV.pdf,2113111,Mathematics for Computer Engineering,11,1,
Quadratic forms,Fourier series of periodic,6.24-N-B.E.-Computer-Engineering-Sem-III-IV.pdf,2113111,Mathematics for Computer Engineering,12,1,
Quadratic forms,Fourier series of even and odd functions,6.24-N-B.E.-Computer-Engineering-Sem-III-IV.pdf,2113111,Mathematics for Computer Engineering,13,1,
Quadratic forms,Complex form of Fourier Series,6.24-N-B.E.-Computer-Engineering-Sem-III-IV.pdf,2113111,Mathematics for Computer Engineering,14,1,
Linear and Non-Linear Programming Problems,Types of solutions,6.24-N-B.E.-Computer-Engineering-Sem-III-IV.pdf,2113111,Mathematics for Computer Engineering,1,1,
Linear and Non-Linear Programming Problems,Standard and Canonical of LPP,6.24-N-B.E.-Computer-Engineering-Sem-III-IV.pdf,2113111,Mathematics for Computer Engineering,2,1,
Linear and Non-Linear Programming Problems,Basic and Feasible solutions,6.24-N-B.E.-Computer-Engineering-Sem-III-IV.pdf,2113111,Mathematics for Computer Engineering,3,1,
Linear and Non-Linear Programming Problems,Simplex method,6.24-N-B.E.-Computer-Engineering-Sem-III-IV.pdf,2113111,Mathematics for Computer Engineering,4,1,
Linear and Non-Linear Programming Problems,Artificial variables,6.24-N-B.E.-Computer-Engineering-Sem-III-IV.pdf,2113111,Mathematics for Computer Engineering,5,1,
Linear and Non-Linear Programming Problems,Kuhn-Tucker conditions,6.24-N-B.E.-Computer-Engineering-Sem-III-IV.pdf,2113111,Mathematics for Computer Engineering,6,1,
Linear and Non-Linear Programming Problems,Introduction to Congruence,6.24-N-B.E.-Computer-Engineering-Sem-III-IV.pdf,2113111,Mathematics for Computer Engineering,7,1,
Linear and Non-Linear Programming Problems,Linear congruence,6.24-N-B.E.-Computer-Engineering-Sem-III-IV.pdf,2113111,Mathematics for Computer Engineering,8,1,
Linear and Non-Linear Programming Problems,Application of congruence-RSA algorithm,6.24-N-B.E.-Computer-Engineering-Sem-III-IV.pdf,2113111,Mathematics for Computer Engineering,9,1,
Linear and Non-Linear Programming Problems,Dirichlet’s conditions,6.24-N-B.E.-Computer-Engineering-Sem-III-IV.pdf,2113111,Mathematics for Computer Engineering,10,1,
Linear and Non-Linear Programming Problems,Fourier series of periodic,6.24-N-B.E.-Computer-Engineering-Sem-III-IV.pdf,2113111,Mathematics for Computer Engineering,11,1,
Linear and Non-Linear Programming Problems,Fourier series of even and odd functions,6.24-N-B.E.-Computer-Engineering-Sem-III-IV.pdf,2113111,Mathematics for Computer Engineering,12,1,
Linear and Non-Linear Programming Problems,Complex form of Fourier Series,6.24-N-B.E.-Computer-Engineering-Sem-III-IV.pdf,2113111,Mathematics for Computer Engineering,13,1,
Linear and Non-Linear Programming Problems,Lines of regression,6.24-N-B.E.-Computer-Engineering-Sem-III-IV.pdf,2113111,Mathematics for Computer Engineering,14,1,
Types of solutions,Standard and Canonical of LPP,6.24-N-B.E.-Computer-Engineering-Sem-III-IV.pdf,2113111,Mathematics for Computer Engineering,1,1,
Types of solutions,Basic and Feasible solutions,6.24-N-B.E.-Computer-Engineering-Sem-III-IV.pdf,2113111,Mathematics for Computer Engineering,2,1,
Types of solutions,Simplex method,6.24-N-B.E.-Computer-Engineering-Sem-III-IV.pdf,2113111,Mathematics for Computer Engineering,3,1,
Types of solutions,Artificial variables,6.24-N-B.E.-Computer-Engineering-Sem-III-IV.pdf,2113111,Mathematics for Computer Engineering,4,1,
Types of solutions,Kuhn-Tucker conditions,6.24-N-B.E.-Computer-Engineering-Sem-III-IV.pdf,2113111,Mathematics for Computer Engineering,5,1,
Types of solutions,Introduction to Congruence,6.24-N-B.E.-Computer-Engineering-Sem-III-IV.pdf,2113111,Mathematics for Computer Engineering,6,1,
Types of solutions,Linear congruence,6.24-N-B.E.-Computer-Engineering-Sem-III-IV.pdf,2113111,Mathematics for Computer Engineering,7,1,
Types of solutions,Application of congruence-RSA algorithm,6.24-N-B.E.-Computer-Engineering-Sem-III-IV.pdf,2113111,Mathematics for Computer Engineering,8,1,
Types of solutions,Dirichlet’s conditions,6.24-N-B.E.-Computer-Engineering-Sem-III-IV.pdf,2113111,Mathematics for Computer Engineering,9,1,
Types of solutions,Fourier series of periodic,6.24-N-B.E.-Computer-Engineering-Sem-III-IV.pdf,2113111,Mathematics for Computer Engineering,10,1,
Types of solutions,Fourier series of even and odd functions,6.24-N-B.E.-Computer-Engineering-Sem-III-IV.pdf,2113111,Mathematics for Computer Engineering,11,1,
Types of solutions,Complex form of Fourier Series,6.24-N-B.E.-Computer-Engineering-Sem-III-IV.pdf,2113111,Mathematics for Computer Engineering,12,1,
Types of solutions,Lines of regression,6.24-N-B.E.-Computer-Engineering-Sem-III-IV.pdf,2113111,Mathematics for Computer Engineering,13,1,
Types of solutions,Moment generating function,6.24-N-B.E.-Computer-Engineering-Sem-III-IV.pdf,2113111,Mathematics for Computer Engineering,14,1,
Standard and Canonical of LPP,Basic and Feasible solutions,6.24-N-B.E.-Computer-Engineering-Sem-III-IV.pdf,2113111,Mathematics for Computer Engineering,1,1,
Standard and Canonical of LPP,Simplex method,6.24-N-B.E.-Computer-Engineering-Sem-III-IV.pdf,2113111,Mathematics for Computer Engineering,2,1,
Standard and Canonical of LPP,Artificial variables,6.24-N-B.E.-Computer-Engineering-Sem-III-IV.pdf,2113111,Mathematics for Computer Engineering,3,1,
Standard and Canonical of LPP,Kuhn-Tucker conditions,6.24-N-B.E.-Computer-Engineering-Sem-III-IV.pdf,2113111,Mathematics for Computer Engineering,4,1,
Standard and Canonical of LPP,Introduction to Congruence,6.24-N-B.E.-Computer-Engineering-Sem-III-IV.pdf,2113111,Mathematics for Computer Engineering,5,1,
Standard and Canonical of LPP,Linear congruence,6.24-N-B.E.-Computer-Engineering-Sem-III-IV.pdf,2113111,Mathematics for Computer Engineering,6,1,
Standard and Canonical of LPP,Application of congruence-RSA algorithm,6.24-N-B.E.-Computer-Engineering-Sem-III-IV.pdf,2113111,Mathematics for Computer Engineering,7,1,
Standard and Canonical of LPP,Dirichlet’s conditions,6.24-N-B.E.-Computer-Engineering-Sem-III-IV.pdf,2113111,Mathematics for Computer Engineering,8,1,
Standard and Canonical of LPP,Fourier series of periodic,6.24-N-B.E.-Computer-Engineering-Sem-III-IV.pdf,2113111,Mathematics for Computer Engineering,9,1,
Standard and Canonical of LPP,Fourier series of even and odd functions,6.24-N-B.E.-Computer-Engineering-Sem-III-IV.pdf,2113111,Mathematics for Computer Engineering,10,1,
Standard and Canonical of LPP,Complex form of Fourier Series,6.24-N-B.E.-Computer-Engineering-Sem-III-IV.pdf,2113111,Mathematics for Computer Engineering,11,1,
Standard and Canonical of LPP,Lines of regression,6.24-N-B.E.-Computer-Engineering-Sem-III-IV.pdf,2113111,Mathematics for Computer Engineering,12,1,
Standard and Canonical of LPP,Moment generating function,6.24-N-B.E.-Computer-Engineering-Sem-III-IV.pdf,2113111,Mathematics for Computer Engineering,13,1,
Standard and Canonical of LPP,Raw moments,6.24-N-B.E.-Computer-Engineering-Sem-III-IV.pdf,2113111,Mathematics for Computer Engineering,14,1,
Basic and Feasible solutions,Simplex method,6.24-N-B.E.-Computer-Engineering-Sem-III-IV.pdf,2113111,Mathematics for Computer Engineering,1,1,
Basic and Feasible solutions,Artificial variables,6.24-N-B.E.-Computer-Engineering-Sem-III-IV.pdf,2113111,Mathematics for Computer Engineering,2,1,
Basic and Feasible solutions,Kuhn-Tucker conditions,6.24-N-B.E.-Computer-Engineering-Sem-III-IV.pdf,2113111,Mathematics for Computer Engineering,3,1,
Basic and Feasible solutions,Introduction to Congruence,6.24-N-B.E.-Computer-Engineering-Sem-III-IV.pdf,2113111,Mathematics for Computer Engineering,4,1,
Basic and Feasible solutions,Linear congruence,6.24-N-B.E.-Computer-Engineering-Sem-III-IV.pdf,2113111,Mathematics for Computer Engineering,5,1,
Basic and Feasible solutions,Application of congruence-RSA algorithm,6.24-N-B.E.-Computer-Engineering-Sem-III-IV.pdf,2113111,Mathematics for Computer Engineering,6,1,
Basic and Feasible solutions,Dirichlet’s conditions,6.24-N-B.E.-Computer-Engineering-Sem-III-IV.pdf,2113111,Mathematics for Computer Engineering,7,1,
Basic and Feasible solutions,Fourier series of periodic,6.24-N-B.E.-Computer-Engineering-Sem-III-IV.pdf,2113111,Mathematics for Computer Engineering,8,1,
Basic and Feasible solutions,Fourier series of even and odd functions,6.24-N-B.E.-Computer-Engineering-Sem-III-IV.pdf,2113111,Mathematics for Computer Engineering,9,1,
Basic and Feasible solutions,Complex form of Fourier Series,6.24-N-B.E.-Computer-Engineering-Sem-III-IV.pdf,2113111,Mathematics for Computer Engineering,10,1,
Basic and Feasible solutions,Lines of regression,6.24-N-B.E.-Computer-Engineering-Sem-III-IV.pdf,2113111,Mathematics for Computer Engineering,11,1,
Basic and Feasible solutions,Moment generating function,6.24-N-B.E.-Computer-Engineering-Sem-III-IV.pdf,2113111,Mathematics for Computer Engineering,12,1,
Basic and Feasible solutions,Raw moments,6.24-N-B.E.-Computer-Engineering-Sem-III-IV.pdf,2113111,Mathematics for Computer Engineering,13,1,
Simplex method,Artificial variables,6.24-N-B.E.-Computer-Engineering-Sem-III-IV.pdf,2113111,Mathematics for Computer Engineering,1,1,
Simplex method,Kuhn-Tucker conditions,6.24-N-B.E.-Computer-Engineering-Sem-III-IV.pdf,2113111,Mathematics for Computer Engineering,2,1,
Simplex method,Introduction to Congruence,6.24-N-B.E.-Computer-Engineering-Sem-III-IV.pdf,2113111,Mathematics for Computer Engineering,3,1,
Simplex method,Linear congruence,6.24-N-B.E.-Computer-Engineering-Sem-III-IV.pdf,2113111,Mathematics for Computer Engineering,4,1,
Simplex method,Application of congruence-RSA algorithm,6.24-N-B.E.-Computer-Engineering-Sem-III-IV.pdf,2113111,Mathematics for Computer Engineering,5,1,
Simplex method,Dirichlet’s conditions,6.24-N-B.E.-Computer-Engineering-Sem-III-IV.pdf,2113111,Mathematics for Computer Engineering,6,1,
Simplex method,Fourier series of periodic,6.24-N-B.E.-Computer-Engineering-Sem-III-IV.pdf,2113111,Mathematics for Computer Engineering,7,1,
Simplex method,Fourier series of even and odd functions,6.24-N-B.E.-Computer-Engineering-Sem-III-IV.pdf,2113111,Mathematics for Computer Engineering,8,1,
Simplex method,Complex form of Fourier Series,6.24-N-B.E.-Computer-Engineering-Sem-III-IV.pdf,2113111,Mathematics for Computer Engineering,9,1,
Simplex method,Lines of regression,6.24-N-B.E.-Computer-Engineering-Sem-III-IV.pdf,2113111,Mathematics for Computer Engineering,10,1,
Simplex method,Moment generating function,6.24-N-B.E.-Computer-Engineering-Sem-III-IV.pdf,2113111,Mathematics for Computer Engineering,11,1,
Simplex method,Raw moments,6.24-N-B.E.-Computer-Engineering-Sem-III-IV.pdf,2113111,Mathematics for Computer Engineering,12,1,
Artificial variables,Kuhn-Tucker conditions,6.24-N-B.E.-Computer-Engineering-Sem-III-IV.pdf,2113111,Mathematics for Computer Engineering,1,1,
Artificial variables,Introduction to Congruence,6.24-N-B.E.-Computer-Engineering-Sem-III-IV.pdf,2113111,Mathematics for Computer Engineering,2,1,
Artificial variables,Linear congruence,6.24-N-B.E.-Computer-Engineering-Sem-III-IV.pdf,2113111,Mathematics for Computer Engineering,3,1,
Artificial variables,Application of congruence-RSA algorithm,6.24-N-B.E.-Computer-Engineering-Sem-III-IV.pdf,2113111,Mathematics for Computer Engineering,4,1,
Artificial variables,Dirichlet’s conditions,6.24-N-B.E.-Computer-Engineering-Sem-III-IV.pdf,2113111,Mathematics for Computer Engineering,5,1,
Artificial variables,Fourier series of periodic,6.24-N-B.E.-Computer-Engineering-Sem-III-IV.pdf,2113111,Mathematics for Computer Engineering,6,1,
Artificial variables,Fourier series of even and odd functions,6.24-N-B.E.-Computer-Engineering-Sem-III-IV.pdf,2113111,Mathematics for Computer Engineering,7,1,
Artificial variables,Complex form of Fourier Series,6.24-N-B.E.-Computer-Engineering-Sem-III-IV.pdf,2113111,Mathematics for Computer Engineering,8,1,
Artificial variables,Lines of regression,6.24-N-B.E.-Computer-Engineering-Sem-III-IV.pdf,2113111,Mathematics for Computer Engineering,9,1,
Artificial variables,Moment generating function,6.24-N-B.E.-Computer-Engineering-Sem-III-IV.pdf,2113111,Mathematics for Computer Engineering,10,1,
Artificial variables,Raw moments,6.24-N-B.E.-Computer-Engineering-Sem-III-IV.pdf,2113111,Mathematics for Computer Engineering,11,1,
Kuhn-Tucker conditions,Introduction to Congruence,6.24-N-B.E.-Computer-Engineering-Sem-III-IV.pdf,2113111,Mathematics for Computer Engineering,1,1,
Kuhn-Tucker conditions,Linear congruence,6.24-N-B.E.-Computer-Engineering-Sem-III-IV.pdf,2113111,Mathematics for Computer Engineering,2,1,
Kuhn-Tucker conditions,Application of congruence-RSA algorithm,6.24-N-B.E.-Computer-Engineering-Sem-III-IV.pdf,2113111,Mathematics for Computer Engineering,3,1,
Kuhn-Tucker conditions,Dirichlet’s conditions,6.24-N-B.E.-Computer-Engineering-Sem-III-IV.pdf,2113111,Mathematics for Computer Engineering,4,1,
Kuhn-Tucker conditions,Fourier series of periodic,6.24-N-B.E.-Computer-Engineering-Sem-III-IV.pdf,2113111,Mathematics for Computer Engineering,5,1,
Kuhn-Tucker conditions,Fourier series of even and odd functions,6.24-N-B.E.-Computer-Engineering-Sem-III-IV.pdf,2113111,Mathematics for Computer Engineering,6,1,
Kuhn-Tucker conditions,Complex form of Fourier Series,6.24-N-B.E.-Computer-Engineering-Sem-III-IV.pdf,2113111,Mathematics for Computer Engineering,7,1,
Kuhn-Tucker conditions,Lines of regression,6.24-N-B.E.-Computer-Engineering-Sem-III-IV.pdf,2113111,Mathematics for Computer Engineering,8,1,
Kuhn-Tucker conditions,Moment generating function,6.24-N-B.E.-Computer-Engineering-Sem-III-IV.pdf,2113111,Mathematics for Computer Engineering,9,1,
Kuhn-Tucker conditions,Raw moments,6.24-N-B.E.-Computer-Engineering-Sem-III-IV.pdf,2113111,Mathematics for Computer Engineering,10,1,
Introduction to Congruence,Linear congruence,6.24-N-B.E.-Computer-Engineering-Sem-III-IV.pdf,2113111,Mathematics for Computer Engineering,1,1,
Introduction to Congruence,Application of congruence-RSA algorithm,6.24-N-B.E.-Computer-Engineering-Sem-III-IV.pdf,2113111,Mathematics for Computer Engineering,2,1,
Introduction to Congruence,Dirichlet’s conditions,6.24-N-B.E.-Computer-Engineering-Sem-III-IV.pdf,2113111,Mathematics for Computer Engineering,3,1,
Introduction to Congruence,Fourier series of periodic,6.24-N-B.E.-Computer-Engineering-Sem-III-IV.pdf,2113111,Mathematics for Computer Engineering,4,1,
Introduction to Congruence,Fourier series of even and odd functions,6.24-N-B.E.-Computer-Engineering-Sem-III-IV.pdf,2113111,Mathematics for Computer Engineering,5,1,
Introduction to Congruence,Complex form of Fourier Series,6.24-N-B.E.-Computer-Engineering-Sem-III-IV.pdf,2113111,Mathematics for Computer Engineering,6,1,
Introduction to Congruence,Lines of regression,6.24-N-B.E.-Computer-Engineering-Sem-III-IV.pdf,2113111,Mathematics for Computer Engineering,7,1,
Introduction to Congruence,Moment generating function,6.24-N-B.E.-Computer-Engineering-Sem-III-IV.pdf,2113111,Mathematics for Computer Engineering,8,1,
Introduction to Congruence,Raw moments,6.24-N-B.E.-Computer-Engineering-Sem-III-IV.pdf,2113111,Mathematics for Computer Engineering,9,1,
Linear congruence,Application of congruence-RSA algorithm,6.24-N-B.E.-Computer-Engineering-Sem-III-IV.pdf,2113111,Mathematics for Computer Engineering,1,1,
Linear congruence,Dirichlet’s conditions,6.24-N-B.E.-Computer-Engineering-Sem-III-IV.pdf,2113111,Mathematics for Computer Engineering,2,1,
Linear congruence,Fourier series of periodic,6.24-N-B.E.-Computer-Engineering-Sem-III-IV.pdf,2113111,Mathematics for Computer Engineering,3,1,
Linear congruence,Fourier series of even and odd functions,6.24-N-B.E.-Computer-Engineering-Sem-III-IV.pdf,2113111,Mathematics for Computer Engineering,4,1,
Linear congruence,Complex form of Fourier Series,6.24-N-B.E.-Computer-Engineering-Sem-III-IV.pdf,2113111,Mathematics for Computer Engineering,5,1,
Linear congruence,Lines of regression,6.24-N-B.E.-Computer-Engineering-Sem-III-IV.pdf,2113111,Mathematics for Computer Engineering,6,1,
Linear congruence,Moment generating function,6.24-N-B.E.-Computer-Engineering-Sem-III-IV.pdf,2113111,Mathematics for Computer Engineering,7,1,
Linear congruence,Raw moments,6.24-N-B.E.-Computer-Engineering-Sem-III-IV.pdf,2113111,Mathematics for Computer Engineering,8,1,
Application of congruence-RSA algorithm,Dirichlet’s conditions,6.24-N-B.E.-Computer-Engineering-Sem-III-IV.pdf,2113111,Mathematics for Computer Engineering,1,1,
Application of congruence-RSA algorithm,Fourier series of periodic,6.24-N-B.E.-Computer-Engineering-Sem-III-IV.pdf,2113111,Mathematics for Computer Engineering,2,1,
Application of congruence-RSA algorithm,Fourier series of even and odd functions,6.24-N-B.E.-Computer-Engineering-Sem-III-IV.pdf,2113111,Mathematics for Computer Engineering,3,1,
Application of congruence-RSA algorithm,Complex form of Fourier Series,6.24-N-B.E.-Computer-Engineering-Sem-III-IV.pdf,2113111,Mathematics for Computer Engineering,4,1,
Application of congruence-RSA algorithm,Lines of regression,6.24-N-B.E.-Computer-Engineering-Sem-III-IV.pdf,2113111,Mathematics for Computer Engineering,5,1,
Application of congruence-RSA algorithm,Moment generating function,6.24-N-B.E.-Computer-Engineering-Sem-III-IV.pdf,2113111,Mathematics for Computer Engineering,6,1,
Application of congruence-RSA algorithm,Raw moments,6.24-N-B.E.-Computer-Engineering-Sem-III-IV.pdf,2113111,Mathematics for Computer Engineering,7,1,
Dirichlet’s conditions,Fourier series of periodic,6.24-N-B.E.-Computer-Engineering-Sem-III-IV.pdf,2113111,Mathematics for Computer Engineering,1,1,
Dirichlet’s conditions,Fourier series of even and odd functions,6.24-N-B.E.-Computer-Engineering-Sem-III-IV.pdf,2113111,Mathematics for Computer Engineering,2,1,
Dirichlet’s conditions,Complex form of Fourier Series,6.24-N-B.E.-Computer-Engineering-Sem-III-IV.pdf,2113111,Mathematics for Computer Engineering,3,1,
Dirichlet’s conditions,Lines of regression,6.24-N-B.E.-Computer-Engineering-Sem-III-IV.pdf,2113111,Mathematics for Computer Engineering,4,1,
Dirichlet’s conditions,Moment generating function,6.24-N-B.E.-Computer-Engineering-Sem-III-IV.pdf,2113111,Mathematics for Computer Engineering,5,1,
Dirichlet’s conditions,Raw moments,6.24-N-B.E.-Computer-Engineering-Sem-III-IV.pdf,2113111,Mathematics for Computer Engineering,6,1,
Fourier series of periodic,Fourier series of even and odd functions,6.24-N-B.E.-Computer-Engineering-Sem-III-IV.pdf,2113111,Mathematics for Computer Engineering,1,1,
Fourier series of periodic,Complex form of Fourier Series,6.24-N-B.E.-Computer-Engineering-Sem-III-IV.pdf,2113111,Mathematics for Computer Engineering,2,1,
Fourier series of periodic,Lines of regression,6.24-N-B.E.-Computer-Engineering-Sem-III-IV.pdf,2113111,Mathematics for Computer Engineering,3,1,
Fourier series of periodic,Moment generating function,6.24-N-B.E.-Computer-Engineering-Sem-III-IV.pdf,2113111,Mathematics for Computer Engineering,4,1,
Fourier series of periodic,Raw moments,6.24-N-B.E.-Computer-Engineering-Sem-III-IV.pdf,2113111,Mathematics for Computer Engineering,5,1,
Fourier series of even and odd functions,Complex form of Fourier Series,6.24-N-B.E.-Computer-Engineering-Sem-III-IV.pdf,2113111,Mathematics for Computer Engineering,1,1,
Fourier series of even and odd functions,Lines of regression,6.24-N-B.E.-Computer-Engineering-Sem-III-IV.pdf,2113111,Mathematics for Computer Engineering,2,1,
Fourier series of even and odd functions,Moment generating function,6.24-N-B.E.-Computer-Engineering-Sem-III-IV.pdf,2113111,Mathematics for Computer Engineering,3,1,
Fourier series of even and odd functions,Raw moments,6.24-N-B.E.-Computer-Engineering-Sem-III-IV.pdf,2113111,Mathematics for Computer Engineering,4,1,
Complex form of Fourier Series,Lines of regression,6.24-N-B.E.-Computer-Engineering-Sem-III-IV.pdf,2113111,Mathematics for Computer Engineering,1,1,
Complex form of Fourier Series,Moment generating function,6.24-N-B.E.-Computer-Engineering-Sem-III-IV.pdf,2113111,Mathematics for Computer Engineering,2,1,
Complex form of Fourier Series,Raw moments,6.24-N-B.E.-Computer-Engineering-Sem-III-IV.pdf,2113111,Mathematics for Computer Engineering,3,1,
Lines of regression,Moment generating function,6.24-N-B.E.-Computer-Engineering-Sem-III-IV.pdf,2113111,Mathematics for Computer Engineering,1,1,
Lines of regression,Raw moments,6.24-N-B.E.-Computer-Engineering-Sem-III-IV.pdf,2113111,Mathematics for Computer Engineering,2,1,
Moment generating function,Raw moments,6.24-N-B.E.-Computer-Engineering-Sem-III-IV.pdf,2113111,Mathematics for Computer Engineering,1,1,
RE in text search and replace,Application of Regular,6.24-N-B.E.-Computer-Engineering-Sem-III-IV.pdf,2114111,Computational,1,1,
RE in text search and replace,Languages in Compiler Design,6.24-N-B.E.-Computer-Engineering-Sem-III-IV.pdf,2114111,Computational,2,1,
RE in text search and replace,Nondeterministic Finite Automata (NFA): Definitions,6.24-N-B.E.-Computer-Engineering-Sem-III-IV.pdf,2114111,Computational,3,1,
RE in text search and replace,Equivalence between NFA with and ϵ- transitions,6.24-N-B.E.-Computer-Engineering-Sem-III-IV.pdf,2114111,Computational,4,1,
RE in text search and replace,Minimization of DFA,6.24-N-B.E.-Computer-Engineering-Sem-III-IV.pdf,2114111,Computational,5,1,
Application of Regular,Languages in Compiler Design,6.24-N-B.E.-Computer-Engineering-Sem-III-IV.pdf,2114111,Computational,1,1,
Application of Regular,Nondeterministic Finite Automata (NFA): Definitions,6.24-N-B.E.-Computer-Engineering-Sem-III-IV.pdf,2114111,Computational,2,1,
Application of Regular,Equivalence between NFA with and ϵ- transitions,6.24-N-B.E.-Computer-Engineering-Sem-III-IV.pdf,2114111,Computational,3,1,
Application of Regular,Minimization of DFA,6.24-N-B.E.-Computer-Engineering-Sem-III-IV.pdf,2114111,Computational,4,1,
Languages in Compiler Design,Nondeterministic Finite Automata (NFA): Definitions,6.24-N-B.E.-Computer-Engineering-Sem-III-IV.pdf,2114111,Computational,1,1,
Languages in Compiler Design,Equivalence between NFA with and ϵ- transitions,6.24-N-B.E.-Computer-Engineering-Sem-III-IV.pdf,2114111,Computational,2,1,
Languages in Compiler Design,Minimization of DFA,6.24-N-B.E.-Computer-Engineering-Sem-III-IV.pdf,2114111,Computational,3,1,
Nondeterministic Finite Automata (NFA): Definitions,Equivalence between NFA with and ϵ- transitions,6.24-N-B.E.-Computer-Engineering-Sem-III-IV.pdf,2114111,Computational,1,1,
Nondeterministic Finite Automata (NFA): Definitions,Minimization of DFA,6.24-N-B.E.-Computer-Engineering-Sem-III-IV.pdf,2114111,Computational,2,1,
Equivalence between NFA with and ϵ- transitions,Minimization of DFA,6.24-N-B.E.-Computer-Engineering-Sem-III-IV.pdf,2114111,Computational,1,1,
Relationship (EER) Model,"Generalization, Specialization and Aggregation",6.24-N-B.E.-Computer-Engineering-Sem-III-IV.pdf,2114112,Database Management System,1,1,
Relationship (EER) Model,"Introduction to the Relational Model, relational",6.24-N-B.E.-Computer-Engineering-Sem-III-IV.pdf,2114112,Database Management System,2,1,
Relationship (EER) Model,"EER Model to the Relational Model, Relational",6.24-N-B.E.-Computer-Engineering-Sem-III-IV.pdf,2114112,Database Management System,3,1,
Relationship (EER) Model,"Overview of SQL, Data Definition Commands",6.24-N-B.E.-Computer-Engineering-Sem-III-IV.pdf,2114112,Database Management System,4,1,
Relationship (EER) Model,"Integrity constraints: key constraints, Domain",6.24-N-B.E.-Computer-Engineering-Sem-III-IV.pdf,2114112,Database Management System,5,1,
Relationship (EER) Model,"Triggers, Introduction to Pl/SQL Block Structure",6.24-N-B.E.-Computer-Engineering-Sem-III-IV.pdf,2114112,Database Management System,6,1,
Relationship (EER) Model,"Pitfalls in relational database designs, Concept",6.24-N-B.E.-Computer-Engineering-Sem-III-IV.pdf,2114112,Database Management System,7,1,
Relationship (EER) Model,"Concurrent Executions, Serializability",6.24-N-B.E.-Computer-Engineering-Sem-III-IV.pdf,2114112,Database Management System,8,1,
Relationship (EER) Model,"Cloud Database, Introduction of Distributed",6.24-N-B.E.-Computer-Engineering-Sem-III-IV.pdf,2114112,Database Management System,9,1,
"Generalization, Specialization and Aggregation","Introduction to the Relational Model, relational",6.24-N-B.E.-Computer-Engineering-Sem-III-IV.pdf,2114112,Database Management System,1,1,
"Generalization, Specialization and Aggregation","EER Model to the Relational Model, Relational",6.24-N-B.E.-Computer-Engineering-Sem-III-IV.pdf,2114112,Database Management System,2,1,
"Generalization, Specialization and Aggregation","Overview of SQL, Data Definition Commands",6.24-N-B.E.-Computer-Engineering-Sem-III-IV.pdf,2114112,Database Management System,3,1,
"Generalization, Specialization and Aggregation","Integrity constraints: key constraints, Domain",6.24-N-B.E.-Computer-Engineering-Sem-III-IV.pdf,2114112,Database Management System,4,1,
"Generalization, Specialization and Aggregation","Triggers, Introduction to Pl/SQL Block Structure",6.24-N-B.E.-Computer-Engineering-Sem-III-IV.pdf,2114112,Database Management System,5,1,
"Generalization, Specialization and Aggregation","Pitfalls in relational database designs, Concept",6.24-N-B.E.-Computer-Engineering-Sem-III-IV.pdf,2114112,Database Management System,6,1,
"Generalization, Specialization and Aggregation","Concurrent Executions, Serializability",6.24-N-B.E.-Computer-Engineering-Sem-III-IV.pdf,2114112,Database Management System,7,1,
"Generalization, Specialization and Aggregation","Cloud Database, Introduction of Distributed",6.24-N-B.E.-Computer-Engineering-Sem-III-IV.pdf,2114112,Database Management System,8,1,
"Introduction to the Relational Model, relational","EER Model to the Relational Model, Relational",6.24-N-B.E.-Computer-Engineering-Sem-III-IV.pdf,2114112,Database Management System,1,1,
"Introduction to the Relational Model, relational","Overview of SQL, Data Definition Commands",6.24-N-B.E.-Computer-Engineering-Sem-III-IV.pdf,2114112,Database Management System,2,1,
"Introduction to the Relational Model, relational","Integrity constraints: key constraints, Domain",6.24-N-B.E.-Computer-Engineering-Sem-III-IV.pdf,2114112,Database Management System,3,1,
"Introduction to the Relational Model, relational","Triggers, Introduction to Pl/SQL Block Structure",6.24-N-B.E.-Computer-Engineering-Sem-III-IV.pdf,2114112,Database Management System,4,1,
"Introduction to the Relational Model, relational","Pitfalls in relational database designs, Concept",6.24-N-B.E.-Computer-Engineering-Sem-III-IV.pdf,2114112,Database Management System,5,1,
"Introduction to the Relational Model, relational","Concurrent Executions, Serializability",6.24-N-B.E.-Computer-Engineering-Sem-III-IV.pdf,2114112,Database Management System,6,1,
"Introduction to the Relational Model, relational","Cloud Database, Introduction of Distributed",6.24-N-B.E.-Computer-Engineering-Sem-III-IV.pdf,2114112,Database Management System,7,1,
"EER Model to the Relational Model, Relational","Overview of SQL, Data Definition Commands",6.24-N-B.E.-Computer-Engineering-Sem-III-IV.pdf,2114112,Database Management System,1,1,
"EER Model to the Relational Model, Relational","Integrity constraints: key constraints, Domain",6.24-N-B.E.-Computer-Engineering-Sem-III-IV.pdf,2114112,Database Management System,2,1,
"EER Model to the Relational Model, Relational","Triggers, Introduction to Pl/SQL Block Structure",6.24-N-B.E.-Computer-Engineering-Sem-III-IV.pdf,2114112,Database Management System,3,1,
"EER Model to the Relational Model, Relational","Pitfalls in relational database designs, Concept",6.24-N-B.E.-Computer-Engineering-Sem-III-IV.pdf,2114112,Database Management System,4,1,
"EER Model to the Relational Model, Relational","Concurrent Executions, Serializability",6.24-N-B.E.-Computer-Engineering-Sem-III-IV.pdf,2114112,Database Management System,5,1,
"EER Model to the Relational Model, Relational","Cloud Database, Introduction of Distributed",6.24-N-B.E.-Computer-Engineering-Sem-III-IV.pdf,2114112,Database Management System,6,1,
"Overview of SQL, Data Definition Commands","Integrity constraints: key constraints, Domain",6.24-N-B.E.-Computer-Engineering-Sem-III-IV.pdf,2114112,Database Management System,1,1,
"Overview of SQL, Data Definition Commands","Triggers, Introduction to Pl/SQL Block Structure",6.24-N-B.E.-Computer-Engineering-Sem-III-IV.pdf,2114112,Database Management System,2,1,
"Overview of SQL, Data Definition Commands","Pitfalls in relational database designs, Concept",6.24-N-B.E.-Computer-Engineering-Sem-III-IV.pdf,2114112,Database Management System,3,1,
"Overview of SQL, Data Definition Commands","Concurrent Executions, Serializability",6.24-N-B.E.-Computer-Engineering-Sem-III-IV.pdf,2114112,Database Management System,4,1,
"Overview of SQL, Data Definition Commands","Cloud Database, Introduction of Distributed",6.24-N-B.E.-Computer-Engineering-Sem-III-IV.pdf,2114112,Database Management System,5,1,
"Integrity constraints: key constraints, Domain","Triggers, Introduction to Pl/SQL Block Structure",6.24-N-B.E.-Computer-Engineering-Sem-III-IV.pdf,2114112,Database Management System,1,1,
"Integrity constraints: key constraints, Domain","Pitfalls in relational database designs, Concept",6.24-N-B.E.-Computer-Engineering-Sem-III-IV.pdf,2114112,Database Management System,2,1,
"Integrity constraints: key constraints, Domain","Concurrent Executions, Serializability",6.24-N-B.E.-Computer-Engineering-Sem-III-IV.pdf,2114112,Database Management System,3,1,
"Integrity constraints: key constraints, Domain","Cloud Database, Introduction of Distributed",6.24-N-B.E.-Computer-Engineering-Sem-III-IV.pdf,2114112,Database Management System,4,1,
"Triggers, Introduction to Pl/SQL Block Structure","Pitfalls in relational database designs, Concept",6.24-N-B.E.-Computer-Engineering-Sem-III-IV.pdf,2114112,Database Management System,1,1,
"Triggers, Introduction to Pl/SQL Block Structure","Concurrent Executions, Serializability",6.24-N-B.E.-Computer-Engineering-Sem-III-IV.pdf,2114112,Database Management System,2,1,
"Triggers, Introduction to Pl/SQL Block Structure","Cloud Database, Introduction of Distributed",6.24-N-B.E.-Computer-Engineering-Sem-III-IV.pdf,2114112,Database Management System,3,1,
"Pitfalls in relational database designs, Concept","Concurrent Executions, Serializability",6.24-N-B.E.-Computer-Engineering-Sem-III-IV.pdf,2114112,Database Management System,1,1,
"Pitfalls in relational database designs, Concept","Cloud Database, Introduction of Distributed",6.24-N-B.E.-Computer-Engineering-Sem-III-IV.pdf,2114112,Database Management System,2,1,
"Concurrent Executions, Serializability","Cloud Database, Introduction of Distributed",6.24-N-B.E.-Computer-Engineering-Sem-III-IV.pdf,2114112,Database Management System,1,1,
Inverse Laplace transform using Convolution theorem,Applications to solve initial and boundary value problems,6.34-N-B.E.-Information-Technology-Sem-III-IV.pdf,2343111,Applied Mathematics Thinking-I,1,1,
Inverse Laplace transform using Convolution theorem,Parseval’s Identity (without proof) Fourier series of periodic,6.34-N-B.E.-Information-Technology-Sem-III-IV.pdf,2343111,Applied Mathematics Thinking-I,2,1,
Inverse Laplace transform using Convolution theorem,Fourier series of even and odd functions (simple functions,6.34-N-B.E.-Information-Technology-Sem-III-IV.pdf,2343111,Applied Mathematics Thinking-I,3,1,
Inverse Laplace transform using Convolution theorem,Hal Frange Sine and Cosine Series,6.34-N-B.E.-Information-Technology-Sem-III-IV.pdf,2343111,Applied Mathematics Thinking-I,4,1,
Inverse Laplace transform using Convolution theorem,"Harmonic function, Harmonic conjugate, and orthogonal",6.34-N-B.E.-Information-Technology-Sem-III-IV.pdf,2343111,Applied Mathematics Thinking-I,5,1,
Inverse Laplace transform using Convolution theorem,Kar lPearson’s Coefficient of correlation(r) Spearman’s,6.34-N-B.E.-Information-Technology-Sem-III-IV.pdf,2343111,Applied Mathematics Thinking-I,6,1,
Inverse Laplace transform using Convolution theorem,Rank correlation coefficient (R) (with repeated and non,6.34-N-B.E.-Information-Technology-Sem-III-IV.pdf,2343111,Applied Mathematics Thinking-I,7,1,
Inverse Laplace transform using Convolution theorem,"Advanced Engineering Mathematics, R.K. Jainand S.R.K. Iyengar, Narosapublication",6.34-N-B.E.-Information-Technology-Sem-III-IV.pdf,2343111,Applied Mathematics Thinking-I,8,1,
Applications to solve initial and boundary value problems,Parseval’s Identity (without proof) Fourier series of periodic,6.34-N-B.E.-Information-Technology-Sem-III-IV.pdf,2343111,Applied Mathematics Thinking-I,1,1,
Applications to solve initial and boundary value problems,Fourier series of even and odd functions (simple functions,6.34-N-B.E.-Information-Technology-Sem-III-IV.pdf,2343111,Applied Mathematics Thinking-I,2,1,
Applications to solve initial and boundary value problems,Hal Frange Sine and Cosine Series,6.34-N-B.E.-Information-Technology-Sem-III-IV.pdf,2343111,Applied Mathematics Thinking-I,3,1,
Applications to solve initial and boundary value problems,"Harmonic function, Harmonic conjugate, and orthogonal",6.34-N-B.E.-Information-Technology-Sem-III-IV.pdf,2343111,Applied Mathematics Thinking-I,4,1,
Applications to solve initial and boundary value problems,Kar lPearson’s Coefficient of correlation(r) Spearman’s,6.34-N-B.E.-Information-Technology-Sem-III-IV.pdf,2343111,Applied Mathematics Thinking-I,5,1,
Applications to solve initial and boundary value problems,Rank correlation coefficient (R) (with repeated and non,6.34-N-B.E.-Information-Technology-Sem-III-IV.pdf,2343111,Applied Mathematics Thinking-I,6,1,
Applications to solve initial and boundary value problems,"Advanced Engineering Mathematics, R.K. Jainand S.R.K. Iyengar, Narosapublication",6.34-N-B.E.-Information-Technology-Sem-III-IV.pdf,2343111,Applied Mathematics Thinking-I,7,1,
Parseval’s Identity (without proof) Fourier series of periodic,Fourier series of even and odd functions (simple functions,6.34-N-B.E.-Information-Technology-Sem-III-IV.pdf,2343111,Applied Mathematics Thinking-I,1,1,
Parseval’s Identity (without proof) Fourier series of periodic,Hal Frange Sine and Cosine Series,6.34-N-B.E.-Information-Technology-Sem-III-IV.pdf,2343111,Applied Mathematics Thinking-I,2,1,
Parseval’s Identity (without proof) Fourier series of periodic,"Harmonic function, Harmonic conjugate, and orthogonal",6.34-N-B.E.-Information-Technology-Sem-III-IV.pdf,2343111,Applied Mathematics Thinking-I,3,1,
Parseval’s Identity (without proof) Fourier series of periodic,Kar lPearson’s Coefficient of correlation(r) Spearman’s,6.34-N-B.E.-Information-Technology-Sem-III-IV.pdf,2343111,Applied Mathematics Thinking-I,4,1,
Parseval’s Identity (without proof) Fourier series of periodic,Rank correlation coefficient (R) (with repeated and non,6.34-N-B.E.-Information-Technology-Sem-III-IV.pdf,2343111,Applied Mathematics Thinking-I,5,1,
Parseval’s Identity (without proof) Fourier series of periodic,"Advanced Engineering Mathematics, R.K. Jainand S.R.K. Iyengar, Narosapublication",6.34-N-B.E.-Information-Technology-Sem-III-IV.pdf,2343111,Applied Mathematics Thinking-I,6,1,
Fourier series of even and odd functions (simple functions,Hal Frange Sine and Cosine Series,6.34-N-B.E.-Information-Technology-Sem-III-IV.pdf,2343111,Applied Mathematics Thinking-I,1,1,
Fourier series of even and odd functions (simple functions,"Harmonic function, Harmonic conjugate, and orthogonal",6.34-N-B.E.-Information-Technology-Sem-III-IV.pdf,2343111,Applied Mathematics Thinking-I,2,1,
Fourier series of even and odd functions (simple functions,Kar lPearson’s Coefficient of correlation(r) Spearman’s,6.34-N-B.E.-Information-Technology-Sem-III-IV.pdf,2343111,Applied Mathematics Thinking-I,3,1,
Fourier series of even and odd functions (simple functions,Rank correlation coefficient (R) (with repeated and non,6.34-N-B.E.-Information-Technology-Sem-III-IV.pdf,2343111,Applied Mathematics Thinking-I,4,1,
Fourier series of even and odd functions (simple functions,"Advanced Engineering Mathematics, R.K. Jainand S.R.K. Iyengar, Narosapublication",6.34-N-B.E.-Information-Technology-Sem-III-IV.pdf,2343111,Applied Mathematics Thinking-I,5,1,
Hal Frange Sine and Cosine Series,"Harmonic function, Harmonic conjugate, and orthogonal",6.34-N-B.E.-Information-Technology-Sem-III-IV.pdf,2343111,Applied Mathematics Thinking-I,1,1,
Hal Frange Sine and Cosine Series,Kar lPearson’s Coefficient of correlation(r) Spearman’s,6.34-N-B.E.-Information-Technology-Sem-III-IV.pdf,2343111,Applied Mathematics Thinking-I,2,1,
Hal Frange Sine and Cosine Series,Rank correlation coefficient (R) (with repeated and non,6.34-N-B.E.-Information-Technology-Sem-III-IV.pdf,2343111,Applied Mathematics Thinking-I,3,1,
Hal Frange Sine and Cosine Series,"Advanced Engineering Mathematics, R.K. Jainand S.R.K. Iyengar, Narosapublication",6.34-N-B.E.-Information-Technology-Sem-III-IV.pdf,2343111,Applied Mathematics Thinking-I,4,1,
"Harmonic function, Harmonic conjugate, and orthogonal",Kar lPearson’s Coefficient of correlation(r) Spearman’s,6.34-N-B.E.-Information-Technology-Sem-III-IV.pdf,2343111,Applied Mathematics Thinking-I,1,1,
"Harmonic function, Harmonic conjugate, and orthogonal",Rank correlation coefficient (R) (with repeated and non,6.34-N-B.E.-Information-Technology-Sem-III-IV.pdf,2343111,Applied Mathematics Thinking-I,2,1,
"Harmonic function, Harmonic conjugate, and orthogonal","Advanced Engineering Mathematics, R.K. Jainand S.R.K. Iyengar, Narosapublication",6.34-N-B.E.-Information-Technology-Sem-III-IV.pdf,2343111,Applied Mathematics Thinking-I,3,1,
Kar lPearson’s Coefficient of correlation(r) Spearman’s,Rank correlation coefficient (R) (with repeated and non,6.34-N-B.E.-Information-Technology-Sem-III-IV.pdf,2343111,Applied Mathematics Thinking-I,1,1,
Kar lPearson’s Coefficient of correlation(r) Spearman’s,"Advanced Engineering Mathematics, R.K. Jainand S.R.K. Iyengar, Narosapublication",6.34-N-B.E.-Information-Technology-Sem-III-IV.pdf,2343111,Applied Mathematics Thinking-I,2,1,
Rank correlation coefficient (R) (with repeated and non,"Advanced Engineering Mathematics, R.K. Jainand S.R.K. Iyengar, Narosapublication",6.34-N-B.E.-Information-Technology-Sem-III-IV.pdf,2343111,Applied Mathematics Thinking-I,1,1,
Overview of Data Structures: Revision of basic data structures (arrays,Introduction to Analysis of Algorithms Fundamentals of the analysis of algorithms: Time and Space,6.34-N-B.E.-Information-Technology-Sem-III-IV.pdf,2343112,Advance Data Structure & Analysis,1,1,
Overview of Data Structures: Revision of basic data structures (arrays,Asymptotic notation,6.34-N-B.E.-Information-Technology-Sem-III-IV.pdf,2343112,Advance Data Structure & Analysis,2,1,
Introduction to Analysis of Algorithms Fundamentals of the analysis of algorithms: Time and Space,Asymptotic notation,6.34-N-B.E.-Information-Technology-Sem-III-IV.pdf,2343112,Advance Data Structure & Analysis,1,1,
"Database System Concepts, Architecture",Characteristics of Databases,6.34-N-B.E.-Information-Technology-Sem-III-IV.pdf,2343113,Database Management System & Application,1,1,
"Database System Concepts, Architecture",File system v/s Database,6.34-N-B.E.-Information-Technology-Sem-III-IV.pdf,2343113,Database Management System & Application,2,1,
"Database System Concepts, Architecture",DBMS system,6.34-N-B.E.-Information-Technology-Sem-III-IV.pdf,2343113,Database Management System & Application,3,1,
"Database System Concepts, Architecture",Role of DBA,6.34-N-B.E.-Information-Technology-Sem-III-IV.pdf,2343113,Database Management System & Application,4,1,
Characteristics of Databases,File system v/s Database,6.34-N-B.E.-Information-Technology-Sem-III-IV.pdf,2343113,Database Management System & Application,1,1,
Characteristics of Databases,DBMS system,6.34-N-B.E.-Information-Technology-Sem-III-IV.pdf,2343113,Database Management System & Application,2,1,
Characteristics of Databases,Role of DBA,6.34-N-B.E.-Information-Technology-Sem-III-IV.pdf,2343113,Database Management System & Application,3,1,
File system v/s Database,DBMS system,6.34-N-B.E.-Information-Technology-Sem-III-IV.pdf,2343113,Database Management System & Application,1,1,
File system v/s Database,Role of DBA,6.34-N-B.E.-Information-Technology-Sem-III-IV.pdf,2343113,Database Management System & Application,2,1,
DBMS system,Role of DBA,6.34-N-B.E.-Information-Technology-Sem-III-IV.pdf,2343113,Database Management System & Application,1,1,
Functions ofSquare Matrix,Quadratic forms,6.34-N-B.E.-Information-Technology-Sem-III-IV.pdf,2344111,Applied Mathematics Thinking-II,1,1,
Functions ofSquare Matrix,Theorem to evaluate realintegrations,6.34-N-B.E.-Information-Technology-Sem-III-IV.pdf,2344111,Applied Mathematics Thinking-II,2,1,
Functions ofSquare Matrix,Inverse of Transform by Binomial,6.34-N-B.E.-Information-Technology-Sem-III-IV.pdf,2344111,Applied Mathematics Thinking-II,3,1,
Quadratic forms,Theorem to evaluate realintegrations,6.34-N-B.E.-Information-Technology-Sem-III-IV.pdf,2344111,Applied Mathematics Thinking-II,1,1,
Quadratic forms,Inverse of Transform by Binomial,6.34-N-B.E.-Information-Technology-Sem-III-IV.pdf,2344111,Applied Mathematics Thinking-II,2,1,
Theorem to evaluate realintegrations,Inverse of Transform by Binomial,6.34-N-B.E.-Information-Technology-Sem-III-IV.pdf,2344111,Applied Mathematics Thinking-II,1,1,
System calls with examples for different OS,Selection of Scheduling,6.34-N-B.E.-Information-Technology-Sem-III-IV.pdf,2344112,Operating System,1,1,
System calls with examples for different OS,Algorithms  for  different  situations,6.34-N-B.E.-Information-Technology-Sem-III-IV.pdf,2344112,Operating System,2,1,
System calls with examples for different OS,Real-time,6.34-N-B.E.-Information-Technology-Sem-III-IV.pdf,2344112,Operating System,3,1,
System calls with examples for different OS,Implementation of Page,6.34-N-B.E.-Information-Technology-Sem-III-IV.pdf,2344112,Operating System,4,1,
System calls with examples for different OS,Features of I/O facility for different OS,6.34-N-B.E.-Information-Technology-Sem-III-IV.pdf,2344112,Operating System,5,1,
Selection of Scheduling,Algorithms  for  different  situations,6.34-N-B.E.-Information-Technology-Sem-III-IV.pdf,2344112,Operating System,1,1,
Selection of Scheduling,Real-time,6.34-N-B.E.-Information-Technology-Sem-III-IV.pdf,2344112,Operating System,2,1,
Selection of Scheduling,Implementation of Page,6.34-N-B.E.-Information-Technology-Sem-III-IV.pdf,2344112,Operating System,3,1,
Selection of Scheduling,Features of I/O facility for different OS,6.34-N-B.E.-Information-Technology-Sem-III-IV.pdf,2344112,Operating System,4,1,
Algorithms  for  different  situations,Real-time,6.34-N-B.E.-Information-Technology-Sem-III-IV.pdf,2344112,Operating System,1,1,
Algorithms  for  different  situations,Implementation of Page,6.34-N-B.E.-Information-Technology-Sem-III-IV.pdf,2344112,Operating System,2,1,
Algorithms  for  different  situations,Features of I/O facility for different OS,6.34-N-B.E.-Information-Technology-Sem-III-IV.pdf,2344112,Operating System,3,1,
Real-time,Implementation of Page,6.34-N-B.E.-Information-Technology-Sem-III-IV.pdf,2344112,Operating System,1,1,
Real-time,Features of I/O facility for different OS,6.34-N-B.E.-Information-Technology-Sem-III-IV.pdf,2344112,Operating System,2,1,
Implementation of Page,Features of I/O facility for different OS,6.34-N-B.E.-Information-Technology-Sem-III-IV.pdf,2344112,Operating System,1,1,
Structure of a switch,Space Division Switching,6.34-N-B.E.-Information-Technology-Sem-III-IV.pdf,2344113,Computer Network & Network Design,1,1,
Structure of a switch,Data Link Layer Data Link Control:  Framing ,6.34-N-B.E.-Information-Technology-Sem-III-IV.pdf,2344113,Computer Network & Network Design,2,1,
Structure of a switch,Linear Block Code,6.34-N-B.E.-Information-Technology-Sem-III-IV.pdf,2344113,Computer Network & Network Design,3,1,
Structure of a switch,CRC code,6.34-N-B.E.-Information-Technology-Sem-III-IV.pdf,2344113,Computer Network & Network Design,4,1,
Structure of a switch,Flow Control: Stop-and-Wait Flow Control,6.34-N-B.E.-Information-Technology-Sem-III-IV.pdf,2344113,Computer Network & Network Design,5,1,
Structure of a switch,Error Control: Stop-and-Wait ARQ,6.34-N-B.E.-Information-Technology-Sem-III-IV.pdf,2344113,Computer Network & Network Design,6,1,
Structure of a switch,Go-Back-N ARQ,6.34-N-B.E.-Information-Technology-Sem-III-IV.pdf,2344113,Computer Network & Network Design,7,1,
Structure of a switch,Medium Access Control,6.34-N-B.E.-Information-Technology-Sem-III-IV.pdf,2344113,Computer Network & Network Design,8,1,
Structure of a switch,Scheduled Access (Reservation,6.34-N-B.E.-Information-Technology-Sem-III-IV.pdf,2344113,Computer Network & Network Design,9,1,
Structure of a switch,Random Access (ALOHA,6.34-N-B.E.-Information-Technology-Sem-III-IV.pdf,2344113,Computer Network & Network Design,10,1,
Structure of a switch,Link Layer Addressing,6.34-N-B.E.-Information-Technology-Sem-III-IV.pdf,2344113,Computer Network & Network Design,11,1,
Structure of a switch,10-Gigabit Ethernet,6.34-N-B.E.-Information-Technology-Sem-III-IV.pdf,2344113,Computer Network & Network Design,12,1,
Structure of a switch,Self-Study Topics,6.34-N-B.E.-Information-Technology-Sem-III-IV.pdf,2344113,Computer Network & Network Design,13,1,
Structure of a switch,HDLC Protocol,6.34-N-B.E.-Information-Technology-Sem-III-IV.pdf,2344113,Computer Network & Network Design,14,1,
Space Division Switching,Data Link Layer Data Link Control:  Framing ,6.34-N-B.E.-Information-Technology-Sem-III-IV.pdf,2344113,Computer Network & Network Design,1,1,
Space Division Switching,Linear Block Code,6.34-N-B.E.-Information-Technology-Sem-III-IV.pdf,2344113,Computer Network & Network Design,2,1,
Space Division Switching,CRC code,6.34-N-B.E.-Information-Technology-Sem-III-IV.pdf,2344113,Computer Network & Network Design,3,1,
Space Division Switching,Flow Control: Stop-and-Wait Flow Control,6.34-N-B.E.-Information-Technology-Sem-III-IV.pdf,2344113,Computer Network & Network Design,4,1,
Space Division Switching,Error Control: Stop-and-Wait ARQ,6.34-N-B.E.-Information-Technology-Sem-III-IV.pdf,2344113,Computer Network & Network Design,5,1,
Space Division Switching,Go-Back-N ARQ,6.34-N-B.E.-Information-Technology-Sem-III-IV.pdf,2344113,Computer Network & Network Design,6,1,
Space Division Switching,Medium Access Control,6.34-N-B.E.-Information-Technology-Sem-III-IV.pdf,2344113,Computer Network & Network Design,7,1,
Space Division Switching,Scheduled Access (Reservation,6.34-N-B.E.-Information-Technology-Sem-III-IV.pdf,2344113,Computer Network & Network Design,8,1,
Space Division Switching,Random Access (ALOHA,6.34-N-B.E.-Information-Technology-Sem-III-IV.pdf,2344113,Computer Network & Network Design,9,1,
Space Division Switching,Link Layer Addressing,6.34-N-B.E.-Information-Technology-Sem-III-IV.pdf,2344113,Computer Network & Network Design,10,1,
Space Division Switching,10-Gigabit Ethernet,6.34-N-B.E.-Information-Technology-Sem-III-IV.pdf,2344113,Computer Network & Network Design,11,1,
Space Division Switching,Self-Study Topics,6.34-N-B.E.-Information-Technology-Sem-III-IV.pdf,2344113,Computer Network & Network Design,12,1,
Space Division Switching,HDLC Protocol,6.34-N-B.E.-Information-Technology-Sem-III-IV.pdf,2344113,Computer Network & Network Design,13,1,
Space Division Switching,IEEE 802.11 Wireless LAN,6.34-N-B.E.-Information-Technology-Sem-III-IV.pdf,2344113,Computer Network & Network Design,14,1,
Data Link Layer Data Link Control:  Framing ,Linear Block Code,6.34-N-B.E.-Information-Technology-Sem-III-IV.pdf,2344113,Computer Network & Network Design,1,1,
Data Link Layer Data Link Control:  Framing ,CRC code,6.34-N-B.E.-Information-Technology-Sem-III-IV.pdf,2344113,Computer Network & Network Design,2,1,
Data Link Layer Data Link Control:  Framing ,Flow Control: Stop-and-Wait Flow Control,6.34-N-B.E.-Information-Technology-Sem-III-IV.pdf,2344113,Computer Network & Network Design,3,1,
Data Link Layer Data Link Control:  Framing ,Error Control: Stop-and-Wait ARQ,6.34-N-B.E.-Information-Technology-Sem-III-IV.pdf,2344113,Computer Network & Network Design,4,1,
Data Link Layer Data Link Control:  Framing ,Go-Back-N ARQ,6.34-N-B.E.-Information-Technology-Sem-III-IV.pdf,2344113,Computer Network & Network Design,5,1,
Data Link Layer Data Link Control:  Framing ,Medium Access Control,6.34-N-B.E.-Information-Technology-Sem-III-IV.pdf,2344113,Computer Network & Network Design,6,1,
Data Link Layer Data Link Control:  Framing ,Scheduled Access (Reservation,6.34-N-B.E.-Information-Technology-Sem-III-IV.pdf,2344113,Computer Network & Network Design,7,1,
Data Link Layer Data Link Control:  Framing ,Random Access (ALOHA,6.34-N-B.E.-Information-Technology-Sem-III-IV.pdf,2344113,Computer Network & Network Design,8,1,
Data Link Layer Data Link Control:  Framing ,Link Layer Addressing,6.34-N-B.E.-Information-Technology-Sem-III-IV.pdf,2344113,Computer Network & Network Design,9,1,
Data Link Layer Data Link Control:  Framing ,10-Gigabit Ethernet,6.34-N-B.E.-Information-Technology-Sem-III-IV.pdf,2344113,Computer Network & Network Design,10,1,
Data Link Layer Data Link Control:  Framing ,Self-Study Topics,6.34-N-B.E.-Information-Technology-Sem-III-IV.pdf,2344113,Computer Network & Network Design,11,1,
Data Link Layer Data Link Control:  Framing ,HDLC Protocol,6.34-N-B.E.-Information-Technology-Sem-III-IV.pdf,2344113,Computer Network & Network Design,12,1,
Data Link Layer Data Link Control:  Framing ,IEEE 802.11 Wireless LAN,6.34-N-B.E.-Information-Technology-Sem-III-IV.pdf,2344113,Computer Network & Network Design,13,1,
Linear Block Code,CRC code,6.34-N-B.E.-Information-Technology-Sem-III-IV.pdf,2344113,Computer Network & Network Design,1,1,
Linear Block Code,Flow Control: Stop-and-Wait Flow Control,6.34-N-B.E.-Information-Technology-Sem-III-IV.pdf,2344113,Computer Network & Network Design,2,1,
Linear Block Code,Error Control: Stop-and-Wait ARQ,6.34-N-B.E.-Information-Technology-Sem-III-IV.pdf,2344113,Computer Network & Network Design,3,1,
Linear Block Code,Go-Back-N ARQ,6.34-N-B.E.-Information-Technology-Sem-III-IV.pdf,2344113,Computer Network & Network Design,4,1,
Linear Block Code,Medium Access Control,6.34-N-B.E.-Information-Technology-Sem-III-IV.pdf,2344113,Computer Network & Network Design,5,1,
Linear Block Code,Scheduled Access (Reservation,6.34-N-B.E.-Information-Technology-Sem-III-IV.pdf,2344113,Computer Network & Network Design,6,1,
Linear Block Code,Random Access (ALOHA,6.34-N-B.E.-Information-Technology-Sem-III-IV.pdf,2344113,Computer Network & Network Design,7,1,
Linear Block Code,Link Layer Addressing,6.34-N-B.E.-Information-Technology-Sem-III-IV.pdf,2344113,Computer Network & Network Design,8,1,
Linear Block Code,10-Gigabit Ethernet,6.34-N-B.E.-Information-Technology-Sem-III-IV.pdf,2344113,Computer Network & Network Design,9,1,
Linear Block Code,Self-Study Topics,6.34-N-B.E.-Information-Technology-Sem-III-IV.pdf,2344113,Computer Network & Network Design,10,1,
Linear Block Code,HDLC Protocol,6.34-N-B.E.-Information-Technology-Sem-III-IV.pdf,2344113,Computer Network & Network Design,11,1,
Linear Block Code,IEEE 802.11 Wireless LAN,6.34-N-B.E.-Information-Technology-Sem-III-IV.pdf,2344113,Computer Network & Network Design,12,1,
CRC code,Flow Control: Stop-and-Wait Flow Control,6.34-N-B.E.-Information-Technology-Sem-III-IV.pdf,2344113,Computer Network & Network Design,1,1,
CRC code,Error Control: Stop-and-Wait ARQ,6.34-N-B.E.-Information-Technology-Sem-III-IV.pdf,2344113,Computer Network & Network Design,2,1,
CRC code,Go-Back-N ARQ,6.34-N-B.E.-Information-Technology-Sem-III-IV.pdf,2344113,Computer Network & Network Design,3,1,
CRC code,Medium Access Control,6.34-N-B.E.-Information-Technology-Sem-III-IV.pdf,2344113,Computer Network & Network Design,4,1,
CRC code,Scheduled Access (Reservation,6.34-N-B.E.-Information-Technology-Sem-III-IV.pdf,2344113,Computer Network & Network Design,5,1,
CRC code,Random Access (ALOHA,6.34-N-B.E.-Information-Technology-Sem-III-IV.pdf,2344113,Computer Network & Network Design,6,1,
CRC code,Link Layer Addressing,6.34-N-B.E.-Information-Technology-Sem-III-IV.pdf,2344113,Computer Network & Network Design,7,1,
CRC code,10-Gigabit Ethernet,6.34-N-B.E.-Information-Technology-Sem-III-IV.pdf,2344113,Computer Network & Network Design,8,1,
CRC code,Self-Study Topics,6.34-N-B.E.-Information-Technology-Sem-III-IV.pdf,2344113,Computer Network & Network Design,9,1,
CRC code,HDLC Protocol,6.34-N-B.E.-Information-Technology-Sem-III-IV.pdf,2344113,Computer Network & Network Design,10,1,
CRC code,IEEE 802.11 Wireless LAN,6.34-N-B.E.-Information-Technology-Sem-III-IV.pdf,2344113,Computer Network & Network Design,11,1,
Flow Control: Stop-and-Wait Flow Control,Error Control: Stop-and-Wait ARQ,6.34-N-B.E.-Information-Technology-Sem-III-IV.pdf,2344113,Computer Network & Network Design,1,1,
Flow Control: Stop-and-Wait Flow Control,Go-Back-N ARQ,6.34-N-B.E.-Information-Technology-Sem-III-IV.pdf,2344113,Computer Network & Network Design,2,1,
Flow Control: Stop-and-Wait Flow Control,Medium Access Control,6.34-N-B.E.-Information-Technology-Sem-III-IV.pdf,2344113,Computer Network & Network Design,3,1,
Flow Control: Stop-and-Wait Flow Control,Scheduled Access (Reservation,6.34-N-B.E.-Information-Technology-Sem-III-IV.pdf,2344113,Computer Network & Network Design,4,1,
Flow Control: Stop-and-Wait Flow Control,Random Access (ALOHA,6.34-N-B.E.-Information-Technology-Sem-III-IV.pdf,2344113,Computer Network & Network Design,5,1,
Flow Control: Stop-and-Wait Flow Control,Link Layer Addressing,6.34-N-B.E.-Information-Technology-Sem-III-IV.pdf,2344113,Computer Network & Network Design,6,1,
Flow Control: Stop-and-Wait Flow Control,10-Gigabit Ethernet,6.34-N-B.E.-Information-Technology-Sem-III-IV.pdf,2344113,Computer Network & Network Design,7,1,
Flow Control: Stop-and-Wait Flow Control,Self-Study Topics,6.34-N-B.E.-Information-Technology-Sem-III-IV.pdf,2344113,Computer Network & Network Design,8,1,
Flow Control: Stop-and-Wait Flow Control,HDLC Protocol,6.34-N-B.E.-Information-Technology-Sem-III-IV.pdf,2344113,Computer Network & Network Design,9,1,
Flow Control: Stop-and-Wait Flow Control,IEEE 802.11 Wireless LAN,6.34-N-B.E.-Information-Technology-Sem-III-IV.pdf,2344113,Computer Network & Network Design,10,1,
Error Control: Stop-and-Wait ARQ,Go-Back-N ARQ,6.34-N-B.E.-Information-Technology-Sem-III-IV.pdf,2344113,Computer Network & Network Design,1,1,
Error Control: Stop-and-Wait ARQ,Medium Access Control,6.34-N-B.E.-Information-Technology-Sem-III-IV.pdf,2344113,Computer Network & Network Design,2,1,
Error Control: Stop-and-Wait ARQ,Scheduled Access (Reservation,6.34-N-B.E.-Information-Technology-Sem-III-IV.pdf,2344113,Computer Network & Network Design,3,1,
Error Control: Stop-and-Wait ARQ,Random Access (ALOHA,6.34-N-B.E.-Information-Technology-Sem-III-IV.pdf,2344113,Computer Network & Network Design,4,1,
Error Control: Stop-and-Wait ARQ,Link Layer Addressing,6.34-N-B.E.-Information-Technology-Sem-III-IV.pdf,2344113,Computer Network & Network Design,5,1,
Error Control: Stop-and-Wait ARQ,10-Gigabit Ethernet,6.34-N-B.E.-Information-Technology-Sem-III-IV.pdf,2344113,Computer Network & Network Design,6,1,
Error Control: Stop-and-Wait ARQ,Self-Study Topics,6.34-N-B.E.-Information-Technology-Sem-III-IV.pdf,2344113,Computer Network & Network Design,7,1,
Error Control: Stop-and-Wait ARQ,HDLC Protocol,6.34-N-B.E.-Information-Technology-Sem-III-IV.pdf,2344113,Computer Network & Network Design,8,1,
Error Control: Stop-and-Wait ARQ,IEEE 802.11 Wireless LAN,6.34-N-B.E.-Information-Technology-Sem-III-IV.pdf,2344113,Computer Network & Network Design,9,1,
Go-Back-N ARQ,Medium Access Control,6.34-N-B.E.-Information-Technology-Sem-III-IV.pdf,2344113,Computer Network & Network Design,1,1,
Go-Back-N ARQ,Scheduled Access (Reservation,6.34-N-B.E.-Information-Technology-Sem-III-IV.pdf,2344113,Computer Network & Network Design,2,1,
Go-Back-N ARQ,Random Access (ALOHA,6.34-N-B.E.-Information-Technology-Sem-III-IV.pdf,2344113,Computer Network & Network Design,3,1,
Go-Back-N ARQ,Link Layer Addressing,6.34-N-B.E.-Information-Technology-Sem-III-IV.pdf,2344113,Computer Network & Network Design,4,1,
Go-Back-N ARQ,10-Gigabit Ethernet,6.34-N-B.E.-Information-Technology-Sem-III-IV.pdf,2344113,Computer Network & Network Design,5,1,
Go-Back-N ARQ,Self-Study Topics,6.34-N-B.E.-Information-Technology-Sem-III-IV.pdf,2344113,Computer Network & Network Design,6,1,
Go-Back-N ARQ,HDLC Protocol,6.34-N-B.E.-Information-Technology-Sem-III-IV.pdf,2344113,Computer Network & Network Design,7,1,
Go-Back-N ARQ,IEEE 802.11 Wireless LAN,6.34-N-B.E.-Information-Technology-Sem-III-IV.pdf,2344113,Computer Network & Network Design,8,1,
Medium Access Control,Scheduled Access (Reservation,6.34-N-B.E.-Information-Technology-Sem-III-IV.pdf,2344113,Computer Network & Network Design,1,1,
Medium Access Control,Random Access (ALOHA,6.34-N-B.E.-Information-Technology-Sem-III-IV.pdf,2344113,Computer Network & Network Design,2,1,
Medium Access Control,Link Layer Addressing,6.34-N-B.E.-Information-Technology-Sem-III-IV.pdf,2344113,Computer Network & Network Design,3,1,
Medium Access Control,10-Gigabit Ethernet,6.34-N-B.E.-Information-Technology-Sem-III-IV.pdf,2344113,Computer Network & Network Design,4,1,
Medium Access Control,Self-Study Topics,6.34-N-B.E.-Information-Technology-Sem-III-IV.pdf,2344113,Computer Network & Network Design,5,1,
Medium Access Control,HDLC Protocol,6.34-N-B.E.-Information-Technology-Sem-III-IV.pdf,2344113,Computer Network & Network Design,6,1,
Medium Access Control,IEEE 802.11 Wireless LAN,6.34-N-B.E.-Information-Technology-Sem-III-IV.pdf,2344113,Computer Network & Network Design,7,1,
Scheduled Access (Reservation,Random Access (ALOHA,6.34-N-B.E.-Information-Technology-Sem-III-IV.pdf,2344113,Computer Network & Network Design,1,1,
Scheduled Access (Reservation,Link Layer Addressing,6.34-N-B.E.-Information-Technology-Sem-III-IV.pdf,2344113,Computer Network & Network Design,2,1,
Scheduled Access (Reservation,10-Gigabit Ethernet,6.34-N-B.E.-Information-Technology-Sem-III-IV.pdf,2344113,Computer Network & Network Design,3,1,
Scheduled Access (Reservation,Self-Study Topics,6.34-N-B.E.-Information-Technology-Sem-III-IV.pdf,2344113,Computer Network & Network Design,4,1,
Scheduled Access (Reservation,HDLC Protocol,6.34-N-B.E.-Information-Technology-Sem-III-IV.pdf,2344113,Computer Network & Network Design,5,1,
Scheduled Access (Reservation,IEEE 802.11 Wireless LAN,6.34-N-B.E.-Information-Technology-Sem-III-IV.pdf,2344113,Computer Network & Network Design,6,1,
Random Access (ALOHA,Link Layer Addressing,6.34-N-B.E.-Information-Technology-Sem-III-IV.pdf,2344113,Computer Network & Network Design,1,1,
Random Access (ALOHA,10-Gigabit Ethernet,6.34-N-B.E.-Information-Technology-Sem-III-IV.pdf,2344113,Computer Network & Network Design,2,1,
Random Access (ALOHA,Self-Study Topics,6.34-N-B.E.-Information-Technology-Sem-III-IV.pdf,2344113,Computer Network & Network Design,3,1,
Random Access (ALOHA,HDLC Protocol,6.34-N-B.E.-Information-Technology-Sem-III-IV.pdf,2344113,Computer Network & Network Design,4,1,
Random Access (ALOHA,IEEE 802.11 Wireless LAN,6.34-N-B.E.-Information-Technology-Sem-III-IV.pdf,2344113,Computer Network & Network Design,5,1,
Link Layer Addressing,10-Gigabit Ethernet,6.34-N-B.E.-Information-Technology-Sem-III-IV.pdf,2344113,Computer Network & Network Design,1,1,
Link Layer Addressing,Self-Study Topics,6.34-N-B.E.-Information-Technology-Sem-III-IV.pdf,2344113,Computer Network & Network Design,2,1,
Link Layer Addressing,HDLC Protocol,6.34-N-B.E.-Information-Technology-Sem-III-IV.pdf,2344113,Computer Network & Network Design,3,1,
Link Layer Addressing,IEEE 802.11 Wireless LAN,6.34-N-B.E.-Information-Technology-Sem-III-IV.pdf,2344113,Computer Network & Network Design,4,1,
10-Gigabit Ethernet,Self-Study Topics,6.34-N-B.E.-Information-Technology-Sem-III-IV.pdf,2344113,Computer Network & Network Design,1,1,
10-Gigabit Ethernet,HDLC Protocol,6.34-N-B.E.-Information-Technology-Sem-III-IV.pdf,2344113,Computer Network & Network Design,2,1,
10-Gigabit Ethernet,IEEE 802.11 Wireless LAN,6.34-N-B.E.-Information-Technology-Sem-III-IV.pdf,2344113,Computer Network & Network Design,3,1,
Self-Study Topics,HDLC Protocol,6.34-N-B.E.-Information-Technology-Sem-III-IV.pdf,2344113,Computer Network & Network Design,1,1,
Self-Study Topics,IEEE 802.11 Wireless LAN,6.34-N-B.E.-Information-Technology-Sem-III-IV.pdf,2344113,Computer Network & Network Design,2,1,
HDLC Protocol,IEEE 802.11 Wireless LAN,6.34-N-B.E.-Information-Technology-Sem-III-IV.pdf,2344113,Computer Network & Network Design,1,1,
Cayley-Hamilton,Similarity of matrices,6.39-N-B.E.-Data-Science-Sem-III-IV.pdf,2173111,Mathematics for Computer Engineering,1,1,
Cayley-Hamilton,Quadratic forms,6.39-N-B.E.-Data-Science-Sem-III-IV.pdf,2173111,Mathematics for Computer Engineering,2,1,
Cayley-Hamilton,Linear and Non-Linear Programming Problems,6.39-N-B.E.-Data-Science-Sem-III-IV.pdf,2173111,Mathematics for Computer Engineering,3,1,
Cayley-Hamilton,Types of solutions,6.39-N-B.E.-Data-Science-Sem-III-IV.pdf,2173111,Mathematics for Computer Engineering,4,1,
Cayley-Hamilton,Standard and Canonical of LPP,6.39-N-B.E.-Data-Science-Sem-III-IV.pdf,2173111,Mathematics for Computer Engineering,5,1,
Cayley-Hamilton,Basic and Feasible solutions,6.39-N-B.E.-Data-Science-Sem-III-IV.pdf,2173111,Mathematics for Computer Engineering,6,1,
Cayley-Hamilton,Simplex method,6.39-N-B.E.-Data-Science-Sem-III-IV.pdf,2173111,Mathematics for Computer Engineering,7,1,
Cayley-Hamilton,Artificial variables,6.39-N-B.E.-Data-Science-Sem-III-IV.pdf,2173111,Mathematics for Computer Engineering,8,1,
Cayley-Hamilton,Kuhn-Tucker conditions,6.39-N-B.E.-Data-Science-Sem-III-IV.pdf,2173111,Mathematics for Computer Engineering,9,1,
Cayley-Hamilton,Introduction to Congruence,6.39-N-B.E.-Data-Science-Sem-III-IV.pdf,2173111,Mathematics for Computer Engineering,10,1,
Cayley-Hamilton,Linear congruence,6.39-N-B.E.-Data-Science-Sem-III-IV.pdf,2173111,Mathematics for Computer Engineering,11,1,
Cayley-Hamilton,Application of congruence-RSA algorithm,6.39-N-B.E.-Data-Science-Sem-III-IV.pdf,2173111,Mathematics for Computer Engineering,12,1,
Cayley-Hamilton,Dirichlet’s conditions,6.39-N-B.E.-Data-Science-Sem-III-IV.pdf,2173111,Mathematics for Computer Engineering,13,1,
Cayley-Hamilton,Fourier series of periodic,6.39-N-B.E.-Data-Science-Sem-III-IV.pdf,2173111,Mathematics for Computer Engineering,14,1,
Similarity of matrices,Quadratic forms,6.39-N-B.E.-Data-Science-Sem-III-IV.pdf,2173111,Mathematics for Computer Engineering,1,1,
Similarity of matrices,Linear and Non-Linear Programming Problems,6.39-N-B.E.-Data-Science-Sem-III-IV.pdf,2173111,Mathematics for Computer Engineering,2,1,
Similarity of matrices,Types of solutions,6.39-N-B.E.-Data-Science-Sem-III-IV.pdf,2173111,Mathematics for Computer Engineering,3,1,
Similarity of matrices,Standard and Canonical of LPP,6.39-N-B.E.-Data-Science-Sem-III-IV.pdf,2173111,Mathematics for Computer Engineering,4,1,
Similarity of matrices,Basic and Feasible solutions,6.39-N-B.E.-Data-Science-Sem-III-IV.pdf,2173111,Mathematics for Computer Engineering,5,1,
Similarity of matrices,Simplex method,6.39-N-B.E.-Data-Science-Sem-III-IV.pdf,2173111,Mathematics for Computer Engineering,6,1,
Similarity of matrices,Artificial variables,6.39-N-B.E.-Data-Science-Sem-III-IV.pdf,2173111,Mathematics for Computer Engineering,7,1,
Similarity of matrices,Kuhn-Tucker conditions,6.39-N-B.E.-Data-Science-Sem-III-IV.pdf,2173111,Mathematics for Computer Engineering,8,1,
Similarity of matrices,Introduction to Congruence,6.39-N-B.E.-Data-Science-Sem-III-IV.pdf,2173111,Mathematics for Computer Engineering,9,1,
Similarity of matrices,Linear congruence,6.39-N-B.E.-Data-Science-Sem-III-IV.pdf,2173111,Mathematics for Computer Engineering,10,1,
Similarity of matrices,Application of congruence-RSA algorithm,6.39-N-B.E.-Data-Science-Sem-III-IV.pdf,2173111,Mathematics for Computer Engineering,11,1,
Similarity of matrices,Dirichlet’s conditions,6.39-N-B.E.-Data-Science-Sem-III-IV.pdf,2173111,Mathematics for Computer Engineering,12,1,
Similarity of matrices,Fourier series of periodic,6.39-N-B.E.-Data-Science-Sem-III-IV.pdf,2173111,Mathematics for Computer Engineering,13,1,
Similarity of matrices,Fourier series of even and odd functions,6.39-N-B.E.-Data-Science-Sem-III-IV.pdf,2173111,Mathematics for Computer Engineering,14,1,
Quadratic forms,Linear and Non-Linear Programming Problems,6.39-N-B.E.-Data-Science-Sem-III-IV.pdf,2173111,Mathematics for Computer Engineering,1,1,
Quadratic forms,Types of solutions,6.39-N-B.E.-Data-Science-Sem-III-IV.pdf,2173111,Mathematics for Computer Engineering,2,1,
Quadratic forms,Standard and Canonical of LPP,6.39-N-B.E.-Data-Science-Sem-III-IV.pdf,2173111,Mathematics for Computer Engineering,3,1,
Quadratic forms,Basic and Feasible solutions,6.39-N-B.E.-Data-Science-Sem-III-IV.pdf,2173111,Mathematics for Computer Engineering,4,1,
Quadratic forms,Simplex method,6.39-N-B.E.-Data-Science-Sem-III-IV.pdf,2173111,Mathematics for Computer Engineering,5,1,
Quadratic forms,Artificial variables,6.39-N-B.E.-Data-Science-Sem-III-IV.pdf,2173111,Mathematics for Computer Engineering,6,1,
Quadratic forms,Kuhn-Tucker conditions,6.39-N-B.E.-Data-Science-Sem-III-IV.pdf,2173111,Mathematics for Computer Engineering,7,1,
Quadratic forms,Introduction to Congruence,6.39-N-B.E.-Data-Science-Sem-III-IV.pdf,2173111,Mathematics for Computer Engineering,8,1,
Quadratic forms,Linear congruence,6.39-N-B.E.-Data-Science-Sem-III-IV.pdf,2173111,Mathematics for Computer Engineering,9,1,
Quadratic forms,Application of congruence-RSA algorithm,6.39-N-B.E.-Data-Science-Sem-III-IV.pdf,2173111,Mathematics for Computer Engineering,10,1,
Quadratic forms,Dirichlet’s conditions,6.39-N-B.E.-Data-Science-Sem-III-IV.pdf,2173111,Mathematics for Computer Engineering,11,1,
Quadratic forms,Fourier series of periodic,6.39-N-B.E.-Data-Science-Sem-III-IV.pdf,2173111,Mathematics for Computer Engineering,12,1,
Quadratic forms,Fourier series of even and odd functions,6.39-N-B.E.-Data-Science-Sem-III-IV.pdf,2173111,Mathematics for Computer Engineering,13,1,
Quadratic forms,Complex form of Fourier Series,6.39-N-B.E.-Data-Science-Sem-III-IV.pdf,2173111,Mathematics for Computer Engineering,14,1,
Linear and Non-Linear Programming Problems,Types of solutions,6.39-N-B.E.-Data-Science-Sem-III-IV.pdf,2173111,Mathematics for Computer Engineering,1,1,
Linear and Non-Linear Programming Problems,Standard and Canonical of LPP,6.39-N-B.E.-Data-Science-Sem-III-IV.pdf,2173111,Mathematics for Computer Engineering,2,1,
Linear and Non-Linear Programming Problems,Basic and Feasible solutions,6.39-N-B.E.-Data-Science-Sem-III-IV.pdf,2173111,Mathematics for Computer Engineering,3,1,
Linear and Non-Linear Programming Problems,Simplex method,6.39-N-B.E.-Data-Science-Sem-III-IV.pdf,2173111,Mathematics for Computer Engineering,4,1,
Linear and Non-Linear Programming Problems,Artificial variables,6.39-N-B.E.-Data-Science-Sem-III-IV.pdf,2173111,Mathematics for Computer Engineering,5,1,
Linear and Non-Linear Programming Problems,Kuhn-Tucker conditions,6.39-N-B.E.-Data-Science-Sem-III-IV.pdf,2173111,Mathematics for Computer Engineering,6,1,
Linear and Non-Linear Programming Problems,Introduction to Congruence,6.39-N-B.E.-Data-Science-Sem-III-IV.pdf,2173111,Mathematics for Computer Engineering,7,1,
Linear and Non-Linear Programming Problems,Linear congruence,6.39-N-B.E.-Data-Science-Sem-III-IV.pdf,2173111,Mathematics for Computer Engineering,8,1,
Linear and Non-Linear Programming Problems,Application of congruence-RSA algorithm,6.39-N-B.E.-Data-Science-Sem-III-IV.pdf,2173111,Mathematics for Computer Engineering,9,1,
Linear and Non-Linear Programming Problems,Dirichlet’s conditions,6.39-N-B.E.-Data-Science-Sem-III-IV.pdf,2173111,Mathematics for Computer Engineering,10,1,
Linear and Non-Linear Programming Problems,Fourier series of periodic,6.39-N-B.E.-Data-Science-Sem-III-IV.pdf,2173111,Mathematics for Computer Engineering,11,1,
Linear and Non-Linear Programming Problems,Fourier series of even and odd functions,6.39-N-B.E.-Data-Science-Sem-III-IV.pdf,2173111,Mathematics for Computer Engineering,12,1,
Linear and Non-Linear Programming Problems,Complex form of Fourier Series,6.39-N-B.E.-Data-Science-Sem-III-IV.pdf,2173111,Mathematics for Computer Engineering,13,1,
Linear and Non-Linear Programming Problems,Lines of regression,6.39-N-B.E.-Data-Science-Sem-III-IV.pdf,2173111,Mathematics for Computer Engineering,14,1,
Types of solutions,Standard and Canonical of LPP,6.39-N-B.E.-Data-Science-Sem-III-IV.pdf,2173111,Mathematics for Computer Engineering,1,1,
Types of solutions,Basic and Feasible solutions,6.39-N-B.E.-Data-Science-Sem-III-IV.pdf,2173111,Mathematics for Computer Engineering,2,1,
Types of solutions,Simplex method,6.39-N-B.E.-Data-Science-Sem-III-IV.pdf,2173111,Mathematics for Computer Engineering,3,1,
Types of solutions,Artificial variables,6.39-N-B.E.-Data-Science-Sem-III-IV.pdf,2173111,Mathematics for Computer Engineering,4,1,
Types of solutions,Kuhn-Tucker conditions,6.39-N-B.E.-Data-Science-Sem-III-IV.pdf,2173111,Mathematics for Computer Engineering,5,1,
Types of solutions,Introduction to Congruence,6.39-N-B.E.-Data-Science-Sem-III-IV.pdf,2173111,Mathematics for Computer Engineering,6,1,
Types of solutions,Linear congruence,6.39-N-B.E.-Data-Science-Sem-III-IV.pdf,2173111,Mathematics for Computer Engineering,7,1,
Types of solutions,Application of congruence-RSA algorithm,6.39-N-B.E.-Data-Science-Sem-III-IV.pdf,2173111,Mathematics for Computer Engineering,8,1,
Types of solutions,Dirichlet’s conditions,6.39-N-B.E.-Data-Science-Sem-III-IV.pdf,2173111,Mathematics for Computer Engineering,9,1,
Types of solutions,Fourier series of periodic,6.39-N-B.E.-Data-Science-Sem-III-IV.pdf,2173111,Mathematics for Computer Engineering,10,1,
Types of solutions,Fourier series of even and odd functions,6.39-N-B.E.-Data-Science-Sem-III-IV.pdf,2173111,Mathematics for Computer Engineering,11,1,
Types of solutions,Complex form of Fourier Series,6.39-N-B.E.-Data-Science-Sem-III-IV.pdf,2173111,Mathematics for Computer Engineering,12,1,
Types of solutions,Lines of regression,6.39-N-B.E.-Data-Science-Sem-III-IV.pdf,2173111,Mathematics for Computer Engineering,13,1,
Types of solutions,Moment generating function,6.39-N-B.E.-Data-Science-Sem-III-IV.pdf,2173111,Mathematics for Computer Engineering,14,1,
Standard and Canonical of LPP,Basic and Feasible solutions,6.39-N-B.E.-Data-Science-Sem-III-IV.pdf,2173111,Mathematics for Computer Engineering,1,1,
Standard and Canonical of LPP,Simplex method,6.39-N-B.E.-Data-Science-Sem-III-IV.pdf,2173111,Mathematics for Computer Engineering,2,1,
Standard and Canonical of LPP,Artificial variables,6.39-N-B.E.-Data-Science-Sem-III-IV.pdf,2173111,Mathematics for Computer Engineering,3,1,
Standard and Canonical of LPP,Kuhn-Tucker conditions,6.39-N-B.E.-Data-Science-Sem-III-IV.pdf,2173111,Mathematics for Computer Engineering,4,1,
Standard and Canonical of LPP,Introduction to Congruence,6.39-N-B.E.-Data-Science-Sem-III-IV.pdf,2173111,Mathematics for Computer Engineering,5,1,
Standard and Canonical of LPP,Linear congruence,6.39-N-B.E.-Data-Science-Sem-III-IV.pdf,2173111,Mathematics for Computer Engineering,6,1,
Standard and Canonical of LPP,Application of congruence-RSA algorithm,6.39-N-B.E.-Data-Science-Sem-III-IV.pdf,2173111,Mathematics for Computer Engineering,7,1,
Standard and Canonical of LPP,Dirichlet’s conditions,6.39-N-B.E.-Data-Science-Sem-III-IV.pdf,2173111,Mathematics for Computer Engineering,8,1,
Standard and Canonical of LPP,Fourier series of periodic,6.39-N-B.E.-Data-Science-Sem-III-IV.pdf,2173111,Mathematics for Computer Engineering,9,1,
Standard and Canonical of LPP,Fourier series of even and odd functions,6.39-N-B.E.-Data-Science-Sem-III-IV.pdf,2173111,Mathematics for Computer Engineering,10,1,
Standard and Canonical of LPP,Complex form of Fourier Series,6.39-N-B.E.-Data-Science-Sem-III-IV.pdf,2173111,Mathematics for Computer Engineering,11,1,
Standard and Canonical of LPP,Lines of regression,6.39-N-B.E.-Data-Science-Sem-III-IV.pdf,2173111,Mathematics for Computer Engineering,12,1,
Standard and Canonical of LPP,Moment generating function,6.39-N-B.E.-Data-Science-Sem-III-IV.pdf,2173111,Mathematics for Computer Engineering,13,1,
Standard and Canonical of LPP,Raw moments,6.39-N-B.E.-Data-Science-Sem-III-IV.pdf,2173111,Mathematics for Computer Engineering,14,1,
Basic and Feasible solutions,Simplex method,6.39-N-B.E.-Data-Science-Sem-III-IV.pdf,2173111,Mathematics for Computer Engineering,1,1,
Basic and Feasible solutions,Artificial variables,6.39-N-B.E.-Data-Science-Sem-III-IV.pdf,2173111,Mathematics for Computer Engineering,2,1,
Basic and Feasible solutions,Kuhn-Tucker conditions,6.39-N-B.E.-Data-Science-Sem-III-IV.pdf,2173111,Mathematics for Computer Engineering,3,1,
Basic and Feasible solutions,Introduction to Congruence,6.39-N-B.E.-Data-Science-Sem-III-IV.pdf,2173111,Mathematics for Computer Engineering,4,1,
Basic and Feasible solutions,Linear congruence,6.39-N-B.E.-Data-Science-Sem-III-IV.pdf,2173111,Mathematics for Computer Engineering,5,1,
Basic and Feasible solutions,Application of congruence-RSA algorithm,6.39-N-B.E.-Data-Science-Sem-III-IV.pdf,2173111,Mathematics for Computer Engineering,6,1,
Basic and Feasible solutions,Dirichlet’s conditions,6.39-N-B.E.-Data-Science-Sem-III-IV.pdf,2173111,Mathematics for Computer Engineering,7,1,
Basic and Feasible solutions,Fourier series of periodic,6.39-N-B.E.-Data-Science-Sem-III-IV.pdf,2173111,Mathematics for Computer Engineering,8,1,
Basic and Feasible solutions,Fourier series of even and odd functions,6.39-N-B.E.-Data-Science-Sem-III-IV.pdf,2173111,Mathematics for Computer Engineering,9,1,
Basic and Feasible solutions,Complex form of Fourier Series,6.39-N-B.E.-Data-Science-Sem-III-IV.pdf,2173111,Mathematics for Computer Engineering,10,1,
Basic and Feasible solutions,Lines of regression,6.39-N-B.E.-Data-Science-Sem-III-IV.pdf,2173111,Mathematics for Computer Engineering,11,1,
Basic and Feasible solutions,Moment generating function,6.39-N-B.E.-Data-Science-Sem-III-IV.pdf,2173111,Mathematics for Computer Engineering,12,1,
Basic and Feasible solutions,Raw moments,6.39-N-B.E.-Data-Science-Sem-III-IV.pdf,2173111,Mathematics for Computer Engineering,13,1,
Simplex method,Artificial variables,6.39-N-B.E.-Data-Science-Sem-III-IV.pdf,2173111,Mathematics for Computer Engineering,1,1,
Simplex method,Kuhn-Tucker conditions,6.39-N-B.E.-Data-Science-Sem-III-IV.pdf,2173111,Mathematics for Computer Engineering,2,1,
Simplex method,Introduction to Congruence,6.39-N-B.E.-Data-Science-Sem-III-IV.pdf,2173111,Mathematics for Computer Engineering,3,1,
Simplex method,Linear congruence,6.39-N-B.E.-Data-Science-Sem-III-IV.pdf,2173111,Mathematics for Computer Engineering,4,1,
Simplex method,Application of congruence-RSA algorithm,6.39-N-B.E.-Data-Science-Sem-III-IV.pdf,2173111,Mathematics for Computer Engineering,5,1,
Simplex method,Dirichlet’s conditions,6.39-N-B.E.-Data-Science-Sem-III-IV.pdf,2173111,Mathematics for Computer Engineering,6,1,
Simplex method,Fourier series of periodic,6.39-N-B.E.-Data-Science-Sem-III-IV.pdf,2173111,Mathematics for Computer Engineering,7,1,
Simplex method,Fourier series of even and odd functions,6.39-N-B.E.-Data-Science-Sem-III-IV.pdf,2173111,Mathematics for Computer Engineering,8,1,
Simplex method,Complex form of Fourier Series,6.39-N-B.E.-Data-Science-Sem-III-IV.pdf,2173111,Mathematics for Computer Engineering,9,1,
Simplex method,Lines of regression,6.39-N-B.E.-Data-Science-Sem-III-IV.pdf,2173111,Mathematics for Computer Engineering,10,1,
Simplex method,Moment generating function,6.39-N-B.E.-Data-Science-Sem-III-IV.pdf,2173111,Mathematics for Computer Engineering,11,1,
Simplex method,Raw moments,6.39-N-B.E.-Data-Science-Sem-III-IV.pdf,2173111,Mathematics for Computer Engineering,12,1,
Artificial variables,Kuhn-Tucker conditions,6.39-N-B.E.-Data-Science-Sem-III-IV.pdf,2173111,Mathematics for Computer Engineering,1,1,
Artificial variables,Introduction to Congruence,6.39-N-B.E.-Data-Science-Sem-III-IV.pdf,2173111,Mathematics for Computer Engineering,2,1,
Artificial variables,Linear congruence,6.39-N-B.E.-Data-Science-Sem-III-IV.pdf,2173111,Mathematics for Computer Engineering,3,1,
Artificial variables,Application of congruence-RSA algorithm,6.39-N-B.E.-Data-Science-Sem-III-IV.pdf,2173111,Mathematics for Computer Engineering,4,1,
Artificial variables,Dirichlet’s conditions,6.39-N-B.E.-Data-Science-Sem-III-IV.pdf,2173111,Mathematics for Computer Engineering,5,1,
Artificial variables,Fourier series of periodic,6.39-N-B.E.-Data-Science-Sem-III-IV.pdf,2173111,Mathematics for Computer Engineering,6,1,
Artificial variables,Fourier series of even and odd functions,6.39-N-B.E.-Data-Science-Sem-III-IV.pdf,2173111,Mathematics for Computer Engineering,7,1,
Artificial variables,Complex form of Fourier Series,6.39-N-B.E.-Data-Science-Sem-III-IV.pdf,2173111,Mathematics for Computer Engineering,8,1,
Artificial variables,Lines of regression,6.39-N-B.E.-Data-Science-Sem-III-IV.pdf,2173111,Mathematics for Computer Engineering,9,1,
Artificial variables,Moment generating function,6.39-N-B.E.-Data-Science-Sem-III-IV.pdf,2173111,Mathematics for Computer Engineering,10,1,
Artificial variables,Raw moments,6.39-N-B.E.-Data-Science-Sem-III-IV.pdf,2173111,Mathematics for Computer Engineering,11,1,
Kuhn-Tucker conditions,Introduction to Congruence,6.39-N-B.E.-Data-Science-Sem-III-IV.pdf,2173111,Mathematics for Computer Engineering,1,1,
Kuhn-Tucker conditions,Linear congruence,6.39-N-B.E.-Data-Science-Sem-III-IV.pdf,2173111,Mathematics for Computer Engineering,2,1,
Kuhn-Tucker conditions,Application of congruence-RSA algorithm,6.39-N-B.E.-Data-Science-Sem-III-IV.pdf,2173111,Mathematics for Computer Engineering,3,1,
Kuhn-Tucker conditions,Dirichlet’s conditions,6.39-N-B.E.-Data-Science-Sem-III-IV.pdf,2173111,Mathematics for Computer Engineering,4,1,
Kuhn-Tucker conditions,Fourier series of periodic,6.39-N-B.E.-Data-Science-Sem-III-IV.pdf,2173111,Mathematics for Computer Engineering,5,1,
Kuhn-Tucker conditions,Fourier series of even and odd functions,6.39-N-B.E.-Data-Science-Sem-III-IV.pdf,2173111,Mathematics for Computer Engineering,6,1,
Kuhn-Tucker conditions,Complex form of Fourier Series,6.39-N-B.E.-Data-Science-Sem-III-IV.pdf,2173111,Mathematics for Computer Engineering,7,1,
Kuhn-Tucker conditions,Lines of regression,6.39-N-B.E.-Data-Science-Sem-III-IV.pdf,2173111,Mathematics for Computer Engineering,8,1,
Kuhn-Tucker conditions,Moment generating function,6.39-N-B.E.-Data-Science-Sem-III-IV.pdf,2173111,Mathematics for Computer Engineering,9,1,
Kuhn-Tucker conditions,Raw moments,6.39-N-B.E.-Data-Science-Sem-III-IV.pdf,2173111,Mathematics for Computer Engineering,10,1,
Introduction to Congruence,Linear congruence,6.39-N-B.E.-Data-Science-Sem-III-IV.pdf,2173111,Mathematics for Computer Engineering,1,1,
Introduction to Congruence,Application of congruence-RSA algorithm,6.39-N-B.E.-Data-Science-Sem-III-IV.pdf,2173111,Mathematics for Computer Engineering,2,1,
Introduction to Congruence,Dirichlet’s conditions,6.39-N-B.E.-Data-Science-Sem-III-IV.pdf,2173111,Mathematics for Computer Engineering,3,1,
Introduction to Congruence,Fourier series of periodic,6.39-N-B.E.-Data-Science-Sem-III-IV.pdf,2173111,Mathematics for Computer Engineering,4,1,
Introduction to Congruence,Fourier series of even and odd functions,6.39-N-B.E.-Data-Science-Sem-III-IV.pdf,2173111,Mathematics for Computer Engineering,5,1,
Introduction to Congruence,Complex form of Fourier Series,6.39-N-B.E.-Data-Science-Sem-III-IV.pdf,2173111,Mathematics for Computer Engineering,6,1,
Introduction to Congruence,Lines of regression,6.39-N-B.E.-Data-Science-Sem-III-IV.pdf,2173111,Mathematics for Computer Engineering,7,1,
Introduction to Congruence,Moment generating function,6.39-N-B.E.-Data-Science-Sem-III-IV.pdf,2173111,Mathematics for Computer Engineering,8,1,
Introduction to Congruence,Raw moments,6.39-N-B.E.-Data-Science-Sem-III-IV.pdf,2173111,Mathematics for Computer Engineering,9,1,
Linear congruence,Application of congruence-RSA algorithm,6.39-N-B.E.-Data-Science-Sem-III-IV.pdf,2173111,Mathematics for Computer Engineering,1,1,
Linear congruence,Dirichlet’s conditions,6.39-N-B.E.-Data-Science-Sem-III-IV.pdf,2173111,Mathematics for Computer Engineering,2,1,
Linear congruence,Fourier series of periodic,6.39-N-B.E.-Data-Science-Sem-III-IV.pdf,2173111,Mathematics for Computer Engineering,3,1,
Linear congruence,Fourier series of even and odd functions,6.39-N-B.E.-Data-Science-Sem-III-IV.pdf,2173111,Mathematics for Computer Engineering,4,1,
Linear congruence,Complex form of Fourier Series,6.39-N-B.E.-Data-Science-Sem-III-IV.pdf,2173111,Mathematics for Computer Engineering,5,1,
Linear congruence,Lines of regression,6.39-N-B.E.-Data-Science-Sem-III-IV.pdf,2173111,Mathematics for Computer Engineering,6,1,
Linear congruence,Moment generating function,6.39-N-B.E.-Data-Science-Sem-III-IV.pdf,2173111,Mathematics for Computer Engineering,7,1,
Linear congruence,Raw moments,6.39-N-B.E.-Data-Science-Sem-III-IV.pdf,2173111,Mathematics for Computer Engineering,8,1,
Application of congruence-RSA algorithm,Dirichlet’s conditions,6.39-N-B.E.-Data-Science-Sem-III-IV.pdf,2173111,Mathematics for Computer Engineering,1,1,
Application of congruence-RSA algorithm,Fourier series of periodic,6.39-N-B.E.-Data-Science-Sem-III-IV.pdf,2173111,Mathematics for Computer Engineering,2,1,
Application of congruence-RSA algorithm,Fourier series of even and odd functions,6.39-N-B.E.-Data-Science-Sem-III-IV.pdf,2173111,Mathematics for Computer Engineering,3,1,
Application of congruence-RSA algorithm,Complex form of Fourier Series,6.39-N-B.E.-Data-Science-Sem-III-IV.pdf,2173111,Mathematics for Computer Engineering,4,1,
Application of congruence-RSA algorithm,Lines of regression,6.39-N-B.E.-Data-Science-Sem-III-IV.pdf,2173111,Mathematics for Computer Engineering,5,1,
Application of congruence-RSA algorithm,Moment generating function,6.39-N-B.E.-Data-Science-Sem-III-IV.pdf,2173111,Mathematics for Computer Engineering,6,1,
Application of congruence-RSA algorithm,Raw moments,6.39-N-B.E.-Data-Science-Sem-III-IV.pdf,2173111,Mathematics for Computer Engineering,7,1,
Dirichlet’s conditions,Fourier series of periodic,6.39-N-B.E.-Data-Science-Sem-III-IV.pdf,2173111,Mathematics for Computer Engineering,1,1,
Dirichlet’s conditions,Fourier series of even and odd functions,6.39-N-B.E.-Data-Science-Sem-III-IV.pdf,2173111,Mathematics for Computer Engineering,2,1,
Dirichlet’s conditions,Complex form of Fourier Series,6.39-N-B.E.-Data-Science-Sem-III-IV.pdf,2173111,Mathematics for Computer Engineering,3,1,
Dirichlet’s conditions,Lines of regression,6.39-N-B.E.-Data-Science-Sem-III-IV.pdf,2173111,Mathematics for Computer Engineering,4,1,
Dirichlet’s conditions,Moment generating function,6.39-N-B.E.-Data-Science-Sem-III-IV.pdf,2173111,Mathematics for Computer Engineering,5,1,
Dirichlet’s conditions,Raw moments,6.39-N-B.E.-Data-Science-Sem-III-IV.pdf,2173111,Mathematics for Computer Engineering,6,1,
Fourier series of periodic,Fourier series of even and odd functions,6.39-N-B.E.-Data-Science-Sem-III-IV.pdf,2173111,Mathematics for Computer Engineering,1,1,
Fourier series of periodic,Complex form of Fourier Series,6.39-N-B.E.-Data-Science-Sem-III-IV.pdf,2173111,Mathematics for Computer Engineering,2,1,
Fourier series of periodic,Lines of regression,6.39-N-B.E.-Data-Science-Sem-III-IV.pdf,2173111,Mathematics for Computer Engineering,3,1,
Fourier series of periodic,Moment generating function,6.39-N-B.E.-Data-Science-Sem-III-IV.pdf,2173111,Mathematics for Computer Engineering,4,1,
Fourier series of periodic,Raw moments,6.39-N-B.E.-Data-Science-Sem-III-IV.pdf,2173111,Mathematics for Computer Engineering,5,1,
Fourier series of even and odd functions,Complex form of Fourier Series,6.39-N-B.E.-Data-Science-Sem-III-IV.pdf,2173111,Mathematics for Computer Engineering,1,1,
Fourier series of even and odd functions,Lines of regression,6.39-N-B.E.-Data-Science-Sem-III-IV.pdf,2173111,Mathematics for Computer Engineering,2,1,
Fourier series of even and odd functions,Moment generating function,6.39-N-B.E.-Data-Science-Sem-III-IV.pdf,2173111,Mathematics for Computer Engineering,3,1,
Fourier series of even and odd functions,Raw moments,6.39-N-B.E.-Data-Science-Sem-III-IV.pdf,2173111,Mathematics for Computer Engineering,4,1,
Complex form of Fourier Series,Lines of regression,6.39-N-B.E.-Data-Science-Sem-III-IV.pdf,2173111,Mathematics for Computer Engineering,1,1,
Complex form of Fourier Series,Moment generating function,6.39-N-B.E.-Data-Science-Sem-III-IV.pdf,2173111,Mathematics for Computer Engineering,2,1,
Complex form of Fourier Series,Raw moments,6.39-N-B.E.-Data-Science-Sem-III-IV.pdf,2173111,Mathematics for Computer Engineering,3,1,
Lines of regression,Moment generating function,6.39-N-B.E.-Data-Science-Sem-III-IV.pdf,2173111,Mathematics for Computer Engineering,1,1,
Lines of regression,Raw moments,6.39-N-B.E.-Data-Science-Sem-III-IV.pdf,2173111,Mathematics for Computer Engineering,2,1,
Moment generating function,Raw moments,6.39-N-B.E.-Data-Science-Sem-III-IV.pdf,2173111,Mathematics for Computer Engineering,1,1,
Propositional and Predicate Logic,Determining risk,6.39-N-B.E.-Data-Science-Sem-III-IV.pdf,2173112,Discrete Structures and Graph Theory,1,1,
Propositional and Predicate Logic,Taxes and tax brackets,6.39-N-B.E.-Data-Science-Sem-III-IV.pdf,2173112,Discrete Structures and Graph Theory,2,1,
Propositional and Predicate Logic,Vending machines,6.39-N-B.E.-Data-Science-Sem-III-IV.pdf,2173112,Discrete Structures and Graph Theory,3,1,
Propositional and Predicate Logic,"Counting Pigeonhole Principle, Inclusion-Exclusion Principle. Recurrence relations, Solving recurrence relations",6.39-N-B.E.-Data-Science-Sem-III-IV.pdf,2173112,Discrete Structures and Graph Theory,4,1,
Determining risk,Taxes and tax brackets,6.39-N-B.E.-Data-Science-Sem-III-IV.pdf,2173112,Discrete Structures and Graph Theory,1,1,
Determining risk,Vending machines,6.39-N-B.E.-Data-Science-Sem-III-IV.pdf,2173112,Discrete Structures and Graph Theory,2,1,
Determining risk,"Counting Pigeonhole Principle, Inclusion-Exclusion Principle. Recurrence relations, Solving recurrence relations",6.39-N-B.E.-Data-Science-Sem-III-IV.pdf,2173112,Discrete Structures and Graph Theory,3,1,
Taxes and tax brackets,Vending machines,6.39-N-B.E.-Data-Science-Sem-III-IV.pdf,2173112,Discrete Structures and Graph Theory,1,1,
Taxes and tax brackets,"Counting Pigeonhole Principle, Inclusion-Exclusion Principle. Recurrence relations, Solving recurrence relations",6.39-N-B.E.-Data-Science-Sem-III-IV.pdf,2173112,Discrete Structures and Graph Theory,2,1,
Vending machines,"Counting Pigeonhole Principle, Inclusion-Exclusion Principle. Recurrence relations, Solving recurrence relations",6.39-N-B.E.-Data-Science-Sem-III-IV.pdf,2173112,Discrete Structures and Graph Theory,1,1,
Regular operations,Arden's theorem,6.39-N-B.E.-Data-Science-Sem-III-IV.pdf,2174111,Computational,1,1,
Regular operations,Decision properties of RLs,6.39-N-B.E.-Data-Science-Sem-III-IV.pdf,2174111,Computational,2,1,
Regular operations,Pumping lemma for RLs,6.39-N-B.E.-Data-Science-Sem-III-IV.pdf,2174111,Computational,3,1,
Regular operations,RE in text search and replace,6.39-N-B.E.-Data-Science-Sem-III-IV.pdf,2174111,Computational,4,1,
Regular operations,Application of Regular,6.39-N-B.E.-Data-Science-Sem-III-IV.pdf,2174111,Computational,5,1,
Regular operations,Languages in Compiler Design,6.39-N-B.E.-Data-Science-Sem-III-IV.pdf,2174111,Computational,6,1,
Regular operations,Nondeterministic Finite Automata (NFA): Definitions,6.39-N-B.E.-Data-Science-Sem-III-IV.pdf,2174111,Computational,7,1,
Regular operations,Equivalence between NFA with and ϵ- transitions,6.39-N-B.E.-Data-Science-Sem-III-IV.pdf,2174111,Computational,8,1,
Regular operations,Minimization of DFA,6.39-N-B.E.-Data-Science-Sem-III-IV.pdf,2174111,Computational,9,1,
Arden's theorem,Decision properties of RLs,6.39-N-B.E.-Data-Science-Sem-III-IV.pdf,2174111,Computational,1,1,
Arden's theorem,Pumping lemma for RLs,6.39-N-B.E.-Data-Science-Sem-III-IV.pdf,2174111,Computational,2,1,
Arden's theorem,RE in text search and replace,6.39-N-B.E.-Data-Science-Sem-III-IV.pdf,2174111,Computational,3,1,
Arden's theorem,Application of Regular,6.39-N-B.E.-Data-Science-Sem-III-IV.pdf,2174111,Computational,4,1,
Arden's theorem,Languages in Compiler Design,6.39-N-B.E.-Data-Science-Sem-III-IV.pdf,2174111,Computational,5,1,
Arden's theorem,Nondeterministic Finite Automata (NFA): Definitions,6.39-N-B.E.-Data-Science-Sem-III-IV.pdf,2174111,Computational,6,1,
Arden's theorem,Equivalence between NFA with and ϵ- transitions,6.39-N-B.E.-Data-Science-Sem-III-IV.pdf,2174111,Computational,7,1,
Arden's theorem,Minimization of DFA,6.39-N-B.E.-Data-Science-Sem-III-IV.pdf,2174111,Computational,8,1,
Decision properties of RLs,Pumping lemma for RLs,6.39-N-B.E.-Data-Science-Sem-III-IV.pdf,2174111,Computational,1,1,
Decision properties of RLs,RE in text search and replace,6.39-N-B.E.-Data-Science-Sem-III-IV.pdf,2174111,Computational,2,1,
Decision properties of RLs,Application of Regular,6.39-N-B.E.-Data-Science-Sem-III-IV.pdf,2174111,Computational,3,1,
Decision properties of RLs,Languages in Compiler Design,6.39-N-B.E.-Data-Science-Sem-III-IV.pdf,2174111,Computational,4,1,
Decision properties of RLs,Nondeterministic Finite Automata (NFA): Definitions,6.39-N-B.E.-Data-Science-Sem-III-IV.pdf,2174111,Computational,5,1,
Decision properties of RLs,Equivalence between NFA with and ϵ- transitions,6.39-N-B.E.-Data-Science-Sem-III-IV.pdf,2174111,Computational,6,1,
Decision properties of RLs,Minimization of DFA,6.39-N-B.E.-Data-Science-Sem-III-IV.pdf,2174111,Computational,7,1,
Pumping lemma for RLs,RE in text search and replace,6.39-N-B.E.-Data-Science-Sem-III-IV.pdf,2174111,Computational,1,1,
Pumping lemma for RLs,Application of Regular,6.39-N-B.E.-Data-Science-Sem-III-IV.pdf,2174111,Computational,2,1,
Pumping lemma for RLs,Languages in Compiler Design,6.39-N-B.E.-Data-Science-Sem-III-IV.pdf,2174111,Computational,3,1,
Pumping lemma for RLs,Nondeterministic Finite Automata (NFA): Definitions,6.39-N-B.E.-Data-Science-Sem-III-IV.pdf,2174111,Computational,4,1,
Pumping lemma for RLs,Equivalence between NFA with and ϵ- transitions,6.39-N-B.E.-Data-Science-Sem-III-IV.pdf,2174111,Computational,5,1,
Pumping lemma for RLs,Minimization of DFA,6.39-N-B.E.-Data-Science-Sem-III-IV.pdf,2174111,Computational,6,1,
RE in text search and replace,Application of Regular,6.39-N-B.E.-Data-Science-Sem-III-IV.pdf,2174111,Computational,1,1,
RE in text search and replace,Languages in Compiler Design,6.39-N-B.E.-Data-Science-Sem-III-IV.pdf,2174111,Computational,2,1,
RE in text search and replace,Nondeterministic Finite Automata (NFA): Definitions,6.39-N-B.E.-Data-Science-Sem-III-IV.pdf,2174111,Computational,3,1,
RE in text search and replace,Equivalence between NFA with and ϵ- transitions,6.39-N-B.E.-Data-Science-Sem-III-IV.pdf,2174111,Computational,4,1,
RE in text search and replace,Minimization of DFA,6.39-N-B.E.-Data-Science-Sem-III-IV.pdf,2174111,Computational,5,1,
Application of Regular,Languages in Compiler Design,6.39-N-B.E.-Data-Science-Sem-III-IV.pdf,2174111,Computational,1,1,
Application of Regular,Nondeterministic Finite Automata (NFA): Definitions,6.39-N-B.E.-Data-Science-Sem-III-IV.pdf,2174111,Computational,2,1,
Application of Regular,Equivalence between NFA with and ϵ- transitions,6.39-N-B.E.-Data-Science-Sem-III-IV.pdf,2174111,Computational,3,1,
Application of Regular,Minimization of DFA,6.39-N-B.E.-Data-Science-Sem-III-IV.pdf,2174111,Computational,4,1,
Languages in Compiler Design,Nondeterministic Finite Automata (NFA): Definitions,6.39-N-B.E.-Data-Science-Sem-III-IV.pdf,2174111,Computational,1,1,
Languages in Compiler Design,Equivalence between NFA with and ϵ- transitions,6.39-N-B.E.-Data-Science-Sem-III-IV.pdf,2174111,Computational,2,1,
Languages in Compiler Design,Minimization of DFA,6.39-N-B.E.-Data-Science-Sem-III-IV.pdf,2174111,Computational,3,1,
Nondeterministic Finite Automata (NFA): Definitions,Equivalence between NFA with and ϵ- transitions,6.39-N-B.E.-Data-Science-Sem-III-IV.pdf,2174111,Computational,1,1,
Nondeterministic Finite Automata (NFA): Definitions,Minimization of DFA,6.39-N-B.E.-Data-Science-Sem-III-IV.pdf,2174111,Computational,2,1,
Equivalence between NFA with and ϵ- transitions,Minimization of DFA,6.39-N-B.E.-Data-Science-Sem-III-IV.pdf,2174111,Computational,1,1,
Relationship (EER) Model,"Generalization, Specialization and Aggregation",6.39-N-B.E.-Data-Science-Sem-III-IV.pdf,2174112,Database Management System,1,1,
Relationship (EER) Model,"Introduction to the Relational Model, relational",6.39-N-B.E.-Data-Science-Sem-III-IV.pdf,2174112,Database Management System,2,1,
Relationship (EER) Model,"EER Model to the Relational Model, Relational",6.39-N-B.E.-Data-Science-Sem-III-IV.pdf,2174112,Database Management System,3,1,
Relationship (EER) Model,"Overview of SQL, Data Definition Commands",6.39-N-B.E.-Data-Science-Sem-III-IV.pdf,2174112,Database Management System,4,1,
Relationship (EER) Model,"Integrity constraints: key constraints, Domain",6.39-N-B.E.-Data-Science-Sem-III-IV.pdf,2174112,Database Management System,5,1,
Relationship (EER) Model,"Triggers, Introduction to Pl/SQL Block Structure",6.39-N-B.E.-Data-Science-Sem-III-IV.pdf,2174112,Database Management System,6,1,
Relationship (EER) Model,"Pitfalls in relational database designs, Concept",6.39-N-B.E.-Data-Science-Sem-III-IV.pdf,2174112,Database Management System,7,1,
Relationship (EER) Model,"Concurrent Executions, Serializability",6.39-N-B.E.-Data-Science-Sem-III-IV.pdf,2174112,Database Management System,8,1,
Relationship (EER) Model,"Cloud Database, Introduction of Distributed",6.39-N-B.E.-Data-Science-Sem-III-IV.pdf,2174112,Database Management System,9,1,
"Generalization, Specialization and Aggregation","Introduction to the Relational Model, relational",6.39-N-B.E.-Data-Science-Sem-III-IV.pdf,2174112,Database Management System,1,1,
"Generalization, Specialization and Aggregation","EER Model to the Relational Model, Relational",6.39-N-B.E.-Data-Science-Sem-III-IV.pdf,2174112,Database Management System,2,1,
"Generalization, Specialization and Aggregation","Overview of SQL, Data Definition Commands",6.39-N-B.E.-Data-Science-Sem-III-IV.pdf,2174112,Database Management System,3,1,
"Generalization, Specialization and Aggregation","Integrity constraints: key constraints, Domain",6.39-N-B.E.-Data-Science-Sem-III-IV.pdf,2174112,Database Management System,4,1,
"Generalization, Specialization and Aggregation","Triggers, Introduction to Pl/SQL Block Structure",6.39-N-B.E.-Data-Science-Sem-III-IV.pdf,2174112,Database Management System,5,1,
"Generalization, Specialization and Aggregation","Pitfalls in relational database designs, Concept",6.39-N-B.E.-Data-Science-Sem-III-IV.pdf,2174112,Database Management System,6,1,
"Generalization, Specialization and Aggregation","Concurrent Executions, Serializability",6.39-N-B.E.-Data-Science-Sem-III-IV.pdf,2174112,Database Management System,7,1,
"Generalization, Specialization and Aggregation","Cloud Database, Introduction of Distributed",6.39-N-B.E.-Data-Science-Sem-III-IV.pdf,2174112,Database Management System,8,1,
"Introduction to the Relational Model, relational","EER Model to the Relational Model, Relational",6.39-N-B.E.-Data-Science-Sem-III-IV.pdf,2174112,Database Management System,1,1,
"Introduction to the Relational Model, relational","Overview of SQL, Data Definition Commands",6.39-N-B.E.-Data-Science-Sem-III-IV.pdf,2174112,Database Management System,2,1,
"Introduction to the Relational Model, relational","Integrity constraints: key constraints, Domain",6.39-N-B.E.-Data-Science-Sem-III-IV.pdf,2174112,Database Management System,3,1,
"Introduction to the Relational Model, relational","Triggers, Introduction to Pl/SQL Block Structure",6.39-N-B.E.-Data-Science-Sem-III-IV.pdf,2174112,Database Management System,4,1,
"Introduction to the Relational Model, relational","Pitfalls in relational database designs, Concept",6.39-N-B.E.-Data-Science-Sem-III-IV.pdf,2174112,Database Management System,5,1,
"Introduction to the Relational Model, relational","Concurrent Executions, Serializability",6.39-N-B.E.-Data-Science-Sem-III-IV.pdf,2174112,Database Management System,6,1,
"Introduction to the Relational Model, relational","Cloud Database, Introduction of Distributed",6.39-N-B.E.-Data-Science-Sem-III-IV.pdf,2174112,Database Management System,7,1,
"EER Model to the Relational Model, Relational","Overview of SQL, Data Definition Commands",6.39-N-B.E.-Data-Science-Sem-III-IV.pdf,2174112,Database Management System,1,1,
"EER Model to the Relational Model, Relational","Integrity constraints: key constraints, Domain",6.39-N-B.E.-Data-Science-Sem-III-IV.pdf,2174112,Database Management System,2,1,
"EER Model to the Relational Model, Relational","Triggers, Introduction to Pl/SQL Block Structure",6.39-N-B.E.-Data-Science-Sem-III-IV.pdf,2174112,Database Management System,3,1,
"EER Model to the Relational Model, Relational","Pitfalls in relational database designs, Concept",6.39-N-B.E.-Data-Science-Sem-III-IV.pdf,2174112,Database Management System,4,1,
"EER Model to the Relational Model, Relational","Concurrent Executions, Serializability",6.39-N-B.E.-Data-Science-Sem-III-IV.pdf,2174112,Database Management System,5,1,
"EER Model to the Relational Model, Relational","Cloud Database, Introduction of Distributed",6.39-N-B.E.-Data-Science-Sem-III-IV.pdf,2174112,Database Management System,6,1,
"Overview of SQL, Data Definition Commands","Integrity constraints: key constraints, Domain",6.39-N-B.E.-Data-Science-Sem-III-IV.pdf,2174112,Database Management System,1,1,
"Overview of SQL, Data Definition Commands","Triggers, Introduction to Pl/SQL Block Structure",6.39-N-B.E.-Data-Science-Sem-III-IV.pdf,2174112,Database Management System,2,1,
"Overview of SQL, Data Definition Commands","Pitfalls in relational database designs, Concept",6.39-N-B.E.-Data-Science-Sem-III-IV.pdf,2174112,Database Management System,3,1,
"Overview of SQL, Data Definition Commands","Concurrent Executions, Serializability",6.39-N-B.E.-Data-Science-Sem-III-IV.pdf,2174112,Database Management System,4,1,
"Overview of SQL, Data Definition Commands","Cloud Database, Introduction of Distributed",6.39-N-B.E.-Data-Science-Sem-III-IV.pdf,2174112,Database Management System,5,1,
"Integrity constraints: key constraints, Domain","Triggers, Introduction to Pl/SQL Block Structure",6.39-N-B.E.-Data-Science-Sem-III-IV.pdf,2174112,Database Management System,1,1,
"Integrity constraints: key constraints, Domain","Pitfalls in relational database designs, Concept",6.39-N-B.E.-Data-Science-Sem-III-IV.pdf,2174112,Database Management System,2,1,
"Integrity constraints: key constraints, Domain","Concurrent Executions, Serializability",6.39-N-B.E.-Data-Science-Sem-III-IV.pdf,2174112,Database Management System,3,1,
"Integrity constraints: key constraints, Domain","Cloud Database, Introduction of Distributed",6.39-N-B.E.-Data-Science-Sem-III-IV.pdf,2174112,Database Management System,4,1,
"Triggers, Introduction to Pl/SQL Block Structure","Pitfalls in relational database designs, Concept",6.39-N-B.E.-Data-Science-Sem-III-IV.pdf,2174112,Database Management System,1,1,
"Triggers, Introduction to Pl/SQL Block Structure","Concurrent Executions, Serializability",6.39-N-B.E.-Data-Science-Sem-III-IV.pdf,2174112,Database Management System,2,1,
"Triggers, Introduction to Pl/SQL Block Structure","Cloud Database, Introduction of Distributed",6.39-N-B.E.-Data-Science-Sem-III-IV.pdf,2174112,Database Management System,3,1,
"Pitfalls in relational database designs, Concept","Concurrent Executions, Serializability",6.39-N-B.E.-Data-Science-Sem-III-IV.pdf,2174112,Database Management System,1,1,
"Pitfalls in relational database designs, Concept","Cloud Database, Introduction of Distributed",6.39-N-B.E.-Data-Science-Sem-III-IV.pdf,2174112,Database Management System,2,1,
"Concurrent Executions, Serializability","Cloud Database, Introduction of Distributed",6.39-N-B.E.-Data-Science-Sem-III-IV.pdf,2174112,Database Management System,1,1,
Special-purpose,Open-source and Proprietary Operating System,6.39-N-B.E.-Data-Science-Sem-III-IV.pdf,2174113,Operating System,1,1,
Special-purpose,Fundamentals of Distributed Operating System,6.39-N-B.E.-Data-Science-Sem-III-IV.pdf,2174113,Operating System,2,1,
Special-purpose,Network Operating System,6.39-N-B.E.-Data-Science-Sem-III-IV.pdf,2174113,Operating System,3,1,
Special-purpose,Real-Time,6.39-N-B.E.-Data-Science-Sem-III-IV.pdf,2174113,Operating System,4,1,
Special-purpose,Mobile Operating System,6.39-N-B.E.-Data-Science-Sem-III-IV.pdf,2174113,Operating System,5,1,
Special-purpose,Special-purpose Operating Systems,6.39-N-B.E.-Data-Science-Sem-III-IV.pdf,2174113,Operating System,6,1,
Open-source and Proprietary Operating System,Fundamentals of Distributed Operating System,6.39-N-B.E.-Data-Science-Sem-III-IV.pdf,2174113,Operating System,1,1,
Open-source and Proprietary Operating System,Network Operating System,6.39-N-B.E.-Data-Science-Sem-III-IV.pdf,2174113,Operating System,2,1,
Open-source and Proprietary Operating System,Real-Time,6.39-N-B.E.-Data-Science-Sem-III-IV.pdf,2174113,Operating System,3,1,
Open-source and Proprietary Operating System,Mobile Operating System,6.39-N-B.E.-Data-Science-Sem-III-IV.pdf,2174113,Operating System,4,1,
Open-source and Proprietary Operating System,Special-purpose Operating Systems,6.39-N-B.E.-Data-Science-Sem-III-IV.pdf,2174113,Operating System,5,1,
Fundamentals of Distributed Operating System,Network Operating System,6.39-N-B.E.-Data-Science-Sem-III-IV.pdf,2174113,Operating System,1,1,
Fundamentals of Distributed Operating System,Real-Time,6.39-N-B.E.-Data-Science-Sem-III-IV.pdf,2174113,Operating System,2,1,
Fundamentals of Distributed Operating System,Mobile Operating System,6.39-N-B.E.-Data-Science-Sem-III-IV.pdf,2174113,Operating System,3,1,
Fundamentals of Distributed Operating System,Special-purpose Operating Systems,6.39-N-B.E.-Data-Science-Sem-III-IV.pdf,2174113,Operating System,4,1,
Network Operating System,Real-Time,6.39-N-B.E.-Data-Science-Sem-III-IV.pdf,2174113,Operating System,1,1,
Network Operating System,Mobile Operating System,6.39-N-B.E.-Data-Science-Sem-III-IV.pdf,2174113,Operating System,2,1,
Network Operating System,Special-purpose Operating Systems,6.39-N-B.E.-Data-Science-Sem-III-IV.pdf,2174113,Operating System,3,1,
Real-Time,Mobile Operating System,6.39-N-B.E.-Data-Science-Sem-III-IV.pdf,2174113,Operating System,1,1,
Real-Time,Special-purpose Operating Systems,6.39-N-B.E.-Data-Science-Sem-III-IV.pdf,2174113,Operating System,2,1,
Mobile Operating System,Special-purpose Operating Systems,6.39-N-B.E.-Data-Science-Sem-III-IV.pdf,2174113,Operating System,1,1,
Properties of Eigen,Similarity of matrices,6.40-N-Chemical-Engineering-Sem-III-IV.pdf,2073111,Chemical Engineering Mathematics,1,1,
Properties of Eigen,Diagonalization of matrices,6.40-N-Chemical-Engineering-Sem-III-IV.pdf,2073111,Chemical Engineering Mathematics,2,1,
Properties of Eigen,Applying to chemical engineering problems related,6.40-N-Chemical-Engineering-Sem-III-IV.pdf,2073111,Chemical Engineering Mathematics,3,1,
Properties of Eigen,Eulers method,6.40-N-Chemical-Engineering-Sem-III-IV.pdf,2073111,Chemical Engineering Mathematics,4,1,
Properties of Eigen,Kutta second Order method,6.40-N-Chemical-Engineering-Sem-III-IV.pdf,2073111,Chemical Engineering Mathematics,5,1,
Properties of Eigen,Applications of Runge-Kutta Fourth order,6.40-N-Chemical-Engineering-Sem-III-IV.pdf,2073111,Chemical Engineering Mathematics,6,1,
Properties of Eigen,Method and Adam Bashford Predictor,6.40-N-Chemical-Engineering-Sem-III-IV.pdf,2073111,Chemical Engineering Mathematics,7,1,
Properties of Eigen,Corrector Method to chemical engineering,6.40-N-Chemical-Engineering-Sem-III-IV.pdf,2073111,Chemical Engineering Mathematics,8,1,
Properties of Eigen,Forward and Backward difference operators ∆,6.40-N-Chemical-Engineering-Sem-III-IV.pdf,2073111,Chemical Engineering Mathematics,9,1,
Properties of Eigen,Shift operator E,6.40-N-Chemical-Engineering-Sem-III-IV.pdf,2073111,Chemical Engineering Mathematics,10,1,
Properties of Eigen,Relation between E,6.40-N-Chemical-Engineering-Sem-III-IV.pdf,2073111,Chemical Engineering Mathematics,11,1,
Similarity of matrices,Diagonalization of matrices,6.40-N-Chemical-Engineering-Sem-III-IV.pdf,2073111,Chemical Engineering Mathematics,1,1,
Similarity of matrices,Applying to chemical engineering problems related,6.40-N-Chemical-Engineering-Sem-III-IV.pdf,2073111,Chemical Engineering Mathematics,2,1,
Similarity of matrices,Eulers method,6.40-N-Chemical-Engineering-Sem-III-IV.pdf,2073111,Chemical Engineering Mathematics,3,1,
Similarity of matrices,Kutta second Order method,6.40-N-Chemical-Engineering-Sem-III-IV.pdf,2073111,Chemical Engineering Mathematics,4,1,
Similarity of matrices,Applications of Runge-Kutta Fourth order,6.40-N-Chemical-Engineering-Sem-III-IV.pdf,2073111,Chemical Engineering Mathematics,5,1,
Similarity of matrices,Method and Adam Bashford Predictor,6.40-N-Chemical-Engineering-Sem-III-IV.pdf,2073111,Chemical Engineering Mathematics,6,1,
Similarity of matrices,Corrector Method to chemical engineering,6.40-N-Chemical-Engineering-Sem-III-IV.pdf,2073111,Chemical Engineering Mathematics,7,1,
Similarity of matrices,Forward and Backward difference operators ∆,6.40-N-Chemical-Engineering-Sem-III-IV.pdf,2073111,Chemical Engineering Mathematics,8,1,
Similarity of matrices,Shift operator E,6.40-N-Chemical-Engineering-Sem-III-IV.pdf,2073111,Chemical Engineering Mathematics,9,1,
Similarity of matrices,Relation between E,6.40-N-Chemical-Engineering-Sem-III-IV.pdf,2073111,Chemical Engineering Mathematics,10,1,
Diagonalization of matrices,Applying to chemical engineering problems related,6.40-N-Chemical-Engineering-Sem-III-IV.pdf,2073111,Chemical Engineering Mathematics,1,1,
Diagonalization of matrices,Eulers method,6.40-N-Chemical-Engineering-Sem-III-IV.pdf,2073111,Chemical Engineering Mathematics,2,1,
Diagonalization of matrices,Kutta second Order method,6.40-N-Chemical-Engineering-Sem-III-IV.pdf,2073111,Chemical Engineering Mathematics,3,1,
Diagonalization of matrices,Applications of Runge-Kutta Fourth order,6.40-N-Chemical-Engineering-Sem-III-IV.pdf,2073111,Chemical Engineering Mathematics,4,1,
Diagonalization of matrices,Method and Adam Bashford Predictor,6.40-N-Chemical-Engineering-Sem-III-IV.pdf,2073111,Chemical Engineering Mathematics,5,1,
Diagonalization of matrices,Corrector Method to chemical engineering,6.40-N-Chemical-Engineering-Sem-III-IV.pdf,2073111,Chemical Engineering Mathematics,6,1,
Diagonalization of matrices,Forward and Backward difference operators ∆,6.40-N-Chemical-Engineering-Sem-III-IV.pdf,2073111,Chemical Engineering Mathematics,7,1,
Diagonalization of matrices,Shift operator E,6.40-N-Chemical-Engineering-Sem-III-IV.pdf,2073111,Chemical Engineering Mathematics,8,1,
Diagonalization of matrices,Relation between E,6.40-N-Chemical-Engineering-Sem-III-IV.pdf,2073111,Chemical Engineering Mathematics,9,1,
Applying to chemical engineering problems related,Eulers method,6.40-N-Chemical-Engineering-Sem-III-IV.pdf,2073111,Chemical Engineering Mathematics,1,1,
Applying to chemical engineering problems related,Kutta second Order method,6.40-N-Chemical-Engineering-Sem-III-IV.pdf,2073111,Chemical Engineering Mathematics,2,1,
Applying to chemical engineering problems related,Applications of Runge-Kutta Fourth order,6.40-N-Chemical-Engineering-Sem-III-IV.pdf,2073111,Chemical Engineering Mathematics,3,1,
Applying to chemical engineering problems related,Method and Adam Bashford Predictor,6.40-N-Chemical-Engineering-Sem-III-IV.pdf,2073111,Chemical Engineering Mathematics,4,1,
Applying to chemical engineering problems related,Corrector Method to chemical engineering,6.40-N-Chemical-Engineering-Sem-III-IV.pdf,2073111,Chemical Engineering Mathematics,5,1,
Applying to chemical engineering problems related,Forward and Backward difference operators ∆,6.40-N-Chemical-Engineering-Sem-III-IV.pdf,2073111,Chemical Engineering Mathematics,6,1,
Applying to chemical engineering problems related,Shift operator E,6.40-N-Chemical-Engineering-Sem-III-IV.pdf,2073111,Chemical Engineering Mathematics,7,1,
Applying to chemical engineering problems related,Relation between E,6.40-N-Chemical-Engineering-Sem-III-IV.pdf,2073111,Chemical Engineering Mathematics,8,1,
Eulers method,Kutta second Order method,6.40-N-Chemical-Engineering-Sem-III-IV.pdf,2073111,Chemical Engineering Mathematics,1,1,
Eulers method,Applications of Runge-Kutta Fourth order,6.40-N-Chemical-Engineering-Sem-III-IV.pdf,2073111,Chemical Engineering Mathematics,2,1,
Eulers method,Method and Adam Bashford Predictor,6.40-N-Chemical-Engineering-Sem-III-IV.pdf,2073111,Chemical Engineering Mathematics,3,1,
Eulers method,Corrector Method to chemical engineering,6.40-N-Chemical-Engineering-Sem-III-IV.pdf,2073111,Chemical Engineering Mathematics,4,1,
Eulers method,Forward and Backward difference operators ∆,6.40-N-Chemical-Engineering-Sem-III-IV.pdf,2073111,Chemical Engineering Mathematics,5,1,
Eulers method,Shift operator E,6.40-N-Chemical-Engineering-Sem-III-IV.pdf,2073111,Chemical Engineering Mathematics,6,1,
Eulers method,Relation between E,6.40-N-Chemical-Engineering-Sem-III-IV.pdf,2073111,Chemical Engineering Mathematics,7,1,
Kutta second Order method,Applications of Runge-Kutta Fourth order,6.40-N-Chemical-Engineering-Sem-III-IV.pdf,2073111,Chemical Engineering Mathematics,1,1,
Kutta second Order method,Method and Adam Bashford Predictor,6.40-N-Chemical-Engineering-Sem-III-IV.pdf,2073111,Chemical Engineering Mathematics,2,1,
Kutta second Order method,Corrector Method to chemical engineering,6.40-N-Chemical-Engineering-Sem-III-IV.pdf,2073111,Chemical Engineering Mathematics,3,1,
Kutta second Order method,Forward and Backward difference operators ∆,6.40-N-Chemical-Engineering-Sem-III-IV.pdf,2073111,Chemical Engineering Mathematics,4,1,
Kutta second Order method,Shift operator E,6.40-N-Chemical-Engineering-Sem-III-IV.pdf,2073111,Chemical Engineering Mathematics,5,1,
Kutta second Order method,Relation between E,6.40-N-Chemical-Engineering-Sem-III-IV.pdf,2073111,Chemical Engineering Mathematics,6,1,
Applications of Runge-Kutta Fourth order,Method and Adam Bashford Predictor,6.40-N-Chemical-Engineering-Sem-III-IV.pdf,2073111,Chemical Engineering Mathematics,1,1,
Applications of Runge-Kutta Fourth order,Corrector Method to chemical engineering,6.40-N-Chemical-Engineering-Sem-III-IV.pdf,2073111,Chemical Engineering Mathematics,2,1,
Applications of Runge-Kutta Fourth order,Forward and Backward difference operators ∆,6.40-N-Chemical-Engineering-Sem-III-IV.pdf,2073111,Chemical Engineering Mathematics,3,1,
Applications of Runge-Kutta Fourth order,Shift operator E,6.40-N-Chemical-Engineering-Sem-III-IV.pdf,2073111,Chemical Engineering Mathematics,4,1,
Applications of Runge-Kutta Fourth order,Relation between E,6.40-N-Chemical-Engineering-Sem-III-IV.pdf,2073111,Chemical Engineering Mathematics,5,1,
Method and Adam Bashford Predictor,Corrector Method to chemical engineering,6.40-N-Chemical-Engineering-Sem-III-IV.pdf,2073111,Chemical Engineering Mathematics,1,1,
Method and Adam Bashford Predictor,Forward and Backward difference operators ∆,6.40-N-Chemical-Engineering-Sem-III-IV.pdf,2073111,Chemical Engineering Mathematics,2,1,
Method and Adam Bashford Predictor,Shift operator E,6.40-N-Chemical-Engineering-Sem-III-IV.pdf,2073111,Chemical Engineering Mathematics,3,1,
Method and Adam Bashford Predictor,Relation between E,6.40-N-Chemical-Engineering-Sem-III-IV.pdf,2073111,Chemical Engineering Mathematics,4,1,
Corrector Method to chemical engineering,Forward and Backward difference operators ∆,6.40-N-Chemical-Engineering-Sem-III-IV.pdf,2073111,Chemical Engineering Mathematics,1,1,
Corrector Method to chemical engineering,Shift operator E,6.40-N-Chemical-Engineering-Sem-III-IV.pdf,2073111,Chemical Engineering Mathematics,2,1,
Corrector Method to chemical engineering,Relation between E,6.40-N-Chemical-Engineering-Sem-III-IV.pdf,2073111,Chemical Engineering Mathematics,3,1,
Forward and Backward difference operators ∆,Shift operator E,6.40-N-Chemical-Engineering-Sem-III-IV.pdf,2073111,Chemical Engineering Mathematics,1,1,
Forward and Backward difference operators ∆,Relation between E,6.40-N-Chemical-Engineering-Sem-III-IV.pdf,2073111,Chemical Engineering Mathematics,2,1,
Shift operator E,Relation between E,6.40-N-Chemical-Engineering-Sem-III-IV.pdf,2073111,Chemical Engineering Mathematics,1,1,
Screening equipment – Vibrating screen,Grizzlies and Trommels,6.40-N-Chemical-Engineering-Sem-III-IV.pdf,2074112,Solid Fluid Mechanical Operations,1,1,
Screening equipment – Vibrating screen,Size reduction of solids. Mechanism of size,6.40-N-Chemical-Engineering-Sem-III-IV.pdf,2074112,Solid Fluid Mechanical Operations,2,1,
Screening equipment – Vibrating screen,Size reduction equipment – Jaw crusher,6.40-N-Chemical-Engineering-Sem-III-IV.pdf,2074112,Solid Fluid Mechanical Operations,3,1,
Screening equipment – Vibrating screen,"Hammer mill, Ball mill and Roll crusher",6.40-N-Chemical-Engineering-Sem-III-IV.pdf,2074112,Solid Fluid Mechanical Operations,4,1,
Screening equipment – Vibrating screen,Solid mixing – Introduction to solid mixing,6.40-N-Chemical-Engineering-Sem-III-IV.pdf,2074112,Solid Fluid Mechanical Operations,5,1,
Screening equipment – Vibrating screen,Mixing equipment for cohesive solids,6.40-N-Chemical-Engineering-Sem-III-IV.pdf,2074112,Solid Fluid Mechanical Operations,6,1,
Screening equipment – Vibrating screen,Mixers for free flowing solids: Ribbon,6.40-N-Chemical-Engineering-Sem-III-IV.pdf,2074112,Solid Fluid Mechanical Operations,7,1,
Screening equipment – Vibrating screen,Flow of a single fluid through a packed bed,6.40-N-Chemical-Engineering-Sem-III-IV.pdf,2074112,Solid Fluid Mechanical Operations,8,1,
Screening equipment – Vibrating screen,Ergun’s equation,6.40-N-Chemical-Engineering-Sem-III-IV.pdf,2074112,Solid Fluid Mechanical Operations,9,1,
Screening equipment – Vibrating screen,Fluidization: conditions for fluidization,6.40-N-Chemical-Engineering-Sem-III-IV.pdf,2074112,Solid Fluid Mechanical Operations,10,1,
Screening equipment – Vibrating screen,Solid fluid,6.40-N-Chemical-Engineering-Sem-III-IV.pdf,2074112,Solid Fluid Mechanical Operations,11,1,
Screening equipment – Vibrating screen,Sedimentation: Batch sedimentation. Kynch,6.40-N-Chemical-Engineering-Sem-III-IV.pdf,2074112,Solid Fluid Mechanical Operations,12,1,
Screening equipment – Vibrating screen,Gas solid separation equipment: Cyclone,6.40-N-Chemical-Engineering-Sem-III-IV.pdf,2074112,Solid Fluid Mechanical Operations,13,1,
Screening equipment – Vibrating screen,Storage of solids: Properties of particulate,6.40-N-Chemical-Engineering-Sem-III-IV.pdf,2074112,Solid Fluid Mechanical Operations,14,1,
Grizzlies and Trommels,Size reduction of solids. Mechanism of size,6.40-N-Chemical-Engineering-Sem-III-IV.pdf,2074112,Solid Fluid Mechanical Operations,1,1,
Grizzlies and Trommels,Size reduction equipment – Jaw crusher,6.40-N-Chemical-Engineering-Sem-III-IV.pdf,2074112,Solid Fluid Mechanical Operations,2,1,
Grizzlies and Trommels,"Hammer mill, Ball mill and Roll crusher",6.40-N-Chemical-Engineering-Sem-III-IV.pdf,2074112,Solid Fluid Mechanical Operations,3,1,
Grizzlies and Trommels,Solid mixing – Introduction to solid mixing,6.40-N-Chemical-Engineering-Sem-III-IV.pdf,2074112,Solid Fluid Mechanical Operations,4,1,
Grizzlies and Trommels,Mixing equipment for cohesive solids,6.40-N-Chemical-Engineering-Sem-III-IV.pdf,2074112,Solid Fluid Mechanical Operations,5,1,
Grizzlies and Trommels,Mixers for free flowing solids: Ribbon,6.40-N-Chemical-Engineering-Sem-III-IV.pdf,2074112,Solid Fluid Mechanical Operations,6,1,
Grizzlies and Trommels,Flow of a single fluid through a packed bed,6.40-N-Chemical-Engineering-Sem-III-IV.pdf,2074112,Solid Fluid Mechanical Operations,7,1,
Grizzlies and Trommels,Ergun’s equation,6.40-N-Chemical-Engineering-Sem-III-IV.pdf,2074112,Solid Fluid Mechanical Operations,8,1,
Grizzlies and Trommels,Fluidization: conditions for fluidization,6.40-N-Chemical-Engineering-Sem-III-IV.pdf,2074112,Solid Fluid Mechanical Operations,9,1,
Grizzlies and Trommels,Solid fluid,6.40-N-Chemical-Engineering-Sem-III-IV.pdf,2074112,Solid Fluid Mechanical Operations,10,1,
Grizzlies and Trommels,Sedimentation: Batch sedimentation. Kynch,6.40-N-Chemical-Engineering-Sem-III-IV.pdf,2074112,Solid Fluid Mechanical Operations,11,1,
Grizzlies and Trommels,Gas solid separation equipment: Cyclone,6.40-N-Chemical-Engineering-Sem-III-IV.pdf,2074112,Solid Fluid Mechanical Operations,12,1,
Grizzlies and Trommels,Storage of solids: Properties of particulate,6.40-N-Chemical-Engineering-Sem-III-IV.pdf,2074112,Solid Fluid Mechanical Operations,13,1,
Grizzlies and Trommels,"Conveying, of solids: Belt conveyer, bucket",6.40-N-Chemical-Engineering-Sem-III-IV.pdf,2074112,Solid Fluid Mechanical Operations,14,1,
Size reduction of solids. Mechanism of size,Size reduction equipment – Jaw crusher,6.40-N-Chemical-Engineering-Sem-III-IV.pdf,2074112,Solid Fluid Mechanical Operations,1,1,
Size reduction of solids. Mechanism of size,"Hammer mill, Ball mill and Roll crusher",6.40-N-Chemical-Engineering-Sem-III-IV.pdf,2074112,Solid Fluid Mechanical Operations,2,1,
Size reduction of solids. Mechanism of size,Solid mixing – Introduction to solid mixing,6.40-N-Chemical-Engineering-Sem-III-IV.pdf,2074112,Solid Fluid Mechanical Operations,3,1,
Size reduction of solids. Mechanism of size,Mixing equipment for cohesive solids,6.40-N-Chemical-Engineering-Sem-III-IV.pdf,2074112,Solid Fluid Mechanical Operations,4,1,
Size reduction of solids. Mechanism of size,Mixers for free flowing solids: Ribbon,6.40-N-Chemical-Engineering-Sem-III-IV.pdf,2074112,Solid Fluid Mechanical Operations,5,1,
Size reduction of solids. Mechanism of size,Flow of a single fluid through a packed bed,6.40-N-Chemical-Engineering-Sem-III-IV.pdf,2074112,Solid Fluid Mechanical Operations,6,1,
Size reduction of solids. Mechanism of size,Ergun’s equation,6.40-N-Chemical-Engineering-Sem-III-IV.pdf,2074112,Solid Fluid Mechanical Operations,7,1,
Size reduction of solids. Mechanism of size,Fluidization: conditions for fluidization,6.40-N-Chemical-Engineering-Sem-III-IV.pdf,2074112,Solid Fluid Mechanical Operations,8,1,
Size reduction of solids. Mechanism of size,Solid fluid,6.40-N-Chemical-Engineering-Sem-III-IV.pdf,2074112,Solid Fluid Mechanical Operations,9,1,
Size reduction of solids. Mechanism of size,Sedimentation: Batch sedimentation. Kynch,6.40-N-Chemical-Engineering-Sem-III-IV.pdf,2074112,Solid Fluid Mechanical Operations,10,1,
Size reduction of solids. Mechanism of size,Gas solid separation equipment: Cyclone,6.40-N-Chemical-Engineering-Sem-III-IV.pdf,2074112,Solid Fluid Mechanical Operations,11,1,
Size reduction of solids. Mechanism of size,Storage of solids: Properties of particulate,6.40-N-Chemical-Engineering-Sem-III-IV.pdf,2074112,Solid Fluid Mechanical Operations,12,1,
Size reduction of solids. Mechanism of size,"Conveying, of solids: Belt conveyer, bucket",6.40-N-Chemical-Engineering-Sem-III-IV.pdf,2074112,Solid Fluid Mechanical Operations,13,1,
Size reduction equipment – Jaw crusher,"Hammer mill, Ball mill and Roll crusher",6.40-N-Chemical-Engineering-Sem-III-IV.pdf,2074112,Solid Fluid Mechanical Operations,1,1,
Size reduction equipment – Jaw crusher,Solid mixing – Introduction to solid mixing,6.40-N-Chemical-Engineering-Sem-III-IV.pdf,2074112,Solid Fluid Mechanical Operations,2,1,
Size reduction equipment – Jaw crusher,Mixing equipment for cohesive solids,6.40-N-Chemical-Engineering-Sem-III-IV.pdf,2074112,Solid Fluid Mechanical Operations,3,1,
Size reduction equipment – Jaw crusher,Mixers for free flowing solids: Ribbon,6.40-N-Chemical-Engineering-Sem-III-IV.pdf,2074112,Solid Fluid Mechanical Operations,4,1,
Size reduction equipment – Jaw crusher,Flow of a single fluid through a packed bed,6.40-N-Chemical-Engineering-Sem-III-IV.pdf,2074112,Solid Fluid Mechanical Operations,5,1,
Size reduction equipment – Jaw crusher,Ergun’s equation,6.40-N-Chemical-Engineering-Sem-III-IV.pdf,2074112,Solid Fluid Mechanical Operations,6,1,
Size reduction equipment – Jaw crusher,Fluidization: conditions for fluidization,6.40-N-Chemical-Engineering-Sem-III-IV.pdf,2074112,Solid Fluid Mechanical Operations,7,1,
Size reduction equipment – Jaw crusher,Solid fluid,6.40-N-Chemical-Engineering-Sem-III-IV.pdf,2074112,Solid Fluid Mechanical Operations,8,1,
Size reduction equipment – Jaw crusher,Sedimentation: Batch sedimentation. Kynch,6.40-N-Chemical-Engineering-Sem-III-IV.pdf,2074112,Solid Fluid Mechanical Operations,9,1,
Size reduction equipment – Jaw crusher,Gas solid separation equipment: Cyclone,6.40-N-Chemical-Engineering-Sem-III-IV.pdf,2074112,Solid Fluid Mechanical Operations,10,1,
Size reduction equipment – Jaw crusher,Storage of solids: Properties of particulate,6.40-N-Chemical-Engineering-Sem-III-IV.pdf,2074112,Solid Fluid Mechanical Operations,11,1,
Size reduction equipment – Jaw crusher,"Conveying, of solids: Belt conveyer, bucket",6.40-N-Chemical-Engineering-Sem-III-IV.pdf,2074112,Solid Fluid Mechanical Operations,12,1,
"Hammer mill, Ball mill and Roll crusher",Solid mixing – Introduction to solid mixing,6.40-N-Chemical-Engineering-Sem-III-IV.pdf,2074112,Solid Fluid Mechanical Operations,1,1,
"Hammer mill, Ball mill and Roll crusher",Mixing equipment for cohesive solids,6.40-N-Chemical-Engineering-Sem-III-IV.pdf,2074112,Solid Fluid Mechanical Operations,2,1,
"Hammer mill, Ball mill and Roll crusher",Mixers for free flowing solids: Ribbon,6.40-N-Chemical-Engineering-Sem-III-IV.pdf,2074112,Solid Fluid Mechanical Operations,3,1,
"Hammer mill, Ball mill and Roll crusher",Flow of a single fluid through a packed bed,6.40-N-Chemical-Engineering-Sem-III-IV.pdf,2074112,Solid Fluid Mechanical Operations,4,1,
"Hammer mill, Ball mill and Roll crusher",Ergun’s equation,6.40-N-Chemical-Engineering-Sem-III-IV.pdf,2074112,Solid Fluid Mechanical Operations,5,1,
"Hammer mill, Ball mill and Roll crusher",Fluidization: conditions for fluidization,6.40-N-Chemical-Engineering-Sem-III-IV.pdf,2074112,Solid Fluid Mechanical Operations,6,1,
"Hammer mill, Ball mill and Roll crusher",Solid fluid,6.40-N-Chemical-Engineering-Sem-III-IV.pdf,2074112,Solid Fluid Mechanical Operations,7,1,
"Hammer mill, Ball mill and Roll crusher",Sedimentation: Batch sedimentation. Kynch,6.40-N-Chemical-Engineering-Sem-III-IV.pdf,2074112,Solid Fluid Mechanical Operations,8,1,
"Hammer mill, Ball mill and Roll crusher",Gas solid separation equipment: Cyclone,6.40-N-Chemical-Engineering-Sem-III-IV.pdf,2074112,Solid Fluid Mechanical Operations,9,1,
"Hammer mill, Ball mill and Roll crusher",Storage of solids: Properties of particulate,6.40-N-Chemical-Engineering-Sem-III-IV.pdf,2074112,Solid Fluid Mechanical Operations,10,1,
"Hammer mill, Ball mill and Roll crusher","Conveying, of solids: Belt conveyer, bucket",6.40-N-Chemical-Engineering-Sem-III-IV.pdf,2074112,Solid Fluid Mechanical Operations,11,1,
Solid mixing – Introduction to solid mixing,Mixing equipment for cohesive solids,6.40-N-Chemical-Engineering-Sem-III-IV.pdf,2074112,Solid Fluid Mechanical Operations,1,1,
Solid mixing – Introduction to solid mixing,Mixers for free flowing solids: Ribbon,6.40-N-Chemical-Engineering-Sem-III-IV.pdf,2074112,Solid Fluid Mechanical Operations,2,1,
Solid mixing – Introduction to solid mixing,Flow of a single fluid through a packed bed,6.40-N-Chemical-Engineering-Sem-III-IV.pdf,2074112,Solid Fluid Mechanical Operations,3,1,
Solid mixing – Introduction to solid mixing,Ergun’s equation,6.40-N-Chemical-Engineering-Sem-III-IV.pdf,2074112,Solid Fluid Mechanical Operations,4,1,
Solid mixing – Introduction to solid mixing,Fluidization: conditions for fluidization,6.40-N-Chemical-Engineering-Sem-III-IV.pdf,2074112,Solid Fluid Mechanical Operations,5,1,
Solid mixing – Introduction to solid mixing,Solid fluid,6.40-N-Chemical-Engineering-Sem-III-IV.pdf,2074112,Solid Fluid Mechanical Operations,6,1,
Solid mixing – Introduction to solid mixing,Sedimentation: Batch sedimentation. Kynch,6.40-N-Chemical-Engineering-Sem-III-IV.pdf,2074112,Solid Fluid Mechanical Operations,7,1,
Solid mixing – Introduction to solid mixing,Gas solid separation equipment: Cyclone,6.40-N-Chemical-Engineering-Sem-III-IV.pdf,2074112,Solid Fluid Mechanical Operations,8,1,
Solid mixing – Introduction to solid mixing,Storage of solids: Properties of particulate,6.40-N-Chemical-Engineering-Sem-III-IV.pdf,2074112,Solid Fluid Mechanical Operations,9,1,
Solid mixing – Introduction to solid mixing,"Conveying, of solids: Belt conveyer, bucket",6.40-N-Chemical-Engineering-Sem-III-IV.pdf,2074112,Solid Fluid Mechanical Operations,10,1,
Mixing equipment for cohesive solids,Mixers for free flowing solids: Ribbon,6.40-N-Chemical-Engineering-Sem-III-IV.pdf,2074112,Solid Fluid Mechanical Operations,1,1,
Mixing equipment for cohesive solids,Flow of a single fluid through a packed bed,6.40-N-Chemical-Engineering-Sem-III-IV.pdf,2074112,Solid Fluid Mechanical Operations,2,1,
Mixing equipment for cohesive solids,Ergun’s equation,6.40-N-Chemical-Engineering-Sem-III-IV.pdf,2074112,Solid Fluid Mechanical Operations,3,1,
Mixing equipment for cohesive solids,Fluidization: conditions for fluidization,6.40-N-Chemical-Engineering-Sem-III-IV.pdf,2074112,Solid Fluid Mechanical Operations,4,1,
Mixing equipment for cohesive solids,Solid fluid,6.40-N-Chemical-Engineering-Sem-III-IV.pdf,2074112,Solid Fluid Mechanical Operations,5,1,
Mixing equipment for cohesive solids,Sedimentation: Batch sedimentation. Kynch,6.40-N-Chemical-Engineering-Sem-III-IV.pdf,2074112,Solid Fluid Mechanical Operations,6,1,
Mixing equipment for cohesive solids,Gas solid separation equipment: Cyclone,6.40-N-Chemical-Engineering-Sem-III-IV.pdf,2074112,Solid Fluid Mechanical Operations,7,1,
Mixing equipment for cohesive solids,Storage of solids: Properties of particulate,6.40-N-Chemical-Engineering-Sem-III-IV.pdf,2074112,Solid Fluid Mechanical Operations,8,1,
Mixing equipment for cohesive solids,"Conveying, of solids: Belt conveyer, bucket",6.40-N-Chemical-Engineering-Sem-III-IV.pdf,2074112,Solid Fluid Mechanical Operations,9,1,
Mixers for free flowing solids: Ribbon,Flow of a single fluid through a packed bed,6.40-N-Chemical-Engineering-Sem-III-IV.pdf,2074112,Solid Fluid Mechanical Operations,1,1,
Mixers for free flowing solids: Ribbon,Ergun’s equation,6.40-N-Chemical-Engineering-Sem-III-IV.pdf,2074112,Solid Fluid Mechanical Operations,2,1,
Mixers for free flowing solids: Ribbon,Fluidization: conditions for fluidization,6.40-N-Chemical-Engineering-Sem-III-IV.pdf,2074112,Solid Fluid Mechanical Operations,3,1,
Mixers for free flowing solids: Ribbon,Solid fluid,6.40-N-Chemical-Engineering-Sem-III-IV.pdf,2074112,Solid Fluid Mechanical Operations,4,1,
Mixers for free flowing solids: Ribbon,Sedimentation: Batch sedimentation. Kynch,6.40-N-Chemical-Engineering-Sem-III-IV.pdf,2074112,Solid Fluid Mechanical Operations,5,1,
Mixers for free flowing solids: Ribbon,Gas solid separation equipment: Cyclone,6.40-N-Chemical-Engineering-Sem-III-IV.pdf,2074112,Solid Fluid Mechanical Operations,6,1,
Mixers for free flowing solids: Ribbon,Storage of solids: Properties of particulate,6.40-N-Chemical-Engineering-Sem-III-IV.pdf,2074112,Solid Fluid Mechanical Operations,7,1,
Mixers for free flowing solids: Ribbon,"Conveying, of solids: Belt conveyer, bucket",6.40-N-Chemical-Engineering-Sem-III-IV.pdf,2074112,Solid Fluid Mechanical Operations,8,1,
Flow of a single fluid through a packed bed,Ergun’s equation,6.40-N-Chemical-Engineering-Sem-III-IV.pdf,2074112,Solid Fluid Mechanical Operations,1,1,
Flow of a single fluid through a packed bed,Fluidization: conditions for fluidization,6.40-N-Chemical-Engineering-Sem-III-IV.pdf,2074112,Solid Fluid Mechanical Operations,2,1,
Flow of a single fluid through a packed bed,Solid fluid,6.40-N-Chemical-Engineering-Sem-III-IV.pdf,2074112,Solid Fluid Mechanical Operations,3,1,
Flow of a single fluid through a packed bed,Sedimentation: Batch sedimentation. Kynch,6.40-N-Chemical-Engineering-Sem-III-IV.pdf,2074112,Solid Fluid Mechanical Operations,4,1,
Flow of a single fluid through a packed bed,Gas solid separation equipment: Cyclone,6.40-N-Chemical-Engineering-Sem-III-IV.pdf,2074112,Solid Fluid Mechanical Operations,5,1,
Flow of a single fluid through a packed bed,Storage of solids: Properties of particulate,6.40-N-Chemical-Engineering-Sem-III-IV.pdf,2074112,Solid Fluid Mechanical Operations,6,1,
Flow of a single fluid through a packed bed,"Conveying, of solids: Belt conveyer, bucket",6.40-N-Chemical-Engineering-Sem-III-IV.pdf,2074112,Solid Fluid Mechanical Operations,7,1,
Ergun’s equation,Fluidization: conditions for fluidization,6.40-N-Chemical-Engineering-Sem-III-IV.pdf,2074112,Solid Fluid Mechanical Operations,1,1,
Ergun’s equation,Solid fluid,6.40-N-Chemical-Engineering-Sem-III-IV.pdf,2074112,Solid Fluid Mechanical Operations,2,1,
Ergun’s equation,Sedimentation: Batch sedimentation. Kynch,6.40-N-Chemical-Engineering-Sem-III-IV.pdf,2074112,Solid Fluid Mechanical Operations,3,1,
Ergun’s equation,Gas solid separation equipment: Cyclone,6.40-N-Chemical-Engineering-Sem-III-IV.pdf,2074112,Solid Fluid Mechanical Operations,4,1,
Ergun’s equation,Storage of solids: Properties of particulate,6.40-N-Chemical-Engineering-Sem-III-IV.pdf,2074112,Solid Fluid Mechanical Operations,5,1,
Ergun’s equation,"Conveying, of solids: Belt conveyer, bucket",6.40-N-Chemical-Engineering-Sem-III-IV.pdf,2074112,Solid Fluid Mechanical Operations,6,1,
Fluidization: conditions for fluidization,Solid fluid,6.40-N-Chemical-Engineering-Sem-III-IV.pdf,2074112,Solid Fluid Mechanical Operations,1,1,
Fluidization: conditions for fluidization,Sedimentation: Batch sedimentation. Kynch,6.40-N-Chemical-Engineering-Sem-III-IV.pdf,2074112,Solid Fluid Mechanical Operations,2,1,
Fluidization: conditions for fluidization,Gas solid separation equipment: Cyclone,6.40-N-Chemical-Engineering-Sem-III-IV.pdf,2074112,Solid Fluid Mechanical Operations,3,1,
Fluidization: conditions for fluidization,Storage of solids: Properties of particulate,6.40-N-Chemical-Engineering-Sem-III-IV.pdf,2074112,Solid Fluid Mechanical Operations,4,1,
Fluidization: conditions for fluidization,"Conveying, of solids: Belt conveyer, bucket",6.40-N-Chemical-Engineering-Sem-III-IV.pdf,2074112,Solid Fluid Mechanical Operations,5,1,
Solid fluid,Sedimentation: Batch sedimentation. Kynch,6.40-N-Chemical-Engineering-Sem-III-IV.pdf,2074112,Solid Fluid Mechanical Operations,1,1,
Solid fluid,Gas solid separation equipment: Cyclone,6.40-N-Chemical-Engineering-Sem-III-IV.pdf,2074112,Solid Fluid Mechanical Operations,2,1,
Solid fluid,Storage of solids: Properties of particulate,6.40-N-Chemical-Engineering-Sem-III-IV.pdf,2074112,Solid Fluid Mechanical Operations,3,1,
Solid fluid,"Conveying, of solids: Belt conveyer, bucket",6.40-N-Chemical-Engineering-Sem-III-IV.pdf,2074112,Solid Fluid Mechanical Operations,4,1,
Sedimentation: Batch sedimentation. Kynch,Gas solid separation equipment: Cyclone,6.40-N-Chemical-Engineering-Sem-III-IV.pdf,2074112,Solid Fluid Mechanical Operations,1,1,
Sedimentation: Batch sedimentation. Kynch,Storage of solids: Properties of particulate,6.40-N-Chemical-Engineering-Sem-III-IV.pdf,2074112,Solid Fluid Mechanical Operations,2,1,
Sedimentation: Batch sedimentation. Kynch,"Conveying, of solids: Belt conveyer, bucket",6.40-N-Chemical-Engineering-Sem-III-IV.pdf,2074112,Solid Fluid Mechanical Operations,3,1,
Gas solid separation equipment: Cyclone,Storage of solids: Properties of particulate,6.40-N-Chemical-Engineering-Sem-III-IV.pdf,2074112,Solid Fluid Mechanical Operations,1,1,
Gas solid separation equipment: Cyclone,"Conveying, of solids: Belt conveyer, bucket",6.40-N-Chemical-Engineering-Sem-III-IV.pdf,2074112,Solid Fluid Mechanical Operations,2,1,
Storage of solids: Properties of particulate,"Conveying, of solids: Belt conveyer, bucket",6.40-N-Chemical-Engineering-Sem-III-IV.pdf,2074112,Solid Fluid Mechanical Operations,1,1,
Cayley-Hamilton,Linear Algebra (Theory of Matrices) verification and reduction of higher degree polynomials,6.41N-A-I-AI-DS-Sem-III-IV.pdf,2483111,Mathematics for Computer Engineering,1,1,
Cayley-Hamilton,Similarity of matrices,6.41N-A-I-AI-DS-Sem-III-IV.pdf,2483111,Mathematics for Computer Engineering,2,1,
Cayley-Hamilton,Quadratic forms,6.41N-A-I-AI-DS-Sem-III-IV.pdf,2483111,Mathematics for Computer Engineering,3,1,
Cayley-Hamilton,Linear and Non-Linear Programming Problems,6.41N-A-I-AI-DS-Sem-III-IV.pdf,2483111,Mathematics for Computer Engineering,4,1,
Cayley-Hamilton,Types of solutions,6.41N-A-I-AI-DS-Sem-III-IV.pdf,2483111,Mathematics for Computer Engineering,5,1,
Cayley-Hamilton,Standard and Canonical of LPP,6.41N-A-I-AI-DS-Sem-III-IV.pdf,2483111,Mathematics for Computer Engineering,6,1,
Cayley-Hamilton,Basic and Feasible solutions,6.41N-A-I-AI-DS-Sem-III-IV.pdf,2483111,Mathematics for Computer Engineering,7,1,
Cayley-Hamilton,Simplex method,6.41N-A-I-AI-DS-Sem-III-IV.pdf,2483111,Mathematics for Computer Engineering,8,1,
Cayley-Hamilton,Artificial variables,6.41N-A-I-AI-DS-Sem-III-IV.pdf,2483111,Mathematics for Computer Engineering,9,1,
Cayley-Hamilton,Kuhn-Tucker conditions,6.41N-A-I-AI-DS-Sem-III-IV.pdf,2483111,Mathematics for Computer Engineering,10,1,
Cayley-Hamilton,Introduction to Congruence,6.41N-A-I-AI-DS-Sem-III-IV.pdf,2483111,Mathematics for Computer Engineering,11,1,
Cayley-Hamilton,Linear congruence,6.41N-A-I-AI-DS-Sem-III-IV.pdf,2483111,Mathematics for Computer Engineering,12,1,
Cayley-Hamilton,Application of congruence-RSA algorithm,6.41N-A-I-AI-DS-Sem-III-IV.pdf,2483111,Mathematics for Computer Engineering,13,1,
Cayley-Hamilton,Dirichlet’s conditions,6.41N-A-I-AI-DS-Sem-III-IV.pdf,2483111,Mathematics for Computer Engineering,14,1,
Linear Algebra (Theory of Matrices) verification and reduction of higher degree polynomials,Similarity of matrices,6.41N-A-I-AI-DS-Sem-III-IV.pdf,2483111,Mathematics for Computer Engineering,1,1,
Linear Algebra (Theory of Matrices) verification and reduction of higher degree polynomials,Quadratic forms,6.41N-A-I-AI-DS-Sem-III-IV.pdf,2483111,Mathematics for Computer Engineering,2,1,
Linear Algebra (Theory of Matrices) verification and reduction of higher degree polynomials,Linear and Non-Linear Programming Problems,6.41N-A-I-AI-DS-Sem-III-IV.pdf,2483111,Mathematics for Computer Engineering,3,1,
Linear Algebra (Theory of Matrices) verification and reduction of higher degree polynomials,Types of solutions,6.41N-A-I-AI-DS-Sem-III-IV.pdf,2483111,Mathematics for Computer Engineering,4,1,
Linear Algebra (Theory of Matrices) verification and reduction of higher degree polynomials,Standard and Canonical of LPP,6.41N-A-I-AI-DS-Sem-III-IV.pdf,2483111,Mathematics for Computer Engineering,5,1,
Linear Algebra (Theory of Matrices) verification and reduction of higher degree polynomials,Basic and Feasible solutions,6.41N-A-I-AI-DS-Sem-III-IV.pdf,2483111,Mathematics for Computer Engineering,6,1,
Linear Algebra (Theory of Matrices) verification and reduction of higher degree polynomials,Simplex method,6.41N-A-I-AI-DS-Sem-III-IV.pdf,2483111,Mathematics for Computer Engineering,7,1,
Linear Algebra (Theory of Matrices) verification and reduction of higher degree polynomials,Artificial variables,6.41N-A-I-AI-DS-Sem-III-IV.pdf,2483111,Mathematics for Computer Engineering,8,1,
Linear Algebra (Theory of Matrices) verification and reduction of higher degree polynomials,Kuhn-Tucker conditions,6.41N-A-I-AI-DS-Sem-III-IV.pdf,2483111,Mathematics for Computer Engineering,9,1,
Linear Algebra (Theory of Matrices) verification and reduction of higher degree polynomials,Introduction to Congruence,6.41N-A-I-AI-DS-Sem-III-IV.pdf,2483111,Mathematics for Computer Engineering,10,1,
Linear Algebra (Theory of Matrices) verification and reduction of higher degree polynomials,Linear congruence,6.41N-A-I-AI-DS-Sem-III-IV.pdf,2483111,Mathematics for Computer Engineering,11,1,
Linear Algebra (Theory of Matrices) verification and reduction of higher degree polynomials,Application of congruence-RSA algorithm,6.41N-A-I-AI-DS-Sem-III-IV.pdf,2483111,Mathematics for Computer Engineering,12,1,
Linear Algebra (Theory of Matrices) verification and reduction of higher degree polynomials,Dirichlet’s conditions,6.41N-A-I-AI-DS-Sem-III-IV.pdf,2483111,Mathematics for Computer Engineering,13,1,
Linear Algebra (Theory of Matrices) verification and reduction of higher degree polynomials,Fourier series of periodic,6.41N-A-I-AI-DS-Sem-III-IV.pdf,2483111,Mathematics for Computer Engineering,14,1,
Similarity of matrices,Quadratic forms,6.41N-A-I-AI-DS-Sem-III-IV.pdf,2483111,Mathematics for Computer Engineering,1,1,
Similarity of matrices,Linear and Non-Linear Programming Problems,6.41N-A-I-AI-DS-Sem-III-IV.pdf,2483111,Mathematics for Computer Engineering,2,1,
Similarity of matrices,Types of solutions,6.41N-A-I-AI-DS-Sem-III-IV.pdf,2483111,Mathematics for Computer Engineering,3,1,
Similarity of matrices,Standard and Canonical of LPP,6.41N-A-I-AI-DS-Sem-III-IV.pdf,2483111,Mathematics for Computer Engineering,4,1,
Similarity of matrices,Basic and Feasible solutions,6.41N-A-I-AI-DS-Sem-III-IV.pdf,2483111,Mathematics for Computer Engineering,5,1,
Similarity of matrices,Simplex method,6.41N-A-I-AI-DS-Sem-III-IV.pdf,2483111,Mathematics for Computer Engineering,6,1,
Similarity of matrices,Artificial variables,6.41N-A-I-AI-DS-Sem-III-IV.pdf,2483111,Mathematics for Computer Engineering,7,1,
Similarity of matrices,Kuhn-Tucker conditions,6.41N-A-I-AI-DS-Sem-III-IV.pdf,2483111,Mathematics for Computer Engineering,8,1,
Similarity of matrices,Introduction to Congruence,6.41N-A-I-AI-DS-Sem-III-IV.pdf,2483111,Mathematics for Computer Engineering,9,1,
Similarity of matrices,Linear congruence,6.41N-A-I-AI-DS-Sem-III-IV.pdf,2483111,Mathematics for Computer Engineering,10,1,
Similarity of matrices,Application of congruence-RSA algorithm,6.41N-A-I-AI-DS-Sem-III-IV.pdf,2483111,Mathematics for Computer Engineering,11,1,
Similarity of matrices,Dirichlet’s conditions,6.41N-A-I-AI-DS-Sem-III-IV.pdf,2483111,Mathematics for Computer Engineering,12,1,
Similarity of matrices,Fourier series of periodic,6.41N-A-I-AI-DS-Sem-III-IV.pdf,2483111,Mathematics for Computer Engineering,13,1,
Similarity of matrices,Fourier series of even and odd functions,6.41N-A-I-AI-DS-Sem-III-IV.pdf,2483111,Mathematics for Computer Engineering,14,1,
Quadratic forms,Linear and Non-Linear Programming Problems,6.41N-A-I-AI-DS-Sem-III-IV.pdf,2483111,Mathematics for Computer Engineering,1,1,
Quadratic forms,Types of solutions,6.41N-A-I-AI-DS-Sem-III-IV.pdf,2483111,Mathematics for Computer Engineering,2,1,
Quadratic forms,Standard and Canonical of LPP,6.41N-A-I-AI-DS-Sem-III-IV.pdf,2483111,Mathematics for Computer Engineering,3,1,
Quadratic forms,Basic and Feasible solutions,6.41N-A-I-AI-DS-Sem-III-IV.pdf,2483111,Mathematics for Computer Engineering,4,1,
Quadratic forms,Simplex method,6.41N-A-I-AI-DS-Sem-III-IV.pdf,2483111,Mathematics for Computer Engineering,5,1,
Quadratic forms,Artificial variables,6.41N-A-I-AI-DS-Sem-III-IV.pdf,2483111,Mathematics for Computer Engineering,6,1,
Quadratic forms,Kuhn-Tucker conditions,6.41N-A-I-AI-DS-Sem-III-IV.pdf,2483111,Mathematics for Computer Engineering,7,1,
Quadratic forms,Introduction to Congruence,6.41N-A-I-AI-DS-Sem-III-IV.pdf,2483111,Mathematics for Computer Engineering,8,1,
Quadratic forms,Linear congruence,6.41N-A-I-AI-DS-Sem-III-IV.pdf,2483111,Mathematics for Computer Engineering,9,1,
Quadratic forms,Application of congruence-RSA algorithm,6.41N-A-I-AI-DS-Sem-III-IV.pdf,2483111,Mathematics for Computer Engineering,10,1,
Quadratic forms,Dirichlet’s conditions,6.41N-A-I-AI-DS-Sem-III-IV.pdf,2483111,Mathematics for Computer Engineering,11,1,
Quadratic forms,Fourier series of periodic,6.41N-A-I-AI-DS-Sem-III-IV.pdf,2483111,Mathematics for Computer Engineering,12,1,
Quadratic forms,Fourier series of even and odd functions,6.41N-A-I-AI-DS-Sem-III-IV.pdf,2483111,Mathematics for Computer Engineering,13,1,
Quadratic forms,Complex form of Fourier Series,6.41N-A-I-AI-DS-Sem-III-IV.pdf,2483111,Mathematics for Computer Engineering,14,1,
Linear and Non-Linear Programming Problems,Types of solutions,6.41N-A-I-AI-DS-Sem-III-IV.pdf,2483111,Mathematics for Computer Engineering,1,1,
Linear and Non-Linear Programming Problems,Standard and Canonical of LPP,6.41N-A-I-AI-DS-Sem-III-IV.pdf,2483111,Mathematics for Computer Engineering,2,1,
Linear and Non-Linear Programming Problems,Basic and Feasible solutions,6.41N-A-I-AI-DS-Sem-III-IV.pdf,2483111,Mathematics for Computer Engineering,3,1,
Linear and Non-Linear Programming Problems,Simplex method,6.41N-A-I-AI-DS-Sem-III-IV.pdf,2483111,Mathematics for Computer Engineering,4,1,
Linear and Non-Linear Programming Problems,Artificial variables,6.41N-A-I-AI-DS-Sem-III-IV.pdf,2483111,Mathematics for Computer Engineering,5,1,
Linear and Non-Linear Programming Problems,Kuhn-Tucker conditions,6.41N-A-I-AI-DS-Sem-III-IV.pdf,2483111,Mathematics for Computer Engineering,6,1,
Linear and Non-Linear Programming Problems,Introduction to Congruence,6.41N-A-I-AI-DS-Sem-III-IV.pdf,2483111,Mathematics for Computer Engineering,7,1,
Linear and Non-Linear Programming Problems,Linear congruence,6.41N-A-I-AI-DS-Sem-III-IV.pdf,2483111,Mathematics for Computer Engineering,8,1,
Linear and Non-Linear Programming Problems,Application of congruence-RSA algorithm,6.41N-A-I-AI-DS-Sem-III-IV.pdf,2483111,Mathematics for Computer Engineering,9,1,
Linear and Non-Linear Programming Problems,Dirichlet’s conditions,6.41N-A-I-AI-DS-Sem-III-IV.pdf,2483111,Mathematics for Computer Engineering,10,1,
Linear and Non-Linear Programming Problems,Fourier series of periodic,6.41N-A-I-AI-DS-Sem-III-IV.pdf,2483111,Mathematics for Computer Engineering,11,1,
Linear and Non-Linear Programming Problems,Fourier series of even and odd functions,6.41N-A-I-AI-DS-Sem-III-IV.pdf,2483111,Mathematics for Computer Engineering,12,1,
Linear and Non-Linear Programming Problems,Complex form of Fourier Series,6.41N-A-I-AI-DS-Sem-III-IV.pdf,2483111,Mathematics for Computer Engineering,13,1,
Linear and Non-Linear Programming Problems,Lines of regression,6.41N-A-I-AI-DS-Sem-III-IV.pdf,2483111,Mathematics for Computer Engineering,14,1,
Types of solutions,Standard and Canonical of LPP,6.41N-A-I-AI-DS-Sem-III-IV.pdf,2483111,Mathematics for Computer Engineering,1,1,
Types of solutions,Basic and Feasible solutions,6.41N-A-I-AI-DS-Sem-III-IV.pdf,2483111,Mathematics for Computer Engineering,2,1,
Types of solutions,Simplex method,6.41N-A-I-AI-DS-Sem-III-IV.pdf,2483111,Mathematics for Computer Engineering,3,1,
Types of solutions,Artificial variables,6.41N-A-I-AI-DS-Sem-III-IV.pdf,2483111,Mathematics for Computer Engineering,4,1,
Types of solutions,Kuhn-Tucker conditions,6.41N-A-I-AI-DS-Sem-III-IV.pdf,2483111,Mathematics for Computer Engineering,5,1,
Types of solutions,Introduction to Congruence,6.41N-A-I-AI-DS-Sem-III-IV.pdf,2483111,Mathematics for Computer Engineering,6,1,
Types of solutions,Linear congruence,6.41N-A-I-AI-DS-Sem-III-IV.pdf,2483111,Mathematics for Computer Engineering,7,1,
Types of solutions,Application of congruence-RSA algorithm,6.41N-A-I-AI-DS-Sem-III-IV.pdf,2483111,Mathematics for Computer Engineering,8,1,
Types of solutions,Dirichlet’s conditions,6.41N-A-I-AI-DS-Sem-III-IV.pdf,2483111,Mathematics for Computer Engineering,9,1,
Types of solutions,Fourier series of periodic,6.41N-A-I-AI-DS-Sem-III-IV.pdf,2483111,Mathematics for Computer Engineering,10,1,
Types of solutions,Fourier series of even and odd functions,6.41N-A-I-AI-DS-Sem-III-IV.pdf,2483111,Mathematics for Computer Engineering,11,1,
Types of solutions,Complex form of Fourier Series,6.41N-A-I-AI-DS-Sem-III-IV.pdf,2483111,Mathematics for Computer Engineering,12,1,
Types of solutions,Lines of regression,6.41N-A-I-AI-DS-Sem-III-IV.pdf,2483111,Mathematics for Computer Engineering,13,1,
Types of solutions,Moment generating function,6.41N-A-I-AI-DS-Sem-III-IV.pdf,2483111,Mathematics for Computer Engineering,14,1,
Standard and Canonical of LPP,Basic and Feasible solutions,6.41N-A-I-AI-DS-Sem-III-IV.pdf,2483111,Mathematics for Computer Engineering,1,1,
Standard and Canonical of LPP,Simplex method,6.41N-A-I-AI-DS-Sem-III-IV.pdf,2483111,Mathematics for Computer Engineering,2,1,
Standard and Canonical of LPP,Artificial variables,6.41N-A-I-AI-DS-Sem-III-IV.pdf,2483111,Mathematics for Computer Engineering,3,1,
Standard and Canonical of LPP,Kuhn-Tucker conditions,6.41N-A-I-AI-DS-Sem-III-IV.pdf,2483111,Mathematics for Computer Engineering,4,1,
Standard and Canonical of LPP,Introduction to Congruence,6.41N-A-I-AI-DS-Sem-III-IV.pdf,2483111,Mathematics for Computer Engineering,5,1,
Standard and Canonical of LPP,Linear congruence,6.41N-A-I-AI-DS-Sem-III-IV.pdf,2483111,Mathematics for Computer Engineering,6,1,
Standard and Canonical of LPP,Application of congruence-RSA algorithm,6.41N-A-I-AI-DS-Sem-III-IV.pdf,2483111,Mathematics for Computer Engineering,7,1,
Standard and Canonical of LPP,Dirichlet’s conditions,6.41N-A-I-AI-DS-Sem-III-IV.pdf,2483111,Mathematics for Computer Engineering,8,1,
Standard and Canonical of LPP,Fourier series of periodic,6.41N-A-I-AI-DS-Sem-III-IV.pdf,2483111,Mathematics for Computer Engineering,9,1,
Standard and Canonical of LPP,Fourier series of even and odd functions,6.41N-A-I-AI-DS-Sem-III-IV.pdf,2483111,Mathematics for Computer Engineering,10,1,
Standard and Canonical of LPP,Complex form of Fourier Series,6.41N-A-I-AI-DS-Sem-III-IV.pdf,2483111,Mathematics for Computer Engineering,11,1,
Standard and Canonical of LPP,Lines of regression,6.41N-A-I-AI-DS-Sem-III-IV.pdf,2483111,Mathematics for Computer Engineering,12,1,
Standard and Canonical of LPP,Moment generating function,6.41N-A-I-AI-DS-Sem-III-IV.pdf,2483111,Mathematics for Computer Engineering,13,1,
Standard and Canonical of LPP,Raw moments,6.41N-A-I-AI-DS-Sem-III-IV.pdf,2483111,Mathematics for Computer Engineering,14,1,
Basic and Feasible solutions,Simplex method,6.41N-A-I-AI-DS-Sem-III-IV.pdf,2483111,Mathematics for Computer Engineering,1,1,
Basic and Feasible solutions,Artificial variables,6.41N-A-I-AI-DS-Sem-III-IV.pdf,2483111,Mathematics for Computer Engineering,2,1,
Basic and Feasible solutions,Kuhn-Tucker conditions,6.41N-A-I-AI-DS-Sem-III-IV.pdf,2483111,Mathematics for Computer Engineering,3,1,
Basic and Feasible solutions,Introduction to Congruence,6.41N-A-I-AI-DS-Sem-III-IV.pdf,2483111,Mathematics for Computer Engineering,4,1,
Basic and Feasible solutions,Linear congruence,6.41N-A-I-AI-DS-Sem-III-IV.pdf,2483111,Mathematics for Computer Engineering,5,1,
Basic and Feasible solutions,Application of congruence-RSA algorithm,6.41N-A-I-AI-DS-Sem-III-IV.pdf,2483111,Mathematics for Computer Engineering,6,1,
Basic and Feasible solutions,Dirichlet’s conditions,6.41N-A-I-AI-DS-Sem-III-IV.pdf,2483111,Mathematics for Computer Engineering,7,1,
Basic and Feasible solutions,Fourier series of periodic,6.41N-A-I-AI-DS-Sem-III-IV.pdf,2483111,Mathematics for Computer Engineering,8,1,
Basic and Feasible solutions,Fourier series of even and odd functions,6.41N-A-I-AI-DS-Sem-III-IV.pdf,2483111,Mathematics for Computer Engineering,9,1,
Basic and Feasible solutions,Complex form of Fourier Series,6.41N-A-I-AI-DS-Sem-III-IV.pdf,2483111,Mathematics for Computer Engineering,10,1,
Basic and Feasible solutions,Lines of regression,6.41N-A-I-AI-DS-Sem-III-IV.pdf,2483111,Mathematics for Computer Engineering,11,1,
Basic and Feasible solutions,Moment generating function,6.41N-A-I-AI-DS-Sem-III-IV.pdf,2483111,Mathematics for Computer Engineering,12,1,
Basic and Feasible solutions,Raw moments,6.41N-A-I-AI-DS-Sem-III-IV.pdf,2483111,Mathematics for Computer Engineering,13,1,
Simplex method,Artificial variables,6.41N-A-I-AI-DS-Sem-III-IV.pdf,2483111,Mathematics for Computer Engineering,1,1,
Simplex method,Kuhn-Tucker conditions,6.41N-A-I-AI-DS-Sem-III-IV.pdf,2483111,Mathematics for Computer Engineering,2,1,
Simplex method,Introduction to Congruence,6.41N-A-I-AI-DS-Sem-III-IV.pdf,2483111,Mathematics for Computer Engineering,3,1,
Simplex method,Linear congruence,6.41N-A-I-AI-DS-Sem-III-IV.pdf,2483111,Mathematics for Computer Engineering,4,1,
Simplex method,Application of congruence-RSA algorithm,6.41N-A-I-AI-DS-Sem-III-IV.pdf,2483111,Mathematics for Computer Engineering,5,1,
Simplex method,Dirichlet’s conditions,6.41N-A-I-AI-DS-Sem-III-IV.pdf,2483111,Mathematics for Computer Engineering,6,1,
Simplex method,Fourier series of periodic,6.41N-A-I-AI-DS-Sem-III-IV.pdf,2483111,Mathematics for Computer Engineering,7,1,
Simplex method,Fourier series of even and odd functions,6.41N-A-I-AI-DS-Sem-III-IV.pdf,2483111,Mathematics for Computer Engineering,8,1,
Simplex method,Complex form of Fourier Series,6.41N-A-I-AI-DS-Sem-III-IV.pdf,2483111,Mathematics for Computer Engineering,9,1,
Simplex method,Lines of regression,6.41N-A-I-AI-DS-Sem-III-IV.pdf,2483111,Mathematics for Computer Engineering,10,1,
Simplex method,Moment generating function,6.41N-A-I-AI-DS-Sem-III-IV.pdf,2483111,Mathematics for Computer Engineering,11,1,
Simplex method,Raw moments,6.41N-A-I-AI-DS-Sem-III-IV.pdf,2483111,Mathematics for Computer Engineering,12,1,
Artificial variables,Kuhn-Tucker conditions,6.41N-A-I-AI-DS-Sem-III-IV.pdf,2483111,Mathematics for Computer Engineering,1,1,
Artificial variables,Introduction to Congruence,6.41N-A-I-AI-DS-Sem-III-IV.pdf,2483111,Mathematics for Computer Engineering,2,1,
Artificial variables,Linear congruence,6.41N-A-I-AI-DS-Sem-III-IV.pdf,2483111,Mathematics for Computer Engineering,3,1,
Artificial variables,Application of congruence-RSA algorithm,6.41N-A-I-AI-DS-Sem-III-IV.pdf,2483111,Mathematics for Computer Engineering,4,1,
Artificial variables,Dirichlet’s conditions,6.41N-A-I-AI-DS-Sem-III-IV.pdf,2483111,Mathematics for Computer Engineering,5,1,
Artificial variables,Fourier series of periodic,6.41N-A-I-AI-DS-Sem-III-IV.pdf,2483111,Mathematics for Computer Engineering,6,1,
Artificial variables,Fourier series of even and odd functions,6.41N-A-I-AI-DS-Sem-III-IV.pdf,2483111,Mathematics for Computer Engineering,7,1,
Artificial variables,Complex form of Fourier Series,6.41N-A-I-AI-DS-Sem-III-IV.pdf,2483111,Mathematics for Computer Engineering,8,1,
Artificial variables,Lines of regression,6.41N-A-I-AI-DS-Sem-III-IV.pdf,2483111,Mathematics for Computer Engineering,9,1,
Artificial variables,Moment generating function,6.41N-A-I-AI-DS-Sem-III-IV.pdf,2483111,Mathematics for Computer Engineering,10,1,
Artificial variables,Raw moments,6.41N-A-I-AI-DS-Sem-III-IV.pdf,2483111,Mathematics for Computer Engineering,11,1,
Kuhn-Tucker conditions,Introduction to Congruence,6.41N-A-I-AI-DS-Sem-III-IV.pdf,2483111,Mathematics for Computer Engineering,1,1,
Kuhn-Tucker conditions,Linear congruence,6.41N-A-I-AI-DS-Sem-III-IV.pdf,2483111,Mathematics for Computer Engineering,2,1,
Kuhn-Tucker conditions,Application of congruence-RSA algorithm,6.41N-A-I-AI-DS-Sem-III-IV.pdf,2483111,Mathematics for Computer Engineering,3,1,
Kuhn-Tucker conditions,Dirichlet’s conditions,6.41N-A-I-AI-DS-Sem-III-IV.pdf,2483111,Mathematics for Computer Engineering,4,1,
Kuhn-Tucker conditions,Fourier series of periodic,6.41N-A-I-AI-DS-Sem-III-IV.pdf,2483111,Mathematics for Computer Engineering,5,1,
Kuhn-Tucker conditions,Fourier series of even and odd functions,6.41N-A-I-AI-DS-Sem-III-IV.pdf,2483111,Mathematics for Computer Engineering,6,1,
Kuhn-Tucker conditions,Complex form of Fourier Series,6.41N-A-I-AI-DS-Sem-III-IV.pdf,2483111,Mathematics for Computer Engineering,7,1,
Kuhn-Tucker conditions,Lines of regression,6.41N-A-I-AI-DS-Sem-III-IV.pdf,2483111,Mathematics for Computer Engineering,8,1,
Kuhn-Tucker conditions,Moment generating function,6.41N-A-I-AI-DS-Sem-III-IV.pdf,2483111,Mathematics for Computer Engineering,9,1,
Kuhn-Tucker conditions,Raw moments,6.41N-A-I-AI-DS-Sem-III-IV.pdf,2483111,Mathematics for Computer Engineering,10,1,
Introduction to Congruence,Linear congruence,6.41N-A-I-AI-DS-Sem-III-IV.pdf,2483111,Mathematics for Computer Engineering,1,1,
Introduction to Congruence,Application of congruence-RSA algorithm,6.41N-A-I-AI-DS-Sem-III-IV.pdf,2483111,Mathematics for Computer Engineering,2,1,
Introduction to Congruence,Dirichlet’s conditions,6.41N-A-I-AI-DS-Sem-III-IV.pdf,2483111,Mathematics for Computer Engineering,3,1,
Introduction to Congruence,Fourier series of periodic,6.41N-A-I-AI-DS-Sem-III-IV.pdf,2483111,Mathematics for Computer Engineering,4,1,
Introduction to Congruence,Fourier series of even and odd functions,6.41N-A-I-AI-DS-Sem-III-IV.pdf,2483111,Mathematics for Computer Engineering,5,1,
Introduction to Congruence,Complex form of Fourier Series,6.41N-A-I-AI-DS-Sem-III-IV.pdf,2483111,Mathematics for Computer Engineering,6,1,
Introduction to Congruence,Lines of regression,6.41N-A-I-AI-DS-Sem-III-IV.pdf,2483111,Mathematics for Computer Engineering,7,1,
Introduction to Congruence,Moment generating function,6.41N-A-I-AI-DS-Sem-III-IV.pdf,2483111,Mathematics for Computer Engineering,8,1,
Introduction to Congruence,Raw moments,6.41N-A-I-AI-DS-Sem-III-IV.pdf,2483111,Mathematics for Computer Engineering,9,1,
Linear congruence,Application of congruence-RSA algorithm,6.41N-A-I-AI-DS-Sem-III-IV.pdf,2483111,Mathematics for Computer Engineering,1,1,
Linear congruence,Dirichlet’s conditions,6.41N-A-I-AI-DS-Sem-III-IV.pdf,2483111,Mathematics for Computer Engineering,2,1,
Linear congruence,Fourier series of periodic,6.41N-A-I-AI-DS-Sem-III-IV.pdf,2483111,Mathematics for Computer Engineering,3,1,
Linear congruence,Fourier series of even and odd functions,6.41N-A-I-AI-DS-Sem-III-IV.pdf,2483111,Mathematics for Computer Engineering,4,1,
Linear congruence,Complex form of Fourier Series,6.41N-A-I-AI-DS-Sem-III-IV.pdf,2483111,Mathematics for Computer Engineering,5,1,
Linear congruence,Lines of regression,6.41N-A-I-AI-DS-Sem-III-IV.pdf,2483111,Mathematics for Computer Engineering,6,1,
Linear congruence,Moment generating function,6.41N-A-I-AI-DS-Sem-III-IV.pdf,2483111,Mathematics for Computer Engineering,7,1,
Linear congruence,Raw moments,6.41N-A-I-AI-DS-Sem-III-IV.pdf,2483111,Mathematics for Computer Engineering,8,1,
Application of congruence-RSA algorithm,Dirichlet’s conditions,6.41N-A-I-AI-DS-Sem-III-IV.pdf,2483111,Mathematics for Computer Engineering,1,1,
Application of congruence-RSA algorithm,Fourier series of periodic,6.41N-A-I-AI-DS-Sem-III-IV.pdf,2483111,Mathematics for Computer Engineering,2,1,
Application of congruence-RSA algorithm,Fourier series of even and odd functions,6.41N-A-I-AI-DS-Sem-III-IV.pdf,2483111,Mathematics for Computer Engineering,3,1,
Application of congruence-RSA algorithm,Complex form of Fourier Series,6.41N-A-I-AI-DS-Sem-III-IV.pdf,2483111,Mathematics for Computer Engineering,4,1,
Application of congruence-RSA algorithm,Lines of regression,6.41N-A-I-AI-DS-Sem-III-IV.pdf,2483111,Mathematics for Computer Engineering,5,1,
Application of congruence-RSA algorithm,Moment generating function,6.41N-A-I-AI-DS-Sem-III-IV.pdf,2483111,Mathematics for Computer Engineering,6,1,
Application of congruence-RSA algorithm,Raw moments,6.41N-A-I-AI-DS-Sem-III-IV.pdf,2483111,Mathematics for Computer Engineering,7,1,
Dirichlet’s conditions,Fourier series of periodic,6.41N-A-I-AI-DS-Sem-III-IV.pdf,2483111,Mathematics for Computer Engineering,1,1,
Dirichlet’s conditions,Fourier series of even and odd functions,6.41N-A-I-AI-DS-Sem-III-IV.pdf,2483111,Mathematics for Computer Engineering,2,1,
Dirichlet’s conditions,Complex form of Fourier Series,6.41N-A-I-AI-DS-Sem-III-IV.pdf,2483111,Mathematics for Computer Engineering,3,1,
Dirichlet’s conditions,Lines of regression,6.41N-A-I-AI-DS-Sem-III-IV.pdf,2483111,Mathematics for Computer Engineering,4,1,
Dirichlet’s conditions,Moment generating function,6.41N-A-I-AI-DS-Sem-III-IV.pdf,2483111,Mathematics for Computer Engineering,5,1,
Dirichlet’s conditions,Raw moments,6.41N-A-I-AI-DS-Sem-III-IV.pdf,2483111,Mathematics for Computer Engineering,6,1,
Fourier series of periodic,Fourier series of even and odd functions,6.41N-A-I-AI-DS-Sem-III-IV.pdf,2483111,Mathematics for Computer Engineering,1,1,
Fourier series of periodic,Complex form of Fourier Series,6.41N-A-I-AI-DS-Sem-III-IV.pdf,2483111,Mathematics for Computer Engineering,2,1,
Fourier series of periodic,Lines of regression,6.41N-A-I-AI-DS-Sem-III-IV.pdf,2483111,Mathematics for Computer Engineering,3,1,
Fourier series of periodic,Moment generating function,6.41N-A-I-AI-DS-Sem-III-IV.pdf,2483111,Mathematics for Computer Engineering,4,1,
Fourier series of periodic,Raw moments,6.41N-A-I-AI-DS-Sem-III-IV.pdf,2483111,Mathematics for Computer Engineering,5,1,
Fourier series of even and odd functions,Complex form of Fourier Series,6.41N-A-I-AI-DS-Sem-III-IV.pdf,2483111,Mathematics for Computer Engineering,1,1,
Fourier series of even and odd functions,Lines of regression,6.41N-A-I-AI-DS-Sem-III-IV.pdf,2483111,Mathematics for Computer Engineering,2,1,
Fourier series of even and odd functions,Moment generating function,6.41N-A-I-AI-DS-Sem-III-IV.pdf,2483111,Mathematics for Computer Engineering,3,1,
Fourier series of even and odd functions,Raw moments,6.41N-A-I-AI-DS-Sem-III-IV.pdf,2483111,Mathematics for Computer Engineering,4,1,
Complex form of Fourier Series,Lines of regression,6.41N-A-I-AI-DS-Sem-III-IV.pdf,2483111,Mathematics for Computer Engineering,1,1,
Complex form of Fourier Series,Moment generating function,6.41N-A-I-AI-DS-Sem-III-IV.pdf,2483111,Mathematics for Computer Engineering,2,1,
Complex form of Fourier Series,Raw moments,6.41N-A-I-AI-DS-Sem-III-IV.pdf,2483111,Mathematics for Computer Engineering,3,1,
Lines of regression,Moment generating function,6.41N-A-I-AI-DS-Sem-III-IV.pdf,2483111,Mathematics for Computer Engineering,1,1,
Lines of regression,Raw moments,6.41N-A-I-AI-DS-Sem-III-IV.pdf,2483111,Mathematics for Computer Engineering,2,1,
Moment generating function,Raw moments,6.41N-A-I-AI-DS-Sem-III-IV.pdf,2483111,Mathematics for Computer Engineering,1,1,
Regular operations,Arden's theorem,6.41N-A-I-AI-DS-Sem-III-IV.pdf,2484111,Computational,1,1,
Regular operations,Decision properties of RLs,6.41N-A-I-AI-DS-Sem-III-IV.pdf,2484111,Computational,2,1,
Regular operations,Pumping lemma,6.41N-A-I-AI-DS-Sem-III-IV.pdf,2484111,Computational,3,1,
Regular operations,RE in text search and replace,6.41N-A-I-AI-DS-Sem-III-IV.pdf,2484111,Computational,4,1,
Regular operations,Application of Regular,6.41N-A-I-AI-DS-Sem-III-IV.pdf,2484111,Computational,5,1,
Regular operations,Languages in Compiler Design,6.41N-A-I-AI-DS-Sem-III-IV.pdf,2484111,Computational,6,1,
Regular operations,Nondeterministic Finite Automata (NFA): Definitions,6.41N-A-I-AI-DS-Sem-III-IV.pdf,2484111,Computational,7,1,
Regular operations,Equivalence between NFA with and ϵ- transitions,6.41N-A-I-AI-DS-Sem-III-IV.pdf,2484111,Computational,8,1,
Regular operations,Minimization of DFA,6.41N-A-I-AI-DS-Sem-III-IV.pdf,2484111,Computational,9,1,
Arden's theorem,Decision properties of RLs,6.41N-A-I-AI-DS-Sem-III-IV.pdf,2484111,Computational,1,1,
Arden's theorem,Pumping lemma,6.41N-A-I-AI-DS-Sem-III-IV.pdf,2484111,Computational,2,1,
Arden's theorem,RE in text search and replace,6.41N-A-I-AI-DS-Sem-III-IV.pdf,2484111,Computational,3,1,
Arden's theorem,Application of Regular,6.41N-A-I-AI-DS-Sem-III-IV.pdf,2484111,Computational,4,1,
Arden's theorem,Languages in Compiler Design,6.41N-A-I-AI-DS-Sem-III-IV.pdf,2484111,Computational,5,1,
Arden's theorem,Nondeterministic Finite Automata (NFA): Definitions,6.41N-A-I-AI-DS-Sem-III-IV.pdf,2484111,Computational,6,1,
Arden's theorem,Equivalence between NFA with and ϵ- transitions,6.41N-A-I-AI-DS-Sem-III-IV.pdf,2484111,Computational,7,1,
Arden's theorem,Minimization of DFA,6.41N-A-I-AI-DS-Sem-III-IV.pdf,2484111,Computational,8,1,
Decision properties of RLs,Pumping lemma,6.41N-A-I-AI-DS-Sem-III-IV.pdf,2484111,Computational,1,1,
Decision properties of RLs,RE in text search and replace,6.41N-A-I-AI-DS-Sem-III-IV.pdf,2484111,Computational,2,1,
Decision properties of RLs,Application of Regular,6.41N-A-I-AI-DS-Sem-III-IV.pdf,2484111,Computational,3,1,
Decision properties of RLs,Languages in Compiler Design,6.41N-A-I-AI-DS-Sem-III-IV.pdf,2484111,Computational,4,1,
Decision properties of RLs,Nondeterministic Finite Automata (NFA): Definitions,6.41N-A-I-AI-DS-Sem-III-IV.pdf,2484111,Computational,5,1,
Decision properties of RLs,Equivalence between NFA with and ϵ- transitions,6.41N-A-I-AI-DS-Sem-III-IV.pdf,2484111,Computational,6,1,
Decision properties of RLs,Minimization of DFA,6.41N-A-I-AI-DS-Sem-III-IV.pdf,2484111,Computational,7,1,
Pumping lemma,RE in text search and replace,6.41N-A-I-AI-DS-Sem-III-IV.pdf,2484111,Computational,1,1,
Pumping lemma,Application of Regular,6.41N-A-I-AI-DS-Sem-III-IV.pdf,2484111,Computational,2,1,
Pumping lemma,Languages in Compiler Design,6.41N-A-I-AI-DS-Sem-III-IV.pdf,2484111,Computational,3,1,
Pumping lemma,Nondeterministic Finite Automata (NFA): Definitions,6.41N-A-I-AI-DS-Sem-III-IV.pdf,2484111,Computational,4,1,
Pumping lemma,Equivalence between NFA with and ϵ- transitions,6.41N-A-I-AI-DS-Sem-III-IV.pdf,2484111,Computational,5,1,
Pumping lemma,Minimization of DFA,6.41N-A-I-AI-DS-Sem-III-IV.pdf,2484111,Computational,6,1,
RE in text search and replace,Application of Regular,6.41N-A-I-AI-DS-Sem-III-IV.pdf,2484111,Computational,1,1,
RE in text search and replace,Languages in Compiler Design,6.41N-A-I-AI-DS-Sem-III-IV.pdf,2484111,Computational,2,1,
RE in text search and replace,Nondeterministic Finite Automata (NFA): Definitions,6.41N-A-I-AI-DS-Sem-III-IV.pdf,2484111,Computational,3,1,
RE in text search and replace,Equivalence between NFA with and ϵ- transitions,6.41N-A-I-AI-DS-Sem-III-IV.pdf,2484111,Computational,4,1,
RE in text search and replace,Minimization of DFA,6.41N-A-I-AI-DS-Sem-III-IV.pdf,2484111,Computational,5,1,
Application of Regular,Languages in Compiler Design,6.41N-A-I-AI-DS-Sem-III-IV.pdf,2484111,Computational,1,1,
Application of Regular,Nondeterministic Finite Automata (NFA): Definitions,6.41N-A-I-AI-DS-Sem-III-IV.pdf,2484111,Computational,2,1,
Application of Regular,Equivalence between NFA with and ϵ- transitions,6.41N-A-I-AI-DS-Sem-III-IV.pdf,2484111,Computational,3,1,
Application of Regular,Minimization of DFA,6.41N-A-I-AI-DS-Sem-III-IV.pdf,2484111,Computational,4,1,
Languages in Compiler Design,Nondeterministic Finite Automata (NFA): Definitions,6.41N-A-I-AI-DS-Sem-III-IV.pdf,2484111,Computational,1,1,
Languages in Compiler Design,Equivalence between NFA with and ϵ- transitions,6.41N-A-I-AI-DS-Sem-III-IV.pdf,2484111,Computational,2,1,
Languages in Compiler Design,Minimization of DFA,6.41N-A-I-AI-DS-Sem-III-IV.pdf,2484111,Computational,3,1,
Nondeterministic Finite Automata (NFA): Definitions,Equivalence between NFA with and ϵ- transitions,6.41N-A-I-AI-DS-Sem-III-IV.pdf,2484111,Computational,1,1,
Nondeterministic Finite Automata (NFA): Definitions,Minimization of DFA,6.41N-A-I-AI-DS-Sem-III-IV.pdf,2484111,Computational,2,1,
Equivalence between NFA with and ϵ- transitions,Minimization of DFA,6.41N-A-I-AI-DS-Sem-III-IV.pdf,2484111,Computational,1,1,
Propositional and Predicate Logic,Determining risk,6.54-N-B.E-Computer-Science-EngineeringSem-III-IV.pdf,2493112,Discrete Structures and Graph Theory,1,1,
Propositional and Predicate Logic,Taxes and tax brackets,6.54-N-B.E-Computer-Science-EngineeringSem-III-IV.pdf,2493112,Discrete Structures and Graph Theory,2,1,
Propositional and Predicate Logic,Vending machines,6.54-N-B.E-Computer-Science-EngineeringSem-III-IV.pdf,2493112,Discrete Structures and Graph Theory,3,1,
Propositional and Predicate Logic,"Counting Pigeonhole Principle, Inclusion-Exclusion Principle. Recurrence relations, Solving recurrence relations",6.54-N-B.E-Computer-Science-EngineeringSem-III-IV.pdf,2493112,Discrete Structures and Graph Theory,4,1,
Determining risk,Taxes and tax brackets,6.54-N-B.E-Computer-Science-EngineeringSem-III-IV.pdf,2493112,Discrete Structures and Graph Theory,1,1,
Determining risk,Vending machines,6.54-N-B.E-Computer-Science-EngineeringSem-III-IV.pdf,2493112,Discrete Structures and Graph Theory,2,1,
Determining risk,"Counting Pigeonhole Principle, Inclusion-Exclusion Principle. Recurrence relations, Solving recurrence relations",6.54-N-B.E-Computer-Science-EngineeringSem-III-IV.pdf,2493112,Discrete Structures and Graph Theory,3,1,
Taxes and tax brackets,Vending machines,6.54-N-B.E-Computer-Science-EngineeringSem-III-IV.pdf,2493112,Discrete Structures and Graph Theory,1,1,
Taxes and tax brackets,"Counting Pigeonhole Principle, Inclusion-Exclusion Principle. Recurrence relations, Solving recurrence relations",6.54-N-B.E-Computer-Science-EngineeringSem-III-IV.pdf,2493112,Discrete Structures and Graph Theory,2,1,
Vending machines,"Counting Pigeonhole Principle, Inclusion-Exclusion Principle. Recurrence relations, Solving recurrence relations",6.54-N-B.E-Computer-Science-EngineeringSem-III-IV.pdf,2493112,Discrete Structures and Graph Theory,1,1,
Regular operations,Arden's theorem,6.54-N-B.E-Computer-Science-EngineeringSem-III-IV.pdf,2494111,Computational,1,1,
Regular operations,Decision properties of RLs,6.54-N-B.E-Computer-Science-EngineeringSem-III-IV.pdf,2494111,Computational,2,1,
Regular operations,Pumping lemma for RLs,6.54-N-B.E-Computer-Science-EngineeringSem-III-IV.pdf,2494111,Computational,3,1,
Regular operations,RE in text search and replace,6.54-N-B.E-Computer-Science-EngineeringSem-III-IV.pdf,2494111,Computational,4,1,
Regular operations,Application of Regular,6.54-N-B.E-Computer-Science-EngineeringSem-III-IV.pdf,2494111,Computational,5,1,
Regular operations,Languages in Compiler Design,6.54-N-B.E-Computer-Science-EngineeringSem-III-IV.pdf,2494111,Computational,6,1,
Regular operations,Nondeterministic Finite Automata (NFA): Definitions,6.54-N-B.E-Computer-Science-EngineeringSem-III-IV.pdf,2494111,Computational,7,1,
Regular operations,Equivalence between NFA with and ϵ- transitions,6.54-N-B.E-Computer-Science-EngineeringSem-III-IV.pdf,2494111,Computational,8,1,
Regular operations,Minimization of DFA,6.54-N-B.E-Computer-Science-EngineeringSem-III-IV.pdf,2494111,Computational,9,1,
Arden's theorem,Decision properties of RLs,6.54-N-B.E-Computer-Science-EngineeringSem-III-IV.pdf,2494111,Computational,1,1,
Arden's theorem,Pumping lemma for RLs,6.54-N-B.E-Computer-Science-EngineeringSem-III-IV.pdf,2494111,Computational,2,1,
Arden's theorem,RE in text search and replace,6.54-N-B.E-Computer-Science-EngineeringSem-III-IV.pdf,2494111,Computational,3,1,
Arden's theorem,Application of Regular,6.54-N-B.E-Computer-Science-EngineeringSem-III-IV.pdf,2494111,Computational,4,1,
Arden's theorem,Languages in Compiler Design,6.54-N-B.E-Computer-Science-EngineeringSem-III-IV.pdf,2494111,Computational,5,1,
Arden's theorem,Nondeterministic Finite Automata (NFA): Definitions,6.54-N-B.E-Computer-Science-EngineeringSem-III-IV.pdf,2494111,Computational,6,1,
Arden's theorem,Equivalence between NFA with and ϵ- transitions,6.54-N-B.E-Computer-Science-EngineeringSem-III-IV.pdf,2494111,Computational,7,1,
Arden's theorem,Minimization of DFA,6.54-N-B.E-Computer-Science-EngineeringSem-III-IV.pdf,2494111,Computational,8,1,
Decision properties of RLs,Pumping lemma for RLs,6.54-N-B.E-Computer-Science-EngineeringSem-III-IV.pdf,2494111,Computational,1,1,
Decision properties of RLs,RE in text search and replace,6.54-N-B.E-Computer-Science-EngineeringSem-III-IV.pdf,2494111,Computational,2,1,
Decision properties of RLs,Application of Regular,6.54-N-B.E-Computer-Science-EngineeringSem-III-IV.pdf,2494111,Computational,3,1,
Decision properties of RLs,Languages in Compiler Design,6.54-N-B.E-Computer-Science-EngineeringSem-III-IV.pdf,2494111,Computational,4,1,
Decision properties of RLs,Nondeterministic Finite Automata (NFA): Definitions,6.54-N-B.E-Computer-Science-EngineeringSem-III-IV.pdf,2494111,Computational,5,1,
Decision properties of RLs,Equivalence between NFA with and ϵ- transitions,6.54-N-B.E-Computer-Science-EngineeringSem-III-IV.pdf,2494111,Computational,6,1,
Decision properties of RLs,Minimization of DFA,6.54-N-B.E-Computer-Science-EngineeringSem-III-IV.pdf,2494111,Computational,7,1,
Pumping lemma for RLs,RE in text search and replace,6.54-N-B.E-Computer-Science-EngineeringSem-III-IV.pdf,2494111,Computational,1,1,
Pumping lemma for RLs,Application of Regular,6.54-N-B.E-Computer-Science-EngineeringSem-III-IV.pdf,2494111,Computational,2,1,
Pumping lemma for RLs,Languages in Compiler Design,6.54-N-B.E-Computer-Science-EngineeringSem-III-IV.pdf,2494111,Computational,3,1,
Pumping lemma for RLs,Nondeterministic Finite Automata (NFA): Definitions,6.54-N-B.E-Computer-Science-EngineeringSem-III-IV.pdf,2494111,Computational,4,1,
Pumping lemma for RLs,Equivalence between NFA with and ϵ- transitions,6.54-N-B.E-Computer-Science-EngineeringSem-III-IV.pdf,2494111,Computational,5,1,
Pumping lemma for RLs,Minimization of DFA,6.54-N-B.E-Computer-Science-EngineeringSem-III-IV.pdf,2494111,Computational,6,1,
RE in text search and replace,Application of Regular,6.54-N-B.E-Computer-Science-EngineeringSem-III-IV.pdf,2494111,Computational,1,1,
RE in text search and replace,Languages in Compiler Design,6.54-N-B.E-Computer-Science-EngineeringSem-III-IV.pdf,2494111,Computational,2,1,
RE in text search and replace,Nondeterministic Finite Automata (NFA): Definitions,6.54-N-B.E-Computer-Science-EngineeringSem-III-IV.pdf,2494111,Computational,3,1,
RE in text search and replace,Equivalence between NFA with and ϵ- transitions,6.54-N-B.E-Computer-Science-EngineeringSem-III-IV.pdf,2494111,Computational,4,1,
RE in text search and replace,Minimization of DFA,6.54-N-B.E-Computer-Science-EngineeringSem-III-IV.pdf,2494111,Computational,5,1,
Application of Regular,Languages in Compiler Design,6.54-N-B.E-Computer-Science-EngineeringSem-III-IV.pdf,2494111,Computational,1,1,
Application of Regular,Nondeterministic Finite Automata (NFA): Definitions,6.54-N-B.E-Computer-Science-EngineeringSem-III-IV.pdf,2494111,Computational,2,1,
Application of Regular,Equivalence between NFA with and ϵ- transitions,6.54-N-B.E-Computer-Science-EngineeringSem-III-IV.pdf,2494111,Computational,3,1,
Application of Regular,Minimization of DFA,6.54-N-B.E-Computer-Science-EngineeringSem-III-IV.pdf,2494111,Computational,4,1,
Languages in Compiler Design,Nondeterministic Finite Automata (NFA): Definitions,6.54-N-B.E-Computer-Science-EngineeringSem-III-IV.pdf,2494111,Computational,1,1,
Languages in Compiler Design,Equivalence between NFA with and ϵ- transitions,6.54-N-B.E-Computer-Science-EngineeringSem-III-IV.pdf,2494111,Computational,2,1,
Languages in Compiler Design,Minimization of DFA,6.54-N-B.E-Computer-Science-EngineeringSem-III-IV.pdf,2494111,Computational,3,1,
Nondeterministic Finite Automata (NFA): Definitions,Equivalence between NFA with and ϵ- transitions,6.54-N-B.E-Computer-Science-EngineeringSem-III-IV.pdf,2494111,Computational,1,1,
Nondeterministic Finite Automata (NFA): Definitions,Minimization of DFA,6.54-N-B.E-Computer-Science-EngineeringSem-III-IV.pdf,2494111,Computational,2,1,
Equivalence between NFA with and ϵ- transitions,Minimization of DFA,6.54-N-B.E-Computer-Science-EngineeringSem-III-IV.pdf,2494111,Computational,1,1,
Relationship (EER) Model,"Generalization, Specialization and Aggregation",6.54-N-B.E-Computer-Science-EngineeringSem-III-IV.pdf,2494112,Database Management System,1,1,
Relationship (EER) Model,"Introduction to the Relational Model, relational",6.54-N-B.E-Computer-Science-EngineeringSem-III-IV.pdf,2494112,Database Management System,2,1,
Relationship (EER) Model,"EER Model to the Relational Model, Relational",6.54-N-B.E-Computer-Science-EngineeringSem-III-IV.pdf,2494112,Database Management System,3,1,
Relationship (EER) Model,"Overview of SQL, Data Definition Commands",6.54-N-B.E-Computer-Science-EngineeringSem-III-IV.pdf,2494112,Database Management System,4,1,
Relationship (EER) Model,"Integrity constraints: key constraints, Domain",6.54-N-B.E-Computer-Science-EngineeringSem-III-IV.pdf,2494112,Database Management System,5,1,
Relationship (EER) Model,"Triggers, Introduction to Pl/SQL Block Structure",6.54-N-B.E-Computer-Science-EngineeringSem-III-IV.pdf,2494112,Database Management System,6,1,
Relationship (EER) Model,"Pitfalls in relational database designs, Concept",6.54-N-B.E-Computer-Science-EngineeringSem-III-IV.pdf,2494112,Database Management System,7,1,
Relationship (EER) Model,"Concurrent Executions, Serializability",6.54-N-B.E-Computer-Science-EngineeringSem-III-IV.pdf,2494112,Database Management System,8,1,
Relationship (EER) Model,"Cloud Database, Introduction of Distributed",6.54-N-B.E-Computer-Science-EngineeringSem-III-IV.pdf,2494112,Database Management System,9,1,
"Generalization, Specialization and Aggregation","Introduction to the Relational Model, relational",6.54-N-B.E-Computer-Science-EngineeringSem-III-IV.pdf,2494112,Database Management System,1,1,
"Generalization, Specialization and Aggregation","EER Model to the Relational Model, Relational",6.54-N-B.E-Computer-Science-EngineeringSem-III-IV.pdf,2494112,Database Management System,2,1,
"Generalization, Specialization and Aggregation","Overview of SQL, Data Definition Commands",6.54-N-B.E-Computer-Science-EngineeringSem-III-IV.pdf,2494112,Database Management System,3,1,
"Generalization, Specialization and Aggregation","Integrity constraints: key constraints, Domain",6.54-N-B.E-Computer-Science-EngineeringSem-III-IV.pdf,2494112,Database Management System,4,1,
"Generalization, Specialization and Aggregation","Triggers, Introduction to Pl/SQL Block Structure",6.54-N-B.E-Computer-Science-EngineeringSem-III-IV.pdf,2494112,Database Management System,5,1,
"Generalization, Specialization and Aggregation","Pitfalls in relational database designs, Concept",6.54-N-B.E-Computer-Science-EngineeringSem-III-IV.pdf,2494112,Database Management System,6,1,
"Generalization, Specialization and Aggregation","Concurrent Executions, Serializability",6.54-N-B.E-Computer-Science-EngineeringSem-III-IV.pdf,2494112,Database Management System,7,1,
"Generalization, Specialization and Aggregation","Cloud Database, Introduction of Distributed",6.54-N-B.E-Computer-Science-EngineeringSem-III-IV.pdf,2494112,Database Management System,8,1,
"Introduction to the Relational Model, relational","EER Model to the Relational Model, Relational",6.54-N-B.E-Computer-Science-EngineeringSem-III-IV.pdf,2494112,Database Management System,1,1,
"Introduction to the Relational Model, relational","Overview of SQL, Data Definition Commands",6.54-N-B.E-Computer-Science-EngineeringSem-III-IV.pdf,2494112,Database Management System,2,1,
"Introduction to the Relational Model, relational","Integrity constraints: key constraints, Domain",6.54-N-B.E-Computer-Science-EngineeringSem-III-IV.pdf,2494112,Database Management System,3,1,
"Introduction to the Relational Model, relational","Triggers, Introduction to Pl/SQL Block Structure",6.54-N-B.E-Computer-Science-EngineeringSem-III-IV.pdf,2494112,Database Management System,4,1,
"Introduction to the Relational Model, relational","Pitfalls in relational database designs, Concept",6.54-N-B.E-Computer-Science-EngineeringSem-III-IV.pdf,2494112,Database Management System,5,1,
"Introduction to the Relational Model, relational","Concurrent Executions, Serializability",6.54-N-B.E-Computer-Science-EngineeringSem-III-IV.pdf,2494112,Database Management System,6,1,
"Introduction to the Relational Model, relational","Cloud Database, Introduction of Distributed",6.54-N-B.E-Computer-Science-EngineeringSem-III-IV.pdf,2494112,Database Management System,7,1,
"EER Model to the Relational Model, Relational","Overview of SQL, Data Definition Commands",6.54-N-B.E-Computer-Science-EngineeringSem-III-IV.pdf,2494112,Database Management System,1,1,
"EER Model to the Relational Model, Relational","Integrity constraints: key constraints, Domain",6.54-N-B.E-Computer-Science-EngineeringSem-III-IV.pdf,2494112,Database Management System,2,1,
"EER Model to the Relational Model, Relational","Triggers, Introduction to Pl/SQL Block Structure",6.54-N-B.E-Computer-Science-EngineeringSem-III-IV.pdf,2494112,Database Management System,3,1,
"EER Model to the Relational Model, Relational","Pitfalls in relational database designs, Concept",6.54-N-B.E-Computer-Science-EngineeringSem-III-IV.pdf,2494112,Database Management System,4,1,
"EER Model to the Relational Model, Relational","Concurrent Executions, Serializability",6.54-N-B.E-Computer-Science-EngineeringSem-III-IV.pdf,2494112,Database Management System,5,1,
"EER Model to the Relational Model, Relational","Cloud Database, Introduction of Distributed",6.54-N-B.E-Computer-Science-EngineeringSem-III-IV.pdf,2494112,Database Management System,6,1,
"Overview of SQL, Data Definition Commands","Integrity constraints: key constraints, Domain",6.54-N-B.E-Computer-Science-EngineeringSem-III-IV.pdf,2494112,Database Management System,1,1,
"Overview of SQL, Data Definition Commands","Triggers, Introduction to Pl/SQL Block Structure",6.54-N-B.E-Computer-Science-EngineeringSem-III-IV.pdf,2494112,Database Management System,2,1,
"Overview of SQL, Data Definition Commands","Pitfalls in relational database designs, Concept",6.54-N-B.E-Computer-Science-EngineeringSem-III-IV.pdf,2494112,Database Management System,3,1,
"Overview of SQL, Data Definition Commands","Concurrent Executions, Serializability",6.54-N-B.E-Computer-Science-EngineeringSem-III-IV.pdf,2494112,Database Management System,4,1,
"Overview of SQL, Data Definition Commands","Cloud Database, Introduction of Distributed",6.54-N-B.E-Computer-Science-EngineeringSem-III-IV.pdf,2494112,Database Management System,5,1,
"Integrity constraints: key constraints, Domain","Triggers, Introduction to Pl/SQL Block Structure",6.54-N-B.E-Computer-Science-EngineeringSem-III-IV.pdf,2494112,Database Management System,1,1,
"Integrity constraints: key constraints, Domain","Pitfalls in relational database designs, Concept",6.54-N-B.E-Computer-Science-EngineeringSem-III-IV.pdf,2494112,Database Management System,2,1,
"Integrity constraints: key constraints, Domain","Concurrent Executions, Serializability",6.54-N-B.E-Computer-Science-EngineeringSem-III-IV.pdf,2494112,Database Management System,3,1,
"Integrity constraints: key constraints, Domain","Cloud Database, Introduction of Distributed",6.54-N-B.E-Computer-Science-EngineeringSem-III-IV.pdf,2494112,Database Management System,4,1,
"Triggers, Introduction to Pl/SQL Block Structure","Pitfalls in relational database designs, Concept",6.54-N-B.E-Computer-Science-EngineeringSem-III-IV.pdf,2494112,Database Management System,1,1,
"Triggers, Introduction to Pl/SQL Block Structure","Concurrent Executions, Serializability",6.54-N-B.E-Computer-Science-EngineeringSem-III-IV.pdf,2494112,Database Management System,2,1,
"Triggers, Introduction to Pl/SQL Block Structure","Cloud Database, Introduction of Distributed",6.54-N-B.E-Computer-Science-EngineeringSem-III-IV.pdf,2494112,Database Management System,3,1,
"Pitfalls in relational database designs, Concept","Concurrent Executions, Serializability",6.54-N-B.E-Computer-Science-EngineeringSem-III-IV.pdf,2494112,Database Management System,1,1,
"Pitfalls in relational database designs, Concept","Cloud Database, Introduction of Distributed",6.54-N-B.E-Computer-Science-EngineeringSem-III-IV.pdf,2494112,Database Management System,2,1,
"Concurrent Executions, Serializability","Cloud Database, Introduction of Distributed",6.54-N-B.E-Computer-Science-EngineeringSem-III-IV.pdf,2494112,Database Management System,1,1,
Special-purpose,Open-source and Proprietary Operating System,6.54-N-B.E-Computer-Science-EngineeringSem-III-IV.pdf,2494113,Operating System,1,1,
Special-purpose,Fundamentals of Distributed Operating System,6.54-N-B.E-Computer-Science-EngineeringSem-III-IV.pdf,2494113,Operating System,2,1,
Special-purpose,Network Operating System,6.54-N-B.E-Computer-Science-EngineeringSem-III-IV.pdf,2494113,Operating System,3,1,
Special-purpose,Real-Time,6.54-N-B.E-Computer-Science-EngineeringSem-III-IV.pdf,2494113,Operating System,4,1,
Special-purpose,Mobile Operating System,6.54-N-B.E-Computer-Science-EngineeringSem-III-IV.pdf,2494113,Operating System,5,1,
Special-purpose,Special-purpose Operating Systems,6.54-N-B.E-Computer-Science-EngineeringSem-III-IV.pdf,2494113,Operating System,6,1,
Open-source and Proprietary Operating System,Fundamentals of Distributed Operating System,6.54-N-B.E-Computer-Science-EngineeringSem-III-IV.pdf,2494113,Operating System,1,1,
Open-source and Proprietary Operating System,Network Operating System,6.54-N-B.E-Computer-Science-EngineeringSem-III-IV.pdf,2494113,Operating System,2,1,
Open-source and Proprietary Operating System,Real-Time,6.54-N-B.E-Computer-Science-EngineeringSem-III-IV.pdf,2494113,Operating System,3,1,
Open-source and Proprietary Operating System,Mobile Operating System,6.54-N-B.E-Computer-Science-EngineeringSem-III-IV.pdf,2494113,Operating System,4,1,
Open-source and Proprietary Operating System,Special-purpose Operating Systems,6.54-N-B.E-Computer-Science-EngineeringSem-III-IV.pdf,2494113,Operating System,5,1,
Fundamentals of Distributed Operating System,Network Operating System,6.54-N-B.E-Computer-Science-EngineeringSem-III-IV.pdf,2494113,Operating System,1,1,
Fundamentals of Distributed Operating System,Real-Time,6.54-N-B.E-Computer-Science-EngineeringSem-III-IV.pdf,2494113,Operating System,2,1,
Fundamentals of Distributed Operating System,Mobile Operating System,6.54-N-B.E-Computer-Science-EngineeringSem-III-IV.pdf,2494113,Operating System,3,1,
Fundamentals of Distributed Operating System,Special-purpose Operating Systems,6.54-N-B.E-Computer-Science-EngineeringSem-III-IV.pdf,2494113,Operating System,4,1,
Network Operating System,Real-Time,6.54-N-B.E-Computer-Science-EngineeringSem-III-IV.pdf,2494113,Operating System,1,1,
Network Operating System,Mobile Operating System,6.54-N-B.E-Computer-Science-EngineeringSem-III-IV.pdf,2494113,Operating System,2,1,
Network Operating System,Special-purpose Operating Systems,6.54-N-B.E-Computer-Science-EngineeringSem-III-IV.pdf,2494113,Operating System,3,1,
Real-Time,Mobile Operating System,6.54-N-B.E-Computer-Science-EngineeringSem-III-IV.pdf,2494113,Operating System,1,1,
Real-Time,Special-purpose Operating Systems,6.54-N-B.E-Computer-Science-EngineeringSem-III-IV.pdf,2494113,Operating System,2,1,
Mobile Operating System,Special-purpose Operating Systems,6.54-N-B.E-Computer-Science-EngineeringSem-III-IV.pdf,2494113,Operating System,1,1,
"Testing: Functionality Testing, UI Testing",Testing: Principles of Agile Testers,SEM-V.pdf,2165113,Agile Software Development & DevOps,1,1,
"Testing: Functionality Testing, UI Testing","Automation, Test Automation Pyramid. Case",SEM-V.pdf,2165113,Agile Software Development & DevOps,2,1,
"Testing: Functionality Testing, UI Testing",Study – Selenium/ Jira,SEM-V.pdf,2165113,Agile Software Development & DevOps,3,1,
"Testing: Functionality Testing, UI Testing","Postman, and JMeter",SEM-V.pdf,2165113,Agile Software Development & DevOps,4,1,
"Testing: Functionality Testing, UI Testing","DevOps: Introduction, DevOps - Importance",SEM-V.pdf,2165113,Agile Software Development & DevOps,5,1,
"Testing: Functionality Testing, UI Testing",C’s of DevOps Lifecycle for Business,SEM-V.pdf,2165113,Agile Software Development & DevOps,6,1,
"Testing: Functionality Testing, UI Testing","Agility, DevOps and Continuous Testing",SEM-V.pdf,2165113,Agile Software Development & DevOps,7,1,
"Testing: Functionality Testing, UI Testing",Choosing the right DevOps tools and challenges,SEM-V.pdf,2165113,Agile Software Development & DevOps,8,1,
"Testing: Functionality Testing, UI Testing",Assessment. Study of various Open,SEM-V.pdf,2165113,Agile Software Development & DevOps,9,1,
"Testing: Functionality Testing, UI Testing",Source Tools in DevOps,SEM-V.pdf,2165113,Agile Software Development & DevOps,10,1,
Testing: Principles of Agile Testers,"Automation, Test Automation Pyramid. Case",SEM-V.pdf,2165113,Agile Software Development & DevOps,1,1,
Testing: Principles of Agile Testers,Study – Selenium/ Jira,SEM-V.pdf,2165113,Agile Software Development & DevOps,2,1,
Testing: Principles of Agile Testers,"Postman, and JMeter",SEM-V.pdf,2165113,Agile Software Development & DevOps,3,1,
Testing: Principles of Agile Testers,"DevOps: Introduction, DevOps - Importance",SEM-V.pdf,2165113,Agile Software Development & DevOps,4,1,
Testing: Principles of Agile Testers,C’s of DevOps Lifecycle for Business,SEM-V.pdf,2165113,Agile Software Development & DevOps,5,1,
Testing: Principles of Agile Testers,"Agility, DevOps and Continuous Testing",SEM-V.pdf,2165113,Agile Software Development & DevOps,6,1,
Testing: Principles of Agile Testers,Choosing the right DevOps tools and challenges,SEM-V.pdf,2165113,Agile Software Development & DevOps,7,1,
Testing: Principles of Agile Testers,Assessment. Study of various Open,SEM-V.pdf,2165113,Agile Software Development & DevOps,8,1,
Testing: Principles of Agile Testers,Source Tools in DevOps,SEM-V.pdf,2165113,Agile Software Development & DevOps,9,1,
"Automation, Test Automation Pyramid. Case",Study – Selenium/ Jira,SEM-V.pdf,2165113,Agile Software Development & DevOps,1,1,
"Automation, Test Automation Pyramid. Case","Postman, and JMeter",SEM-V.pdf,2165113,Agile Software Development & DevOps,2,1,
"Automation, Test Automation Pyramid. Case","DevOps: Introduction, DevOps - Importance",SEM-V.pdf,2165113,Agile Software Development & DevOps,3,1,
"Automation, Test Automation Pyramid. Case",C’s of DevOps Lifecycle for Business,SEM-V.pdf,2165113,Agile Software Development & DevOps,4,1,
"Automation, Test Automation Pyramid. Case","Agility, DevOps and Continuous Testing",SEM-V.pdf,2165113,Agile Software Development & DevOps,5,1,
"Automation, Test Automation Pyramid. Case",Choosing the right DevOps tools and challenges,SEM-V.pdf,2165113,Agile Software Development & DevOps,6,1,
"Automation, Test Automation Pyramid. Case",Assessment. Study of various Open,SEM-V.pdf,2165113,Agile Software Development & DevOps,7,1,
"Automation, Test Automation Pyramid. Case",Source Tools in DevOps,SEM-V.pdf,2165113,Agile Software Development & DevOps,8,1,
Study – Selenium/ Jira,"Postman, and JMeter",SEM-V.pdf,2165113,Agile Software Development & DevOps,1,1,
Study – Selenium/ Jira,"DevOps: Introduction, DevOps - Importance",SEM-V.pdf,2165113,Agile Software Development & DevOps,2,1,
Study – Selenium/ Jira,C’s of DevOps Lifecycle for Business,SEM-V.pdf,2165113,Agile Software Development & DevOps,3,1,
Study – Selenium/ Jira,"Agility, DevOps and Continuous Testing",SEM-V.pdf,2165113,Agile Software Development & DevOps,4,1,
Study – Selenium/ Jira,Choosing the right DevOps tools and challenges,SEM-V.pdf,2165113,Agile Software Development & DevOps,5,1,
Study – Selenium/ Jira,Assessment. Study of various Open,SEM-V.pdf,2165113,Agile Software Development & DevOps,6,1,
Study – Selenium/ Jira,Source Tools in DevOps,SEM-V.pdf,2165113,Agile Software Development & DevOps,7,1,
"Postman, and JMeter","DevOps: Introduction, DevOps - Importance",SEM-V.pdf,2165113,Agile Software Development & DevOps,1,1,
"Postman, and JMeter",C’s of DevOps Lifecycle for Business,SEM-V.pdf,2165113,Agile Software Development & DevOps,2,1,
"Postman, and JMeter","Agility, DevOps and Continuous Testing",SEM-V.pdf,2165113,Agile Software Development & DevOps,3,1,
"Postman, and JMeter",Choosing the right DevOps tools and challenges,SEM-V.pdf,2165113,Agile Software Development & DevOps,4,1,
"Postman, and JMeter",Assessment. Study of various Open,SEM-V.pdf,2165113,Agile Software Development & DevOps,5,1,
"Postman, and JMeter",Source Tools in DevOps,SEM-V.pdf,2165113,Agile Software Development & DevOps,6,1,
"DevOps: Introduction, DevOps - Importance",C’s of DevOps Lifecycle for Business,SEM-V.pdf,2165113,Agile Software Development & DevOps,1,1,
"DevOps: Introduction, DevOps - Importance","Agility, DevOps and Continuous Testing",SEM-V.pdf,2165113,Agile Software Development & DevOps,2,1,
"DevOps: Introduction, DevOps - Importance",Choosing the right DevOps tools and challenges,SEM-V.pdf,2165113,Agile Software Development & DevOps,3,1,
"DevOps: Introduction, DevOps - Importance",Assessment. Study of various Open,SEM-V.pdf,2165113,Agile Software Development & DevOps,4,1,
"DevOps: Introduction, DevOps - Importance",Source Tools in DevOps,SEM-V.pdf,2165113,Agile Software Development & DevOps,5,1,
C’s of DevOps Lifecycle for Business,"Agility, DevOps and Continuous Testing",SEM-V.pdf,2165113,Agile Software Development & DevOps,1,1,
C’s of DevOps Lifecycle for Business,Choosing the right DevOps tools and challenges,SEM-V.pdf,2165113,Agile Software Development & DevOps,2,1,
C’s of DevOps Lifecycle for Business,Assessment. Study of various Open,SEM-V.pdf,2165113,Agile Software Development & DevOps,3,1,
C’s of DevOps Lifecycle for Business,Source Tools in DevOps,SEM-V.pdf,2165113,Agile Software Development & DevOps,4,1,
"Agility, DevOps and Continuous Testing",Choosing the right DevOps tools and challenges,SEM-V.pdf,2165113,Agile Software Development & DevOps,1,1,
"Agility, DevOps and Continuous Testing",Assessment. Study of various Open,SEM-V.pdf,2165113,Agile Software Development & DevOps,2,1,
"Agility, DevOps and Continuous Testing",Source Tools in DevOps,SEM-V.pdf,2165113,Agile Software Development & DevOps,3,1,
Choosing the right DevOps tools and challenges,Assessment. Study of various Open,SEM-V.pdf,2165113,Agile Software Development & DevOps,1,1,
Choosing the right DevOps tools and challenges,Source Tools in DevOps,SEM-V.pdf,2165113,Agile Software Development & DevOps,2,1,
Assessment. Study of various Open,Source Tools in DevOps,SEM-V.pdf,2165113,Agile Software Development & DevOps,1,1,
"Pre-Requisite Topics Basic Concepts: HTML5, CSS3; JavaScript, Client-Server paradigm, Front-end and Back-end development",React DevTools,SEM-V.pdf,2165114,Web and Mobile Application,1,1,
"Pre-Requisite Topics Basic Concepts: HTML5, CSS3; JavaScript, Client-Server paradigm, Front-end and Back-end development",Custom Hooks creation,SEM-V.pdf,2165114,Web and Mobile Application,2,1,
"Pre-Requisite Topics Basic Concepts: HTML5, CSS3; JavaScript, Client-Server paradigm, Front-end and Back-end development",Low-code/No-code development,SEM-V.pdf,2165114,Web and Mobile Application,3,1,
React DevTools,Custom Hooks creation,SEM-V.pdf,2165114,Web and Mobile Application,1,1,
React DevTools,Low-code/No-code development,SEM-V.pdf,2165114,Web and Mobile Application,2,1,
Custom Hooks creation,Low-code/No-code development,SEM-V.pdf,2165114,Web and Mobile Application,1,1,
Applications of Swarm Intelligence in Machine,"Optimization, Particle Swarm Optimizer , ABC",SEM-V.pdf,2166111,Machine Learning and Swarm,1,1,
Applications of Swarm Intelligence in Machine,Algorithm  Bat Algorithm,SEM-V.pdf,2166111,Machine Learning and Swarm,2,1,
Applications of Swarm Intelligence in Machine,Learning : Quantum,SEM-V.pdf,2166111,Machine Learning and Swarm,3,1,
Applications of Swarm Intelligence in Machine,Inspired and Multi,SEM-V.pdf,2166111,Machine Learning and Swarm,4,1,
Applications of Swarm Intelligence in Machine,Objective Swarm Optimization,SEM-V.pdf,2166111,Machine Learning and Swarm,5,1,
"Optimization, Particle Swarm Optimizer , ABC",Algorithm  Bat Algorithm,SEM-V.pdf,2166111,Machine Learning and Swarm,1,1,
"Optimization, Particle Swarm Optimizer , ABC",Learning : Quantum,SEM-V.pdf,2166111,Machine Learning and Swarm,2,1,
"Optimization, Particle Swarm Optimizer , ABC",Inspired and Multi,SEM-V.pdf,2166111,Machine Learning and Swarm,3,1,
"Optimization, Particle Swarm Optimizer , ABC",Objective Swarm Optimization,SEM-V.pdf,2166111,Machine Learning and Swarm,4,1,
Algorithm  Bat Algorithm,Learning : Quantum,SEM-V.pdf,2166111,Machine Learning and Swarm,1,1,
Algorithm  Bat Algorithm,Inspired and Multi,SEM-V.pdf,2166111,Machine Learning and Swarm,2,1,
Algorithm  Bat Algorithm,Objective Swarm Optimization,SEM-V.pdf,2166111,Machine Learning and Swarm,3,1,
Learning : Quantum,Inspired and Multi,SEM-V.pdf,2166111,Machine Learning and Swarm,1,1,
Learning : Quantum,Objective Swarm Optimization,SEM-V.pdf,2166111,Machine Learning and Swarm,2,1,
Inspired and Multi,Objective Swarm Optimization,SEM-V.pdf,2166111,Machine Learning and Swarm,1,1,
Introduction to Data Analytics,Background and Overview of Data,SEM-V.pdf,2166112,Data Analytics and Visualization,1,1,
Introduction to Data Analytics,Analytics:  Key Roles for a Successful,SEM-V.pdf,2166112,Data Analytics and Visualization,2,1,
Introduction to Data Analytics,Data Analytics life cycle,SEM-V.pdf,2166112,Data Analytics and Visualization,3,1,
Introduction to Data Analytics,Types of analytics,SEM-V.pdf,2166112,Data Analytics and Visualization,4,1,
Introduction to Data Analytics,Roles in Industry,SEM-V.pdf,2166112,Data Analytics and Visualization,5,1,
Background and Overview of Data,Analytics:  Key Roles for a Successful,SEM-V.pdf,2166112,Data Analytics and Visualization,1,1,
Background and Overview of Data,Data Analytics life cycle,SEM-V.pdf,2166112,Data Analytics and Visualization,2,1,
Background and Overview of Data,Types of analytics,SEM-V.pdf,2166112,Data Analytics and Visualization,3,1,
Background and Overview of Data,Roles in Industry,SEM-V.pdf,2166112,Data Analytics and Visualization,4,1,
Analytics:  Key Roles for a Successful,Data Analytics life cycle,SEM-V.pdf,2166112,Data Analytics and Visualization,1,1,
Analytics:  Key Roles for a Successful,Types of analytics,SEM-V.pdf,2166112,Data Analytics and Visualization,2,1,
Analytics:  Key Roles for a Successful,Roles in Industry,SEM-V.pdf,2166112,Data Analytics and Visualization,3,1,
Data Analytics life cycle,Types of analytics,SEM-V.pdf,2166112,Data Analytics and Visualization,1,1,
Data Analytics life cycle,Roles in Industry,SEM-V.pdf,2166112,Data Analytics and Visualization,2,1,
Types of analytics,Roles in Industry,SEM-V.pdf,2166112,Data Analytics and Visualization,1,1,
Super-Simple,Metrics: Measuring performance,SEM-V.pdf,2166115,Nature- Inspired Optimization,1,1,
Super-Simple,Quality (Error Rate,SEM-V.pdf,2166115,Nature- Inspired Optimization,2,1,
Super-Simple,Applications and variants,SEM-V.pdf,2166115,Nature- Inspired Optimization,3,1,
Super-Simple,Edge Systems: Application in feature selection,SEM-V.pdf,2166115,Nature- Inspired Optimization,4,1,
Super-Simple,Edge resource optimization,SEM-V.pdf,2166115,Nature- Inspired Optimization,5,1,
Metrics: Measuring performance,Quality (Error Rate,SEM-V.pdf,2166115,Nature- Inspired Optimization,1,1,
Metrics: Measuring performance,Applications and variants,SEM-V.pdf,2166115,Nature- Inspired Optimization,2,1,
Metrics: Measuring performance,Edge Systems: Application in feature selection,SEM-V.pdf,2166115,Nature- Inspired Optimization,3,1,
Metrics: Measuring performance,Edge resource optimization,SEM-V.pdf,2166115,Nature- Inspired Optimization,4,1,
Quality (Error Rate,Applications and variants,SEM-V.pdf,2166115,Nature- Inspired Optimization,1,1,
Quality (Error Rate,Edge Systems: Application in feature selection,SEM-V.pdf,2166115,Nature- Inspired Optimization,2,1,
Quality (Error Rate,Edge resource optimization,SEM-V.pdf,2166115,Nature- Inspired Optimization,3,1,
Applications and variants,Edge Systems: Application in feature selection,SEM-V.pdf,2166115,Nature- Inspired Optimization,1,1,
Applications and variants,Edge resource optimization,SEM-V.pdf,2166115,Nature- Inspired Optimization,2,1,
Edge Systems: Application in feature selection,Edge resource optimization,SEM-V.pdf,2166115,Nature- Inspired Optimization,1,1,
"ERC721 Tokens, ICO: basics and related terms","Metaverse, Cryptocurrency wallets: Hot and cold",SEM-V.pdf,2166118,Blockchain Technology,1,1,
"ERC721 Tokens, ICO: basics and related terms","Blockchain, UTXO and double spending problem",SEM-V.pdf,2166118,Blockchain Technology,2,1,
"ERC721 Tokens, ICO: basics and related terms",Common security threats in Blockchain,SEM-V.pdf,2166118,Blockchain Technology,3,1,
"ERC721 Tokens, ICO: basics and related terms","Mitigating attacks: 51% attack, Sybil attack, replay",SEM-V.pdf,2166118,Blockchain Technology,4,1,
"ERC721 Tokens, ICO: basics and related terms",Cryptocurrency Valuation Models,SEM-V.pdf,2166118,Blockchain Technology,5,1,
"ERC721 Tokens, ICO: basics and related terms",Emerging trends,SEM-V.pdf,2166118,Blockchain Technology,6,1,
"ERC721 Tokens, ICO: basics and related terms",Models on Blockchain: decentralized AI,SEM-V.pdf,2166118,Blockchain Technology,7,1,
"ERC721 Tokens, ICO: basics and related terms","Case study: AI for transaction validation, fraud",SEM-V.pdf,2166118,Blockchain Technology,8,1,
"Metaverse, Cryptocurrency wallets: Hot and cold","Blockchain, UTXO and double spending problem",SEM-V.pdf,2166118,Blockchain Technology,1,1,
"Metaverse, Cryptocurrency wallets: Hot and cold",Common security threats in Blockchain,SEM-V.pdf,2166118,Blockchain Technology,2,1,
"Metaverse, Cryptocurrency wallets: Hot and cold","Mitigating attacks: 51% attack, Sybil attack, replay",SEM-V.pdf,2166118,Blockchain Technology,3,1,
"Metaverse, Cryptocurrency wallets: Hot and cold",Cryptocurrency Valuation Models,SEM-V.pdf,2166118,Blockchain Technology,4,1,
"Metaverse, Cryptocurrency wallets: Hot and cold",Emerging trends,SEM-V.pdf,2166118,Blockchain Technology,5,1,
"Metaverse, Cryptocurrency wallets: Hot and cold",Models on Blockchain: decentralized AI,SEM-V.pdf,2166118,Blockchain Technology,6,1,
"Metaverse, Cryptocurrency wallets: Hot and cold","Case study: AI for transaction validation, fraud",SEM-V.pdf,2166118,Blockchain Technology,7,1,
"Blockchain, UTXO and double spending problem",Common security threats in Blockchain,SEM-V.pdf,2166118,Blockchain Technology,1,1,
"Blockchain, UTXO and double spending problem","Mitigating attacks: 51% attack, Sybil attack, replay",SEM-V.pdf,2166118,Blockchain Technology,2,1,
"Blockchain, UTXO and double spending problem",Cryptocurrency Valuation Models,SEM-V.pdf,2166118,Blockchain Technology,3,1,
"Blockchain, UTXO and double spending problem",Emerging trends,SEM-V.pdf,2166118,Blockchain Technology,4,1,
"Blockchain, UTXO and double spending problem",Models on Blockchain: decentralized AI,SEM-V.pdf,2166118,Blockchain Technology,5,1,
"Blockchain, UTXO and double spending problem","Case study: AI for transaction validation, fraud",SEM-V.pdf,2166118,Blockchain Technology,6,1,
Common security threats in Blockchain,"Mitigating attacks: 51% attack, Sybil attack, replay",SEM-V.pdf,2166118,Blockchain Technology,1,1,
Common security threats in Blockchain,Cryptocurrency Valuation Models,SEM-V.pdf,2166118,Blockchain Technology,2,1,
Common security threats in Blockchain,Emerging trends,SEM-V.pdf,2166118,Blockchain Technology,3,1,
Common security threats in Blockchain,Models on Blockchain: decentralized AI,SEM-V.pdf,2166118,Blockchain Technology,4,1,
Common security threats in Blockchain,"Case study: AI for transaction validation, fraud",SEM-V.pdf,2166118,Blockchain Technology,5,1,
"Mitigating attacks: 51% attack, Sybil attack, replay",Cryptocurrency Valuation Models,SEM-V.pdf,2166118,Blockchain Technology,1,1,
"Mitigating attacks: 51% attack, Sybil attack, replay",Emerging trends,SEM-V.pdf,2166118,Blockchain Technology,2,1,
"Mitigating attacks: 51% attack, Sybil attack, replay",Models on Blockchain: decentralized AI,SEM-V.pdf,2166118,Blockchain Technology,3,1,
"Mitigating attacks: 51% attack, Sybil attack, replay","Case study: AI for transaction validation, fraud",SEM-V.pdf,2166118,Blockchain Technology,4,1,
Cryptocurrency Valuation Models,Emerging trends,SEM-V.pdf,2166118,Blockchain Technology,1,1,
Cryptocurrency Valuation Models,Models on Blockchain: decentralized AI,SEM-V.pdf,2166118,Blockchain Technology,2,1,
Cryptocurrency Valuation Models,"Case study: AI for transaction validation, fraud",SEM-V.pdf,2166118,Blockchain Technology,3,1,
Emerging trends,Models on Blockchain: decentralized AI,SEM-V.pdf,2166118,Blockchain Technology,1,1,
Emerging trends,"Case study: AI for transaction validation, fraud",SEM-V.pdf,2166118,Blockchain Technology,2,1,
Models on Blockchain: decentralized AI,"Case study: AI for transaction validation, fraud",SEM-V.pdf,2166118,Blockchain Technology,1,1,
