concept_a,concept_b,Course_Code,course_name,source_syllabus,ai_suggested_label,confirmed_label,reason,embedding_similarity,order_delta,keyword_overlap
Artificial variables,Lines of regression,2023111,Mathematics for Computer Engineering,6.21-N-B.E.-AI-ML-sem-III-IV.pdf,0,,"No prereq signal: sim=0.342, delta=9, kw=0.000",0.3424,9,0.0
"Pre-Requisite Topics Basic Concepts: HTML5, CSS3; JavaScript, Client-Server paradigm, Front-end and Back-end development",Low-code/No-code development,2165114,Web and Mobile Application,SEM-V.pdf,0,,"No prereq signal: sim=0.234, delta=3, kw=0.053",0.2339,3,0.05263157894736842
Diagonalization of matrices,Corrector Method to chemical engineering,2073111,Chemical Engineering Mathematics,6.40-N-Chemical-Engineering-Sem-III-IV.pdf,0,,Low sim=0.042 - no semantic relation,0.0424,6,0.0
Testing: Principles of Agile Testers,Source Tools in DevOps,2165113,Agile Software Development & DevOps,SEM-V.pdf,0,,"No prereq signal: sim=0.201, delta=9, kw=0.000",0.2008,9,0.0
Fourier series of even and odd functions,Complex form of Fourier Series,2483111,Mathematics for Computer Engineering,6.41N-A-I-AI-DS-Sem-III-IV.pdf,1,,High sim=0.631 + delta=1,0.6314,1,0.3333333333333333
Introduction to Congruence,Complex form of Fourier Series,2173111,Mathematics for Computer Engineering,6.39-N-B.E.-Data-Science-Sem-III-IV.pdf,0,,Low sim=0.092 - no semantic relation,0.0916,6,0.0
"Triggers, Introduction to Pl/SQL Block Structure","Concurrent Executions, Serializability",2174112,Database Management System,6.39-N-B.E.-Data-Science-Sem-III-IV.pdf,1,,Adjacent same-course topics: delta=2 + sim=0.233,0.2327,2,0.0
Quadratic forms,Fourier series of periodic,2113111,Mathematics for Computer Engineering,6.24-N-B.E.-Computer-Engineering-Sem-III-IV.pdf,0,,Low sim=0.033 - no semantic relation,0.0328,12,0.0
Similarity of matrices,Quadratic forms,2173111,Mathematics for Computer Engineering,6.39-N-B.E.-Data-Science-Sem-III-IV.pdf,0,,"No prereq signal: sim=0.184, delta=1, kw=0.000",0.1835,1,0.0
Dirichlet’s conditions,Lines of regression,2483111,Mathematics for Computer Engineering,6.41N-A-I-AI-DS-Sem-III-IV.pdf,0,,Low sim=0.001 - no semantic relation,0.0011,4,0.0
Quadratic forms,Basic and Feasible solutions,2023111,Mathematics for Computer Engineering,6.21-N-B.E.-AI-ML-sem-III-IV.pdf,0,,"No prereq signal: sim=0.226, delta=4, kw=0.000",0.226,4,0.0
Kuhn-Tucker conditions,Dirichlet’s conditions,2483111,Mathematics for Computer Engineering,6.41N-A-I-AI-DS-Sem-III-IV.pdf,0,,"No prereq signal: sim=0.417, delta=4, kw=0.200",0.4166,4,0.2
Types of solutions,Artificial variables,2113111,Mathematics for Computer Engineering,6.24-N-B.E.-Computer-Engineering-Sem-III-IV.pdf,1,,Foundational kw in A + sim=0.276 + delta=4,0.2761,4,0.0
Basic and Feasible solutions,Application of congruence-RSA algorithm,2173111,Mathematics for Computer Engineering,6.39-N-B.E.-Data-Science-Sem-III-IV.pdf,0,,"No prereq signal: sim=0.154, delta=6, kw=0.000",0.1536,6,0.0
"Overview of SQL, Data Definition Commands","Concurrent Executions, Serializability",2494112,Database Management System,6.54-N-B.E-Computer-Science-EngineeringSem-III-IV.pdf,0,,Low sim=0.117 - no semantic relation,0.1166,4,0.0
Linear and Non-Linear Programming Problems,Fourier series of periodic,2013111,Mathematics for Computer Engineering,6.20N-B.E.-AI-DS.-Sem-III-IV.pdf,0,,Low sim=-0.127 - no semantic relation,-0.127,11,0.0
Pumping lemma,RE in text search and replace,2484111,Computational,6.41N-A-I-AI-DS-Sem-III-IV.pdf,0,,"No prereq signal: sim=0.168, delta=1, kw=0.000",0.1683,1,0.0
Standard and Canonical of LPP,Raw moments,2483111,Mathematics for Computer Engineering,6.41N-A-I-AI-DS-Sem-III-IV.pdf,0,,Low sim=0.049 - no semantic relation,0.0491,14,0.0
Artificial variables,Fourier series of periodic,2013111,Mathematics for Computer Engineering,6.20N-B.E.-AI-DS.-Sem-III-IV.pdf,0,,Low sim=-0.056 - no semantic relation,-0.0556,6,0.0
Complex form of Fourier Series,Moment generating function,2023111,Mathematics for Computer Engineering,6.21-N-B.E.-AI-ML-sem-III-IV.pdf,1,,Adjacent same-course topics: delta=2 + sim=0.259,0.2589,2,0.0
Similarity of matrices,Linear congruence,2023111,Mathematics for Computer Engineering,6.21-N-B.E.-AI-ML-sem-III-IV.pdf,0,,"No prereq signal: sim=0.167, delta=10, kw=0.000",0.1671,10,0.0
Custom Hooks creation,Low-code/No-code development,2165114,Web and Mobile Application,SEM-V.pdf,0,,"No prereq signal: sim=0.155, delta=1, kw=0.000",0.1549,1,0.0
Size reduction equipment – Jaw crusher,Gas solid separation equipment: Cyclone,2074112,Solid Fluid Mechanical Operations,6.40-N-Chemical-Engineering-Sem-III-IV.pdf,0,,"No prereq signal: sim=0.279, delta=10, kw=0.111",0.279,10,0.1111111111111111
"Generalization, Specialization and Aggregation","Integrity constraints: key constraints, Domain",2114112,Database Management System,6.24-N-B.E.-Computer-Engineering-Sem-III-IV.pdf,0,,"No prereq signal: sim=0.239, delta=4, kw=0.000",0.2391,4,0.0
Basic and Feasible solutions,Lines of regression,2173111,Mathematics for Computer Engineering,6.39-N-B.E.-Data-Science-Sem-III-IV.pdf,0,,"No prereq signal: sim=0.157, delta=11, kw=0.000",0.1566,11,0.0
Kuhn-Tucker conditions,Application of congruence-RSA algorithm,2483111,Mathematics for Computer Engineering,6.41N-A-I-AI-DS-Sem-III-IV.pdf,0,,Low sim=-0.048 - no semantic relation,-0.0484,3,0.0
Introduction to Congruence,Moment generating function,2023111,Mathematics for Computer Engineering,6.21-N-B.E.-AI-ML-sem-III-IV.pdf,0,,Low sim=0.055 - no semantic relation,0.0546,8,0.0
Introduction to Congruence,Fourier series of periodic,2013111,Mathematics for Computer Engineering,6.20N-B.E.-AI-DS.-Sem-III-IV.pdf,0,,"No prereq signal: sim=0.155, delta=4, kw=0.000",0.1555,4,0.0
Relationship (EER) Model,"Integrity constraints: key constraints, Domain",2114112,Database Management System,6.24-N-B.E.-Computer-Engineering-Sem-III-IV.pdf,0,,"No prereq signal: sim=0.203, delta=5, kw=0.000",0.2034,5,0.0
Regular operations,RE in text search and replace,2014111,Computational,6.20N-B.E.-AI-DS.-Sem-III-IV.pdf,0,,"No prereq signal: sim=0.178, delta=4, kw=0.000",0.178,4,0.0
Fourier series of even and odd functions,Moment generating function,2483111,Mathematics for Computer Engineering,6.41N-A-I-AI-DS-Sem-III-IV.pdf,0,,"No prereq signal: sim=0.176, delta=3, kw=0.000",0.1755,3,0.0
Linear Algebra (Theory of Matrices) verification and reduction of higher degree polynomials,Dirichlet’s conditions,2483111,Mathematics for Computer Engineering,6.41N-A-I-AI-DS-Sem-III-IV.pdf,0,,Low sim=-0.055 - no semantic relation,-0.0551,13,0.0
Quality (Error Rate,Edge resource optimization,2166115,Nature- Inspired Optimization,SEM-V.pdf,0,,"No prereq signal: sim=0.176, delta=3, kw=0.000",0.176,3,0.0
Quadratic forms,Linear and Non-Linear Programming Problems,2023111,Mathematics for Computer Engineering,6.21-N-B.E.-AI-ML-sem-III-IV.pdf,0,,"No prereq signal: sim=0.161, delta=1, kw=0.000",0.161,1,0.0
Linear and Non-Linear Programming Problems,Linear congruence,2483111,Mathematics for Computer Engineering,6.41N-A-I-AI-DS-Sem-III-IV.pdf,0,,Low sim=0.134 - no semantic relation,0.1338,8,0.16666666666666666
Linear and Non-Linear Programming Problems,Fourier series of periodic,2113111,Mathematics for Computer Engineering,6.24-N-B.E.-Computer-Engineering-Sem-III-IV.pdf,0,,Low sim=-0.127 - no semantic relation,-0.127,11,0.0
Linear Algebra (Theory of Matrices) verification and reduction of higher degree polynomials,Linear and Non-Linear Programming Problems,2483111,Mathematics for Computer Engineering,6.41N-A-I-AI-DS-Sem-III-IV.pdf,0,,"No prereq signal: sim=0.202, delta=3, kw=0.143",0.2021,3,0.14285714285714285
Basic and Feasible solutions,Application of congruence-RSA algorithm,2013111,Mathematics for Computer Engineering,6.20N-B.E.-AI-DS.-Sem-III-IV.pdf,0,,"No prereq signal: sim=0.154, delta=6, kw=0.000",0.1536,6,0.0
Kuhn-Tucker conditions,Fourier series of even and odd functions,2023111,Mathematics for Computer Engineering,6.21-N-B.E.-AI-ML-sem-III-IV.pdf,0,,Low sim=0.002 - no semantic relation,0.0022,6,0.0
"Generalization, Specialization and Aggregation","Pitfalls in relational database designs, Concept",2494112,Database Management System,6.54-N-B.E-Computer-Science-EngineeringSem-III-IV.pdf,0,,"No prereq signal: sim=0.295, delta=6, kw=0.000",0.2946,6,0.0
Flow Control: Stop-and-Wait Flow Control,Self-Study Topics,2344113,Computer Network & Network Design,6.34-N-B.E.-Information-Technology-Sem-III-IV.pdf,0,,Low sim=0.025 - no semantic relation,0.0248,8,0.0
Structure of a switch,Space Division Switching,2344113,Computer Network & Network Design,6.34-N-B.E.-Information-Technology-Sem-III-IV.pdf,1,,Foundational kw in A + sim=0.313 + delta=1,0.3131,1,0.0
Simplex method,Application of congruence-RSA algorithm,2173111,Mathematics for Computer Engineering,6.39-N-B.E.-Data-Science-Sem-III-IV.pdf,0,,"No prereq signal: sim=0.155, delta=5, kw=0.000",0.155,5,0.0
Go-Back-N ARQ,Random Access (ALOHA,2344113,Computer Network & Network Design,6.34-N-B.E.-Information-Technology-Sem-III-IV.pdf,0,,Low sim=0.120 - no semantic relation,0.1204,3,0.0
RE in text search and replace,Application of Regular,2494111,Computational,6.54-N-B.E-Computer-Science-EngineeringSem-III-IV.pdf,0,,Low sim=0.137 - no semantic relation,0.1369,1,0.0
Standard and Canonical of LPP,Simplex method,2023111,Mathematics for Computer Engineering,6.21-N-B.E.-AI-ML-sem-III-IV.pdf,0,,"No prereq signal: sim=0.166, delta=2, kw=0.000",0.1656,2,0.0
Basic and Feasible solutions,Linear congruence,2113111,Mathematics for Computer Engineering,6.24-N-B.E.-Computer-Engineering-Sem-III-IV.pdf,0,,"No prereq signal: sim=0.161, delta=5, kw=0.000",0.1608,5,0.0
"Generalization, Specialization and Aggregation","Integrity constraints: key constraints, Domain",2174112,Database Management System,6.39-N-B.E.-Data-Science-Sem-III-IV.pdf,0,,"No prereq signal: sim=0.239, delta=4, kw=0.000",0.2391,4,0.0
Self-Study Topics,IEEE 802.11 Wireless LAN,2344113,Computer Network & Network Design,6.34-N-B.E.-Information-Technology-Sem-III-IV.pdf,0,,Low sim=-0.015 - no semantic relation,-0.0155,2,0.0
Kuhn-Tucker conditions,Dirichlet’s conditions,2173111,Mathematics for Computer Engineering,6.39-N-B.E.-Data-Science-Sem-III-IV.pdf,0,,"No prereq signal: sim=0.417, delta=4, kw=0.200",0.4166,4,0.2
C’s of DevOps Lifecycle for Business,"Agility, DevOps and Continuous Testing",2165113,Agile Software Development & DevOps,SEM-V.pdf,1,,sim=0.575>=0.45 + delta=1<=5,0.5748,1,0.09090909090909091
Similarity of matrices,Dirichlet’s conditions,2013111,Mathematics for Computer Engineering,6.20N-B.E.-AI-DS.-Sem-III-IV.pdf,0,,Low sim=-0.013 - no semantic relation,-0.0128,12,0.0
RE in text search and replace,Languages in Compiler Design,2174111,Computational,6.39-N-B.E.-Data-Science-Sem-III-IV.pdf,0,,Low sim=0.009 - no semantic relation,0.0087,2,0.1111111111111111
Properties of Eigen,Kutta second Order method,2073111,Chemical Engineering Mathematics,6.40-N-Chemical-Engineering-Sem-III-IV.pdf,0,,Low sim=0.078 - no semantic relation,0.0783,5,0.0
Size reduction equipment – Jaw crusher,"Hammer mill, Ball mill and Roll crusher",2074112,Solid Fluid Mechanical Operations,6.40-N-Chemical-Engineering-Sem-III-IV.pdf,1,,Adjacent same-course topics: delta=1 + sim=0.389,0.3894,1,0.1
Sedimentation: Batch sedimentation. Kynch,Storage of solids: Properties of particulate,2074112,Solid Fluid Mechanical Operations,6.40-N-Chemical-Engineering-Sem-III-IV.pdf,1,,Adjacent same-course topics: delta=2 + sim=0.266,0.266,2,0.0
Linear congruence,Application of congruence-RSA algorithm,2113111,Mathematics for Computer Engineering,6.24-N-B.E.-Computer-Engineering-Sem-III-IV.pdf,1,,sim=0.579>=0.45 + delta=1<=5,0.5786,1,0.16666666666666666
Similarity of matrices,Fourier series of periodic,2483111,Mathematics for Computer Engineering,6.41N-A-I-AI-DS-Sem-III-IV.pdf,0,,Low sim=0.001 - no semantic relation,0.0009,13,0.16666666666666666
Simplex method,Artificial variables,2013111,Mathematics for Computer Engineering,6.20N-B.E.-AI-DS.-Sem-III-IV.pdf,1,,Adjacent same-course topics: delta=1 + sim=0.267,0.267,1,0.0
Application of congruence-RSA algorithm,Raw moments,2483111,Mathematics for Computer Engineering,6.41N-A-I-AI-DS-Sem-III-IV.pdf,0,,Low sim=0.032 - no semantic relation,0.0321,7,0.0
Open-source and Proprietary Operating System,Real-Time,2174113,Operating System,6.39-N-B.E.-Data-Science-Sem-III-IV.pdf,0,,"No prereq signal: sim=0.283, delta=3, kw=0.000",0.2827,3,0.0
Introduction to Data Analytics,Background and Overview of Data,2166112,Data Analytics and Visualization,SEM-V.pdf,1,,sim=0.490>=0.45 + delta=1<=5,0.4901,1,0.125
Linear Algebra (Theory of Matrices) verification and reduction of higher degree polynomials,Linear congruence,2023111,Mathematics for Computer Engineering,6.21-N-B.E.-AI-ML-sem-III-IV.pdf,0,,"No prereq signal: sim=0.284, delta=11, kw=0.083",0.2843,11,0.08333333333333333
Mixing equipment for cohesive solids,"Conveying, of solids: Belt conveyer, bucket",2074112,Solid Fluid Mechanical Operations,6.40-N-Chemical-Engineering-Sem-III-IV.pdf,0,,"No prereq signal: sim=0.391, delta=9, kw=0.100",0.3905,9,0.1
Fourier series of even and odd functions,Moment generating function,2023111,Mathematics for Computer Engineering,6.21-N-B.E.-AI-ML-sem-III-IV.pdf,0,,"No prereq signal: sim=0.176, delta=3, kw=0.000",0.1755,3,0.0
"Generalization, Specialization and Aggregation","Concurrent Executions, Serializability",2174112,Database Management System,6.39-N-B.E.-Data-Science-Sem-III-IV.pdf,0,,"No prereq signal: sim=0.255, delta=7, kw=0.000",0.2549,7,0.0
Mixers for free flowing solids: Ribbon,Gas solid separation equipment: Cyclone,2074112,Solid Fluid Mechanical Operations,6.40-N-Chemical-Engineering-Sem-III-IV.pdf,0,,"No prereq signal: sim=0.322, delta=6, kw=0.000",0.3225,6,0.0
Linear congruence,Lines of regression,2113111,Mathematics for Computer Engineering,6.24-N-B.E.-Computer-Engineering-Sem-III-IV.pdf,0,,Low sim=0.129 - no semantic relation,0.129,6,0.0
Pumping lemma,RE in text search and replace,2014111,Computational,6.20N-B.E.-AI-DS.-Sem-III-IV.pdf,0,,"No prereq signal: sim=0.168, delta=1, kw=0.000",0.1683,1,0.0
Linear Algebra (Theory of Matrices) verification and reduction of higher degree polynomials,Application of congruence-RSA algorithm,2483111,Mathematics for Computer Engineering,6.41N-A-I-AI-DS-Sem-III-IV.pdf,0,,Low sim=0.146 - no semantic relation,0.1457,12,0.06666666666666667
Applications of Swarm Intelligence in Machine,Algorithm  Bat Algorithm,2166111,Machine Learning and Swarm,SEM-V.pdf,1,,sim=0.501>=0.45 + delta=2<=5,0.5012,2,0.0
Self-Study Topics,HDLC Protocol,2344113,Computer Network & Network Design,6.34-N-B.E.-Information-Technology-Sem-III-IV.pdf,0,,Low sim=-0.045 - no semantic relation,-0.0453,1,0.0
Linear congruence,Raw moments,2013111,Mathematics for Computer Engineering,6.20N-B.E.-AI-DS.-Sem-III-IV.pdf,0,,Low sim=-0.016 - no semantic relation,-0.0164,8,0.0
Quadratic forms,Introduction to Congruence,2173111,Mathematics for Computer Engineering,6.39-N-B.E.-Data-Science-Sem-III-IV.pdf,0,,"No prereq signal: sim=0.217, delta=8, kw=0.000",0.2168,8,0.0
Regular operations,Application of Regular,2484111,Computational,6.41N-A-I-AI-DS-Sem-III-IV.pdf,1,,High sim=0.687 + delta=5,0.6872,5,0.25
Application of congruence-RSA algorithm,Moment generating function,2013111,Mathematics for Computer Engineering,6.20N-B.E.-AI-DS.-Sem-III-IV.pdf,0,,"No prereq signal: sim=0.180, delta=6, kw=0.000",0.1798,6,0.0
Linear congruence,Fourier series of periodic,2013111,Mathematics for Computer Engineering,6.20N-B.E.-AI-DS.-Sem-III-IV.pdf,0,,"No prereq signal: sim=0.197, delta=3, kw=0.000",0.1968,3,0.0
Special-purpose,Real-Time,2494113,Operating System,6.54-N-B.E-Computer-Science-EngineeringSem-III-IV.pdf,0,,"No prereq signal: sim=0.277, delta=4, kw=0.000",0.2769,4,0.0
Linear and Non-Linear Programming Problems,Artificial variables,2483111,Mathematics for Computer Engineering,6.41N-A-I-AI-DS-Sem-III-IV.pdf,0,,"No prereq signal: sim=0.395, delta=5, kw=0.000",0.3948,5,0.0
Types of solutions,Kuhn-Tucker conditions,2483111,Mathematics for Computer Engineering,6.41N-A-I-AI-DS-Sem-III-IV.pdf,0,,"No prereq signal: sim=0.189, delta=5, kw=0.000",0.1889,5,0.0
Quadratic forms,Kuhn-Tucker conditions,2113111,Mathematics for Computer Engineering,6.24-N-B.E.-Computer-Engineering-Sem-III-IV.pdf,0,,"No prereq signal: sim=0.200, delta=7, kw=0.000",0.2002,7,0.0
Simplex method,Fourier series of even and odd functions,2173111,Mathematics for Computer Engineering,6.39-N-B.E.-Data-Science-Sem-III-IV.pdf,0,,"No prereq signal: sim=0.159, delta=8, kw=0.000",0.1592,8,0.0
Metrics: Measuring performance,Edge Systems: Application in feature selection,2166115,Nature- Inspired Optimization,SEM-V.pdf,0,,"No prereq signal: sim=0.194, delta=3, kw=0.000",0.1944,3,0.0
Fourier series of periodic,Lines of regression,2013111,Mathematics for Computer Engineering,6.20N-B.E.-AI-DS.-Sem-III-IV.pdf,0,,Low sim=-0.003 - no semantic relation,-0.0031,3,0.16666666666666666
Quadratic forms,Linear congruence,2023111,Mathematics for Computer Engineering,6.21-N-B.E.-AI-ML-sem-III-IV.pdf,0,,"No prereq signal: sim=0.282, delta=9, kw=0.000",0.2821,9,0.0
Types of solutions,Dirichlet’s conditions,2023111,Mathematics for Computer Engineering,6.21-N-B.E.-AI-ML-sem-III-IV.pdf,0,,"No prereq signal: sim=0.198, delta=9, kw=0.000",0.1982,9,0.0
Applications of Swarm Intelligence in Machine,Learning : Quantum,2166111,Machine Learning and Swarm,SEM-V.pdf,0,,"No prereq signal: sim=0.187, delta=3, kw=0.000",0.1873,3,0.0
Screening equipment – Vibrating screen,Storage of solids: Properties of particulate,2074112,Solid Fluid Mechanical Operations,6.40-N-Chemical-Engineering-Sem-III-IV.pdf,0,,Low sim=-0.023 - no semantic relation,-0.0234,14,0.0
Linear and Non-Linear Programming Problems,Simplex method,2483111,Mathematics for Computer Engineering,6.41N-A-I-AI-DS-Sem-III-IV.pdf,0,,"No prereq signal: sim=0.223, delta=4, kw=0.000",0.2234,4,0.0
Regular operations,RE in text search and replace,2484111,Computational,6.41N-A-I-AI-DS-Sem-III-IV.pdf,0,,"No prereq signal: sim=0.178, delta=4, kw=0.000",0.178,4,0.0
"Hammer mill, Ball mill and Roll crusher","Conveying, of solids: Belt conveyer, bucket",2074112,Solid Fluid Mechanical Operations,6.40-N-Chemical-Engineering-Sem-III-IV.pdf,0,,"No prereq signal: sim=0.379, delta=11, kw=0.000",0.379,11,0.0
"Hammer mill, Ball mill and Roll crusher",Mixers for free flowing solids: Ribbon,2074112,Solid Fluid Mechanical Operations,6.40-N-Chemical-Engineering-Sem-III-IV.pdf,0,,"No prereq signal: sim=0.284, delta=3, kw=0.000",0.2836,3,0.0
Open-source and Proprietary Operating System,Special-purpose Operating Systems,2494113,Operating System,6.54-N-B.E-Computer-Science-EngineeringSem-III-IV.pdf,1,,High sim=0.681 + delta=5,0.6814,5,0.1111111111111111
"Testing: Functionality Testing, UI Testing",Choosing the right DevOps tools and challenges,2165113,Agile Software Development & DevOps,SEM-V.pdf,0,,"No prereq signal: sim=0.295, delta=8, kw=0.000",0.2951,8,0.0
Linear and Non-Linear Programming Problems,Standard and Canonical of LPP,2483111,Mathematics for Computer Engineering,6.41N-A-I-AI-DS-Sem-III-IV.pdf,1,,Adjacent same-course topics: delta=2 + sim=0.250,0.2497,2,0.1111111111111111
Cayley-Hamilton,Dirichlet’s conditions,2023111,Mathematics for Computer Engineering,6.21-N-B.E.-AI-ML-sem-III-IV.pdf,0,,Low sim=-0.043 - no semantic relation,-0.0433,14,0.0
Application of Regular,Minimization of DFA,2494111,Computational,6.54-N-B.E-Computer-Science-EngineeringSem-III-IV.pdf,0,,"No prereq signal: sim=0.289, delta=4, kw=0.200",0.289,4,0.2
Common security threats in Blockchain,Emerging trends,2166118,Blockchain Technology,SEM-V.pdf,0,,"No prereq signal: sim=0.218, delta=3, kw=0.000",0.2184,3,0.0
Applying to chemical engineering problems related,Kutta second Order method,2073111,Chemical Engineering Mathematics,6.40-N-Chemical-Engineering-Sem-III-IV.pdf,0,,"No prereq signal: sim=0.182, delta=2, kw=0.000",0.182,2,0.0
Method and Adam Bashford Predictor,Shift operator E,2073111,Chemical Engineering Mathematics,6.40-N-Chemical-Engineering-Sem-III-IV.pdf,0,,Low sim=0.119 - no semantic relation,0.1189,3,0.0
Fourier series of even and odd functions,Lines of regression,2173111,Mathematics for Computer Engineering,6.39-N-B.E.-Data-Science-Sem-III-IV.pdf,0,,Low sim=-0.005 - no semantic relation,-0.005,2,0.1111111111111111
Similarity of matrices,Quadratic forms,2013111,Mathematics for Computer Engineering,6.20N-B.E.-AI-DS.-Sem-III-IV.pdf,0,,"No prereq signal: sim=0.184, delta=1, kw=0.000",0.1835,1,0.0
Special-purpose,Open-source and Proprietary Operating System,2014113,Operating System,6.20N-B.E.-AI-DS.-Sem-III-IV.pdf,0,,"No prereq signal: sim=0.153, delta=1, kw=0.000",0.1526,1,0.0
System calls with examples for different OS,Features of I/O facility for different OS,2344112,Operating System,6.34-N-B.E.-Information-Technology-Sem-III-IV.pdf,1,,sim=0.490>=0.45 + delta=5<=5,0.4898,5,0.25
CRC code,Scheduled Access (Reservation,2344113,Computer Network & Network Design,6.34-N-B.E.-Information-Technology-Sem-III-IV.pdf,0,,"No prereq signal: sim=0.182, delta=5, kw=0.000",0.182,5,0.0
Study – Selenium/ Jira,Assessment. Study of various Open,2165113,Agile Software Development & DevOps,SEM-V.pdf,0,,"No prereq signal: sim=0.264, delta=6, kw=0.143",0.2642,6,0.14285714285714285
Dirichlet’s conditions,Fourier series of periodic,2483111,Mathematics for Computer Engineering,6.41N-A-I-AI-DS-Sem-III-IV.pdf,0,,"No prereq signal: sim=0.171, delta=1, kw=0.000",0.1715,1,0.0
Application of Regular,Minimization of DFA,2024111,Computational,6.21-N-B.E.-AI-ML-sem-III-IV.pdf,0,,"No prereq signal: sim=0.289, delta=4, kw=0.200",0.289,4,0.2
Linear and Non-Linear Programming Problems,Complex form of Fourier Series,2023111,Mathematics for Computer Engineering,6.21-N-B.E.-AI-ML-sem-III-IV.pdf,0,,Low sim=-0.130 - no semantic relation,-0.13,13,0.0
Types of solutions,Kuhn-Tucker conditions,2023111,Mathematics for Computer Engineering,6.21-N-B.E.-AI-ML-sem-III-IV.pdf,0,,"No prereq signal: sim=0.189, delta=5, kw=0.000",0.1889,5,0.0
Taxes and tax brackets,Vending machines,2173112,Discrete Structures and Graph Theory,6.39-N-B.E.-Data-Science-Sem-III-IV.pdf,0,,Low sim=0.047 - no semantic relation,0.0465,1,0.0
Regular operations,Languages in Compiler Design,2174111,Computational,6.39-N-B.E.-Data-Science-Sem-III-IV.pdf,0,,"No prereq signal: sim=0.205, delta=6, kw=0.000",0.2045,6,0.0
Languages in Compiler Design,Minimization of DFA,2114111,Computational,6.24-N-B.E.-Computer-Engineering-Sem-III-IV.pdf,0,,Low sim=0.146 - no semantic relation,0.146,3,0.0
Artificial variables,Moment generating function,2173111,Mathematics for Computer Engineering,6.39-N-B.E.-Data-Science-Sem-III-IV.pdf,0,,Low sim=0.147 - no semantic relation,0.1467,10,0.0
Fourier series of even and odd functions (simple functions,Hal Frange Sine and Cosine Series,2343111,Applied Mathematics Thinking-I,6.34-N-B.E.-Information-Technology-Sem-III-IV.pdf,1,,Adjacent same-course topics: delta=1 + sim=0.389,0.3886,1,0.16666666666666666
"Optimization, Particle Swarm Optimizer , ABC",Learning : Quantum,2166111,Machine Learning and Swarm,SEM-V.pdf,0,,"No prereq signal: sim=0.185, delta=2, kw=0.000",0.1854,2,0.0
Lines of regression,Moment generating function,2023111,Mathematics for Computer Engineering,6.21-N-B.E.-AI-ML-sem-III-IV.pdf,0,,Low sim=0.017 - no semantic relation,0.0172,1,0.0
Simplex method,Application of congruence-RSA algorithm,2023111,Mathematics for Computer Engineering,6.21-N-B.E.-AI-ML-sem-III-IV.pdf,0,,"No prereq signal: sim=0.155, delta=5, kw=0.000",0.155,5,0.0
Quadratic forms,Artificial variables,2013111,Mathematics for Computer Engineering,6.20N-B.E.-AI-DS.-Sem-III-IV.pdf,0,,"No prereq signal: sim=0.171, delta=6, kw=0.000",0.1713,6,0.0
Cayley-Hamilton,Linear and Non-Linear Programming Problems,2023111,Mathematics for Computer Engineering,6.21-N-B.E.-AI-ML-sem-III-IV.pdf,0,,Low sim=-0.070 - no semantic relation,-0.0703,4,0.0
Quadratic forms,Introduction to Congruence,2113111,Mathematics for Computer Engineering,6.24-N-B.E.-Computer-Engineering-Sem-III-IV.pdf,0,,"No prereq signal: sim=0.217, delta=8, kw=0.000",0.2168,8,0.0
Solid mixing – Introduction to solid mixing,Sedimentation: Batch sedimentation. Kynch,2074112,Solid Fluid Mechanical Operations,6.40-N-Chemical-Engineering-Sem-III-IV.pdf,0,,"No prereq signal: sim=0.242, delta=7, kw=0.000",0.2418,7,0.0
Equivalence between NFA with and ϵ- transitions,Minimization of DFA,2494111,Computational,6.54-N-B.E-Computer-Science-EngineeringSem-III-IV.pdf,1,,Adjacent same-course topics: delta=1 + sim=0.419,0.4193,1,0.0
Regular operations,Decision properties of RLs,2484111,Computational,6.41N-A-I-AI-DS-Sem-III-IV.pdf,0,,"No prereq signal: sim=0.194, delta=2, kw=0.000",0.1942,2,0.0
Kar lPearson’s Coefficient of correlation(r) Spearman’s,"Advanced Engineering Mathematics, R.K. Jainand S.R.K. Iyengar, Narosapublication",2343111,Applied Mathematics Thinking-I,6.34-N-B.E.-Information-Technology-Sem-III-IV.pdf,0,,"No prereq signal: sim=0.167, delta=2, kw=0.133",0.1671,2,0.13333333333333333
Quadratic forms,Basic and Feasible solutions,2483111,Mathematics for Computer Engineering,6.41N-A-I-AI-DS-Sem-III-IV.pdf,0,,"No prereq signal: sim=0.226, delta=4, kw=0.000",0.226,4,0.0
RE in text search and replace,Equivalence between NFA with and ϵ- transitions,2484111,Computational,6.41N-A-I-AI-DS-Sem-III-IV.pdf,0,,Low sim=0.034 - no semantic relation,0.0344,4,0.08333333333333333
Standard and Canonical of LPP,Artificial variables,2113111,Mathematics for Computer Engineering,6.24-N-B.E.-Computer-Engineering-Sem-III-IV.pdf,0,,"No prereq signal: sim=0.160, delta=3, kw=0.000",0.1601,3,0.0
Fourier series of even and odd functions,Lines of regression,2023111,Mathematics for Computer Engineering,6.21-N-B.E.-AI-ML-sem-III-IV.pdf,0,,Low sim=-0.005 - no semantic relation,-0.005,2,0.1111111111111111
Linear congruence,Fourier series of periodic,2173111,Mathematics for Computer Engineering,6.39-N-B.E.-Data-Science-Sem-III-IV.pdf,0,,"No prereq signal: sim=0.197, delta=3, kw=0.000",0.1968,3,0.0
Introduction to Congruence,Dirichlet’s conditions,2013111,Mathematics for Computer Engineering,6.20N-B.E.-AI-DS.-Sem-III-IV.pdf,0,,"No prereq signal: sim=0.155, delta=3, kw=0.000",0.1547,3,0.0
Basic and Feasible solutions,Introduction to Congruence,2173111,Mathematics for Computer Engineering,6.39-N-B.E.-Data-Science-Sem-III-IV.pdf,0,,Low sim=0.133 - no semantic relation,0.1335,4,0.0
Kuhn-Tucker conditions,Linear congruence,2013111,Mathematics for Computer Engineering,6.20N-B.E.-AI-DS.-Sem-III-IV.pdf,0,,Low sim=-0.039 - no semantic relation,-0.0388,2,0.0
Decision properties of RLs,Application of Regular,2174111,Computational,6.39-N-B.E.-Data-Science-Sem-III-IV.pdf,0,,"No prereq signal: sim=0.159, delta=3, kw=0.167",0.1588,3,0.16666666666666666
Equivalence between NFA with and ϵ- transitions,Minimization of DFA,2114111,Computational,6.24-N-B.E.-Computer-Engineering-Sem-III-IV.pdf,1,,Adjacent same-course topics: delta=1 + sim=0.419,0.4193,1,0.0
Basic and Feasible solutions,Linear congruence,2023111,Mathematics for Computer Engineering,6.21-N-B.E.-AI-ML-sem-III-IV.pdf,0,,"No prereq signal: sim=0.161, delta=5, kw=0.000",0.1608,5,0.0
Study – Selenium/ Jira,Source Tools in DevOps,2165113,Agile Software Development & DevOps,SEM-V.pdf,0,,"No prereq signal: sim=0.157, delta=7, kw=0.000",0.1566,7,0.0
Fluidization: conditions for fluidization,Gas solid separation equipment: Cyclone,2074112,Solid Fluid Mechanical Operations,6.40-N-Chemical-Engineering-Sem-III-IV.pdf,0,,"No prereq signal: sim=0.238, delta=3, kw=0.000",0.2382,3,0.0
Standard and Canonical of LPP,Fourier series of periodic,2013111,Mathematics for Computer Engineering,6.20N-B.E.-AI-DS.-Sem-III-IV.pdf,0,,Low sim=-0.022 - no semantic relation,-0.0222,9,0.125
Kuhn-Tucker conditions,Moment generating function,2013111,Mathematics for Computer Engineering,6.20N-B.E.-AI-DS.-Sem-III-IV.pdf,0,,Low sim=0.026 - no semantic relation,0.0264,9,0.0
Types of solutions,Dirichlet’s conditions,2483111,Mathematics for Computer Engineering,6.41N-A-I-AI-DS-Sem-III-IV.pdf,0,,"No prereq signal: sim=0.198, delta=9, kw=0.000",0.1982,9,0.0
Corrector Method to chemical engineering,Shift operator E,2073111,Chemical Engineering Mathematics,6.40-N-Chemical-Engineering-Sem-III-IV.pdf,0,,Low sim=0.050 - no semantic relation,0.0501,2,0.0
"Automation, Test Automation Pyramid. Case","Agility, DevOps and Continuous Testing",2165113,Agile Software Development & DevOps,SEM-V.pdf,0,,"No prereq signal: sim=0.388, delta=5, kw=0.000",0.388,5,0.0
Decision properties of RLs,Application of Regular,2484111,Computational,6.41N-A-I-AI-DS-Sem-III-IV.pdf,0,,"No prereq signal: sim=0.159, delta=3, kw=0.167",0.1588,3,0.16666666666666666
Super-Simple,Applications and variants,2166115,Nature- Inspired Optimization,SEM-V.pdf,0,,Low sim=0.115 - no semantic relation,0.1153,3,0.0
Structure of a switch,Scheduled Access (Reservation,2344113,Computer Network & Network Design,6.34-N-B.E.-Information-Technology-Sem-III-IV.pdf,0,,Low sim=-0.013 - no semantic relation,-0.0133,9,0.0
Similarity of matrices,Standard and Canonical of LPP,2023111,Mathematics for Computer Engineering,6.21-N-B.E.-AI-ML-sem-III-IV.pdf,0,,Low sim=0.027 - no semantic relation,0.0275,4,0.14285714285714285
Quadratic forms,Linear and Non-Linear Programming Problems,2013111,Mathematics for Computer Engineering,6.20N-B.E.-AI-DS.-Sem-III-IV.pdf,0,,"No prereq signal: sim=0.161, delta=1, kw=0.000",0.161,1,0.0
Basic and Feasible solutions,Fourier series of even and odd functions,2113111,Mathematics for Computer Engineering,6.24-N-B.E.-Computer-Engineering-Sem-III-IV.pdf,0,,Low sim=-0.058 - no semantic relation,-0.0582,9,0.1
Linear Algebra (Theory of Matrices) verification and reduction of higher degree polynomials,Simplex method,2113111,Mathematics for Computer Engineering,6.24-N-B.E.-Computer-Engineering-Sem-III-IV.pdf,0,,"No prereq signal: sim=0.152, delta=7, kw=0.000",0.1524,7,0.0
Linear and Non-Linear Programming Problems,Kuhn-Tucker conditions,2483111,Mathematics for Computer Engineering,6.41N-A-I-AI-DS-Sem-III-IV.pdf,0,,"No prereq signal: sim=0.247, delta=6, kw=0.000",0.2473,6,0.0
Pumping lemma for RLs,Nondeterministic Finite Automata (NFA): Definitions,2174111,Computational,6.39-N-B.E.-Data-Science-Sem-III-IV.pdf,0,,"No prereq signal: sim=0.162, delta=4, kw=0.000",0.1616,4,0.0
Solid fluid,"Conveying, of solids: Belt conveyer, bucket",2074112,Solid Fluid Mechanical Operations,6.40-N-Chemical-Engineering-Sem-III-IV.pdf,0,,"No prereq signal: sim=0.358, delta=4, kw=0.000",0.3577,4,0.0
Properties of Eigen,Forward and Backward difference operators ∆,2073111,Chemical Engineering Mathematics,6.40-N-Chemical-Engineering-Sem-III-IV.pdf,0,,"No prereq signal: sim=0.164, delta=9, kw=0.000",0.1639,9,0.0
Linear Algebra (Theory of Matrices) verification and reduction of higher degree polynomials,Standard and Canonical of LPP,2013111,Mathematics for Computer Engineering,6.20N-B.E.-AI-DS.-Sem-III-IV.pdf,0,,"No prereq signal: sim=0.169, delta=5, kw=0.143",0.1691,5,0.14285714285714285
Data Link Layer Data Link Control:  Framing ,Link Layer Addressing,2344113,Computer Network & Network Design,6.34-N-B.E.-Information-Technology-Sem-III-IV.pdf,0,,"No prereq signal: sim=0.532, delta=9, kw=0.333",0.5324,9,0.3333333333333333
Study – Selenium/ Jira,"Agility, DevOps and Continuous Testing",2165113,Agile Software Development & DevOps,SEM-V.pdf,0,,"No prereq signal: sim=0.194, delta=4, kw=0.000",0.1944,4,0.0
Basic and Feasible solutions,Lines of regression,2483111,Mathematics for Computer Engineering,6.41N-A-I-AI-DS-Sem-III-IV.pdf,0,,"No prereq signal: sim=0.157, delta=11, kw=0.000",0.1566,11,0.0
Arden's theorem,Nondeterministic Finite Automata (NFA): Definitions,2174111,Computational,6.39-N-B.E.-Data-Science-Sem-III-IV.pdf,0,,Low sim=0.074 - no semantic relation,0.074,6,0.0
Basic and Feasible solutions,Linear congruence,2173111,Mathematics for Computer Engineering,6.39-N-B.E.-Data-Science-Sem-III-IV.pdf,0,,"No prereq signal: sim=0.161, delta=5, kw=0.000",0.1608,5,0.0
"ERC721 Tokens, ICO: basics and related terms",Cryptocurrency Valuation Models,2166118,Blockchain Technology,SEM-V.pdf,0,,"No prereq signal: sim=0.199, delta=5, kw=0.000",0.1985,5,0.0
"Integrity constraints: key constraints, Domain","Pitfalls in relational database designs, Concept",2494112,Database Management System,6.54-N-B.E-Computer-Science-EngineeringSem-III-IV.pdf,1,,Adjacent same-course topics: delta=2 + sim=0.356,0.3556,2,0.0
Quadratic forms,Application of congruence-RSA algorithm,2023111,Mathematics for Computer Engineering,6.21-N-B.E.-AI-ML-sem-III-IV.pdf,0,,Low sim=0.116 - no semantic relation,0.1161,10,0.0
"Hammer mill, Ball mill and Roll crusher",Fluidization: conditions for fluidization,2074112,Solid Fluid Mechanical Operations,6.40-N-Chemical-Engineering-Sem-III-IV.pdf,0,,Low sim=0.054 - no semantic relation,0.0543,6,0.0
Fourier series of even and odd functions,Complex form of Fourier Series,2113111,Mathematics for Computer Engineering,6.24-N-B.E.-Computer-Engineering-Sem-III-IV.pdf,1,,High sim=0.631 + delta=1,0.6314,1,0.3333333333333333
Linear and Non-Linear Programming Problems,Basic and Feasible solutions,2013111,Mathematics for Computer Engineering,6.20N-B.E.-AI-DS.-Sem-III-IV.pdf,1,,sim=0.575>=0.45 + delta=3<=5,0.575,3,0.125
Determining risk,"Counting Pigeonhole Principle, Inclusion-Exclusion Principle. Recurrence relations, Solving recurrence relations",2493112,Discrete Structures and Graph Theory,6.54-N-B.E-Computer-Science-EngineeringSem-III-IV.pdf,0,,Low sim=-0.042 - no semantic relation,-0.0421,3,0.0
RE in text search and replace,Equivalence between NFA with and ϵ- transitions,2494111,Computational,6.54-N-B.E-Computer-Science-EngineeringSem-III-IV.pdf,0,,Low sim=0.034 - no semantic relation,0.0344,4,0.08333333333333333
Decision properties of RLs,Nondeterministic Finite Automata (NFA): Definitions,2494111,Computational,6.54-N-B.E-Computer-Science-EngineeringSem-III-IV.pdf,0,,"No prereq signal: sim=0.249, delta=5, kw=0.000",0.2488,5,0.0
Standard and Canonical of LPP,Artificial variables,2023111,Mathematics for Computer Engineering,6.21-N-B.E.-AI-ML-sem-III-IV.pdf,0,,"No prereq signal: sim=0.160, delta=3, kw=0.000",0.1601,3,0.0
"Integrity constraints: key constraints, Domain","Cloud Database, Introduction of Distributed",2114112,Database Management System,6.24-N-B.E.-Computer-Engineering-Sem-III-IV.pdf,0,,"No prereq signal: sim=0.159, delta=4, kw=0.000",0.1594,4,0.0
Regular operations,Minimization of DFA,2484111,Computational,6.41N-A-I-AI-DS-Sem-III-IV.pdf,0,,"No prereq signal: sim=0.233, delta=9, kw=0.000",0.2333,9,0.0
Mixing equipment for cohesive solids,Sedimentation: Batch sedimentation. Kynch,2074112,Solid Fluid Mechanical Operations,6.40-N-Chemical-Engineering-Sem-III-IV.pdf,0,,"No prereq signal: sim=0.152, delta=6, kw=0.000",0.1518,6,0.0
Screening equipment – Vibrating screen,Gas solid separation equipment: Cyclone,2074112,Solid Fluid Mechanical Operations,6.40-N-Chemical-Engineering-Sem-III-IV.pdf,0,,Low sim=0.133 - no semantic relation,0.1332,13,0.125
Linear congruence,Complex form of Fourier Series,2483111,Mathematics for Computer Engineering,6.41N-A-I-AI-DS-Sem-III-IV.pdf,0,,Low sim=0.074 - no semantic relation,0.0738,5,0.0
Quadratic forms,Simplex method,2173111,Mathematics for Computer Engineering,6.39-N-B.E.-Data-Science-Sem-III-IV.pdf,0,,"No prereq signal: sim=0.179, delta=5, kw=0.000",0.1793,5,0.0
"EER Model to the Relational Model, Relational","Cloud Database, Introduction of Distributed",2494112,Database Management System,6.54-N-B.E-Computer-Science-EngineeringSem-III-IV.pdf,0,,"No prereq signal: sim=0.217, delta=6, kw=0.000",0.217,6,0.0
Cayley-Hamilton,Application of congruence-RSA algorithm,2113111,Mathematics for Computer Engineering,6.24-N-B.E.-Computer-Engineering-Sem-III-IV.pdf,0,,Low sim=0.089 - no semantic relation,0.0894,13,0.0
Dirichlet’s conditions,Fourier series of even and odd functions,2113111,Mathematics for Computer Engineering,6.24-N-B.E.-Computer-Engineering-Sem-III-IV.pdf,0,,"No prereq signal: sim=0.151, delta=2, kw=0.000",0.1507,2,0.0
Relationship (EER) Model,"Triggers, Introduction to Pl/SQL Block Structure",2174112,Database Management System,6.39-N-B.E.-Data-Science-Sem-III-IV.pdf,0,,Low sim=0.130 - no semantic relation,0.1301,6,0.0
Application of congruence-RSA algorithm,Fourier series of periodic,2483111,Mathematics for Computer Engineering,6.41N-A-I-AI-DS-Sem-III-IV.pdf,0,,"No prereq signal: sim=0.162, delta=2, kw=0.125",0.1624,2,0.125
Similarity of matrices,Kuhn-Tucker conditions,2483111,Mathematics for Computer Engineering,6.41N-A-I-AI-DS-Sem-III-IV.pdf,0,,Low sim=0.060 - no semantic relation,0.0595,8,0.0
Special-purpose,Fundamentals of Distributed Operating System,2014113,Operating System,6.20N-B.E.-AI-DS.-Sem-III-IV.pdf,0,,"No prereq signal: sim=0.175, delta=2, kw=0.000",0.1752,2,0.0
Grizzlies and Trommels,Mixing equipment for cohesive solids,2074112,Solid Fluid Mechanical Operations,6.40-N-Chemical-Engineering-Sem-III-IV.pdf,0,,Low sim=-0.063 - no semantic relation,-0.063,5,0.0
Standard and Canonical of LPP,Dirichlet’s conditions,2023111,Mathematics for Computer Engineering,6.21-N-B.E.-AI-ML-sem-III-IV.pdf,0,,Low sim=0.086 - no semantic relation,0.0865,8,0.0
"Introduction to the Relational Model, relational","Triggers, Introduction to Pl/SQL Block Structure",2494112,Database Management System,6.54-N-B.E-Computer-Science-EngineeringSem-III-IV.pdf,0,,"No prereq signal: sim=0.222, delta=4, kw=0.200",0.2218,4,0.2
"Concurrent Executions, Serializability","Cloud Database, Introduction of Distributed",2114112,Database Management System,6.24-N-B.E.-Computer-Engineering-Sem-III-IV.pdf,1,,Adjacent same-course topics: delta=1 + sim=0.207,0.2068,1,0.0
Simplex method,Lines of regression,2173111,Mathematics for Computer Engineering,6.39-N-B.E.-Data-Science-Sem-III-IV.pdf,0,,Low sim=0.104 - no semantic relation,0.1042,10,0.0
Types of solutions,Kuhn-Tucker conditions,2173111,Mathematics for Computer Engineering,6.39-N-B.E.-Data-Science-Sem-III-IV.pdf,0,,"No prereq signal: sim=0.189, delta=5, kw=0.000",0.1889,5,0.0
"Postman, and JMeter",Assessment. Study of various Open,2165113,Agile Software Development & DevOps,SEM-V.pdf,0,,"No prereq signal: sim=0.212, delta=5, kw=0.000",0.2123,5,0.0
Types of solutions,Basic and Feasible solutions,2013111,Mathematics for Computer Engineering,6.20N-B.E.-AI-DS.-Sem-III-IV.pdf,1,,sim=0.479>=0.45 + delta=2<=5,0.479,2,0.16666666666666666
Linear Algebra (Theory of Matrices) verification and reduction of higher degree polynomials,Linear and Non-Linear Programming Problems,2023111,Mathematics for Computer Engineering,6.21-N-B.E.-AI-ML-sem-III-IV.pdf,0,,"No prereq signal: sim=0.202, delta=3, kw=0.143",0.2021,3,0.14285714285714285
Structure of a switch,10-Gigabit Ethernet,2344113,Computer Network & Network Design,6.34-N-B.E.-Information-Technology-Sem-III-IV.pdf,0,,delta=12>=12 + sim=0.195<0.45 - far + weakly related,0.1952,12,0.0
Types of solutions,Fourier series of even and odd functions,2113111,Mathematics for Computer Engineering,6.24-N-B.E.-Computer-Engineering-Sem-III-IV.pdf,0,,Low sim=0.034 - no semantic relation,0.0343,11,0.1111111111111111
Quadratic forms,Kuhn-Tucker conditions,2173111,Mathematics for Computer Engineering,6.39-N-B.E.-Data-Science-Sem-III-IV.pdf,0,,"No prereq signal: sim=0.200, delta=7, kw=0.000",0.2002,7,0.0
Application of congruence-RSA algorithm,Complex form of Fourier Series,2483111,Mathematics for Computer Engineering,6.41N-A-I-AI-DS-Sem-III-IV.pdf,0,,Low sim=0.112 - no semantic relation,0.1121,4,0.1111111111111111
"Metaverse, Cryptocurrency wallets: Hot and cold",Models on Blockchain: decentralized AI,2166118,Blockchain Technology,SEM-V.pdf,0,,"No prereq signal: sim=0.252, delta=6, kw=0.000",0.2515,6,0.0
Kuhn-Tucker conditions,Application of congruence-RSA algorithm,2113111,Mathematics for Computer Engineering,6.24-N-B.E.-Computer-Engineering-Sem-III-IV.pdf,0,,Low sim=-0.048 - no semantic relation,-0.0484,3,0.0
Decision properties of RLs,Equivalence between NFA with and ϵ- transitions,2494111,Computational,6.54-N-B.E-Computer-Science-EngineeringSem-III-IV.pdf,0,,"No prereq signal: sim=0.153, delta=6, kw=0.000",0.1531,6,0.0
Fourier series of periodic,Lines of regression,2483111,Mathematics for Computer Engineering,6.41N-A-I-AI-DS-Sem-III-IV.pdf,0,,Low sim=-0.003 - no semantic relation,-0.0031,3,0.16666666666666666
Standard and Canonical of LPP,Linear congruence,2173111,Mathematics for Computer Engineering,6.39-N-B.E.-Data-Science-Sem-III-IV.pdf,0,,"No prereq signal: sim=0.169, delta=6, kw=0.000",0.1686,6,0.0
Flow of a single fluid through a packed bed,Sedimentation: Batch sedimentation. Kynch,2074112,Solid Fluid Mechanical Operations,6.40-N-Chemical-Engineering-Sem-III-IV.pdf,0,,"No prereq signal: sim=0.178, delta=4, kw=0.000",0.1778,4,0.0
"Introduction to the Relational Model, relational","Concurrent Executions, Serializability",2174112,Database Management System,6.39-N-B.E.-Data-Science-Sem-III-IV.pdf,0,,Low sim=0.117 - no semantic relation,0.1168,6,0.0
Linear congruence,Fourier series of periodic,2023111,Mathematics for Computer Engineering,6.21-N-B.E.-AI-ML-sem-III-IV.pdf,0,,"No prereq signal: sim=0.197, delta=3, kw=0.000",0.1968,3,0.0
Application of congruence-RSA algorithm,Moment generating function,2483111,Mathematics for Computer Engineering,6.41N-A-I-AI-DS-Sem-III-IV.pdf,0,,"No prereq signal: sim=0.180, delta=6, kw=0.000",0.1798,6,0.0
Medium Access Control,10-Gigabit Ethernet,2344113,Computer Network & Network Design,6.34-N-B.E.-Information-Technology-Sem-III-IV.pdf,0,,"No prereq signal: sim=0.180, delta=4, kw=0.000",0.1796,4,0.0
Quadratic forms,Fourier series of even and odd functions,2113111,Mathematics for Computer Engineering,6.24-N-B.E.-Computer-Engineering-Sem-III-IV.pdf,0,,Low sim=0.047 - no semantic relation,0.0468,13,0.0
"Optimization, Particle Swarm Optimizer , ABC",Algorithm  Bat Algorithm,2166111,Machine Learning and Swarm,SEM-V.pdf,1,,sim=0.499>=0.45 + delta=1<=5,0.4988,1,0.0
Screening equipment – Vibrating screen,Size reduction equipment – Jaw crusher,2074112,Solid Fluid Mechanical Operations,6.40-N-Chemical-Engineering-Sem-III-IV.pdf,0,,"No prereq signal: sim=0.222, delta=3, kw=0.125",0.2219,3,0.125
Selection of Scheduling,Features of I/O facility for different OS,2344112,Operating System,6.34-N-B.E.-Information-Technology-Sem-III-IV.pdf,0,,"No prereq signal: sim=0.214, delta=4, kw=0.100",0.2145,4,0.1
Quadratic forms,Artificial variables,2023111,Mathematics for Computer Engineering,6.21-N-B.E.-AI-ML-sem-III-IV.pdf,0,,"No prereq signal: sim=0.171, delta=6, kw=0.000",0.1713,6,0.0
Solid mixing – Introduction to solid mixing,Storage of solids: Properties of particulate,2074112,Solid Fluid Mechanical Operations,6.40-N-Chemical-Engineering-Sem-III-IV.pdf,0,,"No prereq signal: sim=0.409, delta=9, kw=0.000",0.4094,9,0.0
Application of congruence-RSA algorithm,Moment generating function,2113111,Mathematics for Computer Engineering,6.24-N-B.E.-Computer-Engineering-Sem-III-IV.pdf,0,,"No prereq signal: sim=0.180, delta=6, kw=0.000",0.1798,6,0.0
Decision properties of RLs,Application of Regular,2014111,Computational,6.20N-B.E.-AI-DS.-Sem-III-IV.pdf,0,,"No prereq signal: sim=0.159, delta=3, kw=0.167",0.1588,3,0.16666666666666666
Quadratic forms,Kuhn-Tucker conditions,2023111,Mathematics for Computer Engineering,6.21-N-B.E.-AI-ML-sem-III-IV.pdf,0,,"No prereq signal: sim=0.200, delta=7, kw=0.000",0.2002,7,0.0
Arden's theorem,Application of Regular,2494111,Computational,6.54-N-B.E-Computer-Science-EngineeringSem-III-IV.pdf,0,,"No prereq signal: sim=0.248, delta=4, kw=0.000",0.2475,4,0.0
Decision properties of RLs,Equivalence between NFA with and ϵ- transitions,2484111,Computational,6.41N-A-I-AI-DS-Sem-III-IV.pdf,0,,"No prereq signal: sim=0.153, delta=6, kw=0.000",0.1531,6,0.0
"ERC721 Tokens, ICO: basics and related terms","Blockchain, UTXO and double spending problem",2166118,Blockchain Technology,SEM-V.pdf,0,,"No prereq signal: sim=0.184, delta=2, kw=0.083",0.1835,2,0.08333333333333333
Quadratic forms,Linear congruence,2483111,Mathematics for Computer Engineering,6.41N-A-I-AI-DS-Sem-III-IV.pdf,0,,"No prereq signal: sim=0.282, delta=9, kw=0.000",0.2821,9,0.0
Fourier series of even and odd functions,Moment generating function,2113111,Mathematics for Computer Engineering,6.24-N-B.E.-Computer-Engineering-Sem-III-IV.pdf,0,,"No prereq signal: sim=0.176, delta=3, kw=0.000",0.1755,3,0.0
Basic and Feasible solutions,Application of congruence-RSA algorithm,2023111,Mathematics for Computer Engineering,6.21-N-B.E.-AI-ML-sem-III-IV.pdf,0,,"No prereq signal: sim=0.154, delta=6, kw=0.000",0.1536,6,0.0
Data Link Layer Data Link Control:  Framing ,Linear Block Code,2344113,Computer Network & Network Design,6.34-N-B.E.-Information-Technology-Sem-III-IV.pdf,0,,"No prereq signal: sim=0.155, delta=1, kw=0.000",0.1546,1,0.0
Space Division Switching,10-Gigabit Ethernet,2344113,Computer Network & Network Design,6.34-N-B.E.-Information-Technology-Sem-III-IV.pdf,0,,"No prereq signal: sim=0.163, delta=11, kw=0.000",0.1628,11,0.0
Kuhn-Tucker conditions,Dirichlet’s conditions,2013111,Mathematics for Computer Engineering,6.20N-B.E.-AI-DS.-Sem-III-IV.pdf,0,,"No prereq signal: sim=0.417, delta=4, kw=0.200",0.4166,4,0.2
Types of solutions,Moment generating function,2113111,Mathematics for Computer Engineering,6.24-N-B.E.-Computer-Engineering-Sem-III-IV.pdf,0,,Low sim=0.011 - no semantic relation,0.0109,14,0.0
Similarity of matrices,Linear congruence,2173111,Mathematics for Computer Engineering,6.39-N-B.E.-Data-Science-Sem-III-IV.pdf,0,,"No prereq signal: sim=0.167, delta=10, kw=0.000",0.1671,10,0.0
"EER Model to the Relational Model, Relational","Triggers, Introduction to Pl/SQL Block Structure",2174112,Database Management System,6.39-N-B.E.-Data-Science-Sem-III-IV.pdf,0,,"No prereq signal: sim=0.235, delta=3, kw=0.091",0.235,3,0.09090909090909091
Real-Time,Special-purpose Operating Systems,2174113,Operating System,6.39-N-B.E.-Data-Science-Sem-III-IV.pdf,1,,Adjacent same-course topics: delta=2 + sim=0.304,0.3042,2,0.0
Quadratic forms,Artificial variables,2483111,Mathematics for Computer Engineering,6.41N-A-I-AI-DS-Sem-III-IV.pdf,0,,"No prereq signal: sim=0.171, delta=6, kw=0.000",0.1713,6,0.0
Application of Regular,Minimization of DFA,2114111,Computational,6.24-N-B.E.-Computer-Engineering-Sem-III-IV.pdf,0,,"No prereq signal: sim=0.289, delta=4, kw=0.200",0.289,4,0.2
Arden's theorem,Decision properties of RLs,2014111,Computational,6.20N-B.E.-AI-DS.-Sem-III-IV.pdf,0,,Low sim=0.096 - no semantic relation,0.0956,1,0.0
"Metaverse, Cryptocurrency wallets: Hot and cold",Cryptocurrency Valuation Models,2166118,Blockchain Technology,SEM-V.pdf,0,,"No prereq signal: sim=0.402, delta=4, kw=0.125",0.4022,4,0.125
"Generalization, Specialization and Aggregation","Triggers, Introduction to Pl/SQL Block Structure",2114112,Database Management System,6.24-N-B.E.-Computer-Engineering-Sem-III-IV.pdf,0,,"No prereq signal: sim=0.217, delta=5, kw=0.000",0.2173,5,0.0
Cayley-Hamilton,Types of solutions,2113111,Mathematics for Computer Engineering,6.24-N-B.E.-Computer-Engineering-Sem-III-IV.pdf,0,,Low sim=0.069 - no semantic relation,0.0693,5,0.0
Similarity of matrices,Linear congruence,2013111,Mathematics for Computer Engineering,6.20N-B.E.-AI-DS.-Sem-III-IV.pdf,0,,"No prereq signal: sim=0.167, delta=10, kw=0.000",0.1671,10,0.0
Linear and Non-Linear Programming Problems,Standard and Canonical of LPP,2023111,Mathematics for Computer Engineering,6.21-N-B.E.-AI-ML-sem-III-IV.pdf,1,,Adjacent same-course topics: delta=2 + sim=0.250,0.2497,2,0.1111111111111111
Equivalence between NFA with and ϵ- transitions,Minimization of DFA,2024111,Computational,6.21-N-B.E.-AI-ML-sem-III-IV.pdf,1,,Adjacent same-course topics: delta=1 + sim=0.419,0.4193,1,0.0
Decision properties of RLs,Minimization of DFA,2174111,Computational,6.39-N-B.E.-Data-Science-Sem-III-IV.pdf,0,,"No prereq signal: sim=0.191, delta=7, kw=0.167",0.1913,7,0.16666666666666666
"Pitfalls in relational database designs, Concept","Concurrent Executions, Serializability",2174112,Database Management System,6.39-N-B.E.-Data-Science-Sem-III-IV.pdf,0,,"No prereq signal: sim=0.184, delta=1, kw=0.000",0.1842,1,0.0
Linear and Non-Linear Programming Problems,Simplex method,2023111,Mathematics for Computer Engineering,6.21-N-B.E.-AI-ML-sem-III-IV.pdf,0,,"No prereq signal: sim=0.223, delta=4, kw=0.000",0.2234,4,0.0
Network Operating System,Special-purpose Operating Systems,2014113,Operating System,6.20N-B.E.-AI-DS.-Sem-III-IV.pdf,1,,High sim=0.608 + delta=3,0.6075,3,0.16666666666666666
Regular operations,Nondeterministic Finite Automata (NFA): Definitions,2494111,Computational,6.54-N-B.E-Computer-Science-EngineeringSem-III-IV.pdf,0,,"No prereq signal: sim=0.205, delta=7, kw=0.000",0.2046,7,0.0
Propositional and Predicate Logic,"Counting Pigeonhole Principle, Inclusion-Exclusion Principle. Recurrence relations, Solving recurrence relations",2023112,Discrete Structures and Graph,6.21-N-B.E.-AI-ML-sem-III-IV.pdf,0,,Low sim=0.089 - no semantic relation,0.0888,4,0.0
"EER Model to the Relational Model, Relational","Triggers, Introduction to Pl/SQL Block Structure",2114112,Database Management System,6.24-N-B.E.-Computer-Engineering-Sem-III-IV.pdf,0,,"No prereq signal: sim=0.235, delta=3, kw=0.091",0.235,3,0.09090909090909091
Solid fluid,Sedimentation: Batch sedimentation. Kynch,2074112,Solid Fluid Mechanical Operations,6.40-N-Chemical-Engineering-Sem-III-IV.pdf,0,,"No prereq signal: sim=0.167, delta=1, kw=0.000",0.1672,1,0.0
Decision properties of RLs,Equivalence between NFA with and ϵ- transitions,2174111,Computational,6.39-N-B.E.-Data-Science-Sem-III-IV.pdf,0,,"No prereq signal: sim=0.153, delta=6, kw=0.000",0.1531,6,0.0
Application of congruence-RSA algorithm,Moment generating function,2173111,Mathematics for Computer Engineering,6.39-N-B.E.-Data-Science-Sem-III-IV.pdf,0,,"No prereq signal: sim=0.180, delta=6, kw=0.000",0.1798,6,0.0
"Testing: Functionality Testing, UI Testing","DevOps: Introduction, DevOps - Importance",2165113,Agile Software Development & DevOps,SEM-V.pdf,0,,"No prereq signal: sim=0.223, delta=5, kw=0.000",0.2233,5,0.0
Quadratic forms,Simplex method,2483111,Mathematics for Computer Engineering,6.41N-A-I-AI-DS-Sem-III-IV.pdf,0,,"No prereq signal: sim=0.179, delta=5, kw=0.000",0.1793,5,0.0
Dirichlet’s conditions,Fourier series of periodic,2113111,Mathematics for Computer Engineering,6.24-N-B.E.-Computer-Engineering-Sem-III-IV.pdf,0,,"No prereq signal: sim=0.171, delta=1, kw=0.000",0.1715,1,0.0
Taxes and tax brackets,"Counting Pigeonhole Principle, Inclusion-Exclusion Principle. Recurrence relations, Solving recurrence relations",2173112,Discrete Structures and Graph Theory,6.39-N-B.E.-Data-Science-Sem-III-IV.pdf,0,,Low sim=0.115 - no semantic relation,0.115,2,0.0
Edge Systems: Application in feature selection,Edge resource optimization,2166115,Nature- Inspired Optimization,SEM-V.pdf,1,,sim=0.577>=0.45 + delta=1<=5,0.5775,1,0.125
"ERC721 Tokens, ICO: basics and related terms",Models on Blockchain: decentralized AI,2166118,Blockchain Technology,SEM-V.pdf,0,,"No prereq signal: sim=0.188, delta=7, kw=0.000",0.1884,7,0.0
Languages in Compiler Design,Minimization of DFA,2494111,Computational,6.54-N-B.E-Computer-Science-EngineeringSem-III-IV.pdf,0,,Low sim=0.146 - no semantic relation,0.146,3,0.0
Size reduction equipment – Jaw crusher,Solid fluid,2074112,Solid Fluid Mechanical Operations,6.40-N-Chemical-Engineering-Sem-III-IV.pdf,0,,Low sim=0.020 - no semantic relation,0.02,8,0.0
Regular operations,Nondeterministic Finite Automata (NFA): Definitions,2014111,Computational,6.20N-B.E.-AI-DS.-Sem-III-IV.pdf,0,,"No prereq signal: sim=0.205, delta=7, kw=0.000",0.2046,7,0.0
Linear and Non-Linear Programming Problems,Dirichlet’s conditions,2013111,Mathematics for Computer Engineering,6.20N-B.E.-AI-DS.-Sem-III-IV.pdf,0,,Low sim=0.043 - no semantic relation,0.0428,10,0.0
Quadratic forms,Artificial variables,2113111,Mathematics for Computer Engineering,6.24-N-B.E.-Computer-Engineering-Sem-III-IV.pdf,0,,"No prereq signal: sim=0.171, delta=6, kw=0.000",0.1713,6,0.0
Linear Block Code,IEEE 802.11 Wireless LAN,2344113,Computer Network & Network Design,6.34-N-B.E.-Information-Technology-Sem-III-IV.pdf,0,,Low sim=0.049 - no semantic relation,0.0491,12,0.0
Special-purpose,Real-Time,2014113,Operating System,6.20N-B.E.-AI-DS.-Sem-III-IV.pdf,0,,"No prereq signal: sim=0.277, delta=4, kw=0.000",0.2769,4,0.0
Applying to chemical engineering problems related,Applications of Runge-Kutta Fourth order,2073111,Chemical Engineering Mathematics,6.40-N-Chemical-Engineering-Sem-III-IV.pdf,0,,"No prereq signal: sim=0.186, delta=3, kw=0.000",0.1858,3,0.0
Properties of Eigen,Method and Adam Bashford Predictor,2073111,Chemical Engineering Mathematics,6.40-N-Chemical-Engineering-Sem-III-IV.pdf,0,,Low sim=0.026 - no semantic relation,0.0263,7,0.0
Simplex method,Artificial variables,2173111,Mathematics for Computer Engineering,6.39-N-B.E.-Data-Science-Sem-III-IV.pdf,1,,Adjacent same-course topics: delta=1 + sim=0.267,0.267,1,0.0
Basic and Feasible solutions,Lines of regression,2013111,Mathematics for Computer Engineering,6.20N-B.E.-AI-DS.-Sem-III-IV.pdf,0,,"No prereq signal: sim=0.157, delta=11, kw=0.000",0.1566,11,0.0
Types of solutions,Lines of regression,2013111,Mathematics for Computer Engineering,6.20N-B.E.-AI-DS.-Sem-III-IV.pdf,0,,Low sim=0.104 - no semantic relation,0.1037,13,0.2
Arden's theorem,Application of Regular,2484111,Computational,6.41N-A-I-AI-DS-Sem-III-IV.pdf,0,,"No prereq signal: sim=0.248, delta=4, kw=0.000",0.2475,4,0.0
Linear Algebra (Theory of Matrices) verification and reduction of higher degree polynomials,Similarity of matrices,2483111,Mathematics for Computer Engineering,6.41N-A-I-AI-DS-Sem-III-IV.pdf,1,,Foundational kw in A + sim=0.378 + delta=1,0.378,1,0.16666666666666666
Pumping lemma,Equivalence between NFA with and ϵ- transitions,2014111,Computational,6.20N-B.E.-AI-DS.-Sem-III-IV.pdf,0,,"No prereq signal: sim=0.162, delta=5, kw=0.000",0.1623,5,0.0
Network Operating System,Special-purpose Operating Systems,2174113,Operating System,6.39-N-B.E.-Data-Science-Sem-III-IV.pdf,1,,High sim=0.608 + delta=3,0.6075,3,0.16666666666666666
Artificial variables,Dirichlet’s conditions,2113111,Mathematics for Computer Engineering,6.24-N-B.E.-Computer-Engineering-Sem-III-IV.pdf,0,,Low sim=0.085 - no semantic relation,0.0852,5,0.0
Applying to chemical engineering problems related,Eulers method,2073111,Chemical Engineering Mathematics,6.40-N-Chemical-Engineering-Sem-III-IV.pdf,0,,"No prereq signal: sim=0.160, delta=1, kw=0.000",0.1601,1,0.0
Pumping lemma,Languages in Compiler Design,2484111,Computational,6.41N-A-I-AI-DS-Sem-III-IV.pdf,0,,"No prereq signal: sim=0.224, delta=3, kw=0.000",0.2239,3,0.0
Gas solid separation equipment: Cyclone,"Conveying, of solids: Belt conveyer, bucket",2074112,Solid Fluid Mechanical Operations,6.40-N-Chemical-Engineering-Sem-III-IV.pdf,1,,Adjacent same-course topics: delta=2 + sim=0.270,0.2696,2,0.0
Simplex method,Fourier series of even and odd functions,2483111,Mathematics for Computer Engineering,6.41N-A-I-AI-DS-Sem-III-IV.pdf,0,,"No prereq signal: sim=0.159, delta=8, kw=0.000",0.1592,8,0.0
Mixing equipment for cohesive solids,Fluidization: conditions for fluidization,2074112,Solid Fluid Mechanical Operations,6.40-N-Chemical-Engineering-Sem-III-IV.pdf,0,,"No prereq signal: sim=0.246, delta=4, kw=0.143",0.2461,4,0.14285714285714285
Types of solutions,Dirichlet’s conditions,2013111,Mathematics for Computer Engineering,6.20N-B.E.-AI-DS.-Sem-III-IV.pdf,0,,"No prereq signal: sim=0.198, delta=9, kw=0.000",0.1982,9,0.0
Cayley-Hamilton,Application of congruence-RSA algorithm,2483111,Mathematics for Computer Engineering,6.41N-A-I-AI-DS-Sem-III-IV.pdf,0,,Low sim=0.089 - no semantic relation,0.0894,13,0.0
Size reduction of solids. Mechanism of size,Solid fluid,2074112,Solid Fluid Mechanical Operations,6.40-N-Chemical-Engineering-Sem-III-IV.pdf,0,,"No prereq signal: sim=0.228, delta=9, kw=0.000",0.228,9,0.0
Basic and Feasible solutions,Lines of regression,2023111,Mathematics for Computer Engineering,6.21-N-B.E.-AI-ML-sem-III-IV.pdf,0,,"No prereq signal: sim=0.157, delta=11, kw=0.000",0.1566,11,0.0
Linear Algebra (Theory of Matrices) verification and reduction of higher degree polynomials,Standard and Canonical of LPP,2023111,Mathematics for Computer Engineering,6.21-N-B.E.-AI-ML-sem-III-IV.pdf,0,,"No prereq signal: sim=0.169, delta=5, kw=0.143",0.1691,5,0.14285714285714285
Quadratic forms,Application of congruence-RSA algorithm,2483111,Mathematics for Computer Engineering,6.41N-A-I-AI-DS-Sem-III-IV.pdf,0,,Low sim=0.116 - no semantic relation,0.1161,10,0.0
Mixers for free flowing solids: Ribbon,Fluidization: conditions for fluidization,2074112,Solid Fluid Mechanical Operations,6.40-N-Chemical-Engineering-Sem-III-IV.pdf,0,,"No prereq signal: sim=0.285, delta=3, kw=0.125",0.2854,3,0.125
"Blockchain, UTXO and double spending problem","Case study: AI for transaction validation, fraud",2166118,Blockchain Technology,SEM-V.pdf,0,,"No prereq signal: sim=0.221, delta=6, kw=0.000",0.221,6,0.0
10-Gigabit Ethernet,HDLC Protocol,2344113,Computer Network & Network Design,6.34-N-B.E.-Information-Technology-Sem-III-IV.pdf,0,,Low sim=0.098 - no semantic relation,0.0984,2,0.0
Medium Access Control,HDLC Protocol,2344113,Computer Network & Network Design,6.34-N-B.E.-Information-Technology-Sem-III-IV.pdf,0,,"No prereq signal: sim=0.379, delta=6, kw=0.000",0.3793,6,0.0
Similarity of matrices,Quadratic forms,2483111,Mathematics for Computer Engineering,6.41N-A-I-AI-DS-Sem-III-IV.pdf,0,,"No prereq signal: sim=0.184, delta=1, kw=0.000",0.1835,1,0.0
Kuhn-Tucker conditions,Linear congruence,2023111,Mathematics for Computer Engineering,6.21-N-B.E.-AI-ML-sem-III-IV.pdf,0,,Low sim=-0.039 - no semantic relation,-0.0388,2,0.0
Fourier series of periodic,Moment generating function,2173111,Mathematics for Computer Engineering,6.39-N-B.E.-Data-Science-Sem-III-IV.pdf,0,,"No prereq signal: sim=0.174, delta=4, kw=0.000",0.1743,4,0.0
Taxes and tax brackets,Vending machines,2493112,Discrete Structures and Graph Theory,6.54-N-B.E-Computer-Science-EngineeringSem-III-IV.pdf,0,,Low sim=0.047 - no semantic relation,0.0465,1,0.0
Standard and Canonical of LPP,Moment generating function,2483111,Mathematics for Computer Engineering,6.41N-A-I-AI-DS-Sem-III-IV.pdf,0,,Low sim=0.060 - no semantic relation,0.0601,13,0.0
Quadratic forms,Kuhn-Tucker conditions,2483111,Mathematics for Computer Engineering,6.41N-A-I-AI-DS-Sem-III-IV.pdf,0,,"No prereq signal: sim=0.200, delta=7, kw=0.000",0.2002,7,0.0
Standard and Canonical of LPP,Artificial variables,2483111,Mathematics for Computer Engineering,6.41N-A-I-AI-DS-Sem-III-IV.pdf,0,,"No prereq signal: sim=0.160, delta=3, kw=0.000",0.1601,3,0.0
Moment generating function,Raw moments,2023111,Mathematics for Computer Engineering,6.21-N-B.E.-AI-ML-sem-III-IV.pdf,1,,Adjacent same-course topics: delta=1 + sim=0.410,0.4099,1,0.0
Parseval’s Identity (without proof) Fourier series of periodic,Rank correlation coefficient (R) (with repeated and non,2343111,Applied Mathematics Thinking-I,6.34-N-B.E.-Information-Technology-Sem-III-IV.pdf,0,,Low sim=-0.099 - no semantic relation,-0.0991,5,0.0
CRC code,HDLC Protocol,2344113,Computer Network & Network Design,6.34-N-B.E.-Information-Technology-Sem-III-IV.pdf,0,,"No prereq signal: sim=0.223, delta=10, kw=0.000",0.2231,10,0.0
Structure of a switch,Data Link Layer Data Link Control:  Framing ,2344113,Computer Network & Network Design,6.34-N-B.E.-Information-Technology-Sem-III-IV.pdf,0,,Low sim=0.119 - no semantic relation,0.1193,2,0.0
"Overview of SQL, Data Definition Commands","Pitfalls in relational database designs, Concept",2114112,Database Management System,6.24-N-B.E.-Computer-Engineering-Sem-III-IV.pdf,1,,Foundational kw in A + sim=0.329 + delta=3,0.3288,3,0.0
Space Division Switching,Medium Access Control,2344113,Computer Network & Network Design,6.34-N-B.E.-Information-Technology-Sem-III-IV.pdf,0,,"No prereq signal: sim=0.205, delta=7, kw=0.000",0.2054,7,0.0
"Generalization, Specialization and Aggregation","Cloud Database, Introduction of Distributed",2174112,Database Management System,6.39-N-B.E.-Data-Science-Sem-III-IV.pdf,0,,"No prereq signal: sim=0.221, delta=8, kw=0.000",0.2213,8,0.0
Introduction to Congruence,Linear congruence,2483111,Mathematics for Computer Engineering,6.41N-A-I-AI-DS-Sem-III-IV.pdf,1,,High sim=0.678 + delta=1,0.6781,1,0.25
"ERC721 Tokens, ICO: basics and related terms","Metaverse, Cryptocurrency wallets: Hot and cold",2166118,Blockchain Technology,SEM-V.pdf,1,,Adjacent same-course topics: delta=1 + sim=0.222,0.2219,1,0.08333333333333333
Linear and Non-Linear Programming Problems,Artificial variables,2023111,Mathematics for Computer Engineering,6.21-N-B.E.-AI-ML-sem-III-IV.pdf,0,,"No prereq signal: sim=0.395, delta=5, kw=0.000",0.3948,5,0.0
Relationship (EER) Model,"Concurrent Executions, Serializability",2174112,Database Management System,6.39-N-B.E.-Data-Science-Sem-III-IV.pdf,0,,Low sim=0.058 - no semantic relation,0.0581,8,0.0
Cayley-Hamilton,Linear Algebra (Theory of Matrices) verification and reduction of higher degree polynomials,2113111,Mathematics for Computer Engineering,6.24-N-B.E.-Computer-Engineering-Sem-III-IV.pdf,1,,Adjacent same-course topics: delta=1 + sim=0.318,0.318,1,0.0
Similarity of matrices,Linear congruence,2113111,Mathematics for Computer Engineering,6.24-N-B.E.-Computer-Engineering-Sem-III-IV.pdf,0,,"No prereq signal: sim=0.167, delta=10, kw=0.000",0.1671,10,0.0
Linear and Non-Linear Programming Problems,Kuhn-Tucker conditions,2113111,Mathematics for Computer Engineering,6.24-N-B.E.-Computer-Engineering-Sem-III-IV.pdf,0,,"No prereq signal: sim=0.247, delta=6, kw=0.000",0.2473,6,0.0
Flow of a single fluid through a packed bed,"Conveying, of solids: Belt conveyer, bucket",2074112,Solid Fluid Mechanical Operations,6.40-N-Chemical-Engineering-Sem-III-IV.pdf,0,,"No prereq signal: sim=0.186, delta=7, kw=0.077",0.1858,7,0.07692307692307693
Application of congruence-RSA algorithm,Moment generating function,2023111,Mathematics for Computer Engineering,6.21-N-B.E.-AI-ML-sem-III-IV.pdf,0,,"No prereq signal: sim=0.180, delta=6, kw=0.000",0.1798,6,0.0
"Automation, Test Automation Pyramid. Case",Assessment. Study of various Open,2165113,Agile Software Development & DevOps,SEM-V.pdf,0,,"No prereq signal: sim=0.157, delta=7, kw=0.000",0.157,7,0.0
Introduction to Congruence,Fourier series of periodic,2023111,Mathematics for Computer Engineering,6.21-N-B.E.-AI-ML-sem-III-IV.pdf,0,,"No prereq signal: sim=0.155, delta=4, kw=0.000",0.1555,4,0.0
Data Link Layer Data Link Control:  Framing ,Scheduled Access (Reservation,2344113,Computer Network & Network Design,6.34-N-B.E.-Information-Technology-Sem-III-IV.pdf,0,,Low sim=0.142 - no semantic relation,0.1417,7,0.0
Determining risk,Taxes and tax brackets,2173112,Discrete Structures and Graph Theory,6.39-N-B.E.-Data-Science-Sem-III-IV.pdf,0,,Low sim=0.082 - no semantic relation,0.0822,1,0.0
Diagonalization of matrices,Applications of Runge-Kutta Fourth order,2073111,Chemical Engineering Mathematics,6.40-N-Chemical-Engineering-Sem-III-IV.pdf,0,,Low sim=0.089 - no semantic relation,0.0885,4,0.125
Structure of a switch,Linear Block Code,2344113,Computer Network & Network Design,6.34-N-B.E.-Information-Technology-Sem-III-IV.pdf,1,,Foundational kw in A + sim=0.272 + delta=3,0.272,3,0.0
Application of Regular,Languages in Compiler Design,2174111,Computational,6.39-N-B.E.-Data-Science-Sem-III-IV.pdf,0,,Low sim=0.127 - no semantic relation,0.127,1,0.0
Kuhn-Tucker conditions,Raw moments,2113111,Mathematics for Computer Engineering,6.24-N-B.E.-Computer-Engineering-Sem-III-IV.pdf,0,,Low sim=0.100 - no semantic relation,0.1,10,0.0
Quadratic forms,Kuhn-Tucker conditions,2013111,Mathematics for Computer Engineering,6.20N-B.E.-AI-DS.-Sem-III-IV.pdf,0,,"No prereq signal: sim=0.200, delta=7, kw=0.000",0.2002,7,0.0
Decision properties of RLs,Languages in Compiler Design,2484111,Computational,6.41N-A-I-AI-DS-Sem-III-IV.pdf,0,,"No prereq signal: sim=0.174, delta=4, kw=0.000",0.1739,4,0.0
Arden's theorem,Application of Regular,2014111,Computational,6.20N-B.E.-AI-DS.-Sem-III-IV.pdf,0,,"No prereq signal: sim=0.248, delta=4, kw=0.000",0.2475,4,0.0
Regular operations,Minimization of DFA,2014111,Computational,6.20N-B.E.-AI-DS.-Sem-III-IV.pdf,0,,"No prereq signal: sim=0.233, delta=9, kw=0.000",0.2333,9,0.0
Data Link Layer Data Link Control:  Framing ,Medium Access Control,2344113,Computer Network & Network Design,6.34-N-B.E.-Information-Technology-Sem-III-IV.pdf,0,,"No prereq signal: sim=0.380, delta=6, kw=0.143",0.3796,6,0.14285714285714285
Types of solutions,Artificial variables,2013111,Mathematics for Computer Engineering,6.20N-B.E.-AI-DS.-Sem-III-IV.pdf,1,,Foundational kw in A + sim=0.276 + delta=4,0.2761,4,0.0
RE in text search and replace,Minimization of DFA,2024111,Computational,6.21-N-B.E.-AI-ML-sem-III-IV.pdf,0,,Low sim=0.056 - no semantic relation,0.056,5,0.0
Flow of a single fluid through a packed bed,Fluidization: conditions for fluidization,2074112,Solid Fluid Mechanical Operations,6.40-N-Chemical-Engineering-Sem-III-IV.pdf,1,,Adjacent same-course topics: delta=2 + sim=0.448,0.4483,2,0.0
"Automation, Test Automation Pyramid. Case",Source Tools in DevOps,2165113,Agile Software Development & DevOps,SEM-V.pdf,0,,"No prereq signal: sim=0.251, delta=8, kw=0.000",0.2506,8,0.0
Flow Control: Stop-and-Wait Flow Control,Medium Access Control,2344113,Computer Network & Network Design,6.34-N-B.E.-Information-Technology-Sem-III-IV.pdf,0,,"No prereq signal: sim=0.333, delta=3, kw=0.143",0.3332,3,0.14285714285714285
Standard and Canonical of LPP,Fourier series of periodic,2483111,Mathematics for Computer Engineering,6.41N-A-I-AI-DS-Sem-III-IV.pdf,0,,Low sim=-0.022 - no semantic relation,-0.0222,9,0.125
Screening equipment – Vibrating screen,Flow of a single fluid through a packed bed,2074112,Solid Fluid Mechanical Operations,6.40-N-Chemical-Engineering-Sem-III-IV.pdf,0,,Low sim=-0.039 - no semantic relation,-0.0389,8,0.0
Flow Control: Stop-and-Wait Flow Control,Go-Back-N ARQ,2344113,Computer Network & Network Design,6.34-N-B.E.-Information-Technology-Sem-III-IV.pdf,0,,"No prereq signal: sim=0.199, delta=2, kw=0.000",0.1993,2,0.0
Quadratic forms,Dirichlet’s conditions,2173111,Mathematics for Computer Engineering,6.39-N-B.E.-Data-Science-Sem-III-IV.pdf,0,,Low sim=0.133 - no semantic relation,0.1331,11,0.0
Pumping lemma,Nondeterministic Finite Automata (NFA): Definitions,2484111,Computational,6.41N-A-I-AI-DS-Sem-III-IV.pdf,0,,Low sim=0.116 - no semantic relation,0.1155,4,0.0
Special-purpose,Real-Time,2174113,Operating System,6.39-N-B.E.-Data-Science-Sem-III-IV.pdf,0,,"No prereq signal: sim=0.277, delta=4, kw=0.000",0.2769,4,0.0
Special-purpose,Mobile Operating System,2494113,Operating System,6.54-N-B.E-Computer-Science-EngineeringSem-III-IV.pdf,0,,"No prereq signal: sim=0.154, delta=5, kw=0.000",0.1539,5,0.0
"Hammer mill, Ball mill and Roll crusher",Solid mixing – Introduction to solid mixing,2074112,Solid Fluid Mechanical Operations,6.40-N-Chemical-Engineering-Sem-III-IV.pdf,1,,Adjacent same-course topics: delta=1 + sim=0.243,0.2432,1,0.0
Linear and Non-Linear Programming Problems,Artificial variables,2013111,Mathematics for Computer Engineering,6.20N-B.E.-AI-DS.-Sem-III-IV.pdf,0,,"No prereq signal: sim=0.395, delta=5, kw=0.000",0.3948,5,0.0
Linear Algebra (Theory of Matrices) verification and reduction of higher degree polynomials,Simplex method,2013111,Mathematics for Computer Engineering,6.20N-B.E.-AI-DS.-Sem-III-IV.pdf,0,,"No prereq signal: sim=0.152, delta=7, kw=0.000",0.1524,7,0.0
"Generalization, Specialization and Aggregation","Concurrent Executions, Serializability",2494112,Database Management System,6.54-N-B.E-Computer-Science-EngineeringSem-III-IV.pdf,0,,"No prereq signal: sim=0.255, delta=7, kw=0.000",0.2549,7,0.0
Special-purpose,Fundamentals of Distributed Operating System,2174113,Operating System,6.39-N-B.E.-Data-Science-Sem-III-IV.pdf,0,,"No prereq signal: sim=0.175, delta=2, kw=0.000",0.1752,2,0.0
Decision properties of RLs,Minimization of DFA,2494111,Computational,6.54-N-B.E-Computer-Science-EngineeringSem-III-IV.pdf,0,,"No prereq signal: sim=0.191, delta=7, kw=0.167",0.1913,7,0.16666666666666666
Linear Algebra (Theory of Matrices) verification and reduction of higher degree polynomials,Quadratic forms,2023111,Mathematics for Computer Engineering,6.21-N-B.E.-AI-ML-sem-III-IV.pdf,1,,Foundational kw in A + sim=0.327 + delta=2,0.3275,2,0.0
"ERC721 Tokens, ICO: basics and related terms",Emerging trends,2166118,Blockchain Technology,SEM-V.pdf,0,,"No prereq signal: sim=0.163, delta=6, kw=0.000",0.1635,6,0.0
Applications to solve initial and boundary value problems,Kar lPearson’s Coefficient of correlation(r) Spearman’s,2343111,Applied Mathematics Thinking-I,6.34-N-B.E.-Information-Technology-Sem-III-IV.pdf,0,,Low sim=0.015 - no semantic relation,0.0149,5,0.0
"Postman, and JMeter",Choosing the right DevOps tools and challenges,2165113,Agile Software Development & DevOps,SEM-V.pdf,0,,"No prereq signal: sim=0.180, delta=4, kw=0.111",0.1803,4,0.1111111111111111
Pumping lemma for RLs,RE in text search and replace,2494111,Computational,6.54-N-B.E-Computer-Science-EngineeringSem-III-IV.pdf,0,,"No prereq signal: sim=0.150, delta=1, kw=0.000",0.1502,1,0.0
"ERC721 Tokens, ICO: basics and related terms",Common security threats in Blockchain,2166118,Blockchain Technology,SEM-V.pdf,0,,"No prereq signal: sim=0.215, delta=3, kw=0.000",0.2149,3,0.0
Similarity of matrices,Linear congruence,2483111,Mathematics for Computer Engineering,6.41N-A-I-AI-DS-Sem-III-IV.pdf,0,,"No prereq signal: sim=0.167, delta=10, kw=0.000",0.1671,10,0.0
Models on Blockchain: decentralized AI,"Case study: AI for transaction validation, fraud",2166118,Blockchain Technology,SEM-V.pdf,1,,Adjacent same-course topics: delta=1 + sim=0.404,0.4036,1,0.09090909090909091
Quadratic forms,Simplex method,2013111,Mathematics for Computer Engineering,6.20N-B.E.-AI-DS.-Sem-III-IV.pdf,0,,"No prereq signal: sim=0.179, delta=5, kw=0.000",0.1793,5,0.0
"Introduction to the Relational Model, relational","Triggers, Introduction to Pl/SQL Block Structure",2174112,Database Management System,6.39-N-B.E.-Data-Science-Sem-III-IV.pdf,0,,"No prereq signal: sim=0.222, delta=4, kw=0.200",0.2218,4,0.2
Basic and Feasible solutions,Linear congruence,2013111,Mathematics for Computer Engineering,6.20N-B.E.-AI-DS.-Sem-III-IV.pdf,0,,"No prereq signal: sim=0.161, delta=5, kw=0.000",0.1608,5,0.0
Dirichlet’s conditions,Fourier series of periodic,2173111,Mathematics for Computer Engineering,6.39-N-B.E.-Data-Science-Sem-III-IV.pdf,0,,"No prereq signal: sim=0.171, delta=1, kw=0.000",0.1715,1,0.0
Mixers for free flowing solids: Ribbon,Sedimentation: Batch sedimentation. Kynch,2074112,Solid Fluid Mechanical Operations,6.40-N-Chemical-Engineering-Sem-III-IV.pdf,0,,Low sim=0.105 - no semantic relation,0.1048,5,0.0
Application of congruence-RSA algorithm,Lines of regression,2173111,Mathematics for Computer Engineering,6.39-N-B.E.-Data-Science-Sem-III-IV.pdf,0,,Low sim=0.028 - no semantic relation,0.0278,5,0.14285714285714285
Types of solutions,Moment generating function,2173111,Mathematics for Computer Engineering,6.39-N-B.E.-Data-Science-Sem-III-IV.pdf,0,,Low sim=0.011 - no semantic relation,0.0109,14,0.0
RE in text search and replace,Minimization of DFA,2014111,Computational,6.20N-B.E.-AI-DS.-Sem-III-IV.pdf,0,,Low sim=0.056 - no semantic relation,0.056,5,0.0
Basic and Feasible solutions,Linear congruence,2483111,Mathematics for Computer Engineering,6.41N-A-I-AI-DS-Sem-III-IV.pdf,0,,"No prereq signal: sim=0.161, delta=5, kw=0.000",0.1608,5,0.0
Linear Block Code,Go-Back-N ARQ,2344113,Computer Network & Network Design,6.34-N-B.E.-Information-Technology-Sem-III-IV.pdf,0,,Low sim=0.025 - no semantic relation,0.0246,4,0.0
Linear and Non-Linear Programming Problems,Kuhn-Tucker conditions,2173111,Mathematics for Computer Engineering,6.39-N-B.E.-Data-Science-Sem-III-IV.pdf,0,,"No prereq signal: sim=0.247, delta=6, kw=0.000",0.2473,6,0.0
Pumping lemma for RLs,Application of Regular,2174111,Computational,6.39-N-B.E.-Data-Science-Sem-III-IV.pdf,0,,"No prereq signal: sim=0.167, delta=2, kw=0.000",0.1671,2,0.0
Dirichlet’s conditions,Fourier series of periodic,2023111,Mathematics for Computer Engineering,6.21-N-B.E.-AI-ML-sem-III-IV.pdf,0,,"No prereq signal: sim=0.171, delta=1, kw=0.000",0.1715,1,0.0
"Testing: Functionality Testing, UI Testing","Agility, DevOps and Continuous Testing",2165113,Agile Software Development & DevOps,SEM-V.pdf,0,,"No prereq signal: sim=0.372, delta=7, kw=0.143",0.3721,7,0.14285714285714285
Similarity of matrices,Linear and Non-Linear Programming Problems,2113111,Mathematics for Computer Engineering,6.24-N-B.E.-Computer-Engineering-Sem-III-IV.pdf,0,,Low sim=0.056 - no semantic relation,0.0555,2,0.0
Basic and Feasible solutions,Kuhn-Tucker conditions,2013111,Mathematics for Computer Engineering,6.20N-B.E.-AI-DS.-Sem-III-IV.pdf,1,,Foundational kw in A + sim=0.257 + delta=3,0.2568,3,0.0
Size reduction equipment – Jaw crusher,Mixers for free flowing solids: Ribbon,2074112,Solid Fluid Mechanical Operations,6.40-N-Chemical-Engineering-Sem-III-IV.pdf,0,,"No prereq signal: sim=0.273, delta=4, kw=0.000",0.2731,4,0.0
Scheduled Access (Reservation,HDLC Protocol,2344113,Computer Network & Network Design,6.34-N-B.E.-Information-Technology-Sem-III-IV.pdf,0,,"No prereq signal: sim=0.202, delta=5, kw=0.000",0.2023,5,0.0
Choosing the right DevOps tools and challenges,Source Tools in DevOps,2165113,Agile Software Development & DevOps,SEM-V.pdf,1,,High sim=0.729 + delta=2,0.7288,2,0.2222222222222222
Cayley-Hamilton,Simplex method,2113111,Mathematics for Computer Engineering,6.24-N-B.E.-Computer-Engineering-Sem-III-IV.pdf,0,,Low sim=0.041 - no semantic relation,0.0414,8,0.0
Parseval’s Identity (without proof) Fourier series of periodic,"Harmonic function, Harmonic conjugate, and orthogonal",2343111,Applied Mathematics Thinking-I,6.34-N-B.E.-Information-Technology-Sem-III-IV.pdf,0,,"No prereq signal: sim=0.291, delta=3, kw=0.000",0.291,3,0.0
Linear and Non-Linear Programming Problems,Kuhn-Tucker conditions,2023111,Mathematics for Computer Engineering,6.21-N-B.E.-AI-ML-sem-III-IV.pdf,0,,"No prereq signal: sim=0.247, delta=6, kw=0.000",0.2473,6,0.0
Linear and Non-Linear Programming Problems,Complex form of Fourier Series,2013111,Mathematics for Computer Engineering,6.20N-B.E.-AI-DS.-Sem-III-IV.pdf,0,,Low sim=-0.130 - no semantic relation,-0.13,13,0.0
Application of Regular,Equivalence between NFA with and ϵ- transitions,2174111,Computational,6.39-N-B.E.-Data-Science-Sem-III-IV.pdf,0,,Low sim=0.141 - no semantic relation,0.1411,3,0.0
Size reduction of solids. Mechanism of size,Solid mixing – Introduction to solid mixing,2074112,Solid Fluid Mechanical Operations,6.40-N-Chemical-Engineering-Sem-III-IV.pdf,0,,"No prereq signal: sim=0.197, delta=3, kw=0.000",0.1973,3,0.0
Quadratic forms,Simplex method,2023111,Mathematics for Computer Engineering,6.21-N-B.E.-AI-ML-sem-III-IV.pdf,0,,"No prereq signal: sim=0.179, delta=5, kw=0.000",0.1793,5,0.0
Types of solutions,Linear congruence,2113111,Mathematics for Computer Engineering,6.24-N-B.E.-Computer-Engineering-Sem-III-IV.pdf,0,,Low sim=0.104 - no semantic relation,0.1037,7,0.0
10-Gigabit Ethernet,IEEE 802.11 Wireless LAN,2344113,Computer Network & Network Design,6.34-N-B.E.-Information-Technology-Sem-III-IV.pdf,0,,"No prereq signal: sim=0.310, delta=3, kw=0.000",0.3096,3,0.0
Eulers method,Relation between E,2073111,Chemical Engineering Mathematics,6.40-N-Chemical-Engineering-Sem-III-IV.pdf,0,,"No prereq signal: sim=0.177, delta=7, kw=0.000",0.1773,7,0.0
Similarity of matrices,Introduction to Congruence,2173111,Mathematics for Computer Engineering,6.39-N-B.E.-Data-Science-Sem-III-IV.pdf,0,,Low sim=0.050 - no semantic relation,0.0499,9,0.0
Pumping lemma for RLs,RE in text search and replace,2174111,Computational,6.39-N-B.E.-Data-Science-Sem-III-IV.pdf,0,,"No prereq signal: sim=0.150, delta=1, kw=0.000",0.1502,1,0.0
Introduction to Congruence,Dirichlet’s conditions,2023111,Mathematics for Computer Engineering,6.21-N-B.E.-AI-ML-sem-III-IV.pdf,0,,"No prereq signal: sim=0.155, delta=3, kw=0.000",0.1547,3,0.0
Simplex method,Linear congruence,2483111,Mathematics for Computer Engineering,6.41N-A-I-AI-DS-Sem-III-IV.pdf,0,,Low sim=0.141 - no semantic relation,0.1412,4,0.0
Standard and Canonical of LPP,Simplex method,2113111,Mathematics for Computer Engineering,6.24-N-B.E.-Computer-Engineering-Sem-III-IV.pdf,0,,"No prereq signal: sim=0.166, delta=2, kw=0.000",0.1656,2,0.0
Artificial variables,Lines of regression,2113111,Mathematics for Computer Engineering,6.24-N-B.E.-Computer-Engineering-Sem-III-IV.pdf,0,,"No prereq signal: sim=0.342, delta=9, kw=0.000",0.3424,9,0.0
Algorithms  for  different  situations,Implementation of Page,2344112,Operating System,6.34-N-B.E.-Information-Technology-Sem-III-IV.pdf,1,,Adjacent same-course topics: delta=2 + sim=0.230,0.2304,2,0.0
"Hammer mill, Ball mill and Roll crusher",Gas solid separation equipment: Cyclone,2074112,Solid Fluid Mechanical Operations,6.40-N-Chemical-Engineering-Sem-III-IV.pdf,0,,"No prereq signal: sim=0.182, delta=9, kw=0.000",0.1824,9,0.0
Pumping lemma for RLs,Languages in Compiler Design,2174111,Computational,6.39-N-B.E.-Data-Science-Sem-III-IV.pdf,0,,"No prereq signal: sim=0.258, delta=3, kw=0.000",0.258,3,0.0
Cayley-Hamilton,Quadratic forms,2013111,Mathematics for Computer Engineering,6.20N-B.E.-AI-DS.-Sem-III-IV.pdf,0,,"No prereq signal: sim=0.191, delta=3, kw=0.000",0.1908,3,0.0
Basic and Feasible solutions,Dirichlet’s conditions,2113111,Mathematics for Computer Engineering,6.24-N-B.E.-Computer-Engineering-Sem-III-IV.pdf,0,,Low sim=0.143 - no semantic relation,0.143,7,0.0
"Generalization, Specialization and Aggregation","Cloud Database, Introduction of Distributed",2494112,Database Management System,6.54-N-B.E-Computer-Science-EngineeringSem-III-IV.pdf,0,,"No prereq signal: sim=0.221, delta=8, kw=0.000",0.2213,8,0.0
Introduction to Congruence,Fourier series of even and odd functions,2173111,Mathematics for Computer Engineering,6.39-N-B.E.-Data-Science-Sem-III-IV.pdf,0,,Low sim=0.093 - no semantic relation,0.0929,5,0.0
Dirichlet’s conditions,Lines of regression,2113111,Mathematics for Computer Engineering,6.24-N-B.E.-Computer-Engineering-Sem-III-IV.pdf,0,,Low sim=0.001 - no semantic relation,0.0011,4,0.0
Size reduction of solids. Mechanism of size,Mixing equipment for cohesive solids,2074112,Solid Fluid Mechanical Operations,6.40-N-Chemical-Engineering-Sem-III-IV.pdf,0,,"No prereq signal: sim=0.264, delta=4, kw=0.111",0.2637,4,0.1111111111111111
Types of analytics,Roles in Industry,2166112,Data Analytics and Visualization,SEM-V.pdf,1,,Adjacent same-course topics: delta=1 + sim=0.205,0.205,1,0.0
Types of solutions,Dirichlet’s conditions,2113111,Mathematics for Computer Engineering,6.24-N-B.E.-Computer-Engineering-Sem-III-IV.pdf,0,,"No prereq signal: sim=0.198, delta=9, kw=0.000",0.1982,9,0.0
Regular operations,Nondeterministic Finite Automata (NFA): Definitions,2174111,Computational,6.39-N-B.E.-Data-Science-Sem-III-IV.pdf,0,,"No prereq signal: sim=0.205, delta=7, kw=0.000",0.2046,7,0.0
Languages in Compiler Design,Nondeterministic Finite Automata (NFA): Definitions,2024111,Computational,6.21-N-B.E.-AI-ML-sem-III-IV.pdf,1,,Adjacent same-course topics: delta=1 + sim=0.215,0.2147,1,0.0
"Agility, DevOps and Continuous Testing",Assessment. Study of various Open,2165113,Agile Software Development & DevOps,SEM-V.pdf,0,,"No prereq signal: sim=0.172, delta=2, kw=0.000",0.1719,2,0.0
"ERC721 Tokens, ICO: basics and related terms","Mitigating attacks: 51% attack, Sybil attack, replay",2166118,Blockchain Technology,SEM-V.pdf,0,,"No prereq signal: sim=0.183, delta=4, kw=0.000",0.1834,4,0.0
Applications of Runge-Kutta Fourth order,Forward and Backward difference operators ∆,2073111,Chemical Engineering Mathematics,6.40-N-Chemical-Engineering-Sem-III-IV.pdf,0,,"No prereq signal: sim=0.253, delta=3, kw=0.000",0.2533,3,0.0
Cayley-Hamilton,Quadratic forms,2483111,Mathematics for Computer Engineering,6.41N-A-I-AI-DS-Sem-III-IV.pdf,0,,"No prereq signal: sim=0.191, delta=3, kw=0.000",0.1908,3,0.0
Linear and Non-Linear Programming Problems,Application of congruence-RSA algorithm,2023111,Mathematics for Computer Engineering,6.21-N-B.E.-AI-ML-sem-III-IV.pdf,0,,Low sim=0.041 - no semantic relation,0.0412,9,0.0
"Introduction to the Relational Model, relational","Triggers, Introduction to Pl/SQL Block Structure",2114112,Database Management System,6.24-N-B.E.-Computer-Engineering-Sem-III-IV.pdf,0,,"No prereq signal: sim=0.222, delta=4, kw=0.200",0.2218,4,0.2
Cryptocurrency Valuation Models,Models on Blockchain: decentralized AI,2166118,Blockchain Technology,SEM-V.pdf,1,,sim=0.488>=0.45 + delta=2<=5,0.4882,2,0.14285714285714285
"DevOps: Introduction, DevOps - Importance",Assessment. Study of various Open,2165113,Agile Software Development & DevOps,SEM-V.pdf,0,,Low sim=0.070 - no semantic relation,0.0704,4,0.0
"Introduction to the Relational Model, relational","Integrity constraints: key constraints, Domain",2494112,Database Management System,6.54-N-B.E-Computer-Science-EngineeringSem-III-IV.pdf,1,,Foundational kw in A + sim=0.305 + delta=3,0.3045,3,0.0
Size reduction of solids. Mechanism of size,Flow of a single fluid through a packed bed,2074112,Solid Fluid Mechanical Operations,6.40-N-Chemical-Engineering-Sem-III-IV.pdf,0,,Low sim=0.123 - no semantic relation,0.1227,6,0.08333333333333333
Pumping lemma,Equivalence between NFA with and ϵ- transitions,2484111,Computational,6.41N-A-I-AI-DS-Sem-III-IV.pdf,0,,"No prereq signal: sim=0.162, delta=5, kw=0.000",0.1623,5,0.0
Eulers method,Corrector Method to chemical engineering,2073111,Chemical Engineering Mathematics,6.40-N-Chemical-Engineering-Sem-III-IV.pdf,0,,"No prereq signal: sim=0.350, delta=4, kw=0.167",0.3499,4,0.16666666666666666
Propositional and Predicate Logic,Determining risk,2173112,Discrete Structures and Graph Theory,6.39-N-B.E.-Data-Science-Sem-III-IV.pdf,0,,Low sim=0.091 - no semantic relation,0.0908,1,0.0
Flow of a single fluid through a packed bed,Gas solid separation equipment: Cyclone,2074112,Solid Fluid Mechanical Operations,6.40-N-Chemical-Engineering-Sem-III-IV.pdf,0,,"No prereq signal: sim=0.295, delta=5, kw=0.000",0.2954,5,0.0
Ergun’s equation,Solid fluid,2074112,Solid Fluid Mechanical Operations,6.40-N-Chemical-Engineering-Sem-III-IV.pdf,0,,"No prereq signal: sim=0.158, delta=2, kw=0.000",0.1576,2,0.0
Cryptocurrency Valuation Models,Emerging trends,2166118,Blockchain Technology,SEM-V.pdf,0,,"No prereq signal: sim=0.183, delta=1, kw=0.000",0.1829,1,0.0
Decision properties of RLs,Nondeterministic Finite Automata (NFA): Definitions,2014111,Computational,6.20N-B.E.-AI-DS.-Sem-III-IV.pdf,0,,"No prereq signal: sim=0.249, delta=5, kw=0.000",0.2488,5,0.0
Linear congruence,Fourier series of periodic,2483111,Mathematics for Computer Engineering,6.41N-A-I-AI-DS-Sem-III-IV.pdf,0,,"No prereq signal: sim=0.197, delta=3, kw=0.000",0.1968,3,0.0
Application of Regular,Minimization of DFA,2484111,Computational,6.41N-A-I-AI-DS-Sem-III-IV.pdf,0,,"No prereq signal: sim=0.289, delta=4, kw=0.200",0.289,4,0.2
Algorithm  Bat Algorithm,Objective Swarm Optimization,2166111,Machine Learning and Swarm,SEM-V.pdf,1,,sim=0.565>=0.45 + delta=3<=5,0.565,3,0.0
Properties of Eigen,Shift operator E,2073111,Chemical Engineering Mathematics,6.40-N-Chemical-Engineering-Sem-III-IV.pdf,0,,"No prereq signal: sim=0.227, delta=10, kw=0.000",0.2273,10,0.0
Quadratic forms,Basic and Feasible solutions,2173111,Mathematics for Computer Engineering,6.39-N-B.E.-Data-Science-Sem-III-IV.pdf,0,,"No prereq signal: sim=0.226, delta=4, kw=0.000",0.226,4,0.0
System calls with examples for different OS,Implementation of Page,2344112,Operating System,6.34-N-B.E.-Information-Technology-Sem-III-IV.pdf,0,,Low sim=0.101 - no semantic relation,0.1009,4,0.0
Linear and Non-Linear Programming Problems,Lines of regression,2113111,Mathematics for Computer Engineering,6.24-N-B.E.-Computer-Engineering-Sem-III-IV.pdf,0,,delta=14>=12 + sim=0.280<0.45 - far + weakly related,0.2796,14,0.0
Quadratic forms,Simplex method,2113111,Mathematics for Computer Engineering,6.24-N-B.E.-Computer-Engineering-Sem-III-IV.pdf,0,,"No prereq signal: sim=0.179, delta=5, kw=0.000",0.1793,5,0.0
Cayley-Hamilton,Quadratic forms,2023111,Mathematics for Computer Engineering,6.21-N-B.E.-AI-ML-sem-III-IV.pdf,0,,"No prereq signal: sim=0.191, delta=3, kw=0.000",0.1908,3,0.0
Similarity of matrices,Introduction to Congruence,2013111,Mathematics for Computer Engineering,6.20N-B.E.-AI-DS.-Sem-III-IV.pdf,0,,Low sim=0.050 - no semantic relation,0.0499,9,0.0
"Metaverse, Cryptocurrency wallets: Hot and cold","Mitigating attacks: 51% attack, Sybil attack, replay",2166118,Blockchain Technology,SEM-V.pdf,0,,"No prereq signal: sim=0.218, delta=3, kw=0.000",0.218,3,0.0
Linear Algebra (Theory of Matrices) verification and reduction of higher degree polynomials,Standard and Canonical of LPP,2113111,Mathematics for Computer Engineering,6.24-N-B.E.-Computer-Engineering-Sem-III-IV.pdf,0,,"No prereq signal: sim=0.169, delta=5, kw=0.143",0.1691,5,0.14285714285714285
DBMS system,Role of DBA,2343113,Database Management System & Application,6.34-N-B.E.-Information-Technology-Sem-III-IV.pdf,1,,sim=0.525>=0.45 + delta=1<=5,0.525,1,0.0
Nondeterministic Finite Automata (NFA): Definitions,Minimization of DFA,2174111,Computational,6.39-N-B.E.-Data-Science-Sem-III-IV.pdf,1,,sim=0.516>=0.45 + delta=2<=5,0.5158,2,0.0
Taxes and tax brackets,Vending machines,2023112,Discrete Structures and Graph,6.21-N-B.E.-AI-ML-sem-III-IV.pdf,0,,Low sim=0.047 - no semantic relation,0.0465,1,0.0
Simplex method,Lines of regression,2023111,Mathematics for Computer Engineering,6.21-N-B.E.-AI-ML-sem-III-IV.pdf,0,,Low sim=0.104 - no semantic relation,0.1042,10,0.0
Flow Control: Stop-and-Wait Flow Control,Scheduled Access (Reservation,2344113,Computer Network & Network Design,6.34-N-B.E.-Information-Technology-Sem-III-IV.pdf,0,,"No prereq signal: sim=0.168, delta=4, kw=0.000",0.1675,4,0.0
Mixers for free flowing solids: Ribbon,"Conveying, of solids: Belt conveyer, bucket",2074112,Solid Fluid Mechanical Operations,6.40-N-Chemical-Engineering-Sem-III-IV.pdf,0,,"No prereq signal: sim=0.443, delta=8, kw=0.091",0.4427,8,0.09090909090909091
Metrics: Measuring performance,Edge resource optimization,2166115,Nature- Inspired Optimization,SEM-V.pdf,0,,"No prereq signal: sim=0.260, delta=4, kw=0.000",0.2601,4,0.0
Linear and Non-Linear Programming Problems,Basic and Feasible solutions,2113111,Mathematics for Computer Engineering,6.24-N-B.E.-Computer-Engineering-Sem-III-IV.pdf,1,,sim=0.575>=0.45 + delta=3<=5,0.575,3,0.125
Introduction to Congruence,Application of congruence-RSA algorithm,2023111,Mathematics for Computer Engineering,6.21-N-B.E.-AI-ML-sem-III-IV.pdf,1,,High sim=0.688 + delta=2,0.6881,2,0.14285714285714285
"Pitfalls in relational database designs, Concept","Concurrent Executions, Serializability",2114112,Database Management System,6.24-N-B.E.-Computer-Engineering-Sem-III-IV.pdf,0,,"No prereq signal: sim=0.184, delta=1, kw=0.000",0.1842,1,0.0
Simplex method,Fourier series of even and odd functions,2113111,Mathematics for Computer Engineering,6.24-N-B.E.-Computer-Engineering-Sem-III-IV.pdf,0,,"No prereq signal: sim=0.159, delta=8, kw=0.000",0.1592,8,0.0
Size reduction equipment – Jaw crusher,Storage of solids: Properties of particulate,2074112,Solid Fluid Mechanical Operations,6.40-N-Chemical-Engineering-Sem-III-IV.pdf,0,,Low sim=0.090 - no semantic relation,0.0904,11,0.0
Testing: Principles of Agile Testers,"Postman, and JMeter",2165113,Agile Software Development & DevOps,SEM-V.pdf,0,,Low sim=0.146 - no semantic relation,0.1462,3,0.0
Random Access (ALOHA,Link Layer Addressing,2344113,Computer Network & Network Design,6.34-N-B.E.-Information-Technology-Sem-III-IV.pdf,0,,"No prereq signal: sim=0.151, delta=1, kw=0.000",0.1511,1,0.0
Quadratic forms,Complex form of Fourier Series,2023111,Mathematics for Computer Engineering,6.21-N-B.E.-AI-ML-sem-III-IV.pdf,0,,delta=14>=12 + sim=0.200<0.45 - far + weakly related,0.1998,14,0.0
Pumping lemma,Languages in Compiler Design,2014111,Computational,6.20N-B.E.-AI-DS.-Sem-III-IV.pdf,0,,"No prereq signal: sim=0.224, delta=3, kw=0.000",0.2239,3,0.0
Basic and Feasible solutions,Artificial variables,2173111,Mathematics for Computer Engineering,6.39-N-B.E.-Data-Science-Sem-III-IV.pdf,1,,Foundational kw in A + sim=0.427 + delta=2,0.4269,2,0.0
"Introduction to the Relational Model, relational","Integrity constraints: key constraints, Domain",2114112,Database Management System,6.24-N-B.E.-Computer-Engineering-Sem-III-IV.pdf,1,,Foundational kw in A + sim=0.305 + delta=3,0.3045,3,0.0
Standard and Canonical of LPP,Introduction to Congruence,2113111,Mathematics for Computer Engineering,6.24-N-B.E.-Computer-Engineering-Sem-III-IV.pdf,0,,Low sim=0.083 - no semantic relation,0.0827,5,0.0
Linear Algebra (Theory of Matrices) verification and reduction of higher degree polynomials,Simplex method,2483111,Mathematics for Computer Engineering,6.41N-A-I-AI-DS-Sem-III-IV.pdf,0,,"No prereq signal: sim=0.152, delta=7, kw=0.000",0.1524,7,0.0
Dirichlet’s conditions,Fourier series of even and odd functions,2483111,Mathematics for Computer Engineering,6.41N-A-I-AI-DS-Sem-III-IV.pdf,0,,"No prereq signal: sim=0.151, delta=2, kw=0.000",0.1507,2,0.0
Analytics:  Key Roles for a Successful,Data Analytics life cycle,2166112,Data Analytics and Visualization,SEM-V.pdf,1,,sim=0.465>=0.45 + delta=1<=5,0.4646,1,0.1111111111111111
"Generalization, Specialization and Aggregation","Concurrent Executions, Serializability",2114112,Database Management System,6.24-N-B.E.-Computer-Engineering-Sem-III-IV.pdf,0,,"No prereq signal: sim=0.255, delta=7, kw=0.000",0.2549,7,0.0
Pumping lemma,Minimization of DFA,2484111,Computational,6.41N-A-I-AI-DS-Sem-III-IV.pdf,0,,"No prereq signal: sim=0.153, delta=6, kw=0.000",0.1527,6,0.0
"Generalization, Specialization and Aggregation","Pitfalls in relational database designs, Concept",2114112,Database Management System,6.24-N-B.E.-Computer-Engineering-Sem-III-IV.pdf,0,,"No prereq signal: sim=0.295, delta=6, kw=0.000",0.2946,6,0.0
"Integrity constraints: key constraints, Domain","Concurrent Executions, Serializability",2494112,Database Management System,6.54-N-B.E-Computer-Science-EngineeringSem-III-IV.pdf,0,,"No prereq signal: sim=0.347, delta=3, kw=0.000",0.3471,3,0.0
Similarity of matrices,Relation between E,2073111,Chemical Engineering Mathematics,6.40-N-Chemical-Engineering-Sem-III-IV.pdf,0,,"No prereq signal: sim=0.158, delta=10, kw=0.000",0.1578,10,0.0
Linear Algebra (Theory of Matrices) verification and reduction of higher degree polynomials,Standard and Canonical of LPP,2483111,Mathematics for Computer Engineering,6.41N-A-I-AI-DS-Sem-III-IV.pdf,0,,"No prereq signal: sim=0.169, delta=5, kw=0.143",0.1691,5,0.14285714285714285
Standard and Canonical of LPP,Simplex method,2013111,Mathematics for Computer Engineering,6.20N-B.E.-AI-DS.-Sem-III-IV.pdf,0,,"No prereq signal: sim=0.166, delta=2, kw=0.000",0.1656,2,0.0
CRC code,Flow Control: Stop-and-Wait Flow Control,2344113,Computer Network & Network Design,6.34-N-B.E.-Information-Technology-Sem-III-IV.pdf,0,,"No prereq signal: sim=0.177, delta=1, kw=0.000",0.1772,1,0.0
Cayley-Hamilton,Linear Algebra (Theory of Matrices) verification and reduction of higher degree polynomials,2023111,Mathematics for Computer Engineering,6.21-N-B.E.-AI-ML-sem-III-IV.pdf,1,,Adjacent same-course topics: delta=1 + sim=0.318,0.318,1,0.0
Fluidization: conditions for fluidization,Storage of solids: Properties of particulate,2074112,Solid Fluid Mechanical Operations,6.40-N-Chemical-Engineering-Sem-III-IV.pdf,0,,"No prereq signal: sim=0.275, delta=4, kw=0.000",0.2755,4,0.0
"Generalization, Specialization and Aggregation","Overview of SQL, Data Definition Commands",2494112,Database Management System,6.54-N-B.E-Computer-Science-EngineeringSem-III-IV.pdf,0,,"No prereq signal: sim=0.214, delta=3, kw=0.000",0.2145,3,0.0
Fourier series of even and odd functions (simple functions,Rank correlation coefficient (R) (with repeated and non,2343111,Applied Mathematics Thinking-I,6.34-N-B.E.-Information-Technology-Sem-III-IV.pdf,0,,Low sim=-0.036 - no semantic relation,-0.0358,4,0.06666666666666667
Quadratic forms,Introduction to Congruence,2013111,Mathematics for Computer Engineering,6.20N-B.E.-AI-DS.-Sem-III-IV.pdf,0,,"No prereq signal: sim=0.217, delta=8, kw=0.000",0.2168,8,0.0
"Testing: Functionality Testing, UI Testing",Study – Selenium/ Jira,2165113,Agile Software Development & DevOps,SEM-V.pdf,0,,"No prereq signal: sim=0.231, delta=3, kw=0.000",0.2311,3,0.0
"Testing: Functionality Testing, UI Testing","Postman, and JMeter",2165113,Agile Software Development & DevOps,SEM-V.pdf,0,,"No prereq signal: sim=0.212, delta=4, kw=0.000",0.2123,4,0.0
Flow of a single fluid through a packed bed,Ergun’s equation,2074112,Solid Fluid Mechanical Operations,6.40-N-Chemical-Engineering-Sem-III-IV.pdf,0,,"No prereq signal: sim=0.177, delta=1, kw=0.000",0.1774,1,0.0
Fourier series of periodic,Moment generating function,2483111,Mathematics for Computer Engineering,6.41N-A-I-AI-DS-Sem-III-IV.pdf,0,,"No prereq signal: sim=0.174, delta=4, kw=0.000",0.1743,4,0.0
Simplex method,Application of congruence-RSA algorithm,2013111,Mathematics for Computer Engineering,6.20N-B.E.-AI-DS.-Sem-III-IV.pdf,0,,"No prereq signal: sim=0.155, delta=5, kw=0.000",0.155,5,0.0
RE in text search and replace,Nondeterministic Finite Automata (NFA): Definitions,2014111,Computational,6.20N-B.E.-AI-DS.-Sem-III-IV.pdf,0,,Low sim=0.055 - no semantic relation,0.0547,3,0.0
Data Link Layer Data Link Control:  Framing ,10-Gigabit Ethernet,2344113,Computer Network & Network Design,6.34-N-B.E.-Information-Technology-Sem-III-IV.pdf,0,,"No prereq signal: sim=0.251, delta=10, kw=0.000",0.251,10,0.0
Regular operations,Decision properties of RLs,2014111,Computational,6.20N-B.E.-AI-DS.-Sem-III-IV.pdf,0,,"No prereq signal: sim=0.194, delta=2, kw=0.000",0.1942,2,0.0
CRC code,Random Access (ALOHA,2344113,Computer Network & Network Design,6.34-N-B.E.-Information-Technology-Sem-III-IV.pdf,0,,"No prereq signal: sim=0.162, delta=6, kw=0.000",0.1622,6,0.0
"Generalization, Specialization and Aggregation","Triggers, Introduction to Pl/SQL Block Structure",2174112,Database Management System,6.39-N-B.E.-Data-Science-Sem-III-IV.pdf,0,,"No prereq signal: sim=0.217, delta=5, kw=0.000",0.2173,5,0.0
Mixing equipment for cohesive solids,Storage of solids: Properties of particulate,2074112,Solid Fluid Mechanical Operations,6.40-N-Chemical-Engineering-Sem-III-IV.pdf,0,,"No prereq signal: sim=0.397, delta=8, kw=0.111",0.3968,8,0.1111111111111111
Similarity of matrices,Types of solutions,2023111,Mathematics for Computer Engineering,6.21-N-B.E.-AI-ML-sem-III-IV.pdf,0,,Low sim=0.072 - no semantic relation,0.0718,3,0.2
Testing: Principles of Agile Testers,Assessment. Study of various Open,2165113,Agile Software Development & DevOps,SEM-V.pdf,0,,"No prereq signal: sim=0.222, delta=8, kw=0.111",0.2224,8,0.1111111111111111
Grizzlies and Trommels,Solid mixing – Introduction to solid mixing,2074112,Solid Fluid Mechanical Operations,6.40-N-Chemical-Engineering-Sem-III-IV.pdf,0,,Low sim=-0.044 - no semantic relation,-0.0442,4,0.0
Kutta second Order method,Corrector Method to chemical engineering,2073111,Chemical Engineering Mathematics,6.40-N-Chemical-Engineering-Sem-III-IV.pdf,0,,"No prereq signal: sim=0.319, delta=3, kw=0.125",0.3192,3,0.125
Algorithm  Bat Algorithm,Learning : Quantum,2166111,Machine Learning and Swarm,SEM-V.pdf,0,,Low sim=0.126 - no semantic relation,0.1264,1,0.0
Standard and Canonical of LPP,Fourier series of even and odd functions,2483111,Mathematics for Computer Engineering,6.41N-A-I-AI-DS-Sem-III-IV.pdf,0,,Low sim=0.038 - no semantic relation,0.0379,10,0.2
Hal Frange Sine and Cosine Series,"Harmonic function, Harmonic conjugate, and orthogonal",2343111,Applied Mathematics Thinking-I,6.34-N-B.E.-Information-Technology-Sem-III-IV.pdf,0,,"No prereq signal: sim=0.189, delta=1, kw=0.100",0.1887,1,0.1
Kuhn-Tucker conditions,Dirichlet’s conditions,2113111,Mathematics for Computer Engineering,6.24-N-B.E.-Computer-Engineering-Sem-III-IV.pdf,0,,"No prereq signal: sim=0.417, delta=4, kw=0.200",0.4166,4,0.2
"ERC721 Tokens, ICO: basics and related terms","Case study: AI for transaction validation, fraud",2166118,Blockchain Technology,SEM-V.pdf,0,,"No prereq signal: sim=0.237, delta=8, kw=0.000",0.2371,8,0.0
Quadratic forms,Standard and Canonical of LPP,2483111,Mathematics for Computer Engineering,6.41N-A-I-AI-DS-Sem-III-IV.pdf,0,,Low sim=0.109 - no semantic relation,0.1094,3,0.0
Basic and Feasible solutions,Application of congruence-RSA algorithm,2483111,Mathematics for Computer Engineering,6.41N-A-I-AI-DS-Sem-III-IV.pdf,0,,"No prereq signal: sim=0.154, delta=6, kw=0.000",0.1536,6,0.0
C’s of DevOps Lifecycle for Business,Assessment. Study of various Open,2165113,Agile Software Development & DevOps,SEM-V.pdf,0,,"No prereq signal: sim=0.170, delta=3, kw=0.091",0.17,3,0.09090909090909091
"Hammer mill, Ball mill and Roll crusher",Solid fluid,2074112,Solid Fluid Mechanical Operations,6.40-N-Chemical-Engineering-Sem-III-IV.pdf,0,,"No prereq signal: sim=0.183, delta=7, kw=0.000",0.1826,7,0.0
Linear and Non-Linear Programming Problems,Artificial variables,2113111,Mathematics for Computer Engineering,6.24-N-B.E.-Computer-Engineering-Sem-III-IV.pdf,0,,"No prereq signal: sim=0.395, delta=5, kw=0.000",0.3948,5,0.0
Linear and Non-Linear Programming Problems,Dirichlet’s conditions,2023111,Mathematics for Computer Engineering,6.21-N-B.E.-AI-ML-sem-III-IV.pdf,0,,Low sim=0.043 - no semantic relation,0.0428,10,0.0
CRC code,Medium Access Control,2344113,Computer Network & Network Design,6.34-N-B.E.-Information-Technology-Sem-III-IV.pdf,0,,"No prereq signal: sim=0.183, delta=4, kw=0.000",0.1827,4,0.0
Regular operations,Nondeterministic Finite Automata (NFA): Definitions,2484111,Computational,6.41N-A-I-AI-DS-Sem-III-IV.pdf,0,,"No prereq signal: sim=0.205, delta=7, kw=0.000",0.2046,7,0.0
Propositional and Predicate Logic,Vending machines,2173112,Discrete Structures and Graph Theory,6.39-N-B.E.-Data-Science-Sem-III-IV.pdf,0,,Low sim=0.133 - no semantic relation,0.1332,3,0.0
Special-purpose,Mobile Operating System,2014113,Operating System,6.20N-B.E.-AI-DS.-Sem-III-IV.pdf,0,,"No prereq signal: sim=0.154, delta=5, kw=0.000",0.1539,5,0.0
"Introduction to the Relational Model, relational","Cloud Database, Introduction of Distributed",2494112,Database Management System,6.54-N-B.E-Computer-Science-EngineeringSem-III-IV.pdf,1,,Foundational kw in A + sim=0.259 + delta=7,0.2594,7,0.1111111111111111
Dirichlet’s conditions,Fourier series of even and odd functions,2173111,Mathematics for Computer Engineering,6.39-N-B.E.-Data-Science-Sem-III-IV.pdf,0,,"No prereq signal: sim=0.151, delta=2, kw=0.000",0.1507,2,0.0
Introduction to Congruence,Linear congruence,2113111,Mathematics for Computer Engineering,6.24-N-B.E.-Computer-Engineering-Sem-III-IV.pdf,1,,High sim=0.678 + delta=1,0.6781,1,0.25
Size reduction of solids. Mechanism of size,Fluidization: conditions for fluidization,2074112,Solid Fluid Mechanical Operations,6.40-N-Chemical-Engineering-Sem-III-IV.pdf,0,,"No prereq signal: sim=0.226, delta=8, kw=0.000",0.2257,8,0.0
Types of solutions,Kuhn-Tucker conditions,2013111,Mathematics for Computer Engineering,6.20N-B.E.-AI-DS.-Sem-III-IV.pdf,0,,"No prereq signal: sim=0.189, delta=5, kw=0.000",0.1889,5,0.0
Introduction to Congruence,Dirichlet’s conditions,2113111,Mathematics for Computer Engineering,6.24-N-B.E.-Computer-Engineering-Sem-III-IV.pdf,0,,"No prereq signal: sim=0.155, delta=3, kw=0.000",0.1547,3,0.0
Linear Algebra (Theory of Matrices) verification and reduction of higher degree polynomials,Linear congruence,2483111,Mathematics for Computer Engineering,6.41N-A-I-AI-DS-Sem-III-IV.pdf,0,,"No prereq signal: sim=0.284, delta=11, kw=0.083",0.2843,11,0.08333333333333333
Special-purpose,Open-source and Proprietary Operating System,2174113,Operating System,6.39-N-B.E.-Data-Science-Sem-III-IV.pdf,0,,"No prereq signal: sim=0.153, delta=1, kw=0.000",0.1526,1,0.0
Cayley-Hamilton,Introduction to Congruence,2113111,Mathematics for Computer Engineering,6.24-N-B.E.-Computer-Engineering-Sem-III-IV.pdf,0,,Low sim=0.147 - no semantic relation,0.1471,11,0.0
"Pitfalls in relational database designs, Concept","Cloud Database, Introduction of Distributed",2114112,Database Management System,6.24-N-B.E.-Computer-Engineering-Sem-III-IV.pdf,1,,Foundational kw in A + sim=0.350 + delta=2,0.3498,2,0.1
RE in text search and replace,Languages in Compiler Design,2024111,Computational,6.21-N-B.E.-AI-ML-sem-III-IV.pdf,0,,Low sim=0.009 - no semantic relation,0.0087,2,0.1111111111111111
Languages in Compiler Design,Minimization of DFA,2024111,Computational,6.21-N-B.E.-AI-ML-sem-III-IV.pdf,0,,Low sim=0.146 - no semantic relation,0.146,3,0.0
Quadratic forms,Dirichlet’s conditions,2483111,Mathematics for Computer Engineering,6.41N-A-I-AI-DS-Sem-III-IV.pdf,0,,Low sim=0.133 - no semantic relation,0.1331,11,0.0
Cayley-Hamilton,Quadratic forms,2173111,Mathematics for Computer Engineering,6.39-N-B.E.-Data-Science-Sem-III-IV.pdf,0,,"No prereq signal: sim=0.191, delta=2, kw=0.000",0.1908,2,0.0
Types of solutions,Kuhn-Tucker conditions,2113111,Mathematics for Computer Engineering,6.24-N-B.E.-Computer-Engineering-Sem-III-IV.pdf,0,,"No prereq signal: sim=0.189, delta=5, kw=0.000",0.1889,5,0.0
Screening equipment – Vibrating screen,Mixing equipment for cohesive solids,2074112,Solid Fluid Mechanical Operations,6.40-N-Chemical-Engineering-Sem-III-IV.pdf,0,,Low sim=0.118 - no semantic relation,0.118,6,0.125
Similarity of matrices,Application of congruence-RSA algorithm,2013111,Mathematics for Computer Engineering,6.20N-B.E.-AI-DS.-Sem-III-IV.pdf,0,,Low sim=0.075 - no semantic relation,0.0755,11,0.14285714285714285
Basic and Feasible solutions,Simplex method,2013111,Mathematics for Computer Engineering,6.20N-B.E.-AI-DS.-Sem-III-IV.pdf,1,,Foundational kw in A + sim=0.330 + delta=1,0.33,1,0.0
Dirichlet’s conditions,Fourier series of even and odd functions,2023111,Mathematics for Computer Engineering,6.21-N-B.E.-AI-ML-sem-III-IV.pdf,0,,"No prereq signal: sim=0.151, delta=2, kw=0.000",0.1507,2,0.0
Medium Access Control,Link Layer Addressing,2344113,Computer Network & Network Design,6.34-N-B.E.-Information-Technology-Sem-III-IV.pdf,0,,"No prereq signal: sim=0.203, delta=3, kw=0.000",0.2033,3,0.0
Mixers for free flowing solids: Ribbon,Solid fluid,2074112,Solid Fluid Mechanical Operations,6.40-N-Chemical-Engineering-Sem-III-IV.pdf,0,,"No prereq signal: sim=0.349, delta=4, kw=0.000",0.3486,4,0.0
Inspired and Multi,Objective Swarm Optimization,2166111,Machine Learning and Swarm,SEM-V.pdf,1,,Adjacent same-course topics: delta=1 + sim=0.230,0.2301,1,0.0
Space Division Switching,HDLC Protocol,2344113,Computer Network & Network Design,6.34-N-B.E.-Information-Technology-Sem-III-IV.pdf,0,,Low sim=0.014 - no semantic relation,0.014,13,0.0
Quadratic forms,Fourier series of periodic,2173111,Mathematics for Computer Engineering,6.39-N-B.E.-Data-Science-Sem-III-IV.pdf,0,,Low sim=0.033 - no semantic relation,0.0328,12,0.0
"Postman, and JMeter",Source Tools in DevOps,2165113,Agile Software Development & DevOps,SEM-V.pdf,0,,Low sim=0.126 - no semantic relation,0.126,6,0.0
Medium Access Control,Random Access (ALOHA,2344113,Computer Network & Network Design,6.34-N-B.E.-Information-Technology-Sem-III-IV.pdf,1,,Adjacent same-course topics: delta=2 + sim=0.376,0.3759,2,0.2
Linear congruence,Lines of regression,2013111,Mathematics for Computer Engineering,6.20N-B.E.-AI-DS.-Sem-III-IV.pdf,0,,Low sim=0.129 - no semantic relation,0.129,6,0.0
Decision properties of RLs,Languages in Compiler Design,2014111,Computational,6.20N-B.E.-AI-DS.-Sem-III-IV.pdf,0,,"No prereq signal: sim=0.174, delta=4, kw=0.000",0.1739,4,0.0
Determining risk,Taxes and tax brackets,2023112,Discrete Structures and Graph,6.21-N-B.E.-AI-ML-sem-III-IV.pdf,0,,Low sim=0.082 - no semantic relation,0.0822,1,0.0
System calls with examples for different OS,Real-time,2344112,Operating System,6.34-N-B.E.-Information-Technology-Sem-III-IV.pdf,0,,"No prereq signal: sim=0.190, delta=3, kw=0.000",0.1898,3,0.0
Types of solutions,Lines of regression,2023111,Mathematics for Computer Engineering,6.21-N-B.E.-AI-ML-sem-III-IV.pdf,0,,Low sim=0.104 - no semantic relation,0.1037,13,0.2
Linear Block Code,Link Layer Addressing,2344113,Computer Network & Network Design,6.34-N-B.E.-Information-Technology-Sem-III-IV.pdf,0,,"No prereq signal: sim=0.245, delta=8, kw=0.000",0.2449,8,0.0
Linear and Non-Linear Programming Problems,Kuhn-Tucker conditions,2013111,Mathematics for Computer Engineering,6.20N-B.E.-AI-DS.-Sem-III-IV.pdf,0,,"No prereq signal: sim=0.247, delta=6, kw=0.000",0.2473,6,0.0
Cayley-Hamilton,Standard and Canonical of LPP,2173111,Mathematics for Computer Engineering,6.39-N-B.E.-Data-Science-Sem-III-IV.pdf,0,,Low sim=0.103 - no semantic relation,0.1027,5,0.0
Decision properties of RLs,Minimization of DFA,2014111,Computational,6.20N-B.E.-AI-DS.-Sem-III-IV.pdf,0,,"No prereq signal: sim=0.191, delta=7, kw=0.167",0.1913,7,0.16666666666666666
Determining risk,"Counting Pigeonhole Principle, Inclusion-Exclusion Principle. Recurrence relations, Solving recurrence relations",2023112,Discrete Structures and Graph,6.21-N-B.E.-AI-ML-sem-III-IV.pdf,0,,Low sim=-0.042 - no semantic relation,-0.0421,3,0.0
Introduction to Congruence,Linear congruence,2013111,Mathematics for Computer Engineering,6.20N-B.E.-AI-DS.-Sem-III-IV.pdf,1,,High sim=0.678 + delta=1,0.6781,1,0.25
"Mitigating attacks: 51% attack, Sybil attack, replay",Emerging trends,2166118,Blockchain Technology,SEM-V.pdf,0,,Low sim=0.148 - no semantic relation,0.148,2,0.0
Selection of Scheduling,Implementation of Page,2344112,Operating System,6.34-N-B.E.-Information-Technology-Sem-III-IV.pdf,0,,Low sim=0.120 - no semantic relation,0.1203,3,0.2
Size reduction equipment – Jaw crusher,Mixing equipment for cohesive solids,2074112,Solid Fluid Mechanical Operations,6.40-N-Chemical-Engineering-Sem-III-IV.pdf,0,,"No prereq signal: sim=0.300, delta=3, kw=0.111",0.2999,3,0.1111111111111111
Basic and Feasible solutions,Kuhn-Tucker conditions,2023111,Mathematics for Computer Engineering,6.21-N-B.E.-AI-ML-sem-III-IV.pdf,1,,Foundational kw in A + sim=0.257 + delta=3,0.2568,3,0.0
Regular operations,Decision properties of RLs,2174111,Computational,6.39-N-B.E.-Data-Science-Sem-III-IV.pdf,0,,"No prereq signal: sim=0.194, delta=2, kw=0.000",0.1942,2,0.0
Simplex method,Fourier series of even and odd functions,2013111,Mathematics for Computer Engineering,6.20N-B.E.-AI-DS.-Sem-III-IV.pdf,0,,"No prereq signal: sim=0.159, delta=8, kw=0.000",0.1592,8,0.0
Flow Control: Stop-and-Wait Flow Control,HDLC Protocol,2344113,Computer Network & Network Design,6.34-N-B.E.-Information-Technology-Sem-III-IV.pdf,0,,Low sim=0.147 - no semantic relation,0.1468,9,0.0
"Optimization, Particle Swarm Optimizer , ABC",Inspired and Multi,2166111,Machine Learning and Swarm,SEM-V.pdf,0,,"No prereq signal: sim=0.212, delta=3, kw=0.000",0.2124,3,0.0
Decision properties of RLs,Nondeterministic Finite Automata (NFA): Definitions,2484111,Computational,6.41N-A-I-AI-DS-Sem-III-IV.pdf,0,,"No prereq signal: sim=0.249, delta=5, kw=0.000",0.2488,5,0.0
Regular operations,Minimization of DFA,2174111,Computational,6.39-N-B.E.-Data-Science-Sem-III-IV.pdf,0,,"No prereq signal: sim=0.233, delta=9, kw=0.000",0.2333,9,0.0
Fourier series of even and odd functions,Moment generating function,2013111,Mathematics for Computer Engineering,6.20N-B.E.-AI-DS.-Sem-III-IV.pdf,0,,"No prereq signal: sim=0.176, delta=3, kw=0.000",0.1755,3,0.0
Complex form of Fourier Series,Raw moments,2483111,Mathematics for Computer Engineering,6.41N-A-I-AI-DS-Sem-III-IV.pdf,0,,Low sim=0.021 - no semantic relation,0.0211,3,0.0
Regular operations,Languages in Compiler Design,2494111,Computational,6.54-N-B.E-Computer-Science-EngineeringSem-III-IV.pdf,0,,"No prereq signal: sim=0.205, delta=6, kw=0.000",0.2045,6,0.0
Simplex method,Kuhn-Tucker conditions,2483111,Mathematics for Computer Engineering,6.41N-A-I-AI-DS-Sem-III-IV.pdf,0,,Low sim=0.056 - no semantic relation,0.0561,2,0.0
Introduction to Congruence,Moment generating function,2173111,Mathematics for Computer Engineering,6.39-N-B.E.-Data-Science-Sem-III-IV.pdf,0,,Low sim=0.055 - no semantic relation,0.0546,8,0.0
Basic and Feasible solutions,Fourier series of periodic,2023111,Mathematics for Computer Engineering,6.21-N-B.E.-AI-ML-sem-III-IV.pdf,0,,Low sim=-0.073 - no semantic relation,-0.0731,8,0.0
Quadratic forms,Types of solutions,2023111,Mathematics for Computer Engineering,6.21-N-B.E.-AI-ML-sem-III-IV.pdf,1,,Adjacent same-course topics: delta=2 + sim=0.262,0.2615,2,0.0
Quadratic forms,Linear and Non-Linear Programming Problems,2173111,Mathematics for Computer Engineering,6.39-N-B.E.-Data-Science-Sem-III-IV.pdf,0,,"No prereq signal: sim=0.161, delta=1, kw=0.000",0.161,1,0.0
Introduction to Data Analytics,Types of analytics,2166112,Data Analytics and Visualization,SEM-V.pdf,1,,sim=0.522>=0.45 + delta=4<=5,0.5219,4,0.16666666666666666
Overview of Data Structures: Revision of basic data structures (arrays,Asymptotic notation,2343112,Advance Data Structure & Analysis,6.34-N-B.E.-Information-Technology-Sem-III-IV.pdf,0,,Low sim=-0.005 - no semantic relation,-0.0053,2,0.0
Kuhn-Tucker conditions,Raw moments,2023111,Mathematics for Computer Engineering,6.21-N-B.E.-AI-ML-sem-III-IV.pdf,0,,Low sim=0.100 - no semantic relation,0.1,10,0.0
Fourier series of periodic,Complex form of Fourier Series,2483111,Mathematics for Computer Engineering,6.41N-A-I-AI-DS-Sem-III-IV.pdf,1,,High sim=0.734 + delta=2,0.7343,2,0.5
Parseval’s Identity (without proof) Fourier series of periodic,"Advanced Engineering Mathematics, R.K. Jainand S.R.K. Iyengar, Narosapublication",2343111,Applied Mathematics Thinking-I,6.34-N-B.E.-Information-Technology-Sem-III-IV.pdf,0,,Low sim=-0.035 - no semantic relation,-0.0349,6,0.058823529411764705
Kuhn-Tucker conditions,Fourier series of periodic,2013111,Mathematics for Computer Engineering,6.20N-B.E.-AI-DS.-Sem-III-IV.pdf,0,,Low sim=-0.029 - no semantic relation,-0.0291,5,0.0
Space Division Switching,Flow Control: Stop-and-Wait Flow Control,2344113,Computer Network & Network Design,6.34-N-B.E.-Information-Technology-Sem-III-IV.pdf,0,,"No prereq signal: sim=0.194, delta=4, kw=0.000",0.1945,4,0.0
Quality (Error Rate,Edge Systems: Application in feature selection,2166115,Nature- Inspired Optimization,SEM-V.pdf,0,,Low sim=0.108 - no semantic relation,0.1079,2,0.0
Applications to solve initial and boundary value problems,"Advanced Engineering Mathematics, R.K. Jainand S.R.K. Iyengar, Narosapublication",2343111,Applied Mathematics Thinking-I,6.34-N-B.E.-Information-Technology-Sem-III-IV.pdf,0,,"No prereq signal: sim=0.266, delta=7, kw=0.000",0.2664,7,0.0
Regular operations,Equivalence between NFA with and ϵ- transitions,2494111,Computational,6.54-N-B.E-Computer-Science-EngineeringSem-III-IV.pdf,0,,Low sim=0.097 - no semantic relation,0.0974,8,0.0
Linear and Non-Linear Programming Problems,Complex form of Fourier Series,2113111,Mathematics for Computer Engineering,6.24-N-B.E.-Computer-Engineering-Sem-III-IV.pdf,0,,Low sim=-0.130 - no semantic relation,-0.13,13,0.0
Special-purpose,Special-purpose Operating Systems,2494113,Operating System,6.54-N-B.E-Computer-Science-EngineeringSem-III-IV.pdf,1,,Lexical containment + delta=6,0.5603,6,0.5
Quadratic forms,Linear congruence,2113111,Mathematics for Computer Engineering,6.24-N-B.E.-Computer-Engineering-Sem-III-IV.pdf,0,,"No prereq signal: sim=0.282, delta=9, kw=0.000",0.2821,9,0.0
Regular operations,RE in text search and replace,2174111,Computational,6.39-N-B.E.-Data-Science-Sem-III-IV.pdf,0,,"No prereq signal: sim=0.178, delta=4, kw=0.000",0.178,4,0.0
Kuhn-Tucker conditions,Complex form of Fourier Series,2013111,Mathematics for Computer Engineering,6.20N-B.E.-AI-DS.-Sem-III-IV.pdf,0,,Low sim=0.057 - no semantic relation,0.057,7,0.0
Similarity of matrices,Quadratic forms,2113111,Mathematics for Computer Engineering,6.24-N-B.E.-Computer-Engineering-Sem-III-IV.pdf,0,,"No prereq signal: sim=0.184, delta=1, kw=0.000",0.1835,1,0.0
"Automation, Test Automation Pyramid. Case",Choosing the right DevOps tools and challenges,2165113,Agile Software Development & DevOps,SEM-V.pdf,0,,"No prereq signal: sim=0.296, delta=6, kw=0.000",0.2963,6,0.0
"Automation, Test Automation Pyramid. Case",C’s of DevOps Lifecycle for Business,2165113,Agile Software Development & DevOps,SEM-V.pdf,0,,"No prereq signal: sim=0.283, delta=4, kw=0.000",0.2831,4,0.0
Standard and Canonical of LPP,Linear congruence,2113111,Mathematics for Computer Engineering,6.24-N-B.E.-Computer-Engineering-Sem-III-IV.pdf,0,,"No prereq signal: sim=0.169, delta=6, kw=0.000",0.1686,6,0.0
Application of Regular,Minimization of DFA,2014111,Computational,6.20N-B.E.-AI-DS.-Sem-III-IV.pdf,0,,"No prereq signal: sim=0.289, delta=4, kw=0.200",0.289,4,0.2
Inverse Laplace transform using Convolution theorem,"Harmonic function, Harmonic conjugate, and orthogonal",2343111,Applied Mathematics Thinking-I,6.34-N-B.E.-Information-Technology-Sem-III-IV.pdf,0,,"No prereq signal: sim=0.307, delta=5, kw=0.000",0.307,5,0.0
Special-purpose,Fundamentals of Distributed Operating System,2494113,Operating System,6.54-N-B.E-Computer-Science-EngineeringSem-III-IV.pdf,0,,"No prereq signal: sim=0.175, delta=2, kw=0.000",0.1752,2,0.0
Corrector Method to chemical engineering,Relation between E,2073111,Chemical Engineering Mathematics,6.40-N-Chemical-Engineering-Sem-III-IV.pdf,0,,Low sim=0.003 - no semantic relation,0.0026,3,0.0
Standard and Canonical of LPP,Artificial variables,2173111,Mathematics for Computer Engineering,6.39-N-B.E.-Data-Science-Sem-III-IV.pdf,0,,"No prereq signal: sim=0.160, delta=3, kw=0.000",0.1601,3,0.0
Basic and Feasible solutions,Simplex method,2113111,Mathematics for Computer Engineering,6.24-N-B.E.-Computer-Engineering-Sem-III-IV.pdf,1,,Foundational kw in A + sim=0.330 + delta=1,0.33,1,0.0
Types of solutions,Application of congruence-RSA algorithm,2173111,Mathematics for Computer Engineering,6.39-N-B.E.-Data-Science-Sem-III-IV.pdf,0,,Low sim=0.049 - no semantic relation,0.0485,8,0.14285714285714285
Quadratic forms,Basic and Feasible solutions,2013111,Mathematics for Computer Engineering,6.20N-B.E.-AI-DS.-Sem-III-IV.pdf,0,,"No prereq signal: sim=0.226, delta=4, kw=0.000",0.226,4,0.0
Application of Regular,Nondeterministic Finite Automata (NFA): Definitions,2024111,Computational,6.21-N-B.E.-AI-ML-sem-III-IV.pdf,1,,Adjacent same-course topics: delta=2 + sim=0.205,0.2048,2,0.0
Fourier series of periodic,Moment generating function,2013111,Mathematics for Computer Engineering,6.20N-B.E.-AI-DS.-Sem-III-IV.pdf,0,,"No prereq signal: sim=0.174, delta=4, kw=0.000",0.1743,4,0.0
"Metaverse, Cryptocurrency wallets: Hot and cold",Emerging trends,2166118,Blockchain Technology,SEM-V.pdf,0,,"No prereq signal: sim=0.265, delta=5, kw=0.000",0.2646,5,0.0
"Integrity constraints: key constraints, Domain","Cloud Database, Introduction of Distributed",2174112,Database Management System,6.39-N-B.E.-Data-Science-Sem-III-IV.pdf,0,,"No prereq signal: sim=0.159, delta=4, kw=0.000",0.1594,4,0.0
Mixers for free flowing solids: Ribbon,Storage of solids: Properties of particulate,2074112,Solid Fluid Mechanical Operations,6.40-N-Chemical-Engineering-Sem-III-IV.pdf,0,,"No prereq signal: sim=0.266, delta=7, kw=0.100",0.2664,7,0.1
Similarity of matrices,Applying to chemical engineering problems related,2073111,Chemical Engineering Mathematics,6.40-N-Chemical-Engineering-Sem-III-IV.pdf,0,,Low sim=0.018 - no semantic relation,0.0178,2,0.0
Lines of regression,Raw moments,2483111,Mathematics for Computer Engineering,6.41N-A-I-AI-DS-Sem-III-IV.pdf,0,,Low sim=0.083 - no semantic relation,0.0828,2,0.0
Decision properties of RLs,RE in text search and replace,2014111,Computational,6.20N-B.E.-AI-DS.-Sem-III-IV.pdf,0,,Low sim=0.032 - no semantic relation,0.032,2,0.0
Random Access (ALOHA,IEEE 802.11 Wireless LAN,2344113,Computer Network & Network Design,6.34-N-B.E.-Information-Technology-Sem-III-IV.pdf,0,,Low sim=0.145 - no semantic relation,0.1452,5,0.0
Properties of Eigen,Relation between E,2073111,Chemical Engineering Mathematics,6.40-N-Chemical-Engineering-Sem-III-IV.pdf,0,,"No prereq signal: sim=0.286, delta=11, kw=0.000",0.2857,11,0.0
Mixing equipment for cohesive solids,Gas solid separation equipment: Cyclone,2074112,Solid Fluid Mechanical Operations,6.40-N-Chemical-Engineering-Sem-III-IV.pdf,0,,"No prereq signal: sim=0.449, delta=7, kw=0.111",0.4493,7,0.1111111111111111
"Testing: Functionality Testing, UI Testing",Source Tools in DevOps,2165113,Agile Software Development & DevOps,SEM-V.pdf,0,,"No prereq signal: sim=0.198, delta=10, kw=0.000",0.1977,10,0.0
Inverse Laplace transform using Convolution theorem,Parseval’s Identity (without proof) Fourier series of periodic,2343111,Applied Mathematics Thinking-I,6.34-N-B.E.-Information-Technology-Sem-III-IV.pdf,0,,"No prereq signal: sim=0.170, delta=2, kw=0.000",0.1698,2,0.0
Similarity of matrices,Linear and Non-Linear Programming Problems,2013111,Mathematics for Computer Engineering,6.20N-B.E.-AI-DS.-Sem-III-IV.pdf,0,,Low sim=0.056 - no semantic relation,0.0555,2,0.0
Standard and Canonical of LPP,Introduction to Congruence,2483111,Mathematics for Computer Engineering,6.41N-A-I-AI-DS-Sem-III-IV.pdf,0,,Low sim=0.083 - no semantic relation,0.0827,5,0.0
Linear and Non-Linear Programming Problems,Standard and Canonical of LPP,2013111,Mathematics for Computer Engineering,6.20N-B.E.-AI-DS.-Sem-III-IV.pdf,1,,Adjacent same-course topics: delta=2 + sim=0.250,0.2497,2,0.1111111111111111
Characteristics of Databases,File system v/s Database,2343113,Database Management System & Application,6.34-N-B.E.-Information-Technology-Sem-III-IV.pdf,1,,sim=0.502>=0.45 + delta=1<=5,0.5019,1,0.0
"Integrity constraints: key constraints, Domain","Concurrent Executions, Serializability",2114112,Database Management System,6.24-N-B.E.-Computer-Engineering-Sem-III-IV.pdf,0,,"No prereq signal: sim=0.347, delta=3, kw=0.000",0.3471,3,0.0
"EER Model to the Relational Model, Relational","Cloud Database, Introduction of Distributed",2114112,Database Management System,6.24-N-B.E.-Computer-Engineering-Sem-III-IV.pdf,0,,"No prereq signal: sim=0.217, delta=6, kw=0.000",0.217,6,0.0
Kuhn-Tucker conditions,Lines of regression,2483111,Mathematics for Computer Engineering,6.41N-A-I-AI-DS-Sem-III-IV.pdf,0,,Low sim=0.092 - no semantic relation,0.0916,8,0.0
Application of Regular,Nondeterministic Finite Automata (NFA): Definitions,2114111,Computational,6.24-N-B.E.-Computer-Engineering-Sem-III-IV.pdf,1,,Adjacent same-course topics: delta=2 + sim=0.205,0.2048,2,0.0
Basic and Feasible solutions,Kuhn-Tucker conditions,2483111,Mathematics for Computer Engineering,6.41N-A-I-AI-DS-Sem-III-IV.pdf,1,,Foundational kw in A + sim=0.257 + delta=3,0.2568,3,0.0
Introduction to Congruence,Fourier series of periodic,2483111,Mathematics for Computer Engineering,6.41N-A-I-AI-DS-Sem-III-IV.pdf,0,,"No prereq signal: sim=0.155, delta=4, kw=0.000",0.1555,4,0.0
Cryptocurrency Valuation Models,"Case study: AI for transaction validation, fraud",2166118,Blockchain Technology,SEM-V.pdf,0,,"No prereq signal: sim=0.192, delta=3, kw=0.000",0.1919,3,0.0
Quadratic forms,Linear and Non-Linear Programming Problems,2483111,Mathematics for Computer Engineering,6.41N-A-I-AI-DS-Sem-III-IV.pdf,0,,"No prereq signal: sim=0.161, delta=1, kw=0.000",0.161,1,0.0
Link Layer Addressing,HDLC Protocol,2344113,Computer Network & Network Design,6.34-N-B.E.-Information-Technology-Sem-III-IV.pdf,0,,"No prereq signal: sim=0.224, delta=3, kw=0.000",0.224,3,0.0
Simplex method,Application of congruence-RSA algorithm,2113111,Mathematics for Computer Engineering,6.24-N-B.E.-Computer-Engineering-Sem-III-IV.pdf,0,,"No prereq signal: sim=0.155, delta=5, kw=0.000",0.155,5,0.0
Standard and Canonical of LPP,Raw moments,2023111,Mathematics for Computer Engineering,6.21-N-B.E.-AI-ML-sem-III-IV.pdf,0,,Low sim=0.049 - no semantic relation,0.0491,14,0.0
"Generalization, Specialization and Aggregation","Cloud Database, Introduction of Distributed",2114112,Database Management System,6.24-N-B.E.-Computer-Engineering-Sem-III-IV.pdf,0,,"No prereq signal: sim=0.221, delta=8, kw=0.000",0.2213,8,0.0
Study – Selenium/ Jira,C’s of DevOps Lifecycle for Business,2165113,Agile Software Development & DevOps,SEM-V.pdf,0,,Low sim=0.064 - no semantic relation,0.0636,3,0.0
Quadratic forms,Artificial variables,2173111,Mathematics for Computer Engineering,6.39-N-B.E.-Data-Science-Sem-III-IV.pdf,0,,"No prereq signal: sim=0.171, delta=6, kw=0.000",0.1713,6,0.0
Size reduction of solids. Mechanism of size,Mixers for free flowing solids: Ribbon,2074112,Solid Fluid Mechanical Operations,6.40-N-Chemical-Engineering-Sem-III-IV.pdf,0,,"No prereq signal: sim=0.245, delta=5, kw=0.100",0.2451,5,0.1
Solid mixing – Introduction to solid mixing,"Conveying, of solids: Belt conveyer, bucket",2074112,Solid Fluid Mechanical Operations,6.40-N-Chemical-Engineering-Sem-III-IV.pdf,0,,"No prereq signal: sim=0.266, delta=10, kw=0.000",0.2664,10,0.0
"Integrity constraints: key constraints, Domain","Cloud Database, Introduction of Distributed",2494112,Database Management System,6.54-N-B.E-Computer-Science-EngineeringSem-III-IV.pdf,0,,"No prereq signal: sim=0.159, delta=4, kw=0.000",0.1594,4,0.0
Basic and Feasible solutions,Lines of regression,2113111,Mathematics for Computer Engineering,6.24-N-B.E.-Computer-Engineering-Sem-III-IV.pdf,0,,"No prereq signal: sim=0.157, delta=11, kw=0.000",0.1566,11,0.0
Medium Access Control,IEEE 802.11 Wireless LAN,2344113,Computer Network & Network Design,6.34-N-B.E.-Information-Technology-Sem-III-IV.pdf,0,,"No prereq signal: sim=0.211, delta=7, kw=0.000",0.2109,7,0.0
Linear and Non-Linear Programming Problems,Artificial variables,2173111,Mathematics for Computer Engineering,6.39-N-B.E.-Data-Science-Sem-III-IV.pdf,0,,"No prereq signal: sim=0.395, delta=5, kw=0.000",0.3948,5,0.0
Algorithm  Bat Algorithm,Inspired and Multi,2166111,Machine Learning and Swarm,SEM-V.pdf,0,,"No prereq signal: sim=0.182, delta=2, kw=0.000",0.1817,2,0.0
"Generalization, Specialization and Aggregation","Pitfalls in relational database designs, Concept",2174112,Database Management System,6.39-N-B.E.-Data-Science-Sem-III-IV.pdf,0,,"No prereq signal: sim=0.295, delta=6, kw=0.000",0.2946,6,0.0
Testing: Principles of Agile Testers,Study – Selenium/ Jira,2165113,Agile Software Development & DevOps,SEM-V.pdf,0,,"No prereq signal: sim=0.156, delta=2, kw=0.000",0.1561,2,0.0
RE in text search and replace,Minimization of DFA,2114111,Computational,6.24-N-B.E.-Computer-Engineering-Sem-III-IV.pdf,0,,Low sim=0.056 - no semantic relation,0.056,5,0.0
Linear congruence,Fourier series of periodic,2113111,Mathematics for Computer Engineering,6.24-N-B.E.-Computer-Engineering-Sem-III-IV.pdf,0,,"No prereq signal: sim=0.197, delta=3, kw=0.000",0.1968,3,0.0
Special-purpose,Open-source and Proprietary Operating System,2494113,Operating System,6.54-N-B.E-Computer-Science-EngineeringSem-III-IV.pdf,0,,"No prereq signal: sim=0.153, delta=1, kw=0.000",0.1526,1,0.0
Nondeterministic Finite Automata (NFA): Definitions,Equivalence between NFA with and ϵ- transitions,2484111,Computational,6.41N-A-I-AI-DS-Sem-III-IV.pdf,1,,sim=0.590>=0.45 + delta=1<=5,0.5904,1,0.09090909090909091
Fluidization: conditions for fluidization,Sedimentation: Batch sedimentation. Kynch,2074112,Solid Fluid Mechanical Operations,6.40-N-Chemical-Engineering-Sem-III-IV.pdf,1,,Adjacent same-course topics: delta=2 + sim=0.239,0.2386,2,0.0
"Blockchain, UTXO and double spending problem","Mitigating attacks: 51% attack, Sybil attack, replay",2166118,Blockchain Technology,SEM-V.pdf,1,,Adjacent same-course topics: delta=2 + sim=0.238,0.2384,2,0.0
Application of congruence-RSA algorithm,Fourier series of periodic,2173111,Mathematics for Computer Engineering,6.39-N-B.E.-Data-Science-Sem-III-IV.pdf,0,,"No prereq signal: sim=0.162, delta=2, kw=0.125",0.1624,2,0.125
Fundamentals of Distributed Operating System,Mobile Operating System,2014113,Operating System,6.20N-B.E.-AI-DS.-Sem-III-IV.pdf,1,,sim=0.551>=0.45 + delta=3<=5,0.5512,3,0.3333333333333333
Quadratic forms,Types of solutions,2173111,Mathematics for Computer Engineering,6.39-N-B.E.-Data-Science-Sem-III-IV.pdf,1,,Adjacent same-course topics: delta=2 + sim=0.262,0.2615,2,0.0
Dirichlet’s conditions,Raw moments,2173111,Mathematics for Computer Engineering,6.39-N-B.E.-Data-Science-Sem-III-IV.pdf,0,,Low sim=0.101 - no semantic relation,0.1015,6,0.0
Fourier series of periodic,Raw moments,2013111,Mathematics for Computer Engineering,6.20N-B.E.-AI-DS.-Sem-III-IV.pdf,0,,Low sim=-0.019 - no semantic relation,-0.0189,5,0.0
Kuhn-Tucker conditions,Moment generating function,2023111,Mathematics for Computer Engineering,6.21-N-B.E.-AI-ML-sem-III-IV.pdf,0,,Low sim=0.026 - no semantic relation,0.0264,9,0.0
Pumping lemma for RLs,Nondeterministic Finite Automata (NFA): Definitions,2494111,Computational,6.54-N-B.E-Computer-Science-EngineeringSem-III-IV.pdf,0,,"No prereq signal: sim=0.162, delta=4, kw=0.000",0.1616,4,0.0
"Introduction to the Relational Model, relational","Overview of SQL, Data Definition Commands",2494112,Database Management System,6.54-N-B.E-Computer-Science-EngineeringSem-III-IV.pdf,1,,Adjacent same-course topics: delta=2 + sim=0.229,0.2286,2,0.0
Quadratic forms,Theorem to evaluate realintegrations,2344111,Applied Mathematics Thinking-II,6.34-N-B.E.-Information-Technology-Sem-III-IV.pdf,0,,Low sim=0.037 - no semantic relation,0.0368,1,0.0
Eulers method,Method and Adam Bashford Predictor,2073111,Chemical Engineering Mathematics,6.40-N-Chemical-Engineering-Sem-III-IV.pdf,0,,"No prereq signal: sim=0.255, delta=3, kw=0.167",0.2555,3,0.16666666666666666
Kuhn-Tucker conditions,Introduction to Congruence,2113111,Mathematics for Computer Engineering,6.24-N-B.E.-Computer-Engineering-Sem-III-IV.pdf,0,,Low sim=0.004 - no semantic relation,0.0039,1,0.0
Quality (Error Rate,Applications and variants,2166115,Nature- Inspired Optimization,SEM-V.pdf,0,,"No prereq signal: sim=0.156, delta=1, kw=0.000",0.156,1,0.0
Inverse Laplace transform using Convolution theorem,"Advanced Engineering Mathematics, R.K. Jainand S.R.K. Iyengar, Narosapublication",2343111,Applied Mathematics Thinking-I,6.34-N-B.E.-Information-Technology-Sem-III-IV.pdf,0,,Low sim=0.002 - no semantic relation,0.0016,8,0.0
Linear and Non-Linear Programming Problems,Simplex method,2113111,Mathematics for Computer Engineering,6.24-N-B.E.-Computer-Engineering-Sem-III-IV.pdf,0,,"No prereq signal: sim=0.223, delta=4, kw=0.000",0.2234,4,0.0
Decision properties of RLs,Languages in Compiler Design,2174111,Computational,6.39-N-B.E.-Data-Science-Sem-III-IV.pdf,0,,"No prereq signal: sim=0.174, delta=4, kw=0.000",0.1739,4,0.0
Lines of regression,Moment generating function,2483111,Mathematics for Computer Engineering,6.41N-A-I-AI-DS-Sem-III-IV.pdf,0,,Low sim=0.017 - no semantic relation,0.0172,1,0.0
Solid mixing – Introduction to solid mixing,Mixers for free flowing solids: Ribbon,2074112,Solid Fluid Mechanical Operations,6.40-N-Chemical-Engineering-Sem-III-IV.pdf,1,,sim=0.544>=0.45 + delta=2<=5,0.5437,2,0.0
Regular operations,RE in text search and replace,2494111,Computational,6.54-N-B.E-Computer-Science-EngineeringSem-III-IV.pdf,0,,"No prereq signal: sim=0.178, delta=4, kw=0.000",0.178,4,0.0
Decision properties of RLs,Nondeterministic Finite Automata (NFA): Definitions,2174111,Computational,6.39-N-B.E.-Data-Science-Sem-III-IV.pdf,0,,"No prereq signal: sim=0.249, delta=5, kw=0.000",0.2488,5,0.0
"DevOps: Introduction, DevOps - Importance",C’s of DevOps Lifecycle for Business,2165113,Agile Software Development & DevOps,SEM-V.pdf,1,,High sim=0.744 + delta=1,0.7441,1,0.1111111111111111
Sedimentation: Batch sedimentation. Kynch,"Conveying, of solids: Belt conveyer, bucket",2074112,Solid Fluid Mechanical Operations,6.40-N-Chemical-Engineering-Sem-III-IV.pdf,0,,"No prereq signal: sim=0.290, delta=3, kw=0.000",0.2904,3,0.0
"Testing: Functionality Testing, UI Testing",C’s of DevOps Lifecycle for Business,2165113,Agile Software Development & DevOps,SEM-V.pdf,0,,"No prereq signal: sim=0.189, delta=6, kw=0.000",0.1888,6,0.0
Screening equipment – Vibrating screen,Solid mixing – Introduction to solid mixing,2074112,Solid Fluid Mechanical Operations,6.40-N-Chemical-Engineering-Sem-III-IV.pdf,0,,Low sim=-0.040 - no semantic relation,-0.0396,5,0.0
Regular operations,Languages in Compiler Design,2484111,Computational,6.41N-A-I-AI-DS-Sem-III-IV.pdf,0,,"No prereq signal: sim=0.205, delta=6, kw=0.000",0.2045,6,0.0
Special-purpose,Mobile Operating System,2174113,Operating System,6.39-N-B.E.-Data-Science-Sem-III-IV.pdf,0,,"No prereq signal: sim=0.154, delta=5, kw=0.000",0.1539,5,0.0
Artificial variables,Fourier series of periodic,2173111,Mathematics for Computer Engineering,6.39-N-B.E.-Data-Science-Sem-III-IV.pdf,0,,Low sim=-0.056 - no semantic relation,-0.0556,6,0.0
Linear Block Code,10-Gigabit Ethernet,2344113,Computer Network & Network Design,6.34-N-B.E.-Information-Technology-Sem-III-IV.pdf,0,,Low sim=0.093 - no semantic relation,0.0926,9,0.0
Size reduction of solids. Mechanism of size,Gas solid separation equipment: Cyclone,2074112,Solid Fluid Mechanical Operations,6.40-N-Chemical-Engineering-Sem-III-IV.pdf,0,,"No prereq signal: sim=0.312, delta=11, kw=0.000",0.3121,11,0.0
Regular operations,Minimization of DFA,2494111,Computational,6.54-N-B.E-Computer-Science-EngineeringSem-III-IV.pdf,0,,"No prereq signal: sim=0.233, delta=9, kw=0.000",0.2333,9,0.0
Pumping lemma for RLs,Application of Regular,2494111,Computational,6.54-N-B.E-Computer-Science-EngineeringSem-III-IV.pdf,0,,"No prereq signal: sim=0.167, delta=2, kw=0.000",0.1671,2,0.0
Fourier series of even and odd functions,Moment generating function,2173111,Mathematics for Computer Engineering,6.39-N-B.E.-Data-Science-Sem-III-IV.pdf,0,,"No prereq signal: sim=0.176, delta=3, kw=0.000",0.1755,3,0.0
Space Division Switching,Error Control: Stop-and-Wait ARQ,2344113,Computer Network & Network Design,6.34-N-B.E.-Information-Technology-Sem-III-IV.pdf,0,,Low sim=0.048 - no semantic relation,0.0481,5,0.0
Basic and Feasible solutions,Fourier series of periodic,2013111,Mathematics for Computer Engineering,6.20N-B.E.-AI-DS.-Sem-III-IV.pdf,0,,Low sim=-0.073 - no semantic relation,-0.0731,8,0.0
Parseval’s Identity (without proof) Fourier series of periodic,Kar lPearson’s Coefficient of correlation(r) Spearman’s,2343111,Applied Mathematics Thinking-I,6.34-N-B.E.-Information-Technology-Sem-III-IV.pdf,0,,Low sim=0.130 - no semantic relation,0.13,4,0.13333333333333333
Introduction to Congruence,Dirichlet’s conditions,2483111,Mathematics for Computer Engineering,6.41N-A-I-AI-DS-Sem-III-IV.pdf,0,,"No prereq signal: sim=0.155, delta=3, kw=0.000",0.1547,3,0.0
Solid mixing – Introduction to solid mixing,Mixing equipment for cohesive solids,2074112,Solid Fluid Mechanical Operations,6.40-N-Chemical-Engineering-Sem-III-IV.pdf,1,,High sim=0.704 + delta=1,0.7036,1,0.125
Applications of Runge-Kutta Fourth order,Relation between E,2073111,Chemical Engineering Mathematics,6.40-N-Chemical-Engineering-Sem-III-IV.pdf,0,,Low sim=-0.034 - no semantic relation,-0.0343,5,0.0
Kuhn-Tucker conditions,Complex form of Fourier Series,2173111,Mathematics for Computer Engineering,6.39-N-B.E.-Data-Science-Sem-III-IV.pdf,0,,Low sim=0.057 - no semantic relation,0.057,7,0.0
Kutta second Order method,Applications of Runge-Kutta Fourth order,2073111,Chemical Engineering Mathematics,6.40-N-Chemical-Engineering-Sem-III-IV.pdf,1,,High sim=0.723 + delta=1,0.7233,1,0.25
Artificial variables,Raw moments,2483111,Mathematics for Computer Engineering,6.41N-A-I-AI-DS-Sem-III-IV.pdf,0,,Low sim=0.121 - no semantic relation,0.121,11,0.0
Properties of Eigen,Diagonalization of matrices,2073111,Chemical Engineering Mathematics,6.40-N-Chemical-Engineering-Sem-III-IV.pdf,1,,sim=0.505>=0.45 + delta=2<=5,0.5046,2,0.2
Linear Algebra (Theory of Matrices) verification and reduction of higher degree polynomials,Similarity of matrices,2023111,Mathematics for Computer Engineering,6.21-N-B.E.-AI-ML-sem-III-IV.pdf,1,,Foundational kw in A + sim=0.378 + delta=1,0.378,1,0.16666666666666666
Linear Block Code,Self-Study Topics,2344113,Computer Network & Network Design,6.34-N-B.E.-Information-Technology-Sem-III-IV.pdf,0,,Low sim=-0.041 - no semantic relation,-0.0409,10,0.0
RE in text search and replace,Minimization of DFA,2174111,Computational,6.39-N-B.E.-Data-Science-Sem-III-IV.pdf,0,,Low sim=0.056 - no semantic relation,0.056,5,0.0
Dirichlet’s conditions,Complex form of Fourier Series,2483111,Mathematics for Computer Engineering,6.41N-A-I-AI-DS-Sem-III-IV.pdf,0,,Low sim=0.125 - no semantic relation,0.1255,3,0.0
Rank correlation coefficient (R) (with repeated and non,"Advanced Engineering Mathematics, R.K. Jainand S.R.K. Iyengar, Narosapublication",2343111,Applied Mathematics Thinking-I,6.34-N-B.E.-Information-Technology-Sem-III-IV.pdf,0,,Low sim=0.084 - no semantic relation,0.0837,1,0.0625
Simplex method,Fourier series of even and odd functions,2023111,Mathematics for Computer Engineering,6.21-N-B.E.-AI-ML-sem-III-IV.pdf,0,,"No prereq signal: sim=0.159, delta=8, kw=0.000",0.1592,8,0.0
Relationship (EER) Model,"Integrity constraints: key constraints, Domain",2174112,Database Management System,6.39-N-B.E.-Data-Science-Sem-III-IV.pdf,0,,"No prereq signal: sim=0.203, delta=5, kw=0.000",0.2034,5,0.0
Algorithms  for  different  situations,Features of I/O facility for different OS,2344112,Operating System,6.34-N-B.E.-Information-Technology-Sem-III-IV.pdf,0,,"No prereq signal: sim=0.219, delta=3, kw=0.200",0.2194,3,0.2
Simplex method,Artificial variables,2483111,Mathematics for Computer Engineering,6.41N-A-I-AI-DS-Sem-III-IV.pdf,1,,Adjacent same-course topics: delta=1 + sim=0.267,0.267,1,0.0
Dirichlet’s conditions,Fourier series of even and odd functions,2013111,Mathematics for Computer Engineering,6.20N-B.E.-AI-DS.-Sem-III-IV.pdf,0,,"No prereq signal: sim=0.151, delta=2, kw=0.000",0.1507,2,0.0
Size reduction equipment – Jaw crusher,Fluidization: conditions for fluidization,2074112,Solid Fluid Mechanical Operations,6.40-N-Chemical-Engineering-Sem-III-IV.pdf,0,,Low sim=0.092 - no semantic relation,0.092,7,0.0
Linear Block Code,Flow Control: Stop-and-Wait Flow Control,2344113,Computer Network & Network Design,6.34-N-B.E.-Information-Technology-Sem-III-IV.pdf,0,,"No prereq signal: sim=0.173, delta=2, kw=0.000",0.1731,2,0.0
Screening equipment – Vibrating screen,Ergun’s equation,2074112,Solid Fluid Mechanical Operations,6.40-N-Chemical-Engineering-Sem-III-IV.pdf,0,,Low sim=-0.029 - no semantic relation,-0.0289,9,0.0
Relationship (EER) Model,"Overview of SQL, Data Definition Commands",2494112,Database Management System,6.54-N-B.E-Computer-Science-EngineeringSem-III-IV.pdf,0,,Low sim=0.118 - no semantic relation,0.1176,4,0.0
Basic and Feasible solutions,Introduction to Congruence,2023111,Mathematics for Computer Engineering,6.21-N-B.E.-AI-ML-sem-III-IV.pdf,0,,Low sim=0.133 - no semantic relation,0.1335,4,0.0
Testing: Principles of Agile Testers,"Agility, DevOps and Continuous Testing",2165113,Agile Software Development & DevOps,SEM-V.pdf,1,,Foundational kw in A + sim=0.555 + delta=6,0.5555,6,0.1111111111111111
Fourier series of periodic,Moment generating function,2023111,Mathematics for Computer Engineering,6.21-N-B.E.-AI-ML-sem-III-IV.pdf,0,,"No prereq signal: sim=0.174, delta=4, kw=0.000",0.1743,4,0.0
Standard and Canonical of LPP,Moment generating function,2023111,Mathematics for Computer Engineering,6.21-N-B.E.-AI-ML-sem-III-IV.pdf,0,,Low sim=0.060 - no semantic relation,0.0601,13,0.0
Pumping lemma for RLs,Equivalence between NFA with and ϵ- transitions,2174111,Computational,6.39-N-B.E.-Data-Science-Sem-III-IV.pdf,0,,"No prereq signal: sim=0.173, delta=5, kw=0.000",0.1734,5,0.0
Artificial variables,Application of congruence-RSA algorithm,2483111,Mathematics for Computer Engineering,6.41N-A-I-AI-DS-Sem-III-IV.pdf,0,,Low sim=0.101 - no semantic relation,0.1005,4,0.0
"Mitigating attacks: 51% attack, Sybil attack, replay",Models on Blockchain: decentralized AI,2166118,Blockchain Technology,SEM-V.pdf,0,,"No prereq signal: sim=0.256, delta=3, kw=0.000",0.2559,3,0.0
Linear congruence,Dirichlet’s conditions,2013111,Mathematics for Computer Engineering,6.20N-B.E.-AI-DS.-Sem-III-IV.pdf,0,,Low sim=0.027 - no semantic relation,0.027,2,0.0
Application of Regular,Languages in Compiler Design,2114111,Computational,6.24-N-B.E.-Computer-Engineering-Sem-III-IV.pdf,0,,Low sim=0.127 - no semantic relation,0.127,1,0.0
Standard and Canonical of LPP,Simplex method,2173111,Mathematics for Computer Engineering,6.39-N-B.E.-Data-Science-Sem-III-IV.pdf,0,,"No prereq signal: sim=0.166, delta=2, kw=0.000",0.1656,2,0.0
"Generalization, Specialization and Aggregation","Triggers, Introduction to Pl/SQL Block Structure",2494112,Database Management System,6.54-N-B.E-Computer-Science-EngineeringSem-III-IV.pdf,0,,"No prereq signal: sim=0.217, delta=5, kw=0.000",0.2173,5,0.0
"EER Model to the Relational Model, Relational","Triggers, Introduction to Pl/SQL Block Structure",2494112,Database Management System,6.54-N-B.E-Computer-Science-EngineeringSem-III-IV.pdf,0,,"No prereq signal: sim=0.235, delta=3, kw=0.091",0.235,3,0.09090909090909091
System calls with examples for different OS,Algorithms  for  different  situations,2344112,Operating System,6.34-N-B.E.-Information-Technology-Sem-III-IV.pdf,1,,Adjacent same-course topics: delta=2 + sim=0.216,0.2163,2,0.2222222222222222
Introduction to Congruence,Fourier series of periodic,2173111,Mathematics for Computer Engineering,6.39-N-B.E.-Data-Science-Sem-III-IV.pdf,0,,"No prereq signal: sim=0.155, delta=4, kw=0.000",0.1555,4,0.0
Linear Algebra (Theory of Matrices) verification and reduction of higher degree polynomials,Linear congruence,2013111,Mathematics for Computer Engineering,6.20N-B.E.-AI-DS.-Sem-III-IV.pdf,0,,"No prereq signal: sim=0.284, delta=11, kw=0.083",0.2843,11,0.08333333333333333
Types of solutions,Application of congruence-RSA algorithm,2113111,Mathematics for Computer Engineering,6.24-N-B.E.-Computer-Engineering-Sem-III-IV.pdf,0,,Low sim=0.049 - no semantic relation,0.0485,8,0.14285714285714285
Languages in Compiler Design,Nondeterministic Finite Automata (NFA): Definitions,2014111,Computational,6.20N-B.E.-AI-DS.-Sem-III-IV.pdf,1,,Adjacent same-course topics: delta=1 + sim=0.215,0.2147,1,0.0
Types of solutions,Linear congruence,2023111,Mathematics for Computer Engineering,6.21-N-B.E.-AI-ML-sem-III-IV.pdf,0,,Low sim=0.104 - no semantic relation,0.1037,7,0.0
Kutta second Order method,Relation between E,2073111,Chemical Engineering Mathematics,6.40-N-Chemical-Engineering-Sem-III-IV.pdf,0,,Low sim=-0.081 - no semantic relation,-0.0814,6,0.0
Determining risk,Vending machines,2173112,Discrete Structures and Graph Theory,6.39-N-B.E.-Data-Science-Sem-III-IV.pdf,0,,Low sim=0.086 - no semantic relation,0.0863,2,0.0
Cayley-Hamilton,Quadratic forms,2113111,Mathematics for Computer Engineering,6.24-N-B.E.-Computer-Engineering-Sem-III-IV.pdf,0,,"No prereq signal: sim=0.191, delta=3, kw=0.000",0.1908,3,0.0
Cayley-Hamilton,Artificial variables,2023111,Mathematics for Computer Engineering,6.21-N-B.E.-AI-ML-sem-III-IV.pdf,0,,Low sim=0.077 - no semantic relation,0.0767,9,0.0
Open-source and Proprietary Operating System,Real-Time,2494113,Operating System,6.54-N-B.E-Computer-Science-EngineeringSem-III-IV.pdf,0,,"No prereq signal: sim=0.283, delta=3, kw=0.000",0.2827,3,0.0
Applications and variants,Edge resource optimization,2166115,Nature- Inspired Optimization,SEM-V.pdf,0,,Low sim=0.140 - no semantic relation,0.1404,2,0.0
Decision properties of RLs,Equivalence between NFA with and ϵ- transitions,2014111,Computational,6.20N-B.E.-AI-DS.-Sem-III-IV.pdf,0,,"No prereq signal: sim=0.153, delta=6, kw=0.000",0.1531,6,0.0
Application of congruence-RSA algorithm,Fourier series of periodic,2013111,Mathematics for Computer Engineering,6.20N-B.E.-AI-DS.-Sem-III-IV.pdf,0,,"No prereq signal: sim=0.162, delta=2, kw=0.125",0.1624,2,0.125
Quadratic forms,Linear congruence,2173111,Mathematics for Computer Engineering,6.39-N-B.E.-Data-Science-Sem-III-IV.pdf,0,,"No prereq signal: sim=0.282, delta=9, kw=0.000",0.2821,9,0.0
Fourier series of periodic,Moment generating function,2113111,Mathematics for Computer Engineering,6.24-N-B.E.-Computer-Engineering-Sem-III-IV.pdf,0,,"No prereq signal: sim=0.174, delta=4, kw=0.000",0.1743,4,0.0
Artificial variables,Lines of regression,2013111,Mathematics for Computer Engineering,6.20N-B.E.-AI-DS.-Sem-III-IV.pdf,0,,"No prereq signal: sim=0.342, delta=9, kw=0.000",0.3424,9,0.0
Data Analytics life cycle,Types of analytics,2166112,Data Analytics and Visualization,SEM-V.pdf,1,,sim=0.518>=0.45 + delta=1<=5,0.5176,1,0.16666666666666666
Arden's theorem,Application of Regular,2174111,Computational,6.39-N-B.E.-Data-Science-Sem-III-IV.pdf,0,,"No prereq signal: sim=0.248, delta=4, kw=0.000",0.2475,4,0.0
Standard and Canonical of LPP,Introduction to Congruence,2013111,Mathematics for Computer Engineering,6.20N-B.E.-AI-DS.-Sem-III-IV.pdf,0,,Low sim=0.083 - no semantic relation,0.0827,5,0.0
Decision properties of RLs,Application of Regular,2494111,Computational,6.54-N-B.E-Computer-Science-EngineeringSem-III-IV.pdf,0,,"No prereq signal: sim=0.159, delta=3, kw=0.167",0.1588,3,0.16666666666666666
"Hammer mill, Ball mill and Roll crusher",Sedimentation: Batch sedimentation. Kynch,2074112,Solid Fluid Mechanical Operations,6.40-N-Chemical-Engineering-Sem-III-IV.pdf,0,,"No prereq signal: sim=0.170, delta=8, kw=0.000",0.1697,8,0.0
"Automation, Test Automation Pyramid. Case","DevOps: Introduction, DevOps - Importance",2165113,Agile Software Development & DevOps,SEM-V.pdf,0,,"No prereq signal: sim=0.301, delta=3, kw=0.000",0.3015,3,0.0
Similarity of matrices,Simplex method,2483111,Mathematics for Computer Engineering,6.41N-A-I-AI-DS-Sem-III-IV.pdf,0,,Low sim=0.015 - no semantic relation,0.0153,6,0.0
"Generalization, Specialization and Aggregation","Integrity constraints: key constraints, Domain",2494112,Database Management System,6.54-N-B.E-Computer-Science-EngineeringSem-III-IV.pdf,0,,"No prereq signal: sim=0.239, delta=4, kw=0.000",0.2391,4,0.0
Standard and Canonical of LPP,Basic and Feasible solutions,2023111,Mathematics for Computer Engineering,6.21-N-B.E.-AI-ML-sem-III-IV.pdf,1,,Adjacent same-course topics: delta=1 + sim=0.224,0.224,1,0.125
Regular operations,Application of Regular,2174111,Computational,6.39-N-B.E.-Data-Science-Sem-III-IV.pdf,1,,High sim=0.687 + delta=5,0.6872,5,0.25
"Generalization, Specialization and Aggregation","Overview of SQL, Data Definition Commands",2114112,Database Management System,6.24-N-B.E.-Computer-Engineering-Sem-III-IV.pdf,0,,"No prereq signal: sim=0.214, delta=3, kw=0.000",0.2145,3,0.0
Linear Algebra (Theory of Matrices) verification and reduction of higher degree polynomials,Simplex method,2023111,Mathematics for Computer Engineering,6.21-N-B.E.-AI-ML-sem-III-IV.pdf,0,,"No prereq signal: sim=0.152, delta=7, kw=0.000",0.1524,7,0.0
Nondeterministic Finite Automata (NFA): Definitions,Minimization of DFA,2114111,Computational,6.24-N-B.E.-Computer-Engineering-Sem-III-IV.pdf,1,,sim=0.516>=0.45 + delta=2<=5,0.5158,2,0.0
Scheduled Access (Reservation,Self-Study Topics,2344113,Computer Network & Network Design,6.34-N-B.E.-Information-Technology-Sem-III-IV.pdf,0,,Low sim=0.002 - no semantic relation,0.0017,4,0.0
Introduction to Congruence,Fourier series of periodic,2113111,Mathematics for Computer Engineering,6.24-N-B.E.-Computer-Engineering-Sem-III-IV.pdf,0,,"No prereq signal: sim=0.155, delta=4, kw=0.000",0.1555,4,0.0
Artificial variables,Dirichlet’s conditions,2023111,Mathematics for Computer Engineering,6.21-N-B.E.-AI-ML-sem-III-IV.pdf,0,,Low sim=0.085 - no semantic relation,0.0852,5,0.0
Linear Algebra (Theory of Matrices) verification and reduction of higher degree polynomials,Fourier series of periodic,2023111,Mathematics for Computer Engineering,6.21-N-B.E.-AI-ML-sem-III-IV.pdf,0,,Low sim=0.050 - no semantic relation,0.0501,14,0.07142857142857142
Similarity of matrices,Quadratic forms,2023111,Mathematics for Computer Engineering,6.21-N-B.E.-AI-ML-sem-III-IV.pdf,0,,"No prereq signal: sim=0.184, delta=1, kw=0.000",0.1835,1,0.0
Linear and Non-Linear Programming Problems,Simplex method,2013111,Mathematics for Computer Engineering,6.20N-B.E.-AI-DS.-Sem-III-IV.pdf,0,,"No prereq signal: sim=0.223, delta=4, kw=0.000",0.2234,4,0.0
Functions ofSquare Matrix,Inverse of Transform by Binomial,2344111,Applied Mathematics Thinking-II,6.34-N-B.E.-Information-Technology-Sem-III-IV.pdf,0,,"No prereq signal: sim=0.159, delta=3, kw=0.000",0.159,3,0.0
Regular operations,Languages in Compiler Design,2014111,Computational,6.20N-B.E.-AI-DS.-Sem-III-IV.pdf,0,,"No prereq signal: sim=0.205, delta=6, kw=0.000",0.2045,6,0.0
Screening equipment – Vibrating screen,Grizzlies and Trommels,2074112,Solid Fluid Mechanical Operations,6.40-N-Chemical-Engineering-Sem-III-IV.pdf,0,,Low sim=-0.012 - no semantic relation,-0.0116,1,0.0
Decision properties of RLs,Languages in Compiler Design,2494111,Computational,6.54-N-B.E-Computer-Science-EngineeringSem-III-IV.pdf,0,,"No prereq signal: sim=0.174, delta=4, kw=0.000",0.1739,4,0.0
Link Layer Addressing,IEEE 802.11 Wireless LAN,2344113,Computer Network & Network Design,6.34-N-B.E.-Information-Technology-Sem-III-IV.pdf,0,,"No prereq signal: sim=0.188, delta=4, kw=0.000",0.188,4,0.0
Introduction to Congruence,Dirichlet’s conditions,2173111,Mathematics for Computer Engineering,6.39-N-B.E.-Data-Science-Sem-III-IV.pdf,0,,"No prereq signal: sim=0.155, delta=3, kw=0.000",0.1547,3,0.0
Pumping lemma,Minimization of DFA,2014111,Computational,6.20N-B.E.-AI-DS.-Sem-III-IV.pdf,0,,"No prereq signal: sim=0.153, delta=6, kw=0.000",0.1527,6,0.0
Standard and Canonical of LPP,Simplex method,2483111,Mathematics for Computer Engineering,6.41N-A-I-AI-DS-Sem-III-IV.pdf,0,,"No prereq signal: sim=0.166, delta=2, kw=0.000",0.1656,2,0.0
Cayley-Hamilton,Dirichlet’s conditions,2173111,Mathematics for Computer Engineering,6.39-N-B.E.-Data-Science-Sem-III-IV.pdf,0,,Low sim=-0.043 - no semantic relation,-0.0433,13,0.0
Study – Selenium/ Jira,Choosing the right DevOps tools and challenges,2165113,Agile Software Development & DevOps,SEM-V.pdf,0,,Low sim=0.143 - no semantic relation,0.1434,5,0.0
Mixing equipment for cohesive solids,Solid fluid,2074112,Solid Fluid Mechanical Operations,6.40-N-Chemical-Engineering-Sem-III-IV.pdf,0,,"No prereq signal: sim=0.375, delta=5, kw=0.000",0.3754,5,0.0
Simplex method,Lines of regression,2113111,Mathematics for Computer Engineering,6.24-N-B.E.-Computer-Engineering-Sem-III-IV.pdf,0,,Low sim=0.104 - no semantic relation,0.1042,10,0.0
"EER Model to the Relational Model, Relational","Cloud Database, Introduction of Distributed",2174112,Database Management System,6.39-N-B.E.-Data-Science-Sem-III-IV.pdf,0,,"No prereq signal: sim=0.217, delta=6, kw=0.000",0.217,6,0.0
Linear congruence,Lines of regression,2023111,Mathematics for Computer Engineering,6.21-N-B.E.-AI-ML-sem-III-IV.pdf,0,,Low sim=0.129 - no semantic relation,0.129,6,0.0
"Mitigating attacks: 51% attack, Sybil attack, replay","Case study: AI for transaction validation, fraud",2166118,Blockchain Technology,SEM-V.pdf,0,,"No prereq signal: sim=0.223, delta=4, kw=0.000",0.2234,4,0.0
"Blockchain, UTXO and double spending problem",Models on Blockchain: decentralized AI,2166118,Blockchain Technology,SEM-V.pdf,0,,"No prereq signal: sim=0.343, delta=5, kw=0.100",0.3429,5,0.1
Size reduction equipment – Jaw crusher,Ergun’s equation,2074112,Solid Fluid Mechanical Operations,6.40-N-Chemical-Engineering-Sem-III-IV.pdf,0,,Low sim=0.010 - no semantic relation,0.0098,6,0.0
Eulers method,Forward and Backward difference operators ∆,2073111,Chemical Engineering Mathematics,6.40-N-Chemical-Engineering-Sem-III-IV.pdf,0,,"No prereq signal: sim=0.189, delta=5, kw=0.000",0.1891,5,0.0
Linear and Non-Linear Programming Problems,Simplex method,2173111,Mathematics for Computer Engineering,6.39-N-B.E.-Data-Science-Sem-III-IV.pdf,0,,"No prereq signal: sim=0.223, delta=4, kw=0.000",0.2234,4,0.0
Space Division Switching,CRC code,2344113,Computer Network & Network Design,6.34-N-B.E.-Information-Technology-Sem-III-IV.pdf,0,,"No prereq signal: sim=0.167, delta=3, kw=0.000",0.1672,3,0.0
Linear and Non-Linear Programming Problems,Basic and Feasible solutions,2023111,Mathematics for Computer Engineering,6.21-N-B.E.-AI-ML-sem-III-IV.pdf,1,,sim=0.575>=0.45 + delta=3<=5,0.575,3,0.125
Kuhn-Tucker conditions,Introduction to Congruence,2173111,Mathematics for Computer Engineering,6.39-N-B.E.-Data-Science-Sem-III-IV.pdf,0,,Low sim=0.004 - no semantic relation,0.0039,1,0.0
"Pitfalls in relational database designs, Concept","Concurrent Executions, Serializability",2494112,Database Management System,6.54-N-B.E-Computer-Science-EngineeringSem-III-IV.pdf,0,,"No prereq signal: sim=0.184, delta=1, kw=0.000",0.1842,1,0.0
Gas solid separation equipment: Cyclone,Storage of solids: Properties of particulate,2074112,Solid Fluid Mechanical Operations,6.40-N-Chemical-Engineering-Sem-III-IV.pdf,1,,Adjacent same-course topics: delta=1 + sim=0.346,0.3463,1,0.0
Go-Back-N ARQ,10-Gigabit Ethernet,2344113,Computer Network & Network Design,6.34-N-B.E.-Information-Technology-Sem-III-IV.pdf,0,,Low sim=0.078 - no semantic relation,0.0783,5,0.0
Quadratic forms,Linear and Non-Linear Programming Problems,2113111,Mathematics for Computer Engineering,6.24-N-B.E.-Computer-Engineering-Sem-III-IV.pdf,0,,"No prereq signal: sim=0.161, delta=1, kw=0.000",0.161,1,0.0
Applications and variants,Edge Systems: Application in feature selection,2166115,Nature- Inspired Optimization,SEM-V.pdf,1,,Adjacent same-course topics: delta=1 + sim=0.376,0.3763,1,0.0
Relationship (EER) Model,"Integrity constraints: key constraints, Domain",2494112,Database Management System,6.54-N-B.E-Computer-Science-EngineeringSem-III-IV.pdf,0,,"No prereq signal: sim=0.203, delta=5, kw=0.000",0.2034,5,0.0
Linear Algebra (Theory of Matrices) verification and reduction of higher degree polynomials,Linear and Non-Linear Programming Problems,2013111,Mathematics for Computer Engineering,6.20N-B.E.-AI-DS.-Sem-III-IV.pdf,0,,"No prereq signal: sim=0.202, delta=3, kw=0.143",0.2021,3,0.14285714285714285
Application of Regular,Equivalence between NFA with and ϵ- transitions,2494111,Computational,6.54-N-B.E-Computer-Science-EngineeringSem-III-IV.pdf,0,,Low sim=0.141 - no semantic relation,0.1411,3,0.0
"Agility, DevOps and Continuous Testing",Choosing the right DevOps tools and challenges,2165113,Agile Software Development & DevOps,SEM-V.pdf,1,,High sim=0.619 + delta=1,0.619,1,0.2
Standard and Canonical of LPP,Linear congruence,2023111,Mathematics for Computer Engineering,6.21-N-B.E.-AI-ML-sem-III-IV.pdf,0,,"No prereq signal: sim=0.169, delta=6, kw=0.000",0.1686,6,0.0
Types of solutions,Dirichlet’s conditions,2173111,Mathematics for Computer Engineering,6.39-N-B.E.-Data-Science-Sem-III-IV.pdf,0,,"No prereq signal: sim=0.198, delta=9, kw=0.000",0.1982,9,0.0
Dirichlet’s conditions,Fourier series of periodic,2013111,Mathematics for Computer Engineering,6.20N-B.E.-AI-DS.-Sem-III-IV.pdf,0,,"No prereq signal: sim=0.171, delta=1, kw=0.000",0.1715,1,0.0
Arden's theorem,Minimization of DFA,2494111,Computational,6.54-N-B.E-Computer-Science-EngineeringSem-III-IV.pdf,0,,Low sim=0.090 - no semantic relation,0.0896,8,0.0
"Postman, and JMeter","Agility, DevOps and Continuous Testing",2165113,Agile Software Development & DevOps,SEM-V.pdf,0,,"No prereq signal: sim=0.196, delta=3, kw=0.143",0.1956,3,0.14285714285714285
"Blockchain, UTXO and double spending problem",Cryptocurrency Valuation Models,2166118,Blockchain Technology,SEM-V.pdf,0,,"No prereq signal: sim=0.310, delta=3, kw=0.000",0.3104,3,0.0
Decision properties of RLs,Minimization of DFA,2484111,Computational,6.41N-A-I-AI-DS-Sem-III-IV.pdf,0,,"No prereq signal: sim=0.191, delta=7, kw=0.167",0.1913,7,0.16666666666666666
Application of congruence-RSA algorithm,Fourier series of periodic,2023111,Mathematics for Computer Engineering,6.21-N-B.E.-AI-ML-sem-III-IV.pdf,0,,"No prereq signal: sim=0.162, delta=2, kw=0.125",0.1624,2,0.125
Standard and Canonical of LPP,Linear congruence,2483111,Mathematics for Computer Engineering,6.41N-A-I-AI-DS-Sem-III-IV.pdf,0,,"No prereq signal: sim=0.169, delta=6, kw=0.000",0.1686,6,0.0
Standard and Canonical of LPP,Basic and Feasible solutions,2013111,Mathematics for Computer Engineering,6.20N-B.E.-AI-DS.-Sem-III-IV.pdf,1,,Adjacent same-course topics: delta=1 + sim=0.224,0.224,1,0.125
Artificial variables,Lines of regression,2483111,Mathematics for Computer Engineering,6.41N-A-I-AI-DS-Sem-III-IV.pdf,0,,"No prereq signal: sim=0.342, delta=9, kw=0.000",0.3424,9,0.0
Application of Regular,Minimization of DFA,2174111,Computational,6.39-N-B.E.-Data-Science-Sem-III-IV.pdf,0,,"No prereq signal: sim=0.289, delta=4, kw=0.200",0.289,4,0.2
Quadratic forms,Linear congruence,2013111,Mathematics for Computer Engineering,6.20N-B.E.-AI-DS.-Sem-III-IV.pdf,0,,"No prereq signal: sim=0.282, delta=9, kw=0.000",0.2821,9,0.0
Solid fluid,Storage of solids: Properties of particulate,2074112,Solid Fluid Mechanical Operations,6.40-N-Chemical-Engineering-Sem-III-IV.pdf,0,,"No prereq signal: sim=0.447, delta=3, kw=0.000",0.4466,3,0.0
Applying to chemical engineering problems related,Relation between E,2073111,Chemical Engineering Mathematics,6.40-N-Chemical-Engineering-Sem-III-IV.pdf,0,,Low sim=0.099 - no semantic relation,0.0988,8,0.0
Pumping lemma for RLs,Equivalence between NFA with and ϵ- transitions,2494111,Computational,6.54-N-B.E-Computer-Science-EngineeringSem-III-IV.pdf,0,,"No prereq signal: sim=0.173, delta=5, kw=0.000",0.1734,5,0.0
Kutta second Order method,Forward and Backward difference operators ∆,2073111,Chemical Engineering Mathematics,6.40-N-Chemical-Engineering-Sem-III-IV.pdf,0,,"No prereq signal: sim=0.163, delta=4, kw=0.000",0.1626,4,0.0
Data Link Layer Data Link Control:  Framing ,Flow Control: Stop-and-Wait Flow Control,2344113,Computer Network & Network Design,6.34-N-B.E.-Information-Technology-Sem-III-IV.pdf,0,,"No prereq signal: sim=0.324, delta=3, kw=0.111",0.3241,3,0.1111111111111111
Kuhn-Tucker conditions,Complex form of Fourier Series,2113111,Mathematics for Computer Engineering,6.24-N-B.E.-Computer-Engineering-Sem-III-IV.pdf,0,,Low sim=0.057 - no semantic relation,0.057,7,0.0
Types of solutions,Linear congruence,2013111,Mathematics for Computer Engineering,6.20N-B.E.-AI-DS.-Sem-III-IV.pdf,0,,Low sim=0.104 - no semantic relation,0.1037,7,0.0
Linear congruence,Dirichlet’s conditions,2113111,Mathematics for Computer Engineering,6.24-N-B.E.-Computer-Engineering-Sem-III-IV.pdf,0,,Low sim=0.027 - no semantic relation,0.027,2,0.0
Simplex method,Dirichlet’s conditions,2023111,Mathematics for Computer Engineering,6.21-N-B.E.-AI-ML-sem-III-IV.pdf,0,,Low sim=-0.079 - no semantic relation,-0.0792,6,0.0
Similarity of matrices,Kuhn-Tucker conditions,2013111,Mathematics for Computer Engineering,6.20N-B.E.-AI-DS.-Sem-III-IV.pdf,0,,Low sim=0.060 - no semantic relation,0.0595,8,0.0
"Generalization, Specialization and Aggregation","Overview of SQL, Data Definition Commands",2174112,Database Management System,6.39-N-B.E.-Data-Science-Sem-III-IV.pdf,0,,"No prereq signal: sim=0.214, delta=3, kw=0.000",0.2145,3,0.0
Quadratic forms,Inverse of Transform by Binomial,2344111,Applied Mathematics Thinking-II,6.34-N-B.E.-Information-Technology-Sem-III-IV.pdf,0,,Low sim=0.033 - no semantic relation,0.0334,2,0.0
Fourier series of even and odd functions (simple functions,"Advanced Engineering Mathematics, R.K. Jainand S.R.K. Iyengar, Narosapublication",2343111,Applied Mathematics Thinking-I,6.34-N-B.E.-Information-Technology-Sem-III-IV.pdf,0,,Low sim=0.017 - no semantic relation,0.0171,5,0.0
Languages in Compiler Design,Equivalence between NFA with and ϵ- transitions,2014111,Computational,6.20N-B.E.-AI-DS.-Sem-III-IV.pdf,0,,Low sim=0.107 - no semantic relation,0.1073,2,0.0
HDLC Protocol,IEEE 802.11 Wireless LAN,2344113,Computer Network & Network Design,6.34-N-B.E.-Information-Technology-Sem-III-IV.pdf,0,,"No prereq signal: sim=0.160, delta=1, kw=0.000",0.16,1,0.0
"Blockchain, UTXO and double spending problem",Common security threats in Blockchain,2166118,Blockchain Technology,SEM-V.pdf,1,,Adjacent same-course topics: delta=1 + sim=0.393,0.3931,1,0.1
RE in text search and replace,Application of Regular,2174111,Computational,6.39-N-B.E.-Data-Science-Sem-III-IV.pdf,0,,Low sim=0.137 - no semantic relation,0.1369,1,0.0
Artificial variables,Fourier series of periodic,2023111,Mathematics for Computer Engineering,6.21-N-B.E.-AI-ML-sem-III-IV.pdf,0,,Low sim=-0.056 - no semantic relation,-0.0556,6,0.0
RE in text search and replace,Application of Regular,2484111,Computational,6.41N-A-I-AI-DS-Sem-III-IV.pdf,0,,Low sim=0.137 - no semantic relation,0.1369,1,0.0
Open-source and Proprietary Operating System,Real-Time,2014113,Operating System,6.20N-B.E.-AI-DS.-Sem-III-IV.pdf,0,,"No prereq signal: sim=0.283, delta=3, kw=0.000",0.2827,3,0.0
Diagonalization of matrices,Kutta second Order method,2073111,Chemical Engineering Mathematics,6.40-N-Chemical-Engineering-Sem-III-IV.pdf,0,,Low sim=0.120 - no semantic relation,0.1198,3,0.0
Open-source and Proprietary Operating System,Mobile Operating System,2014113,Operating System,6.20N-B.E.-AI-DS.-Sem-III-IV.pdf,1,,sim=0.531>=0.45 + delta=4<=5,0.531,4,0.2857142857142857
"Introduction to the Relational Model, relational","Pitfalls in relational database designs, Concept",2114112,Database Management System,6.24-N-B.E.-Computer-Engineering-Sem-III-IV.pdf,1,,sim=0.567>=0.45 + delta=5<=5,0.5666,5,0.1
"Integrity constraints: key constraints, Domain","Concurrent Executions, Serializability",2174112,Database Management System,6.39-N-B.E.-Data-Science-Sem-III-IV.pdf,0,,"No prereq signal: sim=0.347, delta=3, kw=0.000",0.3471,3,0.0
Standard and Canonical of LPP,Linear congruence,2013111,Mathematics for Computer Engineering,6.20N-B.E.-AI-DS.-Sem-III-IV.pdf,0,,"No prereq signal: sim=0.169, delta=6, kw=0.000",0.1686,6,0.0
Fluidization: conditions for fluidization,"Conveying, of solids: Belt conveyer, bucket",2074112,Solid Fluid Mechanical Operations,6.40-N-Chemical-Engineering-Sem-III-IV.pdf,0,,"No prereq signal: sim=0.226, delta=5, kw=0.000",0.2264,5,0.0
Common security threats in Blockchain,"Case study: AI for transaction validation, fraud",2166118,Blockchain Technology,SEM-V.pdf,0,,"No prereq signal: sim=0.279, delta=5, kw=0.000",0.2791,5,0.0
Structure of a switch,Link Layer Addressing,2344113,Computer Network & Network Design,6.34-N-B.E.-Information-Technology-Sem-III-IV.pdf,0,,"No prereq signal: sim=0.266, delta=11, kw=0.000",0.2657,11,0.0
Grizzlies and Trommels,"Hammer mill, Ball mill and Roll crusher",2074112,Solid Fluid Mechanical Operations,6.40-N-Chemical-Engineering-Sem-III-IV.pdf,0,,"No prereq signal: sim=0.173, delta=3, kw=0.125",0.1728,3,0.125
Cayley-Hamilton,Linear congruence,2173111,Mathematics for Computer Engineering,6.39-N-B.E.-Data-Science-Sem-III-IV.pdf,0,,"No prereq signal: sim=0.214, delta=11, kw=0.000",0.2145,11,0.0
Pumping lemma for RLs,Languages in Compiler Design,2494111,Computational,6.54-N-B.E-Computer-Science-EngineeringSem-III-IV.pdf,0,,"No prereq signal: sim=0.258, delta=3, kw=0.000",0.258,3,0.0
"Testing: Functionality Testing, UI Testing",Assessment. Study of various Open,2165113,Agile Software Development & DevOps,SEM-V.pdf,0,,"No prereq signal: sim=0.241, delta=9, kw=0.000",0.2412,9,0.0
Kuhn-Tucker conditions,Moment generating function,2173111,Mathematics for Computer Engineering,6.39-N-B.E.-Data-Science-Sem-III-IV.pdf,0,,Low sim=0.026 - no semantic relation,0.0264,9,0.0
Simplex method,Application of congruence-RSA algorithm,2483111,Mathematics for Computer Engineering,6.41N-A-I-AI-DS-Sem-III-IV.pdf,0,,"No prereq signal: sim=0.155, delta=5, kw=0.000",0.155,5,0.0
Linear and Non-Linear Programming Problems,Application of congruence-RSA algorithm,2483111,Mathematics for Computer Engineering,6.41N-A-I-AI-DS-Sem-III-IV.pdf,0,,Low sim=0.041 - no semantic relation,0.0412,9,0.0
Flow of a single fluid through a packed bed,Storage of solids: Properties of particulate,2074112,Solid Fluid Mechanical Operations,6.40-N-Chemical-Engineering-Sem-III-IV.pdf,0,,"No prereq signal: sim=0.196, delta=6, kw=0.083",0.1955,6,0.08333333333333333
Relationship (EER) Model,"Cloud Database, Introduction of Distributed",2114112,Database Management System,6.24-N-B.E.-Computer-Engineering-Sem-III-IV.pdf,0,,Low sim=0.121 - no semantic relation,0.1208,9,0.0
Application of congruence-RSA algorithm,Fourier series of periodic,2113111,Mathematics for Computer Engineering,6.24-N-B.E.-Computer-Engineering-Sem-III-IV.pdf,0,,"No prereq signal: sim=0.162, delta=2, kw=0.125",0.1624,2,0.125
Structure of a switch,CRC code,2344113,Computer Network & Network Design,6.34-N-B.E.-Information-Technology-Sem-III-IV.pdf,0,,Low sim=0.078 - no semantic relation,0.0783,4,0.0
Linear Algebra (Theory of Matrices) verification and reduction of higher degree polynomials,Linear and Non-Linear Programming Problems,2113111,Mathematics for Computer Engineering,6.24-N-B.E.-Computer-Engineering-Sem-III-IV.pdf,0,,"No prereq signal: sim=0.202, delta=3, kw=0.143",0.2021,3,0.14285714285714285
Regular operations,Decision properties of RLs,2494111,Computational,6.54-N-B.E-Computer-Science-EngineeringSem-III-IV.pdf,0,,"No prereq signal: sim=0.194, delta=2, kw=0.000",0.1942,2,0.0
Kuhn-Tucker conditions,Dirichlet’s conditions,2023111,Mathematics for Computer Engineering,6.21-N-B.E.-AI-ML-sem-III-IV.pdf,0,,"No prereq signal: sim=0.417, delta=4, kw=0.200",0.4166,4,0.2
Common security threats in Blockchain,Models on Blockchain: decentralized AI,2166118,Blockchain Technology,SEM-V.pdf,0,,"No prereq signal: sim=0.440, delta=4, kw=0.111",0.4405,4,0.1111111111111111
Quadratic forms,Introduction to Congruence,2483111,Mathematics for Computer Engineering,6.41N-A-I-AI-DS-Sem-III-IV.pdf,0,,"No prereq signal: sim=0.217, delta=8, kw=0.000",0.2168,8,0.0
Artificial variables,Lines of regression,2173111,Mathematics for Computer Engineering,6.39-N-B.E.-Data-Science-Sem-III-IV.pdf,0,,"No prereq signal: sim=0.342, delta=9, kw=0.000",0.3424,9,0.0
Flow Control: Stop-and-Wait Flow Control,Link Layer Addressing,2344113,Computer Network & Network Design,6.34-N-B.E.-Information-Technology-Sem-III-IV.pdf,0,,Low sim=0.134 - no semantic relation,0.1342,6,0.0
Basic and Feasible solutions,Application of congruence-RSA algorithm,2113111,Mathematics for Computer Engineering,6.24-N-B.E.-Computer-Engineering-Sem-III-IV.pdf,0,,"No prereq signal: sim=0.154, delta=6, kw=0.000",0.1536,6,0.0
Quadratic forms,Fourier series of even and odd functions,2483111,Mathematics for Computer Engineering,6.41N-A-I-AI-DS-Sem-III-IV.pdf,0,,Low sim=0.047 - no semantic relation,0.0468,13,0.0
Standard and Canonical of LPP,Artificial variables,2013111,Mathematics for Computer Engineering,6.20N-B.E.-AI-DS.-Sem-III-IV.pdf,0,,"No prereq signal: sim=0.160, delta=3, kw=0.000",0.1601,3,0.0
Fundamentals of Distributed Operating System,Network Operating System,2174113,Operating System,6.39-N-B.E.-Data-Science-Sem-III-IV.pdf,1,,High sim=0.647 + delta=1,0.647,1,0.3333333333333333
Quadratic forms,Introduction to Congruence,2023111,Mathematics for Computer Engineering,6.21-N-B.E.-AI-ML-sem-III-IV.pdf,0,,"No prereq signal: sim=0.217, delta=8, kw=0.000",0.2168,8,0.0
Quadratic forms,Basic and Feasible solutions,2113111,Mathematics for Computer Engineering,6.24-N-B.E.-Computer-Engineering-Sem-III-IV.pdf,0,,"No prereq signal: sim=0.226, delta=4, kw=0.000",0.226,4,0.0
Eulers method,Shift operator E,2073111,Chemical Engineering Mathematics,6.40-N-Chemical-Engineering-Sem-III-IV.pdf,0,,"No prereq signal: sim=0.212, delta=6, kw=0.000",0.2119,6,0.0
Applications of Swarm Intelligence in Machine,Inspired and Multi,2166111,Machine Learning and Swarm,SEM-V.pdf,0,,"No prereq signal: sim=0.211, delta=4, kw=0.000",0.2106,4,0.0
Linear Algebra (Theory of Matrices) verification and reduction of higher degree polynomials,Linear congruence,2113111,Mathematics for Computer Engineering,6.24-N-B.E.-Computer-Engineering-Sem-III-IV.pdf,0,,"No prereq signal: sim=0.284, delta=11, kw=0.083",0.2843,11,0.08333333333333333
