concept_a,concept_b,source_syllabus,Course_Code,course_name,order_delta,domain_match,ai_suggested_label,embedding_similarity,keyword_overlap,reason
Cayley-Hamilton,Linear Algebra (Theory of Matrices) verification and reduction of higher degree polynomials,6.20N-B.E.-AI-DS.-Sem-III-IV.pdf,2013111,Mathematics for Computer Engineering,1,1,1,0.318,0.0,Adjacent same-course topics: delta=1 + sim=0.318
Cayley-Hamilton,Similarity of matrices,6.20N-B.E.-AI-DS.-Sem-III-IV.pdf,2013111,Mathematics for Computer Engineering,2,1,1,0.2718,0.0,Adjacent same-course topics: delta=2 + sim=0.272
Cayley-Hamilton,Quadratic forms,6.20N-B.E.-AI-DS.-Sem-III-IV.pdf,2013111,Mathematics for Computer Engineering,3,1,0,0.1908,0.0,"No prereq signal: sim=0.191, delta=3, kw=0.000"
Cayley-Hamilton,Linear and Non-Linear Programming Problems,6.20N-B.E.-AI-DS.-Sem-III-IV.pdf,2013111,Mathematics for Computer Engineering,4,1,0,-0.0703,0.0,Low sim=-0.070 - no semantic relation
Cayley-Hamilton,Types of solutions,6.20N-B.E.-AI-DS.-Sem-III-IV.pdf,2013111,Mathematics for Computer Engineering,5,1,0,0.0693,0.0,Low sim=0.069 - no semantic relation
Cayley-Hamilton,Standard and Canonical of LPP,6.20N-B.E.-AI-DS.-Sem-III-IV.pdf,2013111,Mathematics for Computer Engineering,6,1,0,0.1027,0.0,Low sim=0.103 - no semantic relation
Cayley-Hamilton,Basic and Feasible solutions,6.20N-B.E.-AI-DS.-Sem-III-IV.pdf,2013111,Mathematics for Computer Engineering,7,1,0,0.0012,0.0,Low sim=0.001 - no semantic relation
Cayley-Hamilton,Simplex method,6.20N-B.E.-AI-DS.-Sem-III-IV.pdf,2013111,Mathematics for Computer Engineering,8,1,0,0.0414,0.0,Low sim=0.041 - no semantic relation
Cayley-Hamilton,Artificial variables,6.20N-B.E.-AI-DS.-Sem-III-IV.pdf,2013111,Mathematics for Computer Engineering,9,1,0,0.0767,0.0,Low sim=0.077 - no semantic relation
Cayley-Hamilton,Kuhn-Tucker conditions,6.20N-B.E.-AI-DS.-Sem-III-IV.pdf,2013111,Mathematics for Computer Engineering,10,1,0,0.0109,0.0,Low sim=0.011 - no semantic relation
Cayley-Hamilton,Introduction to Congruence,6.20N-B.E.-AI-DS.-Sem-III-IV.pdf,2013111,Mathematics for Computer Engineering,11,1,0,0.1471,0.0,Low sim=0.147 - no semantic relation
Cayley-Hamilton,Linear congruence,6.20N-B.E.-AI-DS.-Sem-III-IV.pdf,2013111,Mathematics for Computer Engineering,12,1,0,0.2145,0.0,delta=12>=12 + sim=0.214<0.45 - far + weakly related
Cayley-Hamilton,Application of congruence-RSA algorithm,6.20N-B.E.-AI-DS.-Sem-III-IV.pdf,2013111,Mathematics for Computer Engineering,13,1,0,0.0894,0.0,Low sim=0.089 - no semantic relation
Cayley-Hamilton,Dirichlet’s conditions,6.20N-B.E.-AI-DS.-Sem-III-IV.pdf,2013111,Mathematics for Computer Engineering,14,1,0,-0.0433,0.0,Low sim=-0.043 - no semantic relation
Linear Algebra (Theory of Matrices) verification and reduction of higher degree polynomials,Similarity of matrices,6.20N-B.E.-AI-DS.-Sem-III-IV.pdf,2013111,Mathematics for Computer Engineering,1,1,1,0.378,0.16666666666666666,Foundational kw in A + sim=0.378 + delta=1
Linear Algebra (Theory of Matrices) verification and reduction of higher degree polynomials,Quadratic forms,6.20N-B.E.-AI-DS.-Sem-III-IV.pdf,2013111,Mathematics for Computer Engineering,2,1,1,0.3275,0.0,Foundational kw in A + sim=0.327 + delta=2
Linear Algebra (Theory of Matrices) verification and reduction of higher degree polynomials,Linear and Non-Linear Programming Problems,6.20N-B.E.-AI-DS.-Sem-III-IV.pdf,2013111,Mathematics for Computer Engineering,3,1,0,0.2021,0.14285714285714285,"No prereq signal: sim=0.202, delta=3, kw=0.143"
Linear Algebra (Theory of Matrices) verification and reduction of higher degree polynomials,Types of solutions,6.20N-B.E.-AI-DS.-Sem-III-IV.pdf,2013111,Mathematics for Computer Engineering,4,1,0,0.0988,0.07692307692307693,Low sim=0.099 - no semantic relation
Linear Algebra (Theory of Matrices) verification and reduction of higher degree polynomials,Standard and Canonical of LPP,6.20N-B.E.-AI-DS.-Sem-III-IV.pdf,2013111,Mathematics for Computer Engineering,5,1,0,0.1691,0.14285714285714285,"No prereq signal: sim=0.169, delta=5, kw=0.143"
Linear Algebra (Theory of Matrices) verification and reduction of higher degree polynomials,Basic and Feasible solutions,6.20N-B.E.-AI-DS.-Sem-III-IV.pdf,2013111,Mathematics for Computer Engineering,6,1,0,0.1148,0.07142857142857142,Low sim=0.115 - no semantic relation
Linear Algebra (Theory of Matrices) verification and reduction of higher degree polynomials,Simplex method,6.20N-B.E.-AI-DS.-Sem-III-IV.pdf,2013111,Mathematics for Computer Engineering,7,1,0,0.1524,0.0,"No prereq signal: sim=0.152, delta=7, kw=0.000"
Linear Algebra (Theory of Matrices) verification and reduction of higher degree polynomials,Artificial variables,6.20N-B.E.-AI-DS.-Sem-III-IV.pdf,2013111,Mathematics for Computer Engineering,8,1,0,0.0919,0.0,Low sim=0.092 - no semantic relation
Linear Algebra (Theory of Matrices) verification and reduction of higher degree polynomials,Kuhn-Tucker conditions,6.20N-B.E.-AI-DS.-Sem-III-IV.pdf,2013111,Mathematics for Computer Engineering,9,1,0,0.0756,0.0,Low sim=0.076 - no semantic relation
Linear Algebra (Theory of Matrices) verification and reduction of higher degree polynomials,Introduction to Congruence,6.20N-B.E.-AI-DS.-Sem-III-IV.pdf,2013111,Mathematics for Computer Engineering,10,1,0,0.0743,0.0,Low sim=0.074 - no semantic relation
Linear Algebra (Theory of Matrices) verification and reduction of higher degree polynomials,Linear congruence,6.20N-B.E.-AI-DS.-Sem-III-IV.pdf,2013111,Mathematics for Computer Engineering,11,1,0,0.2843,0.08333333333333333,"No prereq signal: sim=0.284, delta=11, kw=0.083"
Linear Algebra (Theory of Matrices) verification and reduction of higher degree polynomials,Application of congruence-RSA algorithm,6.20N-B.E.-AI-DS.-Sem-III-IV.pdf,2013111,Mathematics for Computer Engineering,12,1,0,0.1457,0.06666666666666667,Low sim=0.146 - no semantic relation
Linear Algebra (Theory of Matrices) verification and reduction of higher degree polynomials,Dirichlet’s conditions,6.20N-B.E.-AI-DS.-Sem-III-IV.pdf,2013111,Mathematics for Computer Engineering,13,1,0,-0.0551,0.0,Low sim=-0.055 - no semantic relation
Linear Algebra (Theory of Matrices) verification and reduction of higher degree polynomials,Fourier series of periodic,6.20N-B.E.-AI-DS.-Sem-III-IV.pdf,2013111,Mathematics for Computer Engineering,14,1,0,0.0501,0.07142857142857142,Low sim=0.050 - no semantic relation
Similarity of matrices,Quadratic forms,6.20N-B.E.-AI-DS.-Sem-III-IV.pdf,2013111,Mathematics for Computer Engineering,1,1,0,0.1835,0.0,"No prereq signal: sim=0.184, delta=1, kw=0.000"
Similarity of matrices,Linear and Non-Linear Programming Problems,6.20N-B.E.-AI-DS.-Sem-III-IV.pdf,2013111,Mathematics for Computer Engineering,2,1,0,0.0555,0.0,Low sim=0.056 - no semantic relation
Similarity of matrices,Types of solutions,6.20N-B.E.-AI-DS.-Sem-III-IV.pdf,2013111,Mathematics for Computer Engineering,3,1,0,0.0718,0.2,Low sim=0.072 - no semantic relation
Similarity of matrices,Standard and Canonical of LPP,6.20N-B.E.-AI-DS.-Sem-III-IV.pdf,2013111,Mathematics for Computer Engineering,4,1,0,0.0275,0.14285714285714285,Low sim=0.027 - no semantic relation
Similarity of matrices,Basic and Feasible solutions,6.20N-B.E.-AI-DS.-Sem-III-IV.pdf,2013111,Mathematics for Computer Engineering,5,1,0,0.057,0.0,Low sim=0.057 - no semantic relation
Similarity of matrices,Simplex method,6.20N-B.E.-AI-DS.-Sem-III-IV.pdf,2013111,Mathematics for Computer Engineering,6,1,0,0.0153,0.0,Low sim=0.015 - no semantic relation
Similarity of matrices,Artificial variables,6.20N-B.E.-AI-DS.-Sem-III-IV.pdf,2013111,Mathematics for Computer Engineering,7,1,0,-0.0045,0.0,Low sim=-0.004 - no semantic relation
Similarity of matrices,Kuhn-Tucker conditions,6.20N-B.E.-AI-DS.-Sem-III-IV.pdf,2013111,Mathematics for Computer Engineering,8,1,0,0.0595,0.0,Low sim=0.060 - no semantic relation
Similarity of matrices,Introduction to Congruence,6.20N-B.E.-AI-DS.-Sem-III-IV.pdf,2013111,Mathematics for Computer Engineering,9,1,0,0.0499,0.0,Low sim=0.050 - no semantic relation
Similarity of matrices,Linear congruence,6.20N-B.E.-AI-DS.-Sem-III-IV.pdf,2013111,Mathematics for Computer Engineering,10,1,0,0.1671,0.0,"No prereq signal: sim=0.167, delta=10, kw=0.000"
Similarity of matrices,Application of congruence-RSA algorithm,6.20N-B.E.-AI-DS.-Sem-III-IV.pdf,2013111,Mathematics for Computer Engineering,11,1,0,0.0755,0.14285714285714285,Low sim=0.075 - no semantic relation
Similarity of matrices,Dirichlet’s conditions,6.20N-B.E.-AI-DS.-Sem-III-IV.pdf,2013111,Mathematics for Computer Engineering,12,1,0,-0.0128,0.0,Low sim=-0.013 - no semantic relation
Similarity of matrices,Fourier series of periodic,6.20N-B.E.-AI-DS.-Sem-III-IV.pdf,2013111,Mathematics for Computer Engineering,13,1,0,0.0009,0.16666666666666666,Low sim=0.001 - no semantic relation
Similarity of matrices,Fourier series of even and odd functions,6.20N-B.E.-AI-DS.-Sem-III-IV.pdf,2013111,Mathematics for Computer Engineering,14,1,0,-0.0637,0.1111111111111111,Low sim=-0.064 - no semantic relation
Quadratic forms,Linear and Non-Linear Programming Problems,6.20N-B.E.-AI-DS.-Sem-III-IV.pdf,2013111,Mathematics for Computer Engineering,1,1,0,0.161,0.0,"No prereq signal: sim=0.161, delta=1, kw=0.000"
Quadratic forms,Types of solutions,6.20N-B.E.-AI-DS.-Sem-III-IV.pdf,2013111,Mathematics for Computer Engineering,2,1,1,0.2615,0.0,Adjacent same-course topics: delta=2 + sim=0.262
Quadratic forms,Standard and Canonical of LPP,6.20N-B.E.-AI-DS.-Sem-III-IV.pdf,2013111,Mathematics for Computer Engineering,3,1,0,0.1094,0.0,Low sim=0.109 - no semantic relation
Quadratic forms,Basic and Feasible solutions,6.20N-B.E.-AI-DS.-Sem-III-IV.pdf,2013111,Mathematics for Computer Engineering,4,1,0,0.226,0.0,"No prereq signal: sim=0.226, delta=4, kw=0.000"
Quadratic forms,Simplex method,6.20N-B.E.-AI-DS.-Sem-III-IV.pdf,2013111,Mathematics for Computer Engineering,5,1,0,0.1793,0.0,"No prereq signal: sim=0.179, delta=5, kw=0.000"
Quadratic forms,Artificial variables,6.20N-B.E.-AI-DS.-Sem-III-IV.pdf,2013111,Mathematics for Computer Engineering,6,1,0,0.1713,0.0,"No prereq signal: sim=0.171, delta=6, kw=0.000"
Quadratic forms,Kuhn-Tucker conditions,6.20N-B.E.-AI-DS.-Sem-III-IV.pdf,2013111,Mathematics for Computer Engineering,7,1,0,0.2002,0.0,"No prereq signal: sim=0.200, delta=7, kw=0.000"
Quadratic forms,Introduction to Congruence,6.20N-B.E.-AI-DS.-Sem-III-IV.pdf,2013111,Mathematics for Computer Engineering,8,1,0,0.2168,0.0,"No prereq signal: sim=0.217, delta=8, kw=0.000"
Quadratic forms,Linear congruence,6.20N-B.E.-AI-DS.-Sem-III-IV.pdf,2013111,Mathematics for Computer Engineering,9,1,0,0.2821,0.0,"No prereq signal: sim=0.282, delta=9, kw=0.000"
Quadratic forms,Application of congruence-RSA algorithm,6.20N-B.E.-AI-DS.-Sem-III-IV.pdf,2013111,Mathematics for Computer Engineering,10,1,0,0.1161,0.0,Low sim=0.116 - no semantic relation
Quadratic forms,Dirichlet’s conditions,6.20N-B.E.-AI-DS.-Sem-III-IV.pdf,2013111,Mathematics for Computer Engineering,11,1,0,0.1331,0.0,Low sim=0.133 - no semantic relation
Quadratic forms,Fourier series of periodic,6.20N-B.E.-AI-DS.-Sem-III-IV.pdf,2013111,Mathematics for Computer Engineering,12,1,0,0.0328,0.0,Low sim=0.033 - no semantic relation
Quadratic forms,Fourier series of even and odd functions,6.20N-B.E.-AI-DS.-Sem-III-IV.pdf,2013111,Mathematics for Computer Engineering,13,1,0,0.0468,0.0,Low sim=0.047 - no semantic relation
Quadratic forms,Complex form of Fourier Series,6.20N-B.E.-AI-DS.-Sem-III-IV.pdf,2013111,Mathematics for Computer Engineering,14,1,0,0.1998,0.0,delta=14>=12 + sim=0.200<0.45 - far + weakly related
Linear and Non-Linear Programming Problems,Types of solutions,6.20N-B.E.-AI-DS.-Sem-III-IV.pdf,2013111,Mathematics for Computer Engineering,1,1,1,0.2528,0.0,Adjacent same-course topics: delta=1 + sim=0.253
Linear and Non-Linear Programming Problems,Standard and Canonical of LPP,6.20N-B.E.-AI-DS.-Sem-III-IV.pdf,2013111,Mathematics for Computer Engineering,2,1,1,0.2497,0.1111111111111111,Adjacent same-course topics: delta=2 + sim=0.250
Linear and Non-Linear Programming Problems,Basic and Feasible solutions,6.20N-B.E.-AI-DS.-Sem-III-IV.pdf,2013111,Mathematics for Computer Engineering,3,1,1,0.575,0.125,sim=0.575>=0.45 + delta=3<=5
Linear and Non-Linear Programming Problems,Simplex method,6.20N-B.E.-AI-DS.-Sem-III-IV.pdf,2013111,Mathematics for Computer Engineering,4,1,0,0.2234,0.0,"No prereq signal: sim=0.223, delta=4, kw=0.000"
Linear and Non-Linear Programming Problems,Artificial variables,6.20N-B.E.-AI-DS.-Sem-III-IV.pdf,2013111,Mathematics for Computer Engineering,5,1,0,0.3948,0.0,"No prereq signal: sim=0.395, delta=5, kw=0.000"
Linear and Non-Linear Programming Problems,Kuhn-Tucker conditions,6.20N-B.E.-AI-DS.-Sem-III-IV.pdf,2013111,Mathematics for Computer Engineering,6,1,0,0.2473,0.0,"No prereq signal: sim=0.247, delta=6, kw=0.000"
Linear and Non-Linear Programming Problems,Introduction to Congruence,6.20N-B.E.-AI-DS.-Sem-III-IV.pdf,2013111,Mathematics for Computer Engineering,7,1,0,-0.0405,0.0,Low sim=-0.041 - no semantic relation
Linear and Non-Linear Programming Problems,Linear congruence,6.20N-B.E.-AI-DS.-Sem-III-IV.pdf,2013111,Mathematics for Computer Engineering,8,1,0,0.1338,0.16666666666666666,Low sim=0.134 - no semantic relation
Linear and Non-Linear Programming Problems,Application of congruence-RSA algorithm,6.20N-B.E.-AI-DS.-Sem-III-IV.pdf,2013111,Mathematics for Computer Engineering,9,1,0,0.0412,0.0,Low sim=0.041 - no semantic relation
Linear and Non-Linear Programming Problems,Dirichlet’s conditions,6.20N-B.E.-AI-DS.-Sem-III-IV.pdf,2013111,Mathematics for Computer Engineering,10,1,0,0.0428,0.0,Low sim=0.043 - no semantic relation
Linear and Non-Linear Programming Problems,Fourier series of periodic,6.20N-B.E.-AI-DS.-Sem-III-IV.pdf,2013111,Mathematics for Computer Engineering,11,1,0,-0.127,0.0,Low sim=-0.127 - no semantic relation
Linear and Non-Linear Programming Problems,Fourier series of even and odd functions,6.20N-B.E.-AI-DS.-Sem-III-IV.pdf,2013111,Mathematics for Computer Engineering,12,1,0,-0.0229,0.09090909090909091,Low sim=-0.023 - no semantic relation
Linear and Non-Linear Programming Problems,Complex form of Fourier Series,6.20N-B.E.-AI-DS.-Sem-III-IV.pdf,2013111,Mathematics for Computer Engineering,13,1,0,-0.13,0.0,Low sim=-0.130 - no semantic relation
Linear and Non-Linear Programming Problems,Lines of regression,6.20N-B.E.-AI-DS.-Sem-III-IV.pdf,2013111,Mathematics for Computer Engineering,14,1,0,0.2796,0.0,delta=14>=12 + sim=0.280<0.45 - far + weakly related
Types of solutions,Standard and Canonical of LPP,6.20N-B.E.-AI-DS.-Sem-III-IV.pdf,2013111,Mathematics for Computer Engineering,1,1,0,0.1217,0.14285714285714285,Low sim=0.122 - no semantic relation
Types of solutions,Basic and Feasible solutions,6.20N-B.E.-AI-DS.-Sem-III-IV.pdf,2013111,Mathematics for Computer Engineering,2,1,1,0.479,0.16666666666666666,sim=0.479>=0.45 + delta=2<=5
Types of solutions,Simplex method,6.20N-B.E.-AI-DS.-Sem-III-IV.pdf,2013111,Mathematics for Computer Engineering,3,1,0,0.1297,0.0,Low sim=0.130 - no semantic relation
Types of solutions,Artificial variables,6.20N-B.E.-AI-DS.-Sem-III-IV.pdf,2013111,Mathematics for Computer Engineering,4,1,1,0.2761,0.0,Foundational kw in A + sim=0.276 + delta=4
Types of solutions,Kuhn-Tucker conditions,6.20N-B.E.-AI-DS.-Sem-III-IV.pdf,2013111,Mathematics for Computer Engineering,5,1,0,0.1889,0.0,"No prereq signal: sim=0.189, delta=5, kw=0.000"
Types of solutions,Introduction to Congruence,6.20N-B.E.-AI-DS.-Sem-III-IV.pdf,2013111,Mathematics for Computer Engineering,6,1,0,0.0776,0.0,Low sim=0.078 - no semantic relation
Types of solutions,Linear congruence,6.20N-B.E.-AI-DS.-Sem-III-IV.pdf,2013111,Mathematics for Computer Engineering,7,1,0,0.1037,0.0,Low sim=0.104 - no semantic relation
Types of solutions,Application of congruence-RSA algorithm,6.20N-B.E.-AI-DS.-Sem-III-IV.pdf,2013111,Mathematics for Computer Engineering,8,1,0,0.0485,0.14285714285714285,Low sim=0.049 - no semantic relation
Types of solutions,Dirichlet’s conditions,6.20N-B.E.-AI-DS.-Sem-III-IV.pdf,2013111,Mathematics for Computer Engineering,9,1,0,0.1982,0.0,"No prereq signal: sim=0.198, delta=9, kw=0.000"
Types of solutions,Fourier series of periodic,6.20N-B.E.-AI-DS.-Sem-III-IV.pdf,2013111,Mathematics for Computer Engineering,10,1,0,0.0109,0.16666666666666666,Low sim=0.011 - no semantic relation
Types of solutions,Fourier series of even and odd functions,6.20N-B.E.-AI-DS.-Sem-III-IV.pdf,2013111,Mathematics for Computer Engineering,11,1,0,0.0343,0.1111111111111111,Low sim=0.034 - no semantic relation
Types of solutions,Complex form of Fourier Series,6.20N-B.E.-AI-DS.-Sem-III-IV.pdf,2013111,Mathematics for Computer Engineering,12,1,0,0.0521,0.14285714285714285,Low sim=0.052 - no semantic relation
Types of solutions,Lines of regression,6.20N-B.E.-AI-DS.-Sem-III-IV.pdf,2013111,Mathematics for Computer Engineering,13,1,0,0.1037,0.2,Low sim=0.104 - no semantic relation
Types of solutions,Moment generating function,6.20N-B.E.-AI-DS.-Sem-III-IV.pdf,2013111,Mathematics for Computer Engineering,14,1,0,0.0109,0.0,Low sim=0.011 - no semantic relation
Standard and Canonical of LPP,Basic and Feasible solutions,6.20N-B.E.-AI-DS.-Sem-III-IV.pdf,2013111,Mathematics for Computer Engineering,1,1,1,0.224,0.125,Adjacent same-course topics: delta=1 + sim=0.224
Standard and Canonical of LPP,Simplex method,6.20N-B.E.-AI-DS.-Sem-III-IV.pdf,2013111,Mathematics for Computer Engineering,2,1,0,0.1656,0.0,"No prereq signal: sim=0.166, delta=2, kw=0.000"
Standard and Canonical of LPP,Artificial variables,6.20N-B.E.-AI-DS.-Sem-III-IV.pdf,2013111,Mathematics for Computer Engineering,3,1,0,0.1601,0.0,"No prereq signal: sim=0.160, delta=3, kw=0.000"
Standard and Canonical of LPP,Kuhn-Tucker conditions,6.20N-B.E.-AI-DS.-Sem-III-IV.pdf,2013111,Mathematics for Computer Engineering,4,1,0,0.0818,0.0,Low sim=0.082 - no semantic relation
Standard and Canonical of LPP,Introduction to Congruence,6.20N-B.E.-AI-DS.-Sem-III-IV.pdf,2013111,Mathematics for Computer Engineering,5,1,0,0.0827,0.0,Low sim=0.083 - no semantic relation
Standard and Canonical of LPP,Linear congruence,6.20N-B.E.-AI-DS.-Sem-III-IV.pdf,2013111,Mathematics for Computer Engineering,6,1,0,0.1686,0.0,"No prereq signal: sim=0.169, delta=6, kw=0.000"
Standard and Canonical of LPP,Application of congruence-RSA algorithm,6.20N-B.E.-AI-DS.-Sem-III-IV.pdf,2013111,Mathematics for Computer Engineering,7,1,0,0.0824,0.1111111111111111,Low sim=0.082 - no semantic relation
Standard and Canonical of LPP,Dirichlet’s conditions,6.20N-B.E.-AI-DS.-Sem-III-IV.pdf,2013111,Mathematics for Computer Engineering,8,1,0,0.0865,0.0,Low sim=0.086 - no semantic relation
Standard and Canonical of LPP,Fourier series of periodic,6.20N-B.E.-AI-DS.-Sem-III-IV.pdf,2013111,Mathematics for Computer Engineering,9,1,0,-0.0222,0.125,Low sim=-0.022 - no semantic relation
Standard and Canonical of LPP,Fourier series of even and odd functions,6.20N-B.E.-AI-DS.-Sem-III-IV.pdf,2013111,Mathematics for Computer Engineering,10,1,0,0.0379,0.2,Low sim=0.038 - no semantic relation
Standard and Canonical of LPP,Complex form of Fourier Series,6.20N-B.E.-AI-DS.-Sem-III-IV.pdf,2013111,Mathematics for Computer Engineering,11,1,0,0.0169,0.1111111111111111,Low sim=0.017 - no semantic relation
Standard and Canonical of LPP,Lines of regression,6.20N-B.E.-AI-DS.-Sem-III-IV.pdf,2013111,Mathematics for Computer Engineering,12,1,0,0.1162,0.14285714285714285,Low sim=0.116 - no semantic relation
Standard and Canonical of LPP,Moment generating function,6.20N-B.E.-AI-DS.-Sem-III-IV.pdf,2013111,Mathematics for Computer Engineering,13,1,0,0.0601,0.0,Low sim=0.060 - no semantic relation
Standard and Canonical of LPP,Raw moments,6.20N-B.E.-AI-DS.-Sem-III-IV.pdf,2013111,Mathematics for Computer Engineering,14,1,0,0.0491,0.0,Low sim=0.049 - no semantic relation
Basic and Feasible solutions,Simplex method,6.20N-B.E.-AI-DS.-Sem-III-IV.pdf,2013111,Mathematics for Computer Engineering,1,1,1,0.33,0.0,Foundational kw in A + sim=0.330 + delta=1
Basic and Feasible solutions,Artificial variables,6.20N-B.E.-AI-DS.-Sem-III-IV.pdf,2013111,Mathematics for Computer Engineering,2,1,1,0.4269,0.0,Foundational kw in A + sim=0.427 + delta=2
Basic and Feasible solutions,Kuhn-Tucker conditions,6.20N-B.E.-AI-DS.-Sem-III-IV.pdf,2013111,Mathematics for Computer Engineering,3,1,1,0.2568,0.0,Foundational kw in A + sim=0.257 + delta=3
Basic and Feasible solutions,Introduction to Congruence,6.20N-B.E.-AI-DS.-Sem-III-IV.pdf,2013111,Mathematics for Computer Engineering,4,1,0,0.1335,0.0,Low sim=0.133 - no semantic relation
Basic and Feasible solutions,Linear congruence,6.20N-B.E.-AI-DS.-Sem-III-IV.pdf,2013111,Mathematics for Computer Engineering,5,1,0,0.1608,0.0,"No prereq signal: sim=0.161, delta=5, kw=0.000"
Basic and Feasible solutions,Application of congruence-RSA algorithm,6.20N-B.E.-AI-DS.-Sem-III-IV.pdf,2013111,Mathematics for Computer Engineering,6,1,0,0.1536,0.0,"No prereq signal: sim=0.154, delta=6, kw=0.000"
Basic and Feasible solutions,Dirichlet’s conditions,6.20N-B.E.-AI-DS.-Sem-III-IV.pdf,2013111,Mathematics for Computer Engineering,7,1,0,0.143,0.0,Low sim=0.143 - no semantic relation
Basic and Feasible solutions,Fourier series of periodic,6.20N-B.E.-AI-DS.-Sem-III-IV.pdf,2013111,Mathematics for Computer Engineering,8,1,0,-0.0731,0.0,Low sim=-0.073 - no semantic relation
Basic and Feasible solutions,Fourier series of even and odd functions,6.20N-B.E.-AI-DS.-Sem-III-IV.pdf,2013111,Mathematics for Computer Engineering,9,1,0,-0.0582,0.1,Low sim=-0.058 - no semantic relation
Basic and Feasible solutions,Complex form of Fourier Series,6.20N-B.E.-AI-DS.-Sem-III-IV.pdf,2013111,Mathematics for Computer Engineering,10,1,0,-0.0442,0.0,Low sim=-0.044 - no semantic relation
Basic and Feasible solutions,Lines of regression,6.20N-B.E.-AI-DS.-Sem-III-IV.pdf,2013111,Mathematics for Computer Engineering,11,1,0,0.1566,0.0,"No prereq signal: sim=0.157, delta=11, kw=0.000"
Basic and Feasible solutions,Moment generating function,6.20N-B.E.-AI-DS.-Sem-III-IV.pdf,2013111,Mathematics for Computer Engineering,12,1,0,0.0337,0.0,Low sim=0.034 - no semantic relation
Basic and Feasible solutions,Raw moments,6.20N-B.E.-AI-DS.-Sem-III-IV.pdf,2013111,Mathematics for Computer Engineering,13,1,0,0.0636,0.0,Low sim=0.064 - no semantic relation
Simplex method,Artificial variables,6.20N-B.E.-AI-DS.-Sem-III-IV.pdf,2013111,Mathematics for Computer Engineering,1,1,1,0.267,0.0,Adjacent same-course topics: delta=1 + sim=0.267
Simplex method,Kuhn-Tucker conditions,6.20N-B.E.-AI-DS.-Sem-III-IV.pdf,2013111,Mathematics for Computer Engineering,2,1,0,0.0561,0.0,Low sim=0.056 - no semantic relation
Simplex method,Introduction to Congruence,6.20N-B.E.-AI-DS.-Sem-III-IV.pdf,2013111,Mathematics for Computer Engineering,3,1,0,0.0279,0.0,Low sim=0.028 - no semantic relation
Simplex method,Linear congruence,6.20N-B.E.-AI-DS.-Sem-III-IV.pdf,2013111,Mathematics for Computer Engineering,4,1,0,0.1412,0.0,Low sim=0.141 - no semantic relation
Simplex method,Application of congruence-RSA algorithm,6.20N-B.E.-AI-DS.-Sem-III-IV.pdf,2013111,Mathematics for Computer Engineering,5,1,0,0.155,0.0,"No prereq signal: sim=0.155, delta=5, kw=0.000"
Simplex method,Dirichlet’s conditions,6.20N-B.E.-AI-DS.-Sem-III-IV.pdf,2013111,Mathematics for Computer Engineering,6,1,0,-0.0792,0.0,Low sim=-0.079 - no semantic relation
Simplex method,Fourier series of periodic,6.20N-B.E.-AI-DS.-Sem-III-IV.pdf,2013111,Mathematics for Computer Engineering,7,1,0,0.0877,0.0,Low sim=0.088 - no semantic relation
Simplex method,Fourier series of even and odd functions,6.20N-B.E.-AI-DS.-Sem-III-IV.pdf,2013111,Mathematics for Computer Engineering,8,1,0,0.1592,0.0,"No prereq signal: sim=0.159, delta=8, kw=0.000"
Simplex method,Complex form of Fourier Series,6.20N-B.E.-AI-DS.-Sem-III-IV.pdf,2013111,Mathematics for Computer Engineering,9,1,0,0.0717,0.0,Low sim=0.072 - no semantic relation
Simplex method,Lines of regression,6.20N-B.E.-AI-DS.-Sem-III-IV.pdf,2013111,Mathematics for Computer Engineering,10,1,0,0.1042,0.0,Low sim=0.104 - no semantic relation
Simplex method,Moment generating function,6.20N-B.E.-AI-DS.-Sem-III-IV.pdf,2013111,Mathematics for Computer Engineering,11,1,0,0.096,0.0,Low sim=0.096 - no semantic relation
Simplex method,Raw moments,6.20N-B.E.-AI-DS.-Sem-III-IV.pdf,2013111,Mathematics for Computer Engineering,12,1,0,0.0617,0.0,Low sim=0.062 - no semantic relation
Artificial variables,Kuhn-Tucker conditions,6.20N-B.E.-AI-DS.-Sem-III-IV.pdf,2013111,Mathematics for Computer Engineering,1,1,1,0.208,0.0,Adjacent same-course topics: delta=1 + sim=0.208
Artificial variables,Introduction to Congruence,6.20N-B.E.-AI-DS.-Sem-III-IV.pdf,2013111,Mathematics for Computer Engineering,2,1,0,0.0703,0.0,Low sim=0.070 - no semantic relation
Artificial variables,Linear congruence,6.20N-B.E.-AI-DS.-Sem-III-IV.pdf,2013111,Mathematics for Computer Engineering,3,1,0,0.0242,0.0,Low sim=0.024 - no semantic relation
Artificial variables,Application of congruence-RSA algorithm,6.20N-B.E.-AI-DS.-Sem-III-IV.pdf,2013111,Mathematics for Computer Engineering,4,1,0,0.1005,0.0,Low sim=0.101 - no semantic relation
Artificial variables,Dirichlet’s conditions,6.20N-B.E.-AI-DS.-Sem-III-IV.pdf,2013111,Mathematics for Computer Engineering,5,1,0,0.0852,0.0,Low sim=0.085 - no semantic relation
Artificial variables,Fourier series of periodic,6.20N-B.E.-AI-DS.-Sem-III-IV.pdf,2013111,Mathematics for Computer Engineering,6,1,0,-0.0556,0.0,Low sim=-0.056 - no semantic relation
Artificial variables,Fourier series of even and odd functions,6.20N-B.E.-AI-DS.-Sem-III-IV.pdf,2013111,Mathematics for Computer Engineering,7,1,0,-0.0434,0.0,Low sim=-0.043 - no semantic relation
Artificial variables,Complex form of Fourier Series,6.20N-B.E.-AI-DS.-Sem-III-IV.pdf,2013111,Mathematics for Computer Engineering,8,1,0,0.0469,0.0,Low sim=0.047 - no semantic relation
Artificial variables,Lines of regression,6.20N-B.E.-AI-DS.-Sem-III-IV.pdf,2013111,Mathematics for Computer Engineering,9,1,0,0.3424,0.0,"No prereq signal: sim=0.342, delta=9, kw=0.000"
Artificial variables,Moment generating function,6.20N-B.E.-AI-DS.-Sem-III-IV.pdf,2013111,Mathematics for Computer Engineering,10,1,0,0.1467,0.0,Low sim=0.147 - no semantic relation
Artificial variables,Raw moments,6.20N-B.E.-AI-DS.-Sem-III-IV.pdf,2013111,Mathematics for Computer Engineering,11,1,0,0.121,0.0,Low sim=0.121 - no semantic relation
Kuhn-Tucker conditions,Introduction to Congruence,6.20N-B.E.-AI-DS.-Sem-III-IV.pdf,2013111,Mathematics for Computer Engineering,1,1,0,0.0039,0.0,Low sim=0.004 - no semantic relation
Kuhn-Tucker conditions,Linear congruence,6.20N-B.E.-AI-DS.-Sem-III-IV.pdf,2013111,Mathematics for Computer Engineering,2,1,0,-0.0388,0.0,Low sim=-0.039 - no semantic relation
Kuhn-Tucker conditions,Application of congruence-RSA algorithm,6.20N-B.E.-AI-DS.-Sem-III-IV.pdf,2013111,Mathematics for Computer Engineering,3,1,0,-0.0484,0.0,Low sim=-0.048 - no semantic relation
Kuhn-Tucker conditions,Dirichlet’s conditions,6.20N-B.E.-AI-DS.-Sem-III-IV.pdf,2013111,Mathematics for Computer Engineering,4,1,0,0.4166,0.2,"No prereq signal: sim=0.417, delta=4, kw=0.200"
Kuhn-Tucker conditions,Fourier series of periodic,6.20N-B.E.-AI-DS.-Sem-III-IV.pdf,2013111,Mathematics for Computer Engineering,5,1,0,-0.0291,0.0,Low sim=-0.029 - no semantic relation
Kuhn-Tucker conditions,Fourier series of even and odd functions,6.20N-B.E.-AI-DS.-Sem-III-IV.pdf,2013111,Mathematics for Computer Engineering,6,1,0,0.0022,0.0,Low sim=0.002 - no semantic relation
Kuhn-Tucker conditions,Complex form of Fourier Series,6.20N-B.E.-AI-DS.-Sem-III-IV.pdf,2013111,Mathematics for Computer Engineering,7,1,0,0.057,0.0,Low sim=0.057 - no semantic relation
Kuhn-Tucker conditions,Lines of regression,6.20N-B.E.-AI-DS.-Sem-III-IV.pdf,2013111,Mathematics for Computer Engineering,8,1,0,0.0916,0.0,Low sim=0.092 - no semantic relation
Kuhn-Tucker conditions,Moment generating function,6.20N-B.E.-AI-DS.-Sem-III-IV.pdf,2013111,Mathematics for Computer Engineering,9,1,0,0.0264,0.0,Low sim=0.026 - no semantic relation
Kuhn-Tucker conditions,Raw moments,6.20N-B.E.-AI-DS.-Sem-III-IV.pdf,2013111,Mathematics for Computer Engineering,10,1,0,0.1,0.0,Low sim=0.100 - no semantic relation
Introduction to Congruence,Linear congruence,6.20N-B.E.-AI-DS.-Sem-III-IV.pdf,2013111,Mathematics for Computer Engineering,1,1,1,0.6781,0.25,High sim=0.678 + delta=1
Introduction to Congruence,Application of congruence-RSA algorithm,6.20N-B.E.-AI-DS.-Sem-III-IV.pdf,2013111,Mathematics for Computer Engineering,2,1,1,0.6881,0.14285714285714285,High sim=0.688 + delta=2
Introduction to Congruence,Dirichlet’s conditions,6.20N-B.E.-AI-DS.-Sem-III-IV.pdf,2013111,Mathematics for Computer Engineering,3,1,0,0.1547,0.0,"No prereq signal: sim=0.155, delta=3, kw=0.000"
Introduction to Congruence,Fourier series of periodic,6.20N-B.E.-AI-DS.-Sem-III-IV.pdf,2013111,Mathematics for Computer Engineering,4,1,0,0.1555,0.0,"No prereq signal: sim=0.155, delta=4, kw=0.000"
Introduction to Congruence,Fourier series of even and odd functions,6.20N-B.E.-AI-DS.-Sem-III-IV.pdf,2013111,Mathematics for Computer Engineering,5,1,0,0.0929,0.0,Low sim=0.093 - no semantic relation
Introduction to Congruence,Complex form of Fourier Series,6.20N-B.E.-AI-DS.-Sem-III-IV.pdf,2013111,Mathematics for Computer Engineering,6,1,0,0.0916,0.0,Low sim=0.092 - no semantic relation
Introduction to Congruence,Lines of regression,6.20N-B.E.-AI-DS.-Sem-III-IV.pdf,2013111,Mathematics for Computer Engineering,7,1,0,0.0511,0.0,Low sim=0.051 - no semantic relation
Introduction to Congruence,Moment generating function,6.20N-B.E.-AI-DS.-Sem-III-IV.pdf,2013111,Mathematics for Computer Engineering,8,1,0,0.0546,0.0,Low sim=0.055 - no semantic relation
Introduction to Congruence,Raw moments,6.20N-B.E.-AI-DS.-Sem-III-IV.pdf,2013111,Mathematics for Computer Engineering,9,1,0,0.0832,0.0,Low sim=0.083 - no semantic relation
Linear congruence,Application of congruence-RSA algorithm,6.20N-B.E.-AI-DS.-Sem-III-IV.pdf,2013111,Mathematics for Computer Engineering,1,1,1,0.5786,0.16666666666666666,sim=0.579>=0.45 + delta=1<=5
Linear congruence,Dirichlet’s conditions,6.20N-B.E.-AI-DS.-Sem-III-IV.pdf,2013111,Mathematics for Computer Engineering,2,1,0,0.027,0.0,Low sim=0.027 - no semantic relation
Linear congruence,Fourier series of periodic,6.20N-B.E.-AI-DS.-Sem-III-IV.pdf,2013111,Mathematics for Computer Engineering,3,1,0,0.1968,0.0,"No prereq signal: sim=0.197, delta=3, kw=0.000"
Linear congruence,Fourier series of even and odd functions,6.20N-B.E.-AI-DS.-Sem-III-IV.pdf,2013111,Mathematics for Computer Engineering,4,1,0,0.0794,0.0,Low sim=0.079 - no semantic relation
Linear congruence,Complex form of Fourier Series,6.20N-B.E.-AI-DS.-Sem-III-IV.pdf,2013111,Mathematics for Computer Engineering,5,1,0,0.0738,0.0,Low sim=0.074 - no semantic relation
Linear congruence,Lines of regression,6.20N-B.E.-AI-DS.-Sem-III-IV.pdf,2013111,Mathematics for Computer Engineering,6,1,0,0.129,0.0,Low sim=0.129 - no semantic relation
Linear congruence,Moment generating function,6.20N-B.E.-AI-DS.-Sem-III-IV.pdf,2013111,Mathematics for Computer Engineering,7,1,0,0.0302,0.0,Low sim=0.030 - no semantic relation
Linear congruence,Raw moments,6.20N-B.E.-AI-DS.-Sem-III-IV.pdf,2013111,Mathematics for Computer Engineering,8,1,0,-0.0164,0.0,Low sim=-0.016 - no semantic relation
Application of congruence-RSA algorithm,Dirichlet’s conditions,6.20N-B.E.-AI-DS.-Sem-III-IV.pdf,2013111,Mathematics for Computer Engineering,1,1,0,0.0264,0.0,Low sim=0.026 - no semantic relation
Application of congruence-RSA algorithm,Fourier series of periodic,6.20N-B.E.-AI-DS.-Sem-III-IV.pdf,2013111,Mathematics for Computer Engineering,2,1,0,0.1624,0.125,"No prereq signal: sim=0.162, delta=2, kw=0.125"
Application of congruence-RSA algorithm,Fourier series of even and odd functions,6.20N-B.E.-AI-DS.-Sem-III-IV.pdf,2013111,Mathematics for Computer Engineering,3,1,0,0.0774,0.09090909090909091,Low sim=0.077 - no semantic relation
Application of congruence-RSA algorithm,Complex form of Fourier Series,6.20N-B.E.-AI-DS.-Sem-III-IV.pdf,2013111,Mathematics for Computer Engineering,4,1,0,0.1121,0.1111111111111111,Low sim=0.112 - no semantic relation
Application of congruence-RSA algorithm,Lines of regression,6.20N-B.E.-AI-DS.-Sem-III-IV.pdf,2013111,Mathematics for Computer Engineering,5,1,0,0.0278,0.14285714285714285,Low sim=0.028 - no semantic relation
Application of congruence-RSA algorithm,Moment generating function,6.20N-B.E.-AI-DS.-Sem-III-IV.pdf,2013111,Mathematics for Computer Engineering,6,1,0,0.1798,0.0,"No prereq signal: sim=0.180, delta=6, kw=0.000"
Application of congruence-RSA algorithm,Raw moments,6.20N-B.E.-AI-DS.-Sem-III-IV.pdf,2013111,Mathematics for Computer Engineering,7,1,0,0.0321,0.0,Low sim=0.032 - no semantic relation
Dirichlet’s conditions,Fourier series of periodic,6.20N-B.E.-AI-DS.-Sem-III-IV.pdf,2013111,Mathematics for Computer Engineering,1,1,0,0.1715,0.0,"No prereq signal: sim=0.171, delta=1, kw=0.000"
Dirichlet’s conditions,Fourier series of even and odd functions,6.20N-B.E.-AI-DS.-Sem-III-IV.pdf,2013111,Mathematics for Computer Engineering,2,1,0,0.1507,0.0,"No prereq signal: sim=0.151, delta=2, kw=0.000"
Dirichlet’s conditions,Complex form of Fourier Series,6.20N-B.E.-AI-DS.-Sem-III-IV.pdf,2013111,Mathematics for Computer Engineering,3,1,0,0.1255,0.0,Low sim=0.125 - no semantic relation
Dirichlet’s conditions,Lines of regression,6.20N-B.E.-AI-DS.-Sem-III-IV.pdf,2013111,Mathematics for Computer Engineering,4,1,0,0.0011,0.0,Low sim=0.001 - no semantic relation
Dirichlet’s conditions,Moment generating function,6.20N-B.E.-AI-DS.-Sem-III-IV.pdf,2013111,Mathematics for Computer Engineering,5,1,0,-0.0091,0.0,Low sim=-0.009 - no semantic relation
Dirichlet’s conditions,Raw moments,6.20N-B.E.-AI-DS.-Sem-III-IV.pdf,2013111,Mathematics for Computer Engineering,6,1,0,0.1015,0.0,Low sim=0.101 - no semantic relation
Fourier series of periodic,Fourier series of even and odd functions,6.20N-B.E.-AI-DS.-Sem-III-IV.pdf,2013111,Mathematics for Computer Engineering,1,1,1,0.7024,0.375,High sim=0.702 + delta=1
Fourier series of periodic,Complex form of Fourier Series,6.20N-B.E.-AI-DS.-Sem-III-IV.pdf,2013111,Mathematics for Computer Engineering,2,1,1,0.7343,0.5,High sim=0.734 + delta=2
Fourier series of periodic,Lines of regression,6.20N-B.E.-AI-DS.-Sem-III-IV.pdf,2013111,Mathematics for Computer Engineering,3,1,0,-0.0031,0.16666666666666666,Low sim=-0.003 - no semantic relation
Fourier series of periodic,Moment generating function,6.20N-B.E.-AI-DS.-Sem-III-IV.pdf,2013111,Mathematics for Computer Engineering,4,1,0,0.1743,0.0,"No prereq signal: sim=0.174, delta=4, kw=0.000"
Fourier series of periodic,Raw moments,6.20N-B.E.-AI-DS.-Sem-III-IV.pdf,2013111,Mathematics for Computer Engineering,5,1,0,-0.0189,0.0,Low sim=-0.019 - no semantic relation
Fourier series of even and odd functions,Complex form of Fourier Series,6.20N-B.E.-AI-DS.-Sem-III-IV.pdf,2013111,Mathematics for Computer Engineering,1,1,1,0.6314,0.3333333333333333,High sim=0.631 + delta=1
Fourier series of even and odd functions,Lines of regression,6.20N-B.E.-AI-DS.-Sem-III-IV.pdf,2013111,Mathematics for Computer Engineering,2,1,0,-0.005,0.1111111111111111,Low sim=-0.005 - no semantic relation
Fourier series of even and odd functions,Moment generating function,6.20N-B.E.-AI-DS.-Sem-III-IV.pdf,2013111,Mathematics for Computer Engineering,3,1,0,0.1755,0.0,"No prereq signal: sim=0.176, delta=3, kw=0.000"
Fourier series of even and odd functions,Raw moments,6.20N-B.E.-AI-DS.-Sem-III-IV.pdf,2013111,Mathematics for Computer Engineering,4,1,0,0.0454,0.0,Low sim=0.045 - no semantic relation
Complex form of Fourier Series,Lines of regression,6.20N-B.E.-AI-DS.-Sem-III-IV.pdf,2013111,Mathematics for Computer Engineering,1,1,0,0.0088,0.14285714285714285,Low sim=0.009 - no semantic relation
Complex form of Fourier Series,Moment generating function,6.20N-B.E.-AI-DS.-Sem-III-IV.pdf,2013111,Mathematics for Computer Engineering,2,1,1,0.2589,0.0,Adjacent same-course topics: delta=2 + sim=0.259
Complex form of Fourier Series,Raw moments,6.20N-B.E.-AI-DS.-Sem-III-IV.pdf,2013111,Mathematics for Computer Engineering,3,1,0,0.0211,0.0,Low sim=0.021 - no semantic relation
Lines of regression,Moment generating function,6.20N-B.E.-AI-DS.-Sem-III-IV.pdf,2013111,Mathematics for Computer Engineering,1,1,0,0.0172,0.0,Low sim=0.017 - no semantic relation
Lines of regression,Raw moments,6.20N-B.E.-AI-DS.-Sem-III-IV.pdf,2013111,Mathematics for Computer Engineering,2,1,0,0.0828,0.0,Low sim=0.083 - no semantic relation
Moment generating function,Raw moments,6.20N-B.E.-AI-DS.-Sem-III-IV.pdf,2013111,Mathematics for Computer Engineering,1,1,1,0.4099,0.0,Adjacent same-course topics: delta=1 + sim=0.410
Regular operations,Arden's theorem,6.20N-B.E.-AI-DS.-Sem-III-IV.pdf,2014111,Computational,1,1,1,0.2053,0.0,Adjacent same-course topics: delta=1 + sim=0.205
Regular operations,Decision properties of RLs,6.20N-B.E.-AI-DS.-Sem-III-IV.pdf,2014111,Computational,2,1,0,0.1942,0.0,"No prereq signal: sim=0.194, delta=2, kw=0.000"
Regular operations,Pumping lemma,6.20N-B.E.-AI-DS.-Sem-III-IV.pdf,2014111,Computational,3,1,0,0.1283,0.0,Low sim=0.128 - no semantic relation
Regular operations,RE in text search and replace,6.20N-B.E.-AI-DS.-Sem-III-IV.pdf,2014111,Computational,4,1,0,0.178,0.0,"No prereq signal: sim=0.178, delta=4, kw=0.000"
Regular operations,Application of Regular,6.20N-B.E.-AI-DS.-Sem-III-IV.pdf,2014111,Computational,5,1,1,0.6872,0.25,High sim=0.687 + delta=5
Regular operations,Languages in Compiler Design,6.20N-B.E.-AI-DS.-Sem-III-IV.pdf,2014111,Computational,6,1,0,0.2045,0.0,"No prereq signal: sim=0.205, delta=6, kw=0.000"
Regular operations,Nondeterministic Finite Automata (NFA): Definitions,6.20N-B.E.-AI-DS.-Sem-III-IV.pdf,2014111,Computational,7,1,0,0.2046,0.0,"No prereq signal: sim=0.205, delta=7, kw=0.000"
Regular operations,Equivalence between NFA with and ϵ- transitions,6.20N-B.E.-AI-DS.-Sem-III-IV.pdf,2014111,Computational,8,1,0,0.0974,0.0,Low sim=0.097 - no semantic relation
Regular operations,Minimization of DFA,6.20N-B.E.-AI-DS.-Sem-III-IV.pdf,2014111,Computational,9,1,0,0.2333,0.0,"No prereq signal: sim=0.233, delta=9, kw=0.000"
Arden's theorem,Decision properties of RLs,6.20N-B.E.-AI-DS.-Sem-III-IV.pdf,2014111,Computational,1,1,0,0.0956,0.0,Low sim=0.096 - no semantic relation
Arden's theorem,Pumping lemma,6.20N-B.E.-AI-DS.-Sem-III-IV.pdf,2014111,Computational,2,1,1,0.3108,0.0,Adjacent same-course topics: delta=2 + sim=0.311
Arden's theorem,RE in text search and replace,6.20N-B.E.-AI-DS.-Sem-III-IV.pdf,2014111,Computational,3,1,0,0.0297,0.0,Low sim=0.030 - no semantic relation
Arden's theorem,Application of Regular,6.20N-B.E.-AI-DS.-Sem-III-IV.pdf,2014111,Computational,4,1,0,0.2475,0.0,"No prereq signal: sim=0.248, delta=4, kw=0.000"
Arden's theorem,Languages in Compiler Design,6.20N-B.E.-AI-DS.-Sem-III-IV.pdf,2014111,Computational,5,1,0,0.0519,0.0,Low sim=0.052 - no semantic relation
Arden's theorem,Nondeterministic Finite Automata (NFA): Definitions,6.20N-B.E.-AI-DS.-Sem-III-IV.pdf,2014111,Computational,6,1,0,0.074,0.0,Low sim=0.074 - no semantic relation
Arden's theorem,Equivalence between NFA with and ϵ- transitions,6.20N-B.E.-AI-DS.-Sem-III-IV.pdf,2014111,Computational,7,1,0,0.1255,0.0,Low sim=0.125 - no semantic relation
Arden's theorem,Minimization of DFA,6.20N-B.E.-AI-DS.-Sem-III-IV.pdf,2014111,Computational,8,1,0,0.0896,0.0,Low sim=0.090 - no semantic relation
Decision properties of RLs,Pumping lemma,6.20N-B.E.-AI-DS.-Sem-III-IV.pdf,2014111,Computational,1,1,0,0.0197,0.0,Low sim=0.020 - no semantic relation
Decision properties of RLs,RE in text search and replace,6.20N-B.E.-AI-DS.-Sem-III-IV.pdf,2014111,Computational,2,1,0,0.032,0.0,Low sim=0.032 - no semantic relation
Decision properties of RLs,Application of Regular,6.20N-B.E.-AI-DS.-Sem-III-IV.pdf,2014111,Computational,3,1,0,0.1588,0.16666666666666666,"No prereq signal: sim=0.159, delta=3, kw=0.167"
Decision properties of RLs,Languages in Compiler Design,6.20N-B.E.-AI-DS.-Sem-III-IV.pdf,2014111,Computational,4,1,0,0.1739,0.0,"No prereq signal: sim=0.174, delta=4, kw=0.000"
Decision properties of RLs,Nondeterministic Finite Automata (NFA): Definitions,6.20N-B.E.-AI-DS.-Sem-III-IV.pdf,2014111,Computational,5,1,0,0.2488,0.0,"No prereq signal: sim=0.249, delta=5, kw=0.000"
Decision properties of RLs,Equivalence between NFA with and ϵ- transitions,6.20N-B.E.-AI-DS.-Sem-III-IV.pdf,2014111,Computational,6,1,0,0.1531,0.0,"No prereq signal: sim=0.153, delta=6, kw=0.000"
Decision properties of RLs,Minimization of DFA,6.20N-B.E.-AI-DS.-Sem-III-IV.pdf,2014111,Computational,7,1,0,0.1913,0.16666666666666666,"No prereq signal: sim=0.191, delta=7, kw=0.167"
Pumping lemma,RE in text search and replace,6.20N-B.E.-AI-DS.-Sem-III-IV.pdf,2014111,Computational,1,1,0,0.1683,0.0,"No prereq signal: sim=0.168, delta=1, kw=0.000"
Pumping lemma,Application of Regular,6.20N-B.E.-AI-DS.-Sem-III-IV.pdf,2014111,Computational,2,1,1,0.2143,0.0,Adjacent same-course topics: delta=2 + sim=0.214
Pumping lemma,Languages in Compiler Design,6.20N-B.E.-AI-DS.-Sem-III-IV.pdf,2014111,Computational,3,1,0,0.2239,0.0,"No prereq signal: sim=0.224, delta=3, kw=0.000"
Pumping lemma,Nondeterministic Finite Automata (NFA): Definitions,6.20N-B.E.-AI-DS.-Sem-III-IV.pdf,2014111,Computational,4,1,0,0.1155,0.0,Low sim=0.116 - no semantic relation
Pumping lemma,Equivalence between NFA with and ϵ- transitions,6.20N-B.E.-AI-DS.-Sem-III-IV.pdf,2014111,Computational,5,1,0,0.1623,0.0,"No prereq signal: sim=0.162, delta=5, kw=0.000"
Pumping lemma,Minimization of DFA,6.20N-B.E.-AI-DS.-Sem-III-IV.pdf,2014111,Computational,6,1,0,0.1527,0.0,"No prereq signal: sim=0.153, delta=6, kw=0.000"
RE in text search and replace,Application of Regular,6.20N-B.E.-AI-DS.-Sem-III-IV.pdf,2014111,Computational,1,1,0,0.1369,0.0,Low sim=0.137 - no semantic relation
RE in text search and replace,Languages in Compiler Design,6.20N-B.E.-AI-DS.-Sem-III-IV.pdf,2014111,Computational,2,1,0,0.0087,0.1111111111111111,Low sim=0.009 - no semantic relation
RE in text search and replace,Nondeterministic Finite Automata (NFA): Definitions,6.20N-B.E.-AI-DS.-Sem-III-IV.pdf,2014111,Computational,3,1,0,0.0547,0.0,Low sim=0.055 - no semantic relation
RE in text search and replace,Equivalence between NFA with and ϵ- transitions,6.20N-B.E.-AI-DS.-Sem-III-IV.pdf,2014111,Computational,4,1,0,0.0344,0.08333333333333333,Low sim=0.034 - no semantic relation
RE in text search and replace,Minimization of DFA,6.20N-B.E.-AI-DS.-Sem-III-IV.pdf,2014111,Computational,5,1,0,0.056,0.0,Low sim=0.056 - no semantic relation
Application of Regular,Languages in Compiler Design,6.20N-B.E.-AI-DS.-Sem-III-IV.pdf,2014111,Computational,1,1,0,0.127,0.0,Low sim=0.127 - no semantic relation
Application of Regular,Nondeterministic Finite Automata (NFA): Definitions,6.20N-B.E.-AI-DS.-Sem-III-IV.pdf,2014111,Computational,2,1,1,0.2048,0.0,Adjacent same-course topics: delta=2 + sim=0.205
Application of Regular,Equivalence between NFA with and ϵ- transitions,6.20N-B.E.-AI-DS.-Sem-III-IV.pdf,2014111,Computational,3,1,0,0.1411,0.0,Low sim=0.141 - no semantic relation
Application of Regular,Minimization of DFA,6.20N-B.E.-AI-DS.-Sem-III-IV.pdf,2014111,Computational,4,1,0,0.289,0.2,"No prereq signal: sim=0.289, delta=4, kw=0.200"
Languages in Compiler Design,Nondeterministic Finite Automata (NFA): Definitions,6.20N-B.E.-AI-DS.-Sem-III-IV.pdf,2014111,Computational,1,1,1,0.2147,0.0,Adjacent same-course topics: delta=1 + sim=0.215
Languages in Compiler Design,Equivalence between NFA with and ϵ- transitions,6.20N-B.E.-AI-DS.-Sem-III-IV.pdf,2014111,Computational,2,1,0,0.1073,0.0,Low sim=0.107 - no semantic relation
Languages in Compiler Design,Minimization of DFA,6.20N-B.E.-AI-DS.-Sem-III-IV.pdf,2014111,Computational,3,1,0,0.146,0.0,Low sim=0.146 - no semantic relation
Nondeterministic Finite Automata (NFA): Definitions,Equivalence between NFA with and ϵ- transitions,6.20N-B.E.-AI-DS.-Sem-III-IV.pdf,2014111,Computational,1,1,1,0.5904,0.09090909090909091,sim=0.590>=0.45 + delta=1<=5
Nondeterministic Finite Automata (NFA): Definitions,Minimization of DFA,6.20N-B.E.-AI-DS.-Sem-III-IV.pdf,2014111,Computational,2,1,1,0.5158,0.0,sim=0.516>=0.45 + delta=2<=5
Equivalence between NFA with and ϵ- transitions,Minimization of DFA,6.20N-B.E.-AI-DS.-Sem-III-IV.pdf,2014111,Computational,1,1,1,0.4193,0.0,Adjacent same-course topics: delta=1 + sim=0.419
Special-purpose,Open-source and Proprietary Operating System,6.20N-B.E.-AI-DS.-Sem-III-IV.pdf,2014113,Operating System,1,1,0,0.1526,0.0,"No prereq signal: sim=0.153, delta=1, kw=0.000"
Special-purpose,Fundamentals of Distributed Operating System,6.20N-B.E.-AI-DS.-Sem-III-IV.pdf,2014113,Operating System,2,1,0,0.1752,0.0,"No prereq signal: sim=0.175, delta=2, kw=0.000"
Special-purpose,Network Operating System,6.20N-B.E.-AI-DS.-Sem-III-IV.pdf,2014113,Operating System,3,1,0,0.1191,0.0,Low sim=0.119 - no semantic relation
Special-purpose,Real-Time,6.20N-B.E.-AI-DS.-Sem-III-IV.pdf,2014113,Operating System,4,1,0,0.2769,0.0,"No prereq signal: sim=0.277, delta=4, kw=0.000"
Special-purpose,Mobile Operating System,6.20N-B.E.-AI-DS.-Sem-III-IV.pdf,2014113,Operating System,5,1,0,0.1539,0.0,"No prereq signal: sim=0.154, delta=5, kw=0.000"
Special-purpose,Special-purpose Operating Systems,6.20N-B.E.-AI-DS.-Sem-III-IV.pdf,2014113,Operating System,6,1,1,0.5603,0.5,Lexical containment + delta=6
Open-source and Proprietary Operating System,Fundamentals of Distributed Operating System,6.20N-B.E.-AI-DS.-Sem-III-IV.pdf,2014113,Operating System,1,1,1,0.5654,0.2222222222222222,sim=0.565>=0.45 + delta=1<=5
Open-source and Proprietary Operating System,Network Operating System,6.20N-B.E.-AI-DS.-Sem-III-IV.pdf,2014113,Operating System,2,1,1,0.5509,0.2857142857142857,sim=0.551>=0.45 + delta=2<=5
Open-source and Proprietary Operating System,Real-Time,6.20N-B.E.-AI-DS.-Sem-III-IV.pdf,2014113,Operating System,3,1,0,0.2827,0.0,"No prereq signal: sim=0.283, delta=3, kw=0.000"
Open-source and Proprietary Operating System,Mobile Operating System,6.20N-B.E.-AI-DS.-Sem-III-IV.pdf,2014113,Operating System,4,1,1,0.531,0.2857142857142857,sim=0.531>=0.45 + delta=4<=5
Open-source and Proprietary Operating System,Special-purpose Operating Systems,6.20N-B.E.-AI-DS.-Sem-III-IV.pdf,2014113,Operating System,5,1,1,0.6814,0.1111111111111111,High sim=0.681 + delta=5
Fundamentals of Distributed Operating System,Network Operating System,6.20N-B.E.-AI-DS.-Sem-III-IV.pdf,2014113,Operating System,1,1,1,0.647,0.3333333333333333,High sim=0.647 + delta=1
Fundamentals of Distributed Operating System,Real-Time,6.20N-B.E.-AI-DS.-Sem-III-IV.pdf,2014113,Operating System,2,1,1,0.2594,0.0,Foundational kw in A + sim=0.259 + delta=2
Fundamentals of Distributed Operating System,Mobile Operating System,6.20N-B.E.-AI-DS.-Sem-III-IV.pdf,2014113,Operating System,3,1,1,0.5512,0.3333333333333333,sim=0.551>=0.45 + delta=3<=5
Fundamentals of Distributed Operating System,Special-purpose Operating Systems,6.20N-B.E.-AI-DS.-Sem-III-IV.pdf,2014113,Operating System,4,1,1,0.6744,0.125,High sim=0.674 + delta=4
Network Operating System,Real-Time,6.20N-B.E.-AI-DS.-Sem-III-IV.pdf,2014113,Operating System,1,1,1,0.2475,0.0,Adjacent same-course topics: delta=1 + sim=0.248
Network Operating System,Mobile Operating System,6.20N-B.E.-AI-DS.-Sem-III-IV.pdf,2014113,Operating System,2,1,1,0.6214,0.5,High sim=0.621 + delta=2
Network Operating System,Special-purpose Operating Systems,6.20N-B.E.-AI-DS.-Sem-III-IV.pdf,2014113,Operating System,3,1,1,0.6075,0.16666666666666666,High sim=0.608 + delta=3
Real-Time,Mobile Operating System,6.20N-B.E.-AI-DS.-Sem-III-IV.pdf,2014113,Operating System,1,1,1,0.2806,0.0,Adjacent same-course topics: delta=1 + sim=0.281
Real-Time,Special-purpose Operating Systems,6.20N-B.E.-AI-DS.-Sem-III-IV.pdf,2014113,Operating System,2,1,1,0.3042,0.0,Adjacent same-course topics: delta=2 + sim=0.304
Mobile Operating System,Special-purpose Operating Systems,6.20N-B.E.-AI-DS.-Sem-III-IV.pdf,2014113,Operating System,1,1,1,0.5923,0.16666666666666666,sim=0.592>=0.45 + delta=1<=5
Cayley-Hamilton,Linear Algebra (Theory of Matrices) verification and reduction of higher degree polynomials,6.21-N-B.E.-AI-ML-sem-III-IV.pdf,2023111,Mathematics for Computer Engineering,1,1,1,0.318,0.0,Adjacent same-course topics: delta=1 + sim=0.318
Cayley-Hamilton,Similarity of matrices,6.21-N-B.E.-AI-ML-sem-III-IV.pdf,2023111,Mathematics for Computer Engineering,2,1,1,0.2718,0.0,Adjacent same-course topics: delta=2 + sim=0.272
Cayley-Hamilton,Quadratic forms,6.21-N-B.E.-AI-ML-sem-III-IV.pdf,2023111,Mathematics for Computer Engineering,3,1,0,0.1908,0.0,"No prereq signal: sim=0.191, delta=3, kw=0.000"
Cayley-Hamilton,Linear and Non-Linear Programming Problems,6.21-N-B.E.-AI-ML-sem-III-IV.pdf,2023111,Mathematics for Computer Engineering,4,1,0,-0.0703,0.0,Low sim=-0.070 - no semantic relation
Cayley-Hamilton,Types of solutions,6.21-N-B.E.-AI-ML-sem-III-IV.pdf,2023111,Mathematics for Computer Engineering,5,1,0,0.0693,0.0,Low sim=0.069 - no semantic relation
Cayley-Hamilton,Standard and Canonical of LPP,6.21-N-B.E.-AI-ML-sem-III-IV.pdf,2023111,Mathematics for Computer Engineering,6,1,0,0.1027,0.0,Low sim=0.103 - no semantic relation
Cayley-Hamilton,Basic and Feasible solutions,6.21-N-B.E.-AI-ML-sem-III-IV.pdf,2023111,Mathematics for Computer Engineering,7,1,0,0.0012,0.0,Low sim=0.001 - no semantic relation
Cayley-Hamilton,Simplex method,6.21-N-B.E.-AI-ML-sem-III-IV.pdf,2023111,Mathematics for Computer Engineering,8,1,0,0.0414,0.0,Low sim=0.041 - no semantic relation
Cayley-Hamilton,Artificial variables,6.21-N-B.E.-AI-ML-sem-III-IV.pdf,2023111,Mathematics for Computer Engineering,9,1,0,0.0767,0.0,Low sim=0.077 - no semantic relation
Cayley-Hamilton,Kuhn-Tucker conditions,6.21-N-B.E.-AI-ML-sem-III-IV.pdf,2023111,Mathematics for Computer Engineering,10,1,0,0.0109,0.0,Low sim=0.011 - no semantic relation
Cayley-Hamilton,Introduction to Congruence,6.21-N-B.E.-AI-ML-sem-III-IV.pdf,2023111,Mathematics for Computer Engineering,11,1,0,0.1471,0.0,Low sim=0.147 - no semantic relation
Cayley-Hamilton,Linear congruence,6.21-N-B.E.-AI-ML-sem-III-IV.pdf,2023111,Mathematics for Computer Engineering,12,1,0,0.2145,0.0,delta=12>=12 + sim=0.214<0.45 - far + weakly related
Cayley-Hamilton,Application of congruence-RSA algorithm,6.21-N-B.E.-AI-ML-sem-III-IV.pdf,2023111,Mathematics for Computer Engineering,13,1,0,0.0894,0.0,Low sim=0.089 - no semantic relation
Cayley-Hamilton,Dirichlet’s conditions,6.21-N-B.E.-AI-ML-sem-III-IV.pdf,2023111,Mathematics for Computer Engineering,14,1,0,-0.0433,0.0,Low sim=-0.043 - no semantic relation
Linear Algebra (Theory of Matrices) verification and reduction of higher degree polynomials,Similarity of matrices,6.21-N-B.E.-AI-ML-sem-III-IV.pdf,2023111,Mathematics for Computer Engineering,1,1,1,0.378,0.16666666666666666,Foundational kw in A + sim=0.378 + delta=1
Linear Algebra (Theory of Matrices) verification and reduction of higher degree polynomials,Quadratic forms,6.21-N-B.E.-AI-ML-sem-III-IV.pdf,2023111,Mathematics for Computer Engineering,2,1,1,0.3275,0.0,Foundational kw in A + sim=0.327 + delta=2
Linear Algebra (Theory of Matrices) verification and reduction of higher degree polynomials,Linear and Non-Linear Programming Problems,6.21-N-B.E.-AI-ML-sem-III-IV.pdf,2023111,Mathematics for Computer Engineering,3,1,0,0.2021,0.14285714285714285,"No prereq signal: sim=0.202, delta=3, kw=0.143"
Linear Algebra (Theory of Matrices) verification and reduction of higher degree polynomials,Types of solutions,6.21-N-B.E.-AI-ML-sem-III-IV.pdf,2023111,Mathematics for Computer Engineering,4,1,0,0.0988,0.07692307692307693,Low sim=0.099 - no semantic relation
Linear Algebra (Theory of Matrices) verification and reduction of higher degree polynomials,Standard and Canonical of LPP,6.21-N-B.E.-AI-ML-sem-III-IV.pdf,2023111,Mathematics for Computer Engineering,5,1,0,0.1691,0.14285714285714285,"No prereq signal: sim=0.169, delta=5, kw=0.143"
Linear Algebra (Theory of Matrices) verification and reduction of higher degree polynomials,Basic and Feasible solutions,6.21-N-B.E.-AI-ML-sem-III-IV.pdf,2023111,Mathematics for Computer Engineering,6,1,0,0.1148,0.07142857142857142,Low sim=0.115 - no semantic relation
Linear Algebra (Theory of Matrices) verification and reduction of higher degree polynomials,Simplex method,6.21-N-B.E.-AI-ML-sem-III-IV.pdf,2023111,Mathematics for Computer Engineering,7,1,0,0.1524,0.0,"No prereq signal: sim=0.152, delta=7, kw=0.000"
Linear Algebra (Theory of Matrices) verification and reduction of higher degree polynomials,Artificial variables,6.21-N-B.E.-AI-ML-sem-III-IV.pdf,2023111,Mathematics for Computer Engineering,8,1,0,0.0919,0.0,Low sim=0.092 - no semantic relation
Linear Algebra (Theory of Matrices) verification and reduction of higher degree polynomials,Kuhn-Tucker conditions,6.21-N-B.E.-AI-ML-sem-III-IV.pdf,2023111,Mathematics for Computer Engineering,9,1,0,0.0756,0.0,Low sim=0.076 - no semantic relation
Linear Algebra (Theory of Matrices) verification and reduction of higher degree polynomials,Introduction to Congruence,6.21-N-B.E.-AI-ML-sem-III-IV.pdf,2023111,Mathematics for Computer Engineering,10,1,0,0.0743,0.0,Low sim=0.074 - no semantic relation
Linear Algebra (Theory of Matrices) verification and reduction of higher degree polynomials,Linear congruence,6.21-N-B.E.-AI-ML-sem-III-IV.pdf,2023111,Mathematics for Computer Engineering,11,1,0,0.2843,0.08333333333333333,"No prereq signal: sim=0.284, delta=11, kw=0.083"
Linear Algebra (Theory of Matrices) verification and reduction of higher degree polynomials,Application of congruence-RSA algorithm,6.21-N-B.E.-AI-ML-sem-III-IV.pdf,2023111,Mathematics for Computer Engineering,12,1,0,0.1457,0.06666666666666667,Low sim=0.146 - no semantic relation
Linear Algebra (Theory of Matrices) verification and reduction of higher degree polynomials,Dirichlet’s conditions,6.21-N-B.E.-AI-ML-sem-III-IV.pdf,2023111,Mathematics for Computer Engineering,13,1,0,-0.0551,0.0,Low sim=-0.055 - no semantic relation
Linear Algebra (Theory of Matrices) verification and reduction of higher degree polynomials,Fourier series of periodic,6.21-N-B.E.-AI-ML-sem-III-IV.pdf,2023111,Mathematics for Computer Engineering,14,1,0,0.0501,0.07142857142857142,Low sim=0.050 - no semantic relation
Similarity of matrices,Quadratic forms,6.21-N-B.E.-AI-ML-sem-III-IV.pdf,2023111,Mathematics for Computer Engineering,1,1,0,0.1835,0.0,"No prereq signal: sim=0.184, delta=1, kw=0.000"
Similarity of matrices,Linear and Non-Linear Programming Problems,6.21-N-B.E.-AI-ML-sem-III-IV.pdf,2023111,Mathematics for Computer Engineering,2,1,0,0.0555,0.0,Low sim=0.056 - no semantic relation
Similarity of matrices,Types of solutions,6.21-N-B.E.-AI-ML-sem-III-IV.pdf,2023111,Mathematics for Computer Engineering,3,1,0,0.0718,0.2,Low sim=0.072 - no semantic relation
Similarity of matrices,Standard and Canonical of LPP,6.21-N-B.E.-AI-ML-sem-III-IV.pdf,2023111,Mathematics for Computer Engineering,4,1,0,0.0275,0.14285714285714285,Low sim=0.027 - no semantic relation
Similarity of matrices,Basic and Feasible solutions,6.21-N-B.E.-AI-ML-sem-III-IV.pdf,2023111,Mathematics for Computer Engineering,5,1,0,0.057,0.0,Low sim=0.057 - no semantic relation
Similarity of matrices,Simplex method,6.21-N-B.E.-AI-ML-sem-III-IV.pdf,2023111,Mathematics for Computer Engineering,6,1,0,0.0153,0.0,Low sim=0.015 - no semantic relation
Similarity of matrices,Artificial variables,6.21-N-B.E.-AI-ML-sem-III-IV.pdf,2023111,Mathematics for Computer Engineering,7,1,0,-0.0045,0.0,Low sim=-0.004 - no semantic relation
Similarity of matrices,Kuhn-Tucker conditions,6.21-N-B.E.-AI-ML-sem-III-IV.pdf,2023111,Mathematics for Computer Engineering,8,1,0,0.0595,0.0,Low sim=0.060 - no semantic relation
Similarity of matrices,Introduction to Congruence,6.21-N-B.E.-AI-ML-sem-III-IV.pdf,2023111,Mathematics for Computer Engineering,9,1,0,0.0499,0.0,Low sim=0.050 - no semantic relation
Similarity of matrices,Linear congruence,6.21-N-B.E.-AI-ML-sem-III-IV.pdf,2023111,Mathematics for Computer Engineering,10,1,0,0.1671,0.0,"No prereq signal: sim=0.167, delta=10, kw=0.000"
Similarity of matrices,Application of congruence-RSA algorithm,6.21-N-B.E.-AI-ML-sem-III-IV.pdf,2023111,Mathematics for Computer Engineering,11,1,0,0.0755,0.14285714285714285,Low sim=0.075 - no semantic relation
Similarity of matrices,Dirichlet’s conditions,6.21-N-B.E.-AI-ML-sem-III-IV.pdf,2023111,Mathematics for Computer Engineering,12,1,0,-0.0128,0.0,Low sim=-0.013 - no semantic relation
Similarity of matrices,Fourier series of periodic,6.21-N-B.E.-AI-ML-sem-III-IV.pdf,2023111,Mathematics for Computer Engineering,13,1,0,0.0009,0.16666666666666666,Low sim=0.001 - no semantic relation
Similarity of matrices,Fourier series of even and odd functions,6.21-N-B.E.-AI-ML-sem-III-IV.pdf,2023111,Mathematics for Computer Engineering,14,1,0,-0.0637,0.1111111111111111,Low sim=-0.064 - no semantic relation
Quadratic forms,Linear and Non-Linear Programming Problems,6.21-N-B.E.-AI-ML-sem-III-IV.pdf,2023111,Mathematics for Computer Engineering,1,1,0,0.161,0.0,"No prereq signal: sim=0.161, delta=1, kw=0.000"
Quadratic forms,Types of solutions,6.21-N-B.E.-AI-ML-sem-III-IV.pdf,2023111,Mathematics for Computer Engineering,2,1,1,0.2615,0.0,Adjacent same-course topics: delta=2 + sim=0.262
Quadratic forms,Standard and Canonical of LPP,6.21-N-B.E.-AI-ML-sem-III-IV.pdf,2023111,Mathematics for Computer Engineering,3,1,0,0.1094,0.0,Low sim=0.109 - no semantic relation
Quadratic forms,Basic and Feasible solutions,6.21-N-B.E.-AI-ML-sem-III-IV.pdf,2023111,Mathematics for Computer Engineering,4,1,0,0.226,0.0,"No prereq signal: sim=0.226, delta=4, kw=0.000"
Quadratic forms,Simplex method,6.21-N-B.E.-AI-ML-sem-III-IV.pdf,2023111,Mathematics for Computer Engineering,5,1,0,0.1793,0.0,"No prereq signal: sim=0.179, delta=5, kw=0.000"
Quadratic forms,Artificial variables,6.21-N-B.E.-AI-ML-sem-III-IV.pdf,2023111,Mathematics for Computer Engineering,6,1,0,0.1713,0.0,"No prereq signal: sim=0.171, delta=6, kw=0.000"
Quadratic forms,Kuhn-Tucker conditions,6.21-N-B.E.-AI-ML-sem-III-IV.pdf,2023111,Mathematics for Computer Engineering,7,1,0,0.2002,0.0,"No prereq signal: sim=0.200, delta=7, kw=0.000"
Quadratic forms,Introduction to Congruence,6.21-N-B.E.-AI-ML-sem-III-IV.pdf,2023111,Mathematics for Computer Engineering,8,1,0,0.2168,0.0,"No prereq signal: sim=0.217, delta=8, kw=0.000"
Quadratic forms,Linear congruence,6.21-N-B.E.-AI-ML-sem-III-IV.pdf,2023111,Mathematics for Computer Engineering,9,1,0,0.2821,0.0,"No prereq signal: sim=0.282, delta=9, kw=0.000"
Quadratic forms,Application of congruence-RSA algorithm,6.21-N-B.E.-AI-ML-sem-III-IV.pdf,2023111,Mathematics for Computer Engineering,10,1,0,0.1161,0.0,Low sim=0.116 - no semantic relation
Quadratic forms,Dirichlet’s conditions,6.21-N-B.E.-AI-ML-sem-III-IV.pdf,2023111,Mathematics for Computer Engineering,11,1,0,0.1331,0.0,Low sim=0.133 - no semantic relation
Quadratic forms,Fourier series of periodic,6.21-N-B.E.-AI-ML-sem-III-IV.pdf,2023111,Mathematics for Computer Engineering,12,1,0,0.0328,0.0,Low sim=0.033 - no semantic relation
Quadratic forms,Fourier series of even and odd functions,6.21-N-B.E.-AI-ML-sem-III-IV.pdf,2023111,Mathematics for Computer Engineering,13,1,0,0.0468,0.0,Low sim=0.047 - no semantic relation
Quadratic forms,Complex form of Fourier Series,6.21-N-B.E.-AI-ML-sem-III-IV.pdf,2023111,Mathematics for Computer Engineering,14,1,0,0.1998,0.0,delta=14>=12 + sim=0.200<0.45 - far + weakly related
Linear and Non-Linear Programming Problems,Types of solutions,6.21-N-B.E.-AI-ML-sem-III-IV.pdf,2023111,Mathematics for Computer Engineering,1,1,1,0.2528,0.0,Adjacent same-course topics: delta=1 + sim=0.253
Linear and Non-Linear Programming Problems,Standard and Canonical of LPP,6.21-N-B.E.-AI-ML-sem-III-IV.pdf,2023111,Mathematics for Computer Engineering,2,1,1,0.2497,0.1111111111111111,Adjacent same-course topics: delta=2 + sim=0.250
Linear and Non-Linear Programming Problems,Basic and Feasible solutions,6.21-N-B.E.-AI-ML-sem-III-IV.pdf,2023111,Mathematics for Computer Engineering,3,1,1,0.575,0.125,sim=0.575>=0.45 + delta=3<=5
Linear and Non-Linear Programming Problems,Simplex method,6.21-N-B.E.-AI-ML-sem-III-IV.pdf,2023111,Mathematics for Computer Engineering,4,1,0,0.2234,0.0,"No prereq signal: sim=0.223, delta=4, kw=0.000"
Linear and Non-Linear Programming Problems,Artificial variables,6.21-N-B.E.-AI-ML-sem-III-IV.pdf,2023111,Mathematics for Computer Engineering,5,1,0,0.3948,0.0,"No prereq signal: sim=0.395, delta=5, kw=0.000"
Linear and Non-Linear Programming Problems,Kuhn-Tucker conditions,6.21-N-B.E.-AI-ML-sem-III-IV.pdf,2023111,Mathematics for Computer Engineering,6,1,0,0.2473,0.0,"No prereq signal: sim=0.247, delta=6, kw=0.000"
Linear and Non-Linear Programming Problems,Introduction to Congruence,6.21-N-B.E.-AI-ML-sem-III-IV.pdf,2023111,Mathematics for Computer Engineering,7,1,0,-0.0405,0.0,Low sim=-0.041 - no semantic relation
Linear and Non-Linear Programming Problems,Linear congruence,6.21-N-B.E.-AI-ML-sem-III-IV.pdf,2023111,Mathematics for Computer Engineering,8,1,0,0.1338,0.16666666666666666,Low sim=0.134 - no semantic relation
Linear and Non-Linear Programming Problems,Application of congruence-RSA algorithm,6.21-N-B.E.-AI-ML-sem-III-IV.pdf,2023111,Mathematics for Computer Engineering,9,1,0,0.0412,0.0,Low sim=0.041 - no semantic relation
Linear and Non-Linear Programming Problems,Dirichlet’s conditions,6.21-N-B.E.-AI-ML-sem-III-IV.pdf,2023111,Mathematics for Computer Engineering,10,1,0,0.0428,0.0,Low sim=0.043 - no semantic relation
Linear and Non-Linear Programming Problems,Fourier series of periodic,6.21-N-B.E.-AI-ML-sem-III-IV.pdf,2023111,Mathematics for Computer Engineering,11,1,0,-0.127,0.0,Low sim=-0.127 - no semantic relation
Linear and Non-Linear Programming Problems,Fourier series of even and odd functions,6.21-N-B.E.-AI-ML-sem-III-IV.pdf,2023111,Mathematics for Computer Engineering,12,1,0,-0.0229,0.09090909090909091,Low sim=-0.023 - no semantic relation
Linear and Non-Linear Programming Problems,Complex form of Fourier Series,6.21-N-B.E.-AI-ML-sem-III-IV.pdf,2023111,Mathematics for Computer Engineering,13,1,0,-0.13,0.0,Low sim=-0.130 - no semantic relation
Linear and Non-Linear Programming Problems,Lines of regression,6.21-N-B.E.-AI-ML-sem-III-IV.pdf,2023111,Mathematics for Computer Engineering,14,1,0,0.2796,0.0,delta=14>=12 + sim=0.280<0.45 - far + weakly related
Types of solutions,Standard and Canonical of LPP,6.21-N-B.E.-AI-ML-sem-III-IV.pdf,2023111,Mathematics for Computer Engineering,1,1,0,0.1217,0.14285714285714285,Low sim=0.122 - no semantic relation
Types of solutions,Basic and Feasible solutions,6.21-N-B.E.-AI-ML-sem-III-IV.pdf,2023111,Mathematics for Computer Engineering,2,1,1,0.479,0.16666666666666666,sim=0.479>=0.45 + delta=2<=5
Types of solutions,Simplex method,6.21-N-B.E.-AI-ML-sem-III-IV.pdf,2023111,Mathematics for Computer Engineering,3,1,0,0.1297,0.0,Low sim=0.130 - no semantic relation
Types of solutions,Artificial variables,6.21-N-B.E.-AI-ML-sem-III-IV.pdf,2023111,Mathematics for Computer Engineering,4,1,1,0.2761,0.0,Foundational kw in A + sim=0.276 + delta=4
Types of solutions,Kuhn-Tucker conditions,6.21-N-B.E.-AI-ML-sem-III-IV.pdf,2023111,Mathematics for Computer Engineering,5,1,0,0.1889,0.0,"No prereq signal: sim=0.189, delta=5, kw=0.000"
Types of solutions,Introduction to Congruence,6.21-N-B.E.-AI-ML-sem-III-IV.pdf,2023111,Mathematics for Computer Engineering,6,1,0,0.0776,0.0,Low sim=0.078 - no semantic relation
Types of solutions,Linear congruence,6.21-N-B.E.-AI-ML-sem-III-IV.pdf,2023111,Mathematics for Computer Engineering,7,1,0,0.1037,0.0,Low sim=0.104 - no semantic relation
Types of solutions,Application of congruence-RSA algorithm,6.21-N-B.E.-AI-ML-sem-III-IV.pdf,2023111,Mathematics for Computer Engineering,8,1,0,0.0485,0.14285714285714285,Low sim=0.049 - no semantic relation
Types of solutions,Dirichlet’s conditions,6.21-N-B.E.-AI-ML-sem-III-IV.pdf,2023111,Mathematics for Computer Engineering,9,1,0,0.1982,0.0,"No prereq signal: sim=0.198, delta=9, kw=0.000"
Types of solutions,Fourier series of periodic,6.21-N-B.E.-AI-ML-sem-III-IV.pdf,2023111,Mathematics for Computer Engineering,10,1,0,0.0109,0.16666666666666666,Low sim=0.011 - no semantic relation
Types of solutions,Fourier series of even and odd functions,6.21-N-B.E.-AI-ML-sem-III-IV.pdf,2023111,Mathematics for Computer Engineering,11,1,0,0.0343,0.1111111111111111,Low sim=0.034 - no semantic relation
Types of solutions,Complex form of Fourier Series,6.21-N-B.E.-AI-ML-sem-III-IV.pdf,2023111,Mathematics for Computer Engineering,12,1,0,0.0521,0.14285714285714285,Low sim=0.052 - no semantic relation
Types of solutions,Lines of regression,6.21-N-B.E.-AI-ML-sem-III-IV.pdf,2023111,Mathematics for Computer Engineering,13,1,0,0.1037,0.2,Low sim=0.104 - no semantic relation
Types of solutions,Moment generating function,6.21-N-B.E.-AI-ML-sem-III-IV.pdf,2023111,Mathematics for Computer Engineering,14,1,0,0.0109,0.0,Low sim=0.011 - no semantic relation
Standard and Canonical of LPP,Basic and Feasible solutions,6.21-N-B.E.-AI-ML-sem-III-IV.pdf,2023111,Mathematics for Computer Engineering,1,1,1,0.224,0.125,Adjacent same-course topics: delta=1 + sim=0.224
Standard and Canonical of LPP,Simplex method,6.21-N-B.E.-AI-ML-sem-III-IV.pdf,2023111,Mathematics for Computer Engineering,2,1,0,0.1656,0.0,"No prereq signal: sim=0.166, delta=2, kw=0.000"
Standard and Canonical of LPP,Artificial variables,6.21-N-B.E.-AI-ML-sem-III-IV.pdf,2023111,Mathematics for Computer Engineering,3,1,0,0.1601,0.0,"No prereq signal: sim=0.160, delta=3, kw=0.000"
Standard and Canonical of LPP,Kuhn-Tucker conditions,6.21-N-B.E.-AI-ML-sem-III-IV.pdf,2023111,Mathematics for Computer Engineering,4,1,0,0.0818,0.0,Low sim=0.082 - no semantic relation
Standard and Canonical of LPP,Introduction to Congruence,6.21-N-B.E.-AI-ML-sem-III-IV.pdf,2023111,Mathematics for Computer Engineering,5,1,0,0.0827,0.0,Low sim=0.083 - no semantic relation
Standard and Canonical of LPP,Linear congruence,6.21-N-B.E.-AI-ML-sem-III-IV.pdf,2023111,Mathematics for Computer Engineering,6,1,0,0.1686,0.0,"No prereq signal: sim=0.169, delta=6, kw=0.000"
Standard and Canonical of LPP,Application of congruence-RSA algorithm,6.21-N-B.E.-AI-ML-sem-III-IV.pdf,2023111,Mathematics for Computer Engineering,7,1,0,0.0824,0.1111111111111111,Low sim=0.082 - no semantic relation
Standard and Canonical of LPP,Dirichlet’s conditions,6.21-N-B.E.-AI-ML-sem-III-IV.pdf,2023111,Mathematics for Computer Engineering,8,1,0,0.0865,0.0,Low sim=0.086 - no semantic relation
Standard and Canonical of LPP,Fourier series of periodic,6.21-N-B.E.-AI-ML-sem-III-IV.pdf,2023111,Mathematics for Computer Engineering,9,1,0,-0.0222,0.125,Low sim=-0.022 - no semantic relation
Standard and Canonical of LPP,Fourier series of even and odd functions,6.21-N-B.E.-AI-ML-sem-III-IV.pdf,2023111,Mathematics for Computer Engineering,10,1,0,0.0379,0.2,Low sim=0.038 - no semantic relation
Standard and Canonical of LPP,Complex form of Fourier Series,6.21-N-B.E.-AI-ML-sem-III-IV.pdf,2023111,Mathematics for Computer Engineering,11,1,0,0.0169,0.1111111111111111,Low sim=0.017 - no semantic relation
Standard and Canonical of LPP,Lines of regression,6.21-N-B.E.-AI-ML-sem-III-IV.pdf,2023111,Mathematics for Computer Engineering,12,1,0,0.1162,0.14285714285714285,Low sim=0.116 - no semantic relation
Standard and Canonical of LPP,Moment generating function,6.21-N-B.E.-AI-ML-sem-III-IV.pdf,2023111,Mathematics for Computer Engineering,13,1,0,0.0601,0.0,Low sim=0.060 - no semantic relation
Standard and Canonical of LPP,Raw moments,6.21-N-B.E.-AI-ML-sem-III-IV.pdf,2023111,Mathematics for Computer Engineering,14,1,0,0.0491,0.0,Low sim=0.049 - no semantic relation
Basic and Feasible solutions,Simplex method,6.21-N-B.E.-AI-ML-sem-III-IV.pdf,2023111,Mathematics for Computer Engineering,1,1,1,0.33,0.0,Foundational kw in A + sim=0.330 + delta=1
Basic and Feasible solutions,Artificial variables,6.21-N-B.E.-AI-ML-sem-III-IV.pdf,2023111,Mathematics for Computer Engineering,2,1,1,0.4269,0.0,Foundational kw in A + sim=0.427 + delta=2
Basic and Feasible solutions,Kuhn-Tucker conditions,6.21-N-B.E.-AI-ML-sem-III-IV.pdf,2023111,Mathematics for Computer Engineering,3,1,1,0.2568,0.0,Foundational kw in A + sim=0.257 + delta=3
Basic and Feasible solutions,Introduction to Congruence,6.21-N-B.E.-AI-ML-sem-III-IV.pdf,2023111,Mathematics for Computer Engineering,4,1,0,0.1335,0.0,Low sim=0.133 - no semantic relation
Basic and Feasible solutions,Linear congruence,6.21-N-B.E.-AI-ML-sem-III-IV.pdf,2023111,Mathematics for Computer Engineering,5,1,0,0.1608,0.0,"No prereq signal: sim=0.161, delta=5, kw=0.000"
Basic and Feasible solutions,Application of congruence-RSA algorithm,6.21-N-B.E.-AI-ML-sem-III-IV.pdf,2023111,Mathematics for Computer Engineering,6,1,0,0.1536,0.0,"No prereq signal: sim=0.154, delta=6, kw=0.000"
Basic and Feasible solutions,Dirichlet’s conditions,6.21-N-B.E.-AI-ML-sem-III-IV.pdf,2023111,Mathematics for Computer Engineering,7,1,0,0.143,0.0,Low sim=0.143 - no semantic relation
Basic and Feasible solutions,Fourier series of periodic,6.21-N-B.E.-AI-ML-sem-III-IV.pdf,2023111,Mathematics for Computer Engineering,8,1,0,-0.0731,0.0,Low sim=-0.073 - no semantic relation
Basic and Feasible solutions,Fourier series of even and odd functions,6.21-N-B.E.-AI-ML-sem-III-IV.pdf,2023111,Mathematics for Computer Engineering,9,1,0,-0.0582,0.1,Low sim=-0.058 - no semantic relation
Basic and Feasible solutions,Complex form of Fourier Series,6.21-N-B.E.-AI-ML-sem-III-IV.pdf,2023111,Mathematics for Computer Engineering,10,1,0,-0.0442,0.0,Low sim=-0.044 - no semantic relation
Basic and Feasible solutions,Lines of regression,6.21-N-B.E.-AI-ML-sem-III-IV.pdf,2023111,Mathematics for Computer Engineering,11,1,0,0.1566,0.0,"No prereq signal: sim=0.157, delta=11, kw=0.000"
Basic and Feasible solutions,Moment generating function,6.21-N-B.E.-AI-ML-sem-III-IV.pdf,2023111,Mathematics for Computer Engineering,12,1,0,0.0337,0.0,Low sim=0.034 - no semantic relation
Basic and Feasible solutions,Raw moments,6.21-N-B.E.-AI-ML-sem-III-IV.pdf,2023111,Mathematics for Computer Engineering,13,1,0,0.0636,0.0,Low sim=0.064 - no semantic relation
Simplex method,Artificial variables,6.21-N-B.E.-AI-ML-sem-III-IV.pdf,2023111,Mathematics for Computer Engineering,1,1,1,0.267,0.0,Adjacent same-course topics: delta=1 + sim=0.267
Simplex method,Kuhn-Tucker conditions,6.21-N-B.E.-AI-ML-sem-III-IV.pdf,2023111,Mathematics for Computer Engineering,2,1,0,0.0561,0.0,Low sim=0.056 - no semantic relation
Simplex method,Introduction to Congruence,6.21-N-B.E.-AI-ML-sem-III-IV.pdf,2023111,Mathematics for Computer Engineering,3,1,0,0.0279,0.0,Low sim=0.028 - no semantic relation
Simplex method,Linear congruence,6.21-N-B.E.-AI-ML-sem-III-IV.pdf,2023111,Mathematics for Computer Engineering,4,1,0,0.1412,0.0,Low sim=0.141 - no semantic relation
Simplex method,Application of congruence-RSA algorithm,6.21-N-B.E.-AI-ML-sem-III-IV.pdf,2023111,Mathematics for Computer Engineering,5,1,0,0.155,0.0,"No prereq signal: sim=0.155, delta=5, kw=0.000"
Simplex method,Dirichlet’s conditions,6.21-N-B.E.-AI-ML-sem-III-IV.pdf,2023111,Mathematics for Computer Engineering,6,1,0,-0.0792,0.0,Low sim=-0.079 - no semantic relation
Simplex method,Fourier series of periodic,6.21-N-B.E.-AI-ML-sem-III-IV.pdf,2023111,Mathematics for Computer Engineering,7,1,0,0.0877,0.0,Low sim=0.088 - no semantic relation
Simplex method,Fourier series of even and odd functions,6.21-N-B.E.-AI-ML-sem-III-IV.pdf,2023111,Mathematics for Computer Engineering,8,1,0,0.1592,0.0,"No prereq signal: sim=0.159, delta=8, kw=0.000"
Simplex method,Complex form of Fourier Series,6.21-N-B.E.-AI-ML-sem-III-IV.pdf,2023111,Mathematics for Computer Engineering,9,1,0,0.0717,0.0,Low sim=0.072 - no semantic relation
Simplex method,Lines of regression,6.21-N-B.E.-AI-ML-sem-III-IV.pdf,2023111,Mathematics for Computer Engineering,10,1,0,0.1042,0.0,Low sim=0.104 - no semantic relation
Simplex method,Moment generating function,6.21-N-B.E.-AI-ML-sem-III-IV.pdf,2023111,Mathematics for Computer Engineering,11,1,0,0.096,0.0,Low sim=0.096 - no semantic relation
Simplex method,Raw moments,6.21-N-B.E.-AI-ML-sem-III-IV.pdf,2023111,Mathematics for Computer Engineering,12,1,0,0.0617,0.0,Low sim=0.062 - no semantic relation
Artificial variables,Kuhn-Tucker conditions,6.21-N-B.E.-AI-ML-sem-III-IV.pdf,2023111,Mathematics for Computer Engineering,1,1,1,0.208,0.0,Adjacent same-course topics: delta=1 + sim=0.208
Artificial variables,Introduction to Congruence,6.21-N-B.E.-AI-ML-sem-III-IV.pdf,2023111,Mathematics for Computer Engineering,2,1,0,0.0703,0.0,Low sim=0.070 - no semantic relation
Artificial variables,Linear congruence,6.21-N-B.E.-AI-ML-sem-III-IV.pdf,2023111,Mathematics for Computer Engineering,3,1,0,0.0242,0.0,Low sim=0.024 - no semantic relation
Artificial variables,Application of congruence-RSA algorithm,6.21-N-B.E.-AI-ML-sem-III-IV.pdf,2023111,Mathematics for Computer Engineering,4,1,0,0.1005,0.0,Low sim=0.101 - no semantic relation
Artificial variables,Dirichlet’s conditions,6.21-N-B.E.-AI-ML-sem-III-IV.pdf,2023111,Mathematics for Computer Engineering,5,1,0,0.0852,0.0,Low sim=0.085 - no semantic relation
Artificial variables,Fourier series of periodic,6.21-N-B.E.-AI-ML-sem-III-IV.pdf,2023111,Mathematics for Computer Engineering,6,1,0,-0.0556,0.0,Low sim=-0.056 - no semantic relation
Artificial variables,Fourier series of even and odd functions,6.21-N-B.E.-AI-ML-sem-III-IV.pdf,2023111,Mathematics for Computer Engineering,7,1,0,-0.0434,0.0,Low sim=-0.043 - no semantic relation
Artificial variables,Complex form of Fourier Series,6.21-N-B.E.-AI-ML-sem-III-IV.pdf,2023111,Mathematics for Computer Engineering,8,1,0,0.0469,0.0,Low sim=0.047 - no semantic relation
Artificial variables,Lines of regression,6.21-N-B.E.-AI-ML-sem-III-IV.pdf,2023111,Mathematics for Computer Engineering,9,1,0,0.3424,0.0,"No prereq signal: sim=0.342, delta=9, kw=0.000"
Artificial variables,Moment generating function,6.21-N-B.E.-AI-ML-sem-III-IV.pdf,2023111,Mathematics for Computer Engineering,10,1,0,0.1467,0.0,Low sim=0.147 - no semantic relation
Artificial variables,Raw moments,6.21-N-B.E.-AI-ML-sem-III-IV.pdf,2023111,Mathematics for Computer Engineering,11,1,0,0.121,0.0,Low sim=0.121 - no semantic relation
Kuhn-Tucker conditions,Introduction to Congruence,6.21-N-B.E.-AI-ML-sem-III-IV.pdf,2023111,Mathematics for Computer Engineering,1,1,0,0.0039,0.0,Low sim=0.004 - no semantic relation
Kuhn-Tucker conditions,Linear congruence,6.21-N-B.E.-AI-ML-sem-III-IV.pdf,2023111,Mathematics for Computer Engineering,2,1,0,-0.0388,0.0,Low sim=-0.039 - no semantic relation
Kuhn-Tucker conditions,Application of congruence-RSA algorithm,6.21-N-B.E.-AI-ML-sem-III-IV.pdf,2023111,Mathematics for Computer Engineering,3,1,0,-0.0484,0.0,Low sim=-0.048 - no semantic relation
Kuhn-Tucker conditions,Dirichlet’s conditions,6.21-N-B.E.-AI-ML-sem-III-IV.pdf,2023111,Mathematics for Computer Engineering,4,1,0,0.4166,0.2,"No prereq signal: sim=0.417, delta=4, kw=0.200"
Kuhn-Tucker conditions,Fourier series of periodic,6.21-N-B.E.-AI-ML-sem-III-IV.pdf,2023111,Mathematics for Computer Engineering,5,1,0,-0.0291,0.0,Low sim=-0.029 - no semantic relation
Kuhn-Tucker conditions,Fourier series of even and odd functions,6.21-N-B.E.-AI-ML-sem-III-IV.pdf,2023111,Mathematics for Computer Engineering,6,1,0,0.0022,0.0,Low sim=0.002 - no semantic relation
Kuhn-Tucker conditions,Complex form of Fourier Series,6.21-N-B.E.-AI-ML-sem-III-IV.pdf,2023111,Mathematics for Computer Engineering,7,1,0,0.057,0.0,Low sim=0.057 - no semantic relation
Kuhn-Tucker conditions,Lines of regression,6.21-N-B.E.-AI-ML-sem-III-IV.pdf,2023111,Mathematics for Computer Engineering,8,1,0,0.0916,0.0,Low sim=0.092 - no semantic relation
Kuhn-Tucker conditions,Moment generating function,6.21-N-B.E.-AI-ML-sem-III-IV.pdf,2023111,Mathematics for Computer Engineering,9,1,0,0.0264,0.0,Low sim=0.026 - no semantic relation
Kuhn-Tucker conditions,Raw moments,6.21-N-B.E.-AI-ML-sem-III-IV.pdf,2023111,Mathematics for Computer Engineering,10,1,0,0.1,0.0,Low sim=0.100 - no semantic relation
Introduction to Congruence,Linear congruence,6.21-N-B.E.-AI-ML-sem-III-IV.pdf,2023111,Mathematics for Computer Engineering,1,1,1,0.6781,0.25,High sim=0.678 + delta=1
Introduction to Congruence,Application of congruence-RSA algorithm,6.21-N-B.E.-AI-ML-sem-III-IV.pdf,2023111,Mathematics for Computer Engineering,2,1,1,0.6881,0.14285714285714285,High sim=0.688 + delta=2
Introduction to Congruence,Dirichlet’s conditions,6.21-N-B.E.-AI-ML-sem-III-IV.pdf,2023111,Mathematics for Computer Engineering,3,1,0,0.1547,0.0,"No prereq signal: sim=0.155, delta=3, kw=0.000"
Introduction to Congruence,Fourier series of periodic,6.21-N-B.E.-AI-ML-sem-III-IV.pdf,2023111,Mathematics for Computer Engineering,4,1,0,0.1555,0.0,"No prereq signal: sim=0.155, delta=4, kw=0.000"
Introduction to Congruence,Fourier series of even and odd functions,6.21-N-B.E.-AI-ML-sem-III-IV.pdf,2023111,Mathematics for Computer Engineering,5,1,0,0.0929,0.0,Low sim=0.093 - no semantic relation
Introduction to Congruence,Complex form of Fourier Series,6.21-N-B.E.-AI-ML-sem-III-IV.pdf,2023111,Mathematics for Computer Engineering,6,1,0,0.0916,0.0,Low sim=0.092 - no semantic relation
Introduction to Congruence,Lines of regression,6.21-N-B.E.-AI-ML-sem-III-IV.pdf,2023111,Mathematics for Computer Engineering,7,1,0,0.0511,0.0,Low sim=0.051 - no semantic relation
Introduction to Congruence,Moment generating function,6.21-N-B.E.-AI-ML-sem-III-IV.pdf,2023111,Mathematics for Computer Engineering,8,1,0,0.0546,0.0,Low sim=0.055 - no semantic relation
Introduction to Congruence,Raw moments,6.21-N-B.E.-AI-ML-sem-III-IV.pdf,2023111,Mathematics for Computer Engineering,9,1,0,0.0832,0.0,Low sim=0.083 - no semantic relation
Linear congruence,Application of congruence-RSA algorithm,6.21-N-B.E.-AI-ML-sem-III-IV.pdf,2023111,Mathematics for Computer Engineering,1,1,1,0.5786,0.16666666666666666,sim=0.579>=0.45 + delta=1<=5
Linear congruence,Dirichlet’s conditions,6.21-N-B.E.-AI-ML-sem-III-IV.pdf,2023111,Mathematics for Computer Engineering,2,1,0,0.027,0.0,Low sim=0.027 - no semantic relation
Linear congruence,Fourier series of periodic,6.21-N-B.E.-AI-ML-sem-III-IV.pdf,2023111,Mathematics for Computer Engineering,3,1,0,0.1968,0.0,"No prereq signal: sim=0.197, delta=3, kw=0.000"
Linear congruence,Fourier series of even and odd functions,6.21-N-B.E.-AI-ML-sem-III-IV.pdf,2023111,Mathematics for Computer Engineering,4,1,0,0.0794,0.0,Low sim=0.079 - no semantic relation
Linear congruence,Complex form of Fourier Series,6.21-N-B.E.-AI-ML-sem-III-IV.pdf,2023111,Mathematics for Computer Engineering,5,1,0,0.0738,0.0,Low sim=0.074 - no semantic relation
Linear congruence,Lines of regression,6.21-N-B.E.-AI-ML-sem-III-IV.pdf,2023111,Mathematics for Computer Engineering,6,1,0,0.129,0.0,Low sim=0.129 - no semantic relation
Linear congruence,Moment generating function,6.21-N-B.E.-AI-ML-sem-III-IV.pdf,2023111,Mathematics for Computer Engineering,7,1,0,0.0302,0.0,Low sim=0.030 - no semantic relation
Linear congruence,Raw moments,6.21-N-B.E.-AI-ML-sem-III-IV.pdf,2023111,Mathematics for Computer Engineering,8,1,0,-0.0164,0.0,Low sim=-0.016 - no semantic relation
Application of congruence-RSA algorithm,Dirichlet’s conditions,6.21-N-B.E.-AI-ML-sem-III-IV.pdf,2023111,Mathematics for Computer Engineering,1,1,0,0.0264,0.0,Low sim=0.026 - no semantic relation
Application of congruence-RSA algorithm,Fourier series of periodic,6.21-N-B.E.-AI-ML-sem-III-IV.pdf,2023111,Mathematics for Computer Engineering,2,1,0,0.1624,0.125,"No prereq signal: sim=0.162, delta=2, kw=0.125"
Application of congruence-RSA algorithm,Fourier series of even and odd functions,6.21-N-B.E.-AI-ML-sem-III-IV.pdf,2023111,Mathematics for Computer Engineering,3,1,0,0.0774,0.09090909090909091,Low sim=0.077 - no semantic relation
Application of congruence-RSA algorithm,Complex form of Fourier Series,6.21-N-B.E.-AI-ML-sem-III-IV.pdf,2023111,Mathematics for Computer Engineering,4,1,0,0.1121,0.1111111111111111,Low sim=0.112 - no semantic relation
Application of congruence-RSA algorithm,Lines of regression,6.21-N-B.E.-AI-ML-sem-III-IV.pdf,2023111,Mathematics for Computer Engineering,5,1,0,0.0278,0.14285714285714285,Low sim=0.028 - no semantic relation
Application of congruence-RSA algorithm,Moment generating function,6.21-N-B.E.-AI-ML-sem-III-IV.pdf,2023111,Mathematics for Computer Engineering,6,1,0,0.1798,0.0,"No prereq signal: sim=0.180, delta=6, kw=0.000"
Application of congruence-RSA algorithm,Raw moments,6.21-N-B.E.-AI-ML-sem-III-IV.pdf,2023111,Mathematics for Computer Engineering,7,1,0,0.0321,0.0,Low sim=0.032 - no semantic relation
Dirichlet’s conditions,Fourier series of periodic,6.21-N-B.E.-AI-ML-sem-III-IV.pdf,2023111,Mathematics for Computer Engineering,1,1,0,0.1715,0.0,"No prereq signal: sim=0.171, delta=1, kw=0.000"
Dirichlet’s conditions,Fourier series of even and odd functions,6.21-N-B.E.-AI-ML-sem-III-IV.pdf,2023111,Mathematics for Computer Engineering,2,1,0,0.1507,0.0,"No prereq signal: sim=0.151, delta=2, kw=0.000"
Dirichlet’s conditions,Complex form of Fourier Series,6.21-N-B.E.-AI-ML-sem-III-IV.pdf,2023111,Mathematics for Computer Engineering,3,1,0,0.1255,0.0,Low sim=0.125 - no semantic relation
Dirichlet’s conditions,Lines of regression,6.21-N-B.E.-AI-ML-sem-III-IV.pdf,2023111,Mathematics for Computer Engineering,4,1,0,0.0011,0.0,Low sim=0.001 - no semantic relation
Dirichlet’s conditions,Moment generating function,6.21-N-B.E.-AI-ML-sem-III-IV.pdf,2023111,Mathematics for Computer Engineering,5,1,0,-0.0091,0.0,Low sim=-0.009 - no semantic relation
Dirichlet’s conditions,Raw moments,6.21-N-B.E.-AI-ML-sem-III-IV.pdf,2023111,Mathematics for Computer Engineering,6,1,0,0.1015,0.0,Low sim=0.101 - no semantic relation
Fourier series of periodic,Fourier series of even and odd functions,6.21-N-B.E.-AI-ML-sem-III-IV.pdf,2023111,Mathematics for Computer Engineering,1,1,1,0.7024,0.375,High sim=0.702 + delta=1
Fourier series of periodic,Complex form of Fourier Series,6.21-N-B.E.-AI-ML-sem-III-IV.pdf,2023111,Mathematics for Computer Engineering,2,1,1,0.7343,0.5,High sim=0.734 + delta=2
Fourier series of periodic,Lines of regression,6.21-N-B.E.-AI-ML-sem-III-IV.pdf,2023111,Mathematics for Computer Engineering,3,1,0,-0.0031,0.16666666666666666,Low sim=-0.003 - no semantic relation
Fourier series of periodic,Moment generating function,6.21-N-B.E.-AI-ML-sem-III-IV.pdf,2023111,Mathematics for Computer Engineering,4,1,0,0.1743,0.0,"No prereq signal: sim=0.174, delta=4, kw=0.000"
Fourier series of periodic,Raw moments,6.21-N-B.E.-AI-ML-sem-III-IV.pdf,2023111,Mathematics for Computer Engineering,5,1,0,-0.0189,0.0,Low sim=-0.019 - no semantic relation
Fourier series of even and odd functions,Complex form of Fourier Series,6.21-N-B.E.-AI-ML-sem-III-IV.pdf,2023111,Mathematics for Computer Engineering,1,1,1,0.6314,0.3333333333333333,High sim=0.631 + delta=1
Fourier series of even and odd functions,Lines of regression,6.21-N-B.E.-AI-ML-sem-III-IV.pdf,2023111,Mathematics for Computer Engineering,2,1,0,-0.005,0.1111111111111111,Low sim=-0.005 - no semantic relation
Fourier series of even and odd functions,Moment generating function,6.21-N-B.E.-AI-ML-sem-III-IV.pdf,2023111,Mathematics for Computer Engineering,3,1,0,0.1755,0.0,"No prereq signal: sim=0.176, delta=3, kw=0.000"
Fourier series of even and odd functions,Raw moments,6.21-N-B.E.-AI-ML-sem-III-IV.pdf,2023111,Mathematics for Computer Engineering,4,1,0,0.0454,0.0,Low sim=0.045 - no semantic relation
Complex form of Fourier Series,Lines of regression,6.21-N-B.E.-AI-ML-sem-III-IV.pdf,2023111,Mathematics for Computer Engineering,1,1,0,0.0088,0.14285714285714285,Low sim=0.009 - no semantic relation
Complex form of Fourier Series,Moment generating function,6.21-N-B.E.-AI-ML-sem-III-IV.pdf,2023111,Mathematics for Computer Engineering,2,1,1,0.2589,0.0,Adjacent same-course topics: delta=2 + sim=0.259
Complex form of Fourier Series,Raw moments,6.21-N-B.E.-AI-ML-sem-III-IV.pdf,2023111,Mathematics for Computer Engineering,3,1,0,0.0211,0.0,Low sim=0.021 - no semantic relation
Lines of regression,Moment generating function,6.21-N-B.E.-AI-ML-sem-III-IV.pdf,2023111,Mathematics for Computer Engineering,1,1,0,0.0172,0.0,Low sim=0.017 - no semantic relation
Lines of regression,Raw moments,6.21-N-B.E.-AI-ML-sem-III-IV.pdf,2023111,Mathematics for Computer Engineering,2,1,0,0.0828,0.0,Low sim=0.083 - no semantic relation
Moment generating function,Raw moments,6.21-N-B.E.-AI-ML-sem-III-IV.pdf,2023111,Mathematics for Computer Engineering,1,1,1,0.4099,0.0,Adjacent same-course topics: delta=1 + sim=0.410
Propositional and Predicate Logic,Determining risk,6.21-N-B.E.-AI-ML-sem-III-IV.pdf,2023112,Discrete Structures and Graph,1,1,0,0.0908,0.0,Low sim=0.091 - no semantic relation
Propositional and Predicate Logic,Taxes and tax brackets,6.21-N-B.E.-AI-ML-sem-III-IV.pdf,2023112,Discrete Structures and Graph,2,1,0,0.1498,0.14285714285714285,Low sim=0.150 - no semantic relation
Propositional and Predicate Logic,Vending machines,6.21-N-B.E.-AI-ML-sem-III-IV.pdf,2023112,Discrete Structures and Graph,3,1,0,0.1332,0.0,Low sim=0.133 - no semantic relation
Propositional and Predicate Logic,"Counting Pigeonhole Principle, Inclusion-Exclusion Principle. Recurrence relations, Solving recurrence relations",6.21-N-B.E.-AI-ML-sem-III-IV.pdf,2023112,Discrete Structures and Graph,4,1,0,0.0888,0.0,Low sim=0.089 - no semantic relation
Determining risk,Taxes and tax brackets,6.21-N-B.E.-AI-ML-sem-III-IV.pdf,2023112,Discrete Structures and Graph,1,1,0,0.0822,0.0,Low sim=0.082 - no semantic relation
Determining risk,Vending machines,6.21-N-B.E.-AI-ML-sem-III-IV.pdf,2023112,Discrete Structures and Graph,2,1,0,0.0863,0.0,Low sim=0.086 - no semantic relation
Determining risk,"Counting Pigeonhole Principle, Inclusion-Exclusion Principle. Recurrence relations, Solving recurrence relations",6.21-N-B.E.-AI-ML-sem-III-IV.pdf,2023112,Discrete Structures and Graph,3,1,0,-0.0421,0.0,Low sim=-0.042 - no semantic relation
Taxes and tax brackets,Vending machines,6.21-N-B.E.-AI-ML-sem-III-IV.pdf,2023112,Discrete Structures and Graph,1,1,0,0.0465,0.0,Low sim=0.047 - no semantic relation
Taxes and tax brackets,"Counting Pigeonhole Principle, Inclusion-Exclusion Principle. Recurrence relations, Solving recurrence relations",6.21-N-B.E.-AI-ML-sem-III-IV.pdf,2023112,Discrete Structures and Graph,2,1,0,0.115,0.0,Low sim=0.115 - no semantic relation
Vending machines,"Counting Pigeonhole Principle, Inclusion-Exclusion Principle. Recurrence relations, Solving recurrence relations",6.21-N-B.E.-AI-ML-sem-III-IV.pdf,2023112,Discrete Structures and Graph,1,1,1,0.2789,0.0,Adjacent same-course topics: delta=1 + sim=0.279
RE in text search and replace,Application of Regular,6.21-N-B.E.-AI-ML-sem-III-IV.pdf,2024111,Computational,1,1,0,0.1369,0.0,Low sim=0.137 - no semantic relation
RE in text search and replace,Languages in Compiler Design,6.21-N-B.E.-AI-ML-sem-III-IV.pdf,2024111,Computational,2,1,0,0.0087,0.1111111111111111,Low sim=0.009 - no semantic relation
RE in text search and replace,Nondeterministic Finite Automata (NFA): Definitions,6.21-N-B.E.-AI-ML-sem-III-IV.pdf,2024111,Computational,3,1,0,0.0547,0.0,Low sim=0.055 - no semantic relation
RE in text search and replace,Equivalence between NFA with and ϵ- transitions,6.21-N-B.E.-AI-ML-sem-III-IV.pdf,2024111,Computational,4,1,0,0.0344,0.08333333333333333,Low sim=0.034 - no semantic relation
RE in text search and replace,Minimization of DFA,6.21-N-B.E.-AI-ML-sem-III-IV.pdf,2024111,Computational,5,1,0,0.056,0.0,Low sim=0.056 - no semantic relation
Application of Regular,Languages in Compiler Design,6.21-N-B.E.-AI-ML-sem-III-IV.pdf,2024111,Computational,1,1,0,0.127,0.0,Low sim=0.127 - no semantic relation
Application of Regular,Nondeterministic Finite Automata (NFA): Definitions,6.21-N-B.E.-AI-ML-sem-III-IV.pdf,2024111,Computational,2,1,1,0.2048,0.0,Adjacent same-course topics: delta=2 + sim=0.205
Application of Regular,Equivalence between NFA with and ϵ- transitions,6.21-N-B.E.-AI-ML-sem-III-IV.pdf,2024111,Computational,3,1,0,0.1411,0.0,Low sim=0.141 - no semantic relation
Application of Regular,Minimization of DFA,6.21-N-B.E.-AI-ML-sem-III-IV.pdf,2024111,Computational,4,1,0,0.289,0.2,"No prereq signal: sim=0.289, delta=4, kw=0.200"
Languages in Compiler Design,Nondeterministic Finite Automata (NFA): Definitions,6.21-N-B.E.-AI-ML-sem-III-IV.pdf,2024111,Computational,1,1,1,0.2147,0.0,Adjacent same-course topics: delta=1 + sim=0.215
Languages in Compiler Design,Equivalence between NFA with and ϵ- transitions,6.21-N-B.E.-AI-ML-sem-III-IV.pdf,2024111,Computational,2,1,0,0.1073,0.0,Low sim=0.107 - no semantic relation
Languages in Compiler Design,Minimization of DFA,6.21-N-B.E.-AI-ML-sem-III-IV.pdf,2024111,Computational,3,1,0,0.146,0.0,Low sim=0.146 - no semantic relation
Nondeterministic Finite Automata (NFA): Definitions,Equivalence between NFA with and ϵ- transitions,6.21-N-B.E.-AI-ML-sem-III-IV.pdf,2024111,Computational,1,1,1,0.5904,0.09090909090909091,sim=0.590>=0.45 + delta=1<=5
Nondeterministic Finite Automata (NFA): Definitions,Minimization of DFA,6.21-N-B.E.-AI-ML-sem-III-IV.pdf,2024111,Computational,2,1,1,0.5158,0.0,sim=0.516>=0.45 + delta=2<=5
Equivalence between NFA with and ϵ- transitions,Minimization of DFA,6.21-N-B.E.-AI-ML-sem-III-IV.pdf,2024111,Computational,1,1,1,0.4193,0.0,Adjacent same-course topics: delta=1 + sim=0.419
Cayley-Hamilton,Linear Algebra (Theory of Matrices) verification and reduction of higher degree polynomials,6.24-N-B.E.-Computer-Engineering-Sem-III-IV.pdf,2113111,Mathematics for Computer Engineering,1,1,1,0.318,0.0,Adjacent same-course topics: delta=1 + sim=0.318
Cayley-Hamilton,Similarity of matrices,6.24-N-B.E.-Computer-Engineering-Sem-III-IV.pdf,2113111,Mathematics for Computer Engineering,2,1,1,0.2718,0.0,Adjacent same-course topics: delta=2 + sim=0.272
Cayley-Hamilton,Quadratic forms,6.24-N-B.E.-Computer-Engineering-Sem-III-IV.pdf,2113111,Mathematics for Computer Engineering,3,1,0,0.1908,0.0,"No prereq signal: sim=0.191, delta=3, kw=0.000"
Cayley-Hamilton,Linear and Non-Linear Programming Problems,6.24-N-B.E.-Computer-Engineering-Sem-III-IV.pdf,2113111,Mathematics for Computer Engineering,4,1,0,-0.0703,0.0,Low sim=-0.070 - no semantic relation
Cayley-Hamilton,Types of solutions,6.24-N-B.E.-Computer-Engineering-Sem-III-IV.pdf,2113111,Mathematics for Computer Engineering,5,1,0,0.0693,0.0,Low sim=0.069 - no semantic relation
Cayley-Hamilton,Standard and Canonical of LPP,6.24-N-B.E.-Computer-Engineering-Sem-III-IV.pdf,2113111,Mathematics for Computer Engineering,6,1,0,0.1027,0.0,Low sim=0.103 - no semantic relation
Cayley-Hamilton,Basic and Feasible solutions,6.24-N-B.E.-Computer-Engineering-Sem-III-IV.pdf,2113111,Mathematics for Computer Engineering,7,1,0,0.0012,0.0,Low sim=0.001 - no semantic relation
Cayley-Hamilton,Simplex method,6.24-N-B.E.-Computer-Engineering-Sem-III-IV.pdf,2113111,Mathematics for Computer Engineering,8,1,0,0.0414,0.0,Low sim=0.041 - no semantic relation
Cayley-Hamilton,Artificial variables,6.24-N-B.E.-Computer-Engineering-Sem-III-IV.pdf,2113111,Mathematics for Computer Engineering,9,1,0,0.0767,0.0,Low sim=0.077 - no semantic relation
Cayley-Hamilton,Kuhn-Tucker conditions,6.24-N-B.E.-Computer-Engineering-Sem-III-IV.pdf,2113111,Mathematics for Computer Engineering,10,1,0,0.0109,0.0,Low sim=0.011 - no semantic relation
Cayley-Hamilton,Introduction to Congruence,6.24-N-B.E.-Computer-Engineering-Sem-III-IV.pdf,2113111,Mathematics for Computer Engineering,11,1,0,0.1471,0.0,Low sim=0.147 - no semantic relation
Cayley-Hamilton,Linear congruence,6.24-N-B.E.-Computer-Engineering-Sem-III-IV.pdf,2113111,Mathematics for Computer Engineering,12,1,0,0.2145,0.0,delta=12>=12 + sim=0.214<0.45 - far + weakly related
Cayley-Hamilton,Application of congruence-RSA algorithm,6.24-N-B.E.-Computer-Engineering-Sem-III-IV.pdf,2113111,Mathematics for Computer Engineering,13,1,0,0.0894,0.0,Low sim=0.089 - no semantic relation
Cayley-Hamilton,Dirichlet’s conditions,6.24-N-B.E.-Computer-Engineering-Sem-III-IV.pdf,2113111,Mathematics for Computer Engineering,14,1,0,-0.0433,0.0,Low sim=-0.043 - no semantic relation
Linear Algebra (Theory of Matrices) verification and reduction of higher degree polynomials,Similarity of matrices,6.24-N-B.E.-Computer-Engineering-Sem-III-IV.pdf,2113111,Mathematics for Computer Engineering,1,1,1,0.378,0.16666666666666666,Foundational kw in A + sim=0.378 + delta=1
Linear Algebra (Theory of Matrices) verification and reduction of higher degree polynomials,Quadratic forms,6.24-N-B.E.-Computer-Engineering-Sem-III-IV.pdf,2113111,Mathematics for Computer Engineering,2,1,1,0.3275,0.0,Foundational kw in A + sim=0.327 + delta=2
Linear Algebra (Theory of Matrices) verification and reduction of higher degree polynomials,Linear and Non-Linear Programming Problems,6.24-N-B.E.-Computer-Engineering-Sem-III-IV.pdf,2113111,Mathematics for Computer Engineering,3,1,0,0.2021,0.14285714285714285,"No prereq signal: sim=0.202, delta=3, kw=0.143"
Linear Algebra (Theory of Matrices) verification and reduction of higher degree polynomials,Types of solutions,6.24-N-B.E.-Computer-Engineering-Sem-III-IV.pdf,2113111,Mathematics for Computer Engineering,4,1,0,0.0988,0.07692307692307693,Low sim=0.099 - no semantic relation
Linear Algebra (Theory of Matrices) verification and reduction of higher degree polynomials,Standard and Canonical of LPP,6.24-N-B.E.-Computer-Engineering-Sem-III-IV.pdf,2113111,Mathematics for Computer Engineering,5,1,0,0.1691,0.14285714285714285,"No prereq signal: sim=0.169, delta=5, kw=0.143"
Linear Algebra (Theory of Matrices) verification and reduction of higher degree polynomials,Basic and Feasible solutions,6.24-N-B.E.-Computer-Engineering-Sem-III-IV.pdf,2113111,Mathematics for Computer Engineering,6,1,0,0.1148,0.07142857142857142,Low sim=0.115 - no semantic relation
Linear Algebra (Theory of Matrices) verification and reduction of higher degree polynomials,Simplex method,6.24-N-B.E.-Computer-Engineering-Sem-III-IV.pdf,2113111,Mathematics for Computer Engineering,7,1,0,0.1524,0.0,"No prereq signal: sim=0.152, delta=7, kw=0.000"
Linear Algebra (Theory of Matrices) verification and reduction of higher degree polynomials,Artificial variables,6.24-N-B.E.-Computer-Engineering-Sem-III-IV.pdf,2113111,Mathematics for Computer Engineering,8,1,0,0.0919,0.0,Low sim=0.092 - no semantic relation
Linear Algebra (Theory of Matrices) verification and reduction of higher degree polynomials,Kuhn-Tucker conditions,6.24-N-B.E.-Computer-Engineering-Sem-III-IV.pdf,2113111,Mathematics for Computer Engineering,9,1,0,0.0756,0.0,Low sim=0.076 - no semantic relation
Linear Algebra (Theory of Matrices) verification and reduction of higher degree polynomials,Introduction to Congruence,6.24-N-B.E.-Computer-Engineering-Sem-III-IV.pdf,2113111,Mathematics for Computer Engineering,10,1,0,0.0743,0.0,Low sim=0.074 - no semantic relation
Linear Algebra (Theory of Matrices) verification and reduction of higher degree polynomials,Linear congruence,6.24-N-B.E.-Computer-Engineering-Sem-III-IV.pdf,2113111,Mathematics for Computer Engineering,11,1,0,0.2843,0.08333333333333333,"No prereq signal: sim=0.284, delta=11, kw=0.083"
Linear Algebra (Theory of Matrices) verification and reduction of higher degree polynomials,Application of congruence-RSA algorithm,6.24-N-B.E.-Computer-Engineering-Sem-III-IV.pdf,2113111,Mathematics for Computer Engineering,12,1,0,0.1457,0.06666666666666667,Low sim=0.146 - no semantic relation
Linear Algebra (Theory of Matrices) verification and reduction of higher degree polynomials,Dirichlet’s conditions,6.24-N-B.E.-Computer-Engineering-Sem-III-IV.pdf,2113111,Mathematics for Computer Engineering,13,1,0,-0.0551,0.0,Low sim=-0.055 - no semantic relation
Linear Algebra (Theory of Matrices) verification and reduction of higher degree polynomials,Fourier series of periodic,6.24-N-B.E.-Computer-Engineering-Sem-III-IV.pdf,2113111,Mathematics for Computer Engineering,14,1,0,0.0501,0.07142857142857142,Low sim=0.050 - no semantic relation
Similarity of matrices,Quadratic forms,6.24-N-B.E.-Computer-Engineering-Sem-III-IV.pdf,2113111,Mathematics for Computer Engineering,1,1,0,0.1835,0.0,"No prereq signal: sim=0.184, delta=1, kw=0.000"
Similarity of matrices,Linear and Non-Linear Programming Problems,6.24-N-B.E.-Computer-Engineering-Sem-III-IV.pdf,2113111,Mathematics for Computer Engineering,2,1,0,0.0555,0.0,Low sim=0.056 - no semantic relation
Similarity of matrices,Types of solutions,6.24-N-B.E.-Computer-Engineering-Sem-III-IV.pdf,2113111,Mathematics for Computer Engineering,3,1,0,0.0718,0.2,Low sim=0.072 - no semantic relation
Similarity of matrices,Standard and Canonical of LPP,6.24-N-B.E.-Computer-Engineering-Sem-III-IV.pdf,2113111,Mathematics for Computer Engineering,4,1,0,0.0275,0.14285714285714285,Low sim=0.027 - no semantic relation
Similarity of matrices,Basic and Feasible solutions,6.24-N-B.E.-Computer-Engineering-Sem-III-IV.pdf,2113111,Mathematics for Computer Engineering,5,1,0,0.057,0.0,Low sim=0.057 - no semantic relation
Similarity of matrices,Simplex method,6.24-N-B.E.-Computer-Engineering-Sem-III-IV.pdf,2113111,Mathematics for Computer Engineering,6,1,0,0.0153,0.0,Low sim=0.015 - no semantic relation
Similarity of matrices,Artificial variables,6.24-N-B.E.-Computer-Engineering-Sem-III-IV.pdf,2113111,Mathematics for Computer Engineering,7,1,0,-0.0045,0.0,Low sim=-0.004 - no semantic relation
Similarity of matrices,Kuhn-Tucker conditions,6.24-N-B.E.-Computer-Engineering-Sem-III-IV.pdf,2113111,Mathematics for Computer Engineering,8,1,0,0.0595,0.0,Low sim=0.060 - no semantic relation
Similarity of matrices,Introduction to Congruence,6.24-N-B.E.-Computer-Engineering-Sem-III-IV.pdf,2113111,Mathematics for Computer Engineering,9,1,0,0.0499,0.0,Low sim=0.050 - no semantic relation
Similarity of matrices,Linear congruence,6.24-N-B.E.-Computer-Engineering-Sem-III-IV.pdf,2113111,Mathematics for Computer Engineering,10,1,0,0.1671,0.0,"No prereq signal: sim=0.167, delta=10, kw=0.000"
Similarity of matrices,Application of congruence-RSA algorithm,6.24-N-B.E.-Computer-Engineering-Sem-III-IV.pdf,2113111,Mathematics for Computer Engineering,11,1,0,0.0755,0.14285714285714285,Low sim=0.075 - no semantic relation
Similarity of matrices,Dirichlet’s conditions,6.24-N-B.E.-Computer-Engineering-Sem-III-IV.pdf,2113111,Mathematics for Computer Engineering,12,1,0,-0.0128,0.0,Low sim=-0.013 - no semantic relation
Similarity of matrices,Fourier series of periodic,6.24-N-B.E.-Computer-Engineering-Sem-III-IV.pdf,2113111,Mathematics for Computer Engineering,13,1,0,0.0009,0.16666666666666666,Low sim=0.001 - no semantic relation
Similarity of matrices,Fourier series of even and odd functions,6.24-N-B.E.-Computer-Engineering-Sem-III-IV.pdf,2113111,Mathematics for Computer Engineering,14,1,0,-0.0637,0.1111111111111111,Low sim=-0.064 - no semantic relation
Quadratic forms,Linear and Non-Linear Programming Problems,6.24-N-B.E.-Computer-Engineering-Sem-III-IV.pdf,2113111,Mathematics for Computer Engineering,1,1,0,0.161,0.0,"No prereq signal: sim=0.161, delta=1, kw=0.000"
Quadratic forms,Types of solutions,6.24-N-B.E.-Computer-Engineering-Sem-III-IV.pdf,2113111,Mathematics for Computer Engineering,2,1,1,0.2615,0.0,Adjacent same-course topics: delta=2 + sim=0.262
Quadratic forms,Standard and Canonical of LPP,6.24-N-B.E.-Computer-Engineering-Sem-III-IV.pdf,2113111,Mathematics for Computer Engineering,3,1,0,0.1094,0.0,Low sim=0.109 - no semantic relation
Quadratic forms,Basic and Feasible solutions,6.24-N-B.E.-Computer-Engineering-Sem-III-IV.pdf,2113111,Mathematics for Computer Engineering,4,1,0,0.226,0.0,"No prereq signal: sim=0.226, delta=4, kw=0.000"
Quadratic forms,Simplex method,6.24-N-B.E.-Computer-Engineering-Sem-III-IV.pdf,2113111,Mathematics for Computer Engineering,5,1,0,0.1793,0.0,"No prereq signal: sim=0.179, delta=5, kw=0.000"
Quadratic forms,Artificial variables,6.24-N-B.E.-Computer-Engineering-Sem-III-IV.pdf,2113111,Mathematics for Computer Engineering,6,1,0,0.1713,0.0,"No prereq signal: sim=0.171, delta=6, kw=0.000"
Quadratic forms,Kuhn-Tucker conditions,6.24-N-B.E.-Computer-Engineering-Sem-III-IV.pdf,2113111,Mathematics for Computer Engineering,7,1,0,0.2002,0.0,"No prereq signal: sim=0.200, delta=7, kw=0.000"
Quadratic forms,Introduction to Congruence,6.24-N-B.E.-Computer-Engineering-Sem-III-IV.pdf,2113111,Mathematics for Computer Engineering,8,1,0,0.2168,0.0,"No prereq signal: sim=0.217, delta=8, kw=0.000"
Quadratic forms,Linear congruence,6.24-N-B.E.-Computer-Engineering-Sem-III-IV.pdf,2113111,Mathematics for Computer Engineering,9,1,0,0.2821,0.0,"No prereq signal: sim=0.282, delta=9, kw=0.000"
Quadratic forms,Application of congruence-RSA algorithm,6.24-N-B.E.-Computer-Engineering-Sem-III-IV.pdf,2113111,Mathematics for Computer Engineering,10,1,0,0.1161,0.0,Low sim=0.116 - no semantic relation
Quadratic forms,Dirichlet’s conditions,6.24-N-B.E.-Computer-Engineering-Sem-III-IV.pdf,2113111,Mathematics for Computer Engineering,11,1,0,0.1331,0.0,Low sim=0.133 - no semantic relation
Quadratic forms,Fourier series of periodic,6.24-N-B.E.-Computer-Engineering-Sem-III-IV.pdf,2113111,Mathematics for Computer Engineering,12,1,0,0.0328,0.0,Low sim=0.033 - no semantic relation
Quadratic forms,Fourier series of even and odd functions,6.24-N-B.E.-Computer-Engineering-Sem-III-IV.pdf,2113111,Mathematics for Computer Engineering,13,1,0,0.0468,0.0,Low sim=0.047 - no semantic relation
Quadratic forms,Complex form of Fourier Series,6.24-N-B.E.-Computer-Engineering-Sem-III-IV.pdf,2113111,Mathematics for Computer Engineering,14,1,0,0.1998,0.0,delta=14>=12 + sim=0.200<0.45 - far + weakly related
Linear and Non-Linear Programming Problems,Types of solutions,6.24-N-B.E.-Computer-Engineering-Sem-III-IV.pdf,2113111,Mathematics for Computer Engineering,1,1,1,0.2528,0.0,Adjacent same-course topics: delta=1 + sim=0.253
Linear and Non-Linear Programming Problems,Standard and Canonical of LPP,6.24-N-B.E.-Computer-Engineering-Sem-III-IV.pdf,2113111,Mathematics for Computer Engineering,2,1,1,0.2497,0.1111111111111111,Adjacent same-course topics: delta=2 + sim=0.250
Linear and Non-Linear Programming Problems,Basic and Feasible solutions,6.24-N-B.E.-Computer-Engineering-Sem-III-IV.pdf,2113111,Mathematics for Computer Engineering,3,1,1,0.575,0.125,sim=0.575>=0.45 + delta=3<=5
Linear and Non-Linear Programming Problems,Simplex method,6.24-N-B.E.-Computer-Engineering-Sem-III-IV.pdf,2113111,Mathematics for Computer Engineering,4,1,0,0.2234,0.0,"No prereq signal: sim=0.223, delta=4, kw=0.000"
Linear and Non-Linear Programming Problems,Artificial variables,6.24-N-B.E.-Computer-Engineering-Sem-III-IV.pdf,2113111,Mathematics for Computer Engineering,5,1,0,0.3948,0.0,"No prereq signal: sim=0.395, delta=5, kw=0.000"
Linear and Non-Linear Programming Problems,Kuhn-Tucker conditions,6.24-N-B.E.-Computer-Engineering-Sem-III-IV.pdf,2113111,Mathematics for Computer Engineering,6,1,0,0.2473,0.0,"No prereq signal: sim=0.247, delta=6, kw=0.000"
Linear and Non-Linear Programming Problems,Introduction to Congruence,6.24-N-B.E.-Computer-Engineering-Sem-III-IV.pdf,2113111,Mathematics for Computer Engineering,7,1,0,-0.0405,0.0,Low sim=-0.041 - no semantic relation
Linear and Non-Linear Programming Problems,Linear congruence,6.24-N-B.E.-Computer-Engineering-Sem-III-IV.pdf,2113111,Mathematics for Computer Engineering,8,1,0,0.1338,0.16666666666666666,Low sim=0.134 - no semantic relation
Linear and Non-Linear Programming Problems,Application of congruence-RSA algorithm,6.24-N-B.E.-Computer-Engineering-Sem-III-IV.pdf,2113111,Mathematics for Computer Engineering,9,1,0,0.0412,0.0,Low sim=0.041 - no semantic relation
Linear and Non-Linear Programming Problems,Dirichlet’s conditions,6.24-N-B.E.-Computer-Engineering-Sem-III-IV.pdf,2113111,Mathematics for Computer Engineering,10,1,0,0.0428,0.0,Low sim=0.043 - no semantic relation
Linear and Non-Linear Programming Problems,Fourier series of periodic,6.24-N-B.E.-Computer-Engineering-Sem-III-IV.pdf,2113111,Mathematics for Computer Engineering,11,1,0,-0.127,0.0,Low sim=-0.127 - no semantic relation
Linear and Non-Linear Programming Problems,Fourier series of even and odd functions,6.24-N-B.E.-Computer-Engineering-Sem-III-IV.pdf,2113111,Mathematics for Computer Engineering,12,1,0,-0.0229,0.09090909090909091,Low sim=-0.023 - no semantic relation
Linear and Non-Linear Programming Problems,Complex form of Fourier Series,6.24-N-B.E.-Computer-Engineering-Sem-III-IV.pdf,2113111,Mathematics for Computer Engineering,13,1,0,-0.13,0.0,Low sim=-0.130 - no semantic relation
Linear and Non-Linear Programming Problems,Lines of regression,6.24-N-B.E.-Computer-Engineering-Sem-III-IV.pdf,2113111,Mathematics for Computer Engineering,14,1,0,0.2796,0.0,delta=14>=12 + sim=0.280<0.45 - far + weakly related
Types of solutions,Standard and Canonical of LPP,6.24-N-B.E.-Computer-Engineering-Sem-III-IV.pdf,2113111,Mathematics for Computer Engineering,1,1,0,0.1217,0.14285714285714285,Low sim=0.122 - no semantic relation
Types of solutions,Basic and Feasible solutions,6.24-N-B.E.-Computer-Engineering-Sem-III-IV.pdf,2113111,Mathematics for Computer Engineering,2,1,1,0.479,0.16666666666666666,sim=0.479>=0.45 + delta=2<=5
Types of solutions,Simplex method,6.24-N-B.E.-Computer-Engineering-Sem-III-IV.pdf,2113111,Mathematics for Computer Engineering,3,1,0,0.1297,0.0,Low sim=0.130 - no semantic relation
Types of solutions,Artificial variables,6.24-N-B.E.-Computer-Engineering-Sem-III-IV.pdf,2113111,Mathematics for Computer Engineering,4,1,1,0.2761,0.0,Foundational kw in A + sim=0.276 + delta=4
Types of solutions,Kuhn-Tucker conditions,6.24-N-B.E.-Computer-Engineering-Sem-III-IV.pdf,2113111,Mathematics for Computer Engineering,5,1,0,0.1889,0.0,"No prereq signal: sim=0.189, delta=5, kw=0.000"
Types of solutions,Introduction to Congruence,6.24-N-B.E.-Computer-Engineering-Sem-III-IV.pdf,2113111,Mathematics for Computer Engineering,6,1,0,0.0776,0.0,Low sim=0.078 - no semantic relation
Types of solutions,Linear congruence,6.24-N-B.E.-Computer-Engineering-Sem-III-IV.pdf,2113111,Mathematics for Computer Engineering,7,1,0,0.1037,0.0,Low sim=0.104 - no semantic relation
Types of solutions,Application of congruence-RSA algorithm,6.24-N-B.E.-Computer-Engineering-Sem-III-IV.pdf,2113111,Mathematics for Computer Engineering,8,1,0,0.0485,0.14285714285714285,Low sim=0.049 - no semantic relation
Types of solutions,Dirichlet’s conditions,6.24-N-B.E.-Computer-Engineering-Sem-III-IV.pdf,2113111,Mathematics for Computer Engineering,9,1,0,0.1982,0.0,"No prereq signal: sim=0.198, delta=9, kw=0.000"
Types of solutions,Fourier series of periodic,6.24-N-B.E.-Computer-Engineering-Sem-III-IV.pdf,2113111,Mathematics for Computer Engineering,10,1,0,0.0109,0.16666666666666666,Low sim=0.011 - no semantic relation
Types of solutions,Fourier series of even and odd functions,6.24-N-B.E.-Computer-Engineering-Sem-III-IV.pdf,2113111,Mathematics for Computer Engineering,11,1,0,0.0343,0.1111111111111111,Low sim=0.034 - no semantic relation
Types of solutions,Complex form of Fourier Series,6.24-N-B.E.-Computer-Engineering-Sem-III-IV.pdf,2113111,Mathematics for Computer Engineering,12,1,0,0.0521,0.14285714285714285,Low sim=0.052 - no semantic relation
Types of solutions,Lines of regression,6.24-N-B.E.-Computer-Engineering-Sem-III-IV.pdf,2113111,Mathematics for Computer Engineering,13,1,0,0.1037,0.2,Low sim=0.104 - no semantic relation
Types of solutions,Moment generating function,6.24-N-B.E.-Computer-Engineering-Sem-III-IV.pdf,2113111,Mathematics for Computer Engineering,14,1,0,0.0109,0.0,Low sim=0.011 - no semantic relation
Standard and Canonical of LPP,Basic and Feasible solutions,6.24-N-B.E.-Computer-Engineering-Sem-III-IV.pdf,2113111,Mathematics for Computer Engineering,1,1,1,0.224,0.125,Adjacent same-course topics: delta=1 + sim=0.224
Standard and Canonical of LPP,Simplex method,6.24-N-B.E.-Computer-Engineering-Sem-III-IV.pdf,2113111,Mathematics for Computer Engineering,2,1,0,0.1656,0.0,"No prereq signal: sim=0.166, delta=2, kw=0.000"
Standard and Canonical of LPP,Artificial variables,6.24-N-B.E.-Computer-Engineering-Sem-III-IV.pdf,2113111,Mathematics for Computer Engineering,3,1,0,0.1601,0.0,"No prereq signal: sim=0.160, delta=3, kw=0.000"
Standard and Canonical of LPP,Kuhn-Tucker conditions,6.24-N-B.E.-Computer-Engineering-Sem-III-IV.pdf,2113111,Mathematics for Computer Engineering,4,1,0,0.0818,0.0,Low sim=0.082 - no semantic relation
Standard and Canonical of LPP,Introduction to Congruence,6.24-N-B.E.-Computer-Engineering-Sem-III-IV.pdf,2113111,Mathematics for Computer Engineering,5,1,0,0.0827,0.0,Low sim=0.083 - no semantic relation
Standard and Canonical of LPP,Linear congruence,6.24-N-B.E.-Computer-Engineering-Sem-III-IV.pdf,2113111,Mathematics for Computer Engineering,6,1,0,0.1686,0.0,"No prereq signal: sim=0.169, delta=6, kw=0.000"
Standard and Canonical of LPP,Application of congruence-RSA algorithm,6.24-N-B.E.-Computer-Engineering-Sem-III-IV.pdf,2113111,Mathematics for Computer Engineering,7,1,0,0.0824,0.1111111111111111,Low sim=0.082 - no semantic relation
Standard and Canonical of LPP,Dirichlet’s conditions,6.24-N-B.E.-Computer-Engineering-Sem-III-IV.pdf,2113111,Mathematics for Computer Engineering,8,1,0,0.0865,0.0,Low sim=0.086 - no semantic relation
Standard and Canonical of LPP,Fourier series of periodic,6.24-N-B.E.-Computer-Engineering-Sem-III-IV.pdf,2113111,Mathematics for Computer Engineering,9,1,0,-0.0222,0.125,Low sim=-0.022 - no semantic relation
Standard and Canonical of LPP,Fourier series of even and odd functions,6.24-N-B.E.-Computer-Engineering-Sem-III-IV.pdf,2113111,Mathematics for Computer Engineering,10,1,0,0.0379,0.2,Low sim=0.038 - no semantic relation
Standard and Canonical of LPP,Complex form of Fourier Series,6.24-N-B.E.-Computer-Engineering-Sem-III-IV.pdf,2113111,Mathematics for Computer Engineering,11,1,0,0.0169,0.1111111111111111,Low sim=0.017 - no semantic relation
Standard and Canonical of LPP,Lines of regression,6.24-N-B.E.-Computer-Engineering-Sem-III-IV.pdf,2113111,Mathematics for Computer Engineering,12,1,0,0.1162,0.14285714285714285,Low sim=0.116 - no semantic relation
Standard and Canonical of LPP,Moment generating function,6.24-N-B.E.-Computer-Engineering-Sem-III-IV.pdf,2113111,Mathematics for Computer Engineering,13,1,0,0.0601,0.0,Low sim=0.060 - no semantic relation
Standard and Canonical of LPP,Raw moments,6.24-N-B.E.-Computer-Engineering-Sem-III-IV.pdf,2113111,Mathematics for Computer Engineering,14,1,0,0.0491,0.0,Low sim=0.049 - no semantic relation
Basic and Feasible solutions,Simplex method,6.24-N-B.E.-Computer-Engineering-Sem-III-IV.pdf,2113111,Mathematics for Computer Engineering,1,1,1,0.33,0.0,Foundational kw in A + sim=0.330 + delta=1
Basic and Feasible solutions,Artificial variables,6.24-N-B.E.-Computer-Engineering-Sem-III-IV.pdf,2113111,Mathematics for Computer Engineering,2,1,1,0.4269,0.0,Foundational kw in A + sim=0.427 + delta=2
Basic and Feasible solutions,Kuhn-Tucker conditions,6.24-N-B.E.-Computer-Engineering-Sem-III-IV.pdf,2113111,Mathematics for Computer Engineering,3,1,1,0.2568,0.0,Foundational kw in A + sim=0.257 + delta=3
Basic and Feasible solutions,Introduction to Congruence,6.24-N-B.E.-Computer-Engineering-Sem-III-IV.pdf,2113111,Mathematics for Computer Engineering,4,1,0,0.1335,0.0,Low sim=0.133 - no semantic relation
Basic and Feasible solutions,Linear congruence,6.24-N-B.E.-Computer-Engineering-Sem-III-IV.pdf,2113111,Mathematics for Computer Engineering,5,1,0,0.1608,0.0,"No prereq signal: sim=0.161, delta=5, kw=0.000"
Basic and Feasible solutions,Application of congruence-RSA algorithm,6.24-N-B.E.-Computer-Engineering-Sem-III-IV.pdf,2113111,Mathematics for Computer Engineering,6,1,0,0.1536,0.0,"No prereq signal: sim=0.154, delta=6, kw=0.000"
Basic and Feasible solutions,Dirichlet’s conditions,6.24-N-B.E.-Computer-Engineering-Sem-III-IV.pdf,2113111,Mathematics for Computer Engineering,7,1,0,0.143,0.0,Low sim=0.143 - no semantic relation
Basic and Feasible solutions,Fourier series of periodic,6.24-N-B.E.-Computer-Engineering-Sem-III-IV.pdf,2113111,Mathematics for Computer Engineering,8,1,0,-0.0731,0.0,Low sim=-0.073 - no semantic relation
Basic and Feasible solutions,Fourier series of even and odd functions,6.24-N-B.E.-Computer-Engineering-Sem-III-IV.pdf,2113111,Mathematics for Computer Engineering,9,1,0,-0.0582,0.1,Low sim=-0.058 - no semantic relation
Basic and Feasible solutions,Complex form of Fourier Series,6.24-N-B.E.-Computer-Engineering-Sem-III-IV.pdf,2113111,Mathematics for Computer Engineering,10,1,0,-0.0442,0.0,Low sim=-0.044 - no semantic relation
Basic and Feasible solutions,Lines of regression,6.24-N-B.E.-Computer-Engineering-Sem-III-IV.pdf,2113111,Mathematics for Computer Engineering,11,1,0,0.1566,0.0,"No prereq signal: sim=0.157, delta=11, kw=0.000"
Basic and Feasible solutions,Moment generating function,6.24-N-B.E.-Computer-Engineering-Sem-III-IV.pdf,2113111,Mathematics for Computer Engineering,12,1,0,0.0337,0.0,Low sim=0.034 - no semantic relation
Basic and Feasible solutions,Raw moments,6.24-N-B.E.-Computer-Engineering-Sem-III-IV.pdf,2113111,Mathematics for Computer Engineering,13,1,0,0.0636,0.0,Low sim=0.064 - no semantic relation
Simplex method,Artificial variables,6.24-N-B.E.-Computer-Engineering-Sem-III-IV.pdf,2113111,Mathematics for Computer Engineering,1,1,1,0.267,0.0,Adjacent same-course topics: delta=1 + sim=0.267
Simplex method,Kuhn-Tucker conditions,6.24-N-B.E.-Computer-Engineering-Sem-III-IV.pdf,2113111,Mathematics for Computer Engineering,2,1,0,0.0561,0.0,Low sim=0.056 - no semantic relation
Simplex method,Introduction to Congruence,6.24-N-B.E.-Computer-Engineering-Sem-III-IV.pdf,2113111,Mathematics for Computer Engineering,3,1,0,0.0279,0.0,Low sim=0.028 - no semantic relation
Simplex method,Linear congruence,6.24-N-B.E.-Computer-Engineering-Sem-III-IV.pdf,2113111,Mathematics for Computer Engineering,4,1,0,0.1412,0.0,Low sim=0.141 - no semantic relation
Simplex method,Application of congruence-RSA algorithm,6.24-N-B.E.-Computer-Engineering-Sem-III-IV.pdf,2113111,Mathematics for Computer Engineering,5,1,0,0.155,0.0,"No prereq signal: sim=0.155, delta=5, kw=0.000"
Simplex method,Dirichlet’s conditions,6.24-N-B.E.-Computer-Engineering-Sem-III-IV.pdf,2113111,Mathematics for Computer Engineering,6,1,0,-0.0792,0.0,Low sim=-0.079 - no semantic relation
Simplex method,Fourier series of periodic,6.24-N-B.E.-Computer-Engineering-Sem-III-IV.pdf,2113111,Mathematics for Computer Engineering,7,1,0,0.0877,0.0,Low sim=0.088 - no semantic relation
Simplex method,Fourier series of even and odd functions,6.24-N-B.E.-Computer-Engineering-Sem-III-IV.pdf,2113111,Mathematics for Computer Engineering,8,1,0,0.1592,0.0,"No prereq signal: sim=0.159, delta=8, kw=0.000"
Simplex method,Complex form of Fourier Series,6.24-N-B.E.-Computer-Engineering-Sem-III-IV.pdf,2113111,Mathematics for Computer Engineering,9,1,0,0.0717,0.0,Low sim=0.072 - no semantic relation
Simplex method,Lines of regression,6.24-N-B.E.-Computer-Engineering-Sem-III-IV.pdf,2113111,Mathematics for Computer Engineering,10,1,0,0.1042,0.0,Low sim=0.104 - no semantic relation
Simplex method,Moment generating function,6.24-N-B.E.-Computer-Engineering-Sem-III-IV.pdf,2113111,Mathematics for Computer Engineering,11,1,0,0.096,0.0,Low sim=0.096 - no semantic relation
Simplex method,Raw moments,6.24-N-B.E.-Computer-Engineering-Sem-III-IV.pdf,2113111,Mathematics for Computer Engineering,12,1,0,0.0617,0.0,Low sim=0.062 - no semantic relation
Artificial variables,Kuhn-Tucker conditions,6.24-N-B.E.-Computer-Engineering-Sem-III-IV.pdf,2113111,Mathematics for Computer Engineering,1,1,1,0.208,0.0,Adjacent same-course topics: delta=1 + sim=0.208
Artificial variables,Introduction to Congruence,6.24-N-B.E.-Computer-Engineering-Sem-III-IV.pdf,2113111,Mathematics for Computer Engineering,2,1,0,0.0703,0.0,Low sim=0.070 - no semantic relation
Artificial variables,Linear congruence,6.24-N-B.E.-Computer-Engineering-Sem-III-IV.pdf,2113111,Mathematics for Computer Engineering,3,1,0,0.0242,0.0,Low sim=0.024 - no semantic relation
Artificial variables,Application of congruence-RSA algorithm,6.24-N-B.E.-Computer-Engineering-Sem-III-IV.pdf,2113111,Mathematics for Computer Engineering,4,1,0,0.1005,0.0,Low sim=0.101 - no semantic relation
Artificial variables,Dirichlet’s conditions,6.24-N-B.E.-Computer-Engineering-Sem-III-IV.pdf,2113111,Mathematics for Computer Engineering,5,1,0,0.0852,0.0,Low sim=0.085 - no semantic relation
Artificial variables,Fourier series of periodic,6.24-N-B.E.-Computer-Engineering-Sem-III-IV.pdf,2113111,Mathematics for Computer Engineering,6,1,0,-0.0556,0.0,Low sim=-0.056 - no semantic relation
Artificial variables,Fourier series of even and odd functions,6.24-N-B.E.-Computer-Engineering-Sem-III-IV.pdf,2113111,Mathematics for Computer Engineering,7,1,0,-0.0434,0.0,Low sim=-0.043 - no semantic relation
Artificial variables,Complex form of Fourier Series,6.24-N-B.E.-Computer-Engineering-Sem-III-IV.pdf,2113111,Mathematics for Computer Engineering,8,1,0,0.0469,0.0,Low sim=0.047 - no semantic relation
Artificial variables,Lines of regression,6.24-N-B.E.-Computer-Engineering-Sem-III-IV.pdf,2113111,Mathematics for Computer Engineering,9,1,0,0.3424,0.0,"No prereq signal: sim=0.342, delta=9, kw=0.000"
Artificial variables,Moment generating function,6.24-N-B.E.-Computer-Engineering-Sem-III-IV.pdf,2113111,Mathematics for Computer Engineering,10,1,0,0.1467,0.0,Low sim=0.147 - no semantic relation
Artificial variables,Raw moments,6.24-N-B.E.-Computer-Engineering-Sem-III-IV.pdf,2113111,Mathematics for Computer Engineering,11,1,0,0.121,0.0,Low sim=0.121 - no semantic relation
Kuhn-Tucker conditions,Introduction to Congruence,6.24-N-B.E.-Computer-Engineering-Sem-III-IV.pdf,2113111,Mathematics for Computer Engineering,1,1,0,0.0039,0.0,Low sim=0.004 - no semantic relation
Kuhn-Tucker conditions,Linear congruence,6.24-N-B.E.-Computer-Engineering-Sem-III-IV.pdf,2113111,Mathematics for Computer Engineering,2,1,0,-0.0388,0.0,Low sim=-0.039 - no semantic relation
Kuhn-Tucker conditions,Application of congruence-RSA algorithm,6.24-N-B.E.-Computer-Engineering-Sem-III-IV.pdf,2113111,Mathematics for Computer Engineering,3,1,0,-0.0484,0.0,Low sim=-0.048 - no semantic relation
Kuhn-Tucker conditions,Dirichlet’s conditions,6.24-N-B.E.-Computer-Engineering-Sem-III-IV.pdf,2113111,Mathematics for Computer Engineering,4,1,0,0.4166,0.2,"No prereq signal: sim=0.417, delta=4, kw=0.200"
Kuhn-Tucker conditions,Fourier series of periodic,6.24-N-B.E.-Computer-Engineering-Sem-III-IV.pdf,2113111,Mathematics for Computer Engineering,5,1,0,-0.0291,0.0,Low sim=-0.029 - no semantic relation
Kuhn-Tucker conditions,Fourier series of even and odd functions,6.24-N-B.E.-Computer-Engineering-Sem-III-IV.pdf,2113111,Mathematics for Computer Engineering,6,1,0,0.0022,0.0,Low sim=0.002 - no semantic relation
Kuhn-Tucker conditions,Complex form of Fourier Series,6.24-N-B.E.-Computer-Engineering-Sem-III-IV.pdf,2113111,Mathematics for Computer Engineering,7,1,0,0.057,0.0,Low sim=0.057 - no semantic relation
Kuhn-Tucker conditions,Lines of regression,6.24-N-B.E.-Computer-Engineering-Sem-III-IV.pdf,2113111,Mathematics for Computer Engineering,8,1,0,0.0916,0.0,Low sim=0.092 - no semantic relation
Kuhn-Tucker conditions,Moment generating function,6.24-N-B.E.-Computer-Engineering-Sem-III-IV.pdf,2113111,Mathematics for Computer Engineering,9,1,0,0.0264,0.0,Low sim=0.026 - no semantic relation
Kuhn-Tucker conditions,Raw moments,6.24-N-B.E.-Computer-Engineering-Sem-III-IV.pdf,2113111,Mathematics for Computer Engineering,10,1,0,0.1,0.0,Low sim=0.100 - no semantic relation
Introduction to Congruence,Linear congruence,6.24-N-B.E.-Computer-Engineering-Sem-III-IV.pdf,2113111,Mathematics for Computer Engineering,1,1,1,0.6781,0.25,High sim=0.678 + delta=1
Introduction to Congruence,Application of congruence-RSA algorithm,6.24-N-B.E.-Computer-Engineering-Sem-III-IV.pdf,2113111,Mathematics for Computer Engineering,2,1,1,0.6881,0.14285714285714285,High sim=0.688 + delta=2
Introduction to Congruence,Dirichlet’s conditions,6.24-N-B.E.-Computer-Engineering-Sem-III-IV.pdf,2113111,Mathematics for Computer Engineering,3,1,0,0.1547,0.0,"No prereq signal: sim=0.155, delta=3, kw=0.000"
Introduction to Congruence,Fourier series of periodic,6.24-N-B.E.-Computer-Engineering-Sem-III-IV.pdf,2113111,Mathematics for Computer Engineering,4,1,0,0.1555,0.0,"No prereq signal: sim=0.155, delta=4, kw=0.000"
Introduction to Congruence,Fourier series of even and odd functions,6.24-N-B.E.-Computer-Engineering-Sem-III-IV.pdf,2113111,Mathematics for Computer Engineering,5,1,0,0.0929,0.0,Low sim=0.093 - no semantic relation
Introduction to Congruence,Complex form of Fourier Series,6.24-N-B.E.-Computer-Engineering-Sem-III-IV.pdf,2113111,Mathematics for Computer Engineering,6,1,0,0.0916,0.0,Low sim=0.092 - no semantic relation
Introduction to Congruence,Lines of regression,6.24-N-B.E.-Computer-Engineering-Sem-III-IV.pdf,2113111,Mathematics for Computer Engineering,7,1,0,0.0511,0.0,Low sim=0.051 - no semantic relation
Introduction to Congruence,Moment generating function,6.24-N-B.E.-Computer-Engineering-Sem-III-IV.pdf,2113111,Mathematics for Computer Engineering,8,1,0,0.0546,0.0,Low sim=0.055 - no semantic relation
Introduction to Congruence,Raw moments,6.24-N-B.E.-Computer-Engineering-Sem-III-IV.pdf,2113111,Mathematics for Computer Engineering,9,1,0,0.0832,0.0,Low sim=0.083 - no semantic relation
Linear congruence,Application of congruence-RSA algorithm,6.24-N-B.E.-Computer-Engineering-Sem-III-IV.pdf,2113111,Mathematics for Computer Engineering,1,1,1,0.5786,0.16666666666666666,sim=0.579>=0.45 + delta=1<=5
Linear congruence,Dirichlet’s conditions,6.24-N-B.E.-Computer-Engineering-Sem-III-IV.pdf,2113111,Mathematics for Computer Engineering,2,1,0,0.027,0.0,Low sim=0.027 - no semantic relation
Linear congruence,Fourier series of periodic,6.24-N-B.E.-Computer-Engineering-Sem-III-IV.pdf,2113111,Mathematics for Computer Engineering,3,1,0,0.1968,0.0,"No prereq signal: sim=0.197, delta=3, kw=0.000"
Linear congruence,Fourier series of even and odd functions,6.24-N-B.E.-Computer-Engineering-Sem-III-IV.pdf,2113111,Mathematics for Computer Engineering,4,1,0,0.0794,0.0,Low sim=0.079 - no semantic relation
Linear congruence,Complex form of Fourier Series,6.24-N-B.E.-Computer-Engineering-Sem-III-IV.pdf,2113111,Mathematics for Computer Engineering,5,1,0,0.0738,0.0,Low sim=0.074 - no semantic relation
Linear congruence,Lines of regression,6.24-N-B.E.-Computer-Engineering-Sem-III-IV.pdf,2113111,Mathematics for Computer Engineering,6,1,0,0.129,0.0,Low sim=0.129 - no semantic relation
Linear congruence,Moment generating function,6.24-N-B.E.-Computer-Engineering-Sem-III-IV.pdf,2113111,Mathematics for Computer Engineering,7,1,0,0.0302,0.0,Low sim=0.030 - no semantic relation
Linear congruence,Raw moments,6.24-N-B.E.-Computer-Engineering-Sem-III-IV.pdf,2113111,Mathematics for Computer Engineering,8,1,0,-0.0164,0.0,Low sim=-0.016 - no semantic relation
Application of congruence-RSA algorithm,Dirichlet’s conditions,6.24-N-B.E.-Computer-Engineering-Sem-III-IV.pdf,2113111,Mathematics for Computer Engineering,1,1,0,0.0264,0.0,Low sim=0.026 - no semantic relation
Application of congruence-RSA algorithm,Fourier series of periodic,6.24-N-B.E.-Computer-Engineering-Sem-III-IV.pdf,2113111,Mathematics for Computer Engineering,2,1,0,0.1624,0.125,"No prereq signal: sim=0.162, delta=2, kw=0.125"
Application of congruence-RSA algorithm,Fourier series of even and odd functions,6.24-N-B.E.-Computer-Engineering-Sem-III-IV.pdf,2113111,Mathematics for Computer Engineering,3,1,0,0.0774,0.09090909090909091,Low sim=0.077 - no semantic relation
Application of congruence-RSA algorithm,Complex form of Fourier Series,6.24-N-B.E.-Computer-Engineering-Sem-III-IV.pdf,2113111,Mathematics for Computer Engineering,4,1,0,0.1121,0.1111111111111111,Low sim=0.112 - no semantic relation
Application of congruence-RSA algorithm,Lines of regression,6.24-N-B.E.-Computer-Engineering-Sem-III-IV.pdf,2113111,Mathematics for Computer Engineering,5,1,0,0.0278,0.14285714285714285,Low sim=0.028 - no semantic relation
Application of congruence-RSA algorithm,Moment generating function,6.24-N-B.E.-Computer-Engineering-Sem-III-IV.pdf,2113111,Mathematics for Computer Engineering,6,1,0,0.1798,0.0,"No prereq signal: sim=0.180, delta=6, kw=0.000"
Application of congruence-RSA algorithm,Raw moments,6.24-N-B.E.-Computer-Engineering-Sem-III-IV.pdf,2113111,Mathematics for Computer Engineering,7,1,0,0.0321,0.0,Low sim=0.032 - no semantic relation
Dirichlet’s conditions,Fourier series of periodic,6.24-N-B.E.-Computer-Engineering-Sem-III-IV.pdf,2113111,Mathematics for Computer Engineering,1,1,0,0.1715,0.0,"No prereq signal: sim=0.171, delta=1, kw=0.000"
Dirichlet’s conditions,Fourier series of even and odd functions,6.24-N-B.E.-Computer-Engineering-Sem-III-IV.pdf,2113111,Mathematics for Computer Engineering,2,1,0,0.1507,0.0,"No prereq signal: sim=0.151, delta=2, kw=0.000"
Dirichlet’s conditions,Complex form of Fourier Series,6.24-N-B.E.-Computer-Engineering-Sem-III-IV.pdf,2113111,Mathematics for Computer Engineering,3,1,0,0.1255,0.0,Low sim=0.125 - no semantic relation
Dirichlet’s conditions,Lines of regression,6.24-N-B.E.-Computer-Engineering-Sem-III-IV.pdf,2113111,Mathematics for Computer Engineering,4,1,0,0.0011,0.0,Low sim=0.001 - no semantic relation
Dirichlet’s conditions,Moment generating function,6.24-N-B.E.-Computer-Engineering-Sem-III-IV.pdf,2113111,Mathematics for Computer Engineering,5,1,0,-0.0091,0.0,Low sim=-0.009 - no semantic relation
Dirichlet’s conditions,Raw moments,6.24-N-B.E.-Computer-Engineering-Sem-III-IV.pdf,2113111,Mathematics for Computer Engineering,6,1,0,0.1015,0.0,Low sim=0.101 - no semantic relation
Fourier series of periodic,Fourier series of even and odd functions,6.24-N-B.E.-Computer-Engineering-Sem-III-IV.pdf,2113111,Mathematics for Computer Engineering,1,1,1,0.7024,0.375,High sim=0.702 + delta=1
Fourier series of periodic,Complex form of Fourier Series,6.24-N-B.E.-Computer-Engineering-Sem-III-IV.pdf,2113111,Mathematics for Computer Engineering,2,1,1,0.7343,0.5,High sim=0.734 + delta=2
Fourier series of periodic,Lines of regression,6.24-N-B.E.-Computer-Engineering-Sem-III-IV.pdf,2113111,Mathematics for Computer Engineering,3,1,0,-0.0031,0.16666666666666666,Low sim=-0.003 - no semantic relation
Fourier series of periodic,Moment generating function,6.24-N-B.E.-Computer-Engineering-Sem-III-IV.pdf,2113111,Mathematics for Computer Engineering,4,1,0,0.1743,0.0,"No prereq signal: sim=0.174, delta=4, kw=0.000"
Fourier series of periodic,Raw moments,6.24-N-B.E.-Computer-Engineering-Sem-III-IV.pdf,2113111,Mathematics for Computer Engineering,5,1,0,-0.0189,0.0,Low sim=-0.019 - no semantic relation
Fourier series of even and odd functions,Complex form of Fourier Series,6.24-N-B.E.-Computer-Engineering-Sem-III-IV.pdf,2113111,Mathematics for Computer Engineering,1,1,1,0.6314,0.3333333333333333,High sim=0.631 + delta=1
Fourier series of even and odd functions,Lines of regression,6.24-N-B.E.-Computer-Engineering-Sem-III-IV.pdf,2113111,Mathematics for Computer Engineering,2,1,0,-0.005,0.1111111111111111,Low sim=-0.005 - no semantic relation
Fourier series of even and odd functions,Moment generating function,6.24-N-B.E.-Computer-Engineering-Sem-III-IV.pdf,2113111,Mathematics for Computer Engineering,3,1,0,0.1755,0.0,"No prereq signal: sim=0.176, delta=3, kw=0.000"
Fourier series of even and odd functions,Raw moments,6.24-N-B.E.-Computer-Engineering-Sem-III-IV.pdf,2113111,Mathematics for Computer Engineering,4,1,0,0.0454,0.0,Low sim=0.045 - no semantic relation
Complex form of Fourier Series,Lines of regression,6.24-N-B.E.-Computer-Engineering-Sem-III-IV.pdf,2113111,Mathematics for Computer Engineering,1,1,0,0.0088,0.14285714285714285,Low sim=0.009 - no semantic relation
Complex form of Fourier Series,Moment generating function,6.24-N-B.E.-Computer-Engineering-Sem-III-IV.pdf,2113111,Mathematics for Computer Engineering,2,1,1,0.2589,0.0,Adjacent same-course topics: delta=2 + sim=0.259
Complex form of Fourier Series,Raw moments,6.24-N-B.E.-Computer-Engineering-Sem-III-IV.pdf,2113111,Mathematics for Computer Engineering,3,1,0,0.0211,0.0,Low sim=0.021 - no semantic relation
Lines of regression,Moment generating function,6.24-N-B.E.-Computer-Engineering-Sem-III-IV.pdf,2113111,Mathematics for Computer Engineering,1,1,0,0.0172,0.0,Low sim=0.017 - no semantic relation
Lines of regression,Raw moments,6.24-N-B.E.-Computer-Engineering-Sem-III-IV.pdf,2113111,Mathematics for Computer Engineering,2,1,0,0.0828,0.0,Low sim=0.083 - no semantic relation
Moment generating function,Raw moments,6.24-N-B.E.-Computer-Engineering-Sem-III-IV.pdf,2113111,Mathematics for Computer Engineering,1,1,1,0.4099,0.0,Adjacent same-course topics: delta=1 + sim=0.410
RE in text search and replace,Application of Regular,6.24-N-B.E.-Computer-Engineering-Sem-III-IV.pdf,2114111,Computational,1,1,0,0.1369,0.0,Low sim=0.137 - no semantic relation
RE in text search and replace,Languages in Compiler Design,6.24-N-B.E.-Computer-Engineering-Sem-III-IV.pdf,2114111,Computational,2,1,0,0.0087,0.1111111111111111,Low sim=0.009 - no semantic relation
RE in text search and replace,Nondeterministic Finite Automata (NFA): Definitions,6.24-N-B.E.-Computer-Engineering-Sem-III-IV.pdf,2114111,Computational,3,1,0,0.0547,0.0,Low sim=0.055 - no semantic relation
RE in text search and replace,Equivalence between NFA with and ϵ- transitions,6.24-N-B.E.-Computer-Engineering-Sem-III-IV.pdf,2114111,Computational,4,1,0,0.0344,0.08333333333333333,Low sim=0.034 - no semantic relation
RE in text search and replace,Minimization of DFA,6.24-N-B.E.-Computer-Engineering-Sem-III-IV.pdf,2114111,Computational,5,1,0,0.056,0.0,Low sim=0.056 - no semantic relation
Application of Regular,Languages in Compiler Design,6.24-N-B.E.-Computer-Engineering-Sem-III-IV.pdf,2114111,Computational,1,1,0,0.127,0.0,Low sim=0.127 - no semantic relation
Application of Regular,Nondeterministic Finite Automata (NFA): Definitions,6.24-N-B.E.-Computer-Engineering-Sem-III-IV.pdf,2114111,Computational,2,1,1,0.2048,0.0,Adjacent same-course topics: delta=2 + sim=0.205
Application of Regular,Equivalence between NFA with and ϵ- transitions,6.24-N-B.E.-Computer-Engineering-Sem-III-IV.pdf,2114111,Computational,3,1,0,0.1411,0.0,Low sim=0.141 - no semantic relation
Application of Regular,Minimization of DFA,6.24-N-B.E.-Computer-Engineering-Sem-III-IV.pdf,2114111,Computational,4,1,0,0.289,0.2,"No prereq signal: sim=0.289, delta=4, kw=0.200"
Languages in Compiler Design,Nondeterministic Finite Automata (NFA): Definitions,6.24-N-B.E.-Computer-Engineering-Sem-III-IV.pdf,2114111,Computational,1,1,1,0.2147,0.0,Adjacent same-course topics: delta=1 + sim=0.215
Languages in Compiler Design,Equivalence between NFA with and ϵ- transitions,6.24-N-B.E.-Computer-Engineering-Sem-III-IV.pdf,2114111,Computational,2,1,0,0.1073,0.0,Low sim=0.107 - no semantic relation
Languages in Compiler Design,Minimization of DFA,6.24-N-B.E.-Computer-Engineering-Sem-III-IV.pdf,2114111,Computational,3,1,0,0.146,0.0,Low sim=0.146 - no semantic relation
Nondeterministic Finite Automata (NFA): Definitions,Equivalence between NFA with and ϵ- transitions,6.24-N-B.E.-Computer-Engineering-Sem-III-IV.pdf,2114111,Computational,1,1,1,0.5904,0.09090909090909091,sim=0.590>=0.45 + delta=1<=5
Nondeterministic Finite Automata (NFA): Definitions,Minimization of DFA,6.24-N-B.E.-Computer-Engineering-Sem-III-IV.pdf,2114111,Computational,2,1,1,0.5158,0.0,sim=0.516>=0.45 + delta=2<=5
Equivalence between NFA with and ϵ- transitions,Minimization of DFA,6.24-N-B.E.-Computer-Engineering-Sem-III-IV.pdf,2114111,Computational,1,1,1,0.4193,0.0,Adjacent same-course topics: delta=1 + sim=0.419
Relationship (EER) Model,"Generalization, Specialization and Aggregation",6.24-N-B.E.-Computer-Engineering-Sem-III-IV.pdf,2114112,Database Management System,1,1,0,0.1203,0.0,Low sim=0.120 - no semantic relation
Relationship (EER) Model,"Introduction to the Relational Model, relational",6.24-N-B.E.-Computer-Engineering-Sem-III-IV.pdf,2114112,Database Management System,2,1,1,0.5185,0.14285714285714285,sim=0.518>=0.45 + delta=2<=5
Relationship (EER) Model,"EER Model to the Relational Model, Relational",6.24-N-B.E.-Computer-Engineering-Sem-III-IV.pdf,2114112,Database Management System,3,1,1,0.8421,0.3333333333333333,High sim=0.842 + delta=3
Relationship (EER) Model,"Overview of SQL, Data Definition Commands",6.24-N-B.E.-Computer-Engineering-Sem-III-IV.pdf,2114112,Database Management System,4,1,0,0.1176,0.0,Low sim=0.118 - no semantic relation
Relationship (EER) Model,"Integrity constraints: key constraints, Domain",6.24-N-B.E.-Computer-Engineering-Sem-III-IV.pdf,2114112,Database Management System,5,1,0,0.2034,0.0,"No prereq signal: sim=0.203, delta=5, kw=0.000"
Relationship (EER) Model,"Triggers, Introduction to Pl/SQL Block Structure",6.24-N-B.E.-Computer-Engineering-Sem-III-IV.pdf,2114112,Database Management System,6,1,0,0.1301,0.0,Low sim=0.130 - no semantic relation
Relationship (EER) Model,"Pitfalls in relational database designs, Concept",6.24-N-B.E.-Computer-Engineering-Sem-III-IV.pdf,2114112,Database Management System,7,1,1,0.3273,0.0,Foundational kw in A + sim=0.327 + delta=7
Relationship (EER) Model,"Concurrent Executions, Serializability",6.24-N-B.E.-Computer-Engineering-Sem-III-IV.pdf,2114112,Database Management System,8,1,0,0.0581,0.0,Low sim=0.058 - no semantic relation
Relationship (EER) Model,"Cloud Database, Introduction of Distributed",6.24-N-B.E.-Computer-Engineering-Sem-III-IV.pdf,2114112,Database Management System,9,1,0,0.1208,0.0,Low sim=0.121 - no semantic relation
"Generalization, Specialization and Aggregation","Introduction to the Relational Model, relational",6.24-N-B.E.-Computer-Engineering-Sem-III-IV.pdf,2114112,Database Management System,1,1,1,0.2568,0.0,Adjacent same-course topics: delta=1 + sim=0.257
"Generalization, Specialization and Aggregation","EER Model to the Relational Model, Relational",6.24-N-B.E.-Computer-Engineering-Sem-III-IV.pdf,2114112,Database Management System,2,1,1,0.2326,0.0,Adjacent same-course topics: delta=2 + sim=0.233
"Generalization, Specialization and Aggregation","Overview of SQL, Data Definition Commands",6.24-N-B.E.-Computer-Engineering-Sem-III-IV.pdf,2114112,Database Management System,3,1,0,0.2145,0.0,"No prereq signal: sim=0.214, delta=3, kw=0.000"
"Generalization, Specialization and Aggregation","Integrity constraints: key constraints, Domain",6.24-N-B.E.-Computer-Engineering-Sem-III-IV.pdf,2114112,Database Management System,4,1,0,0.2391,0.0,"No prereq signal: sim=0.239, delta=4, kw=0.000"
"Generalization, Specialization and Aggregation","Triggers, Introduction to Pl/SQL Block Structure",6.24-N-B.E.-Computer-Engineering-Sem-III-IV.pdf,2114112,Database Management System,5,1,0,0.2173,0.0,"No prereq signal: sim=0.217, delta=5, kw=0.000"
"Generalization, Specialization and Aggregation","Pitfalls in relational database designs, Concept",6.24-N-B.E.-Computer-Engineering-Sem-III-IV.pdf,2114112,Database Management System,6,1,0,0.2946,0.0,"No prereq signal: sim=0.295, delta=6, kw=0.000"
"Generalization, Specialization and Aggregation","Concurrent Executions, Serializability",6.24-N-B.E.-Computer-Engineering-Sem-III-IV.pdf,2114112,Database Management System,7,1,0,0.2549,0.0,"No prereq signal: sim=0.255, delta=7, kw=0.000"
"Generalization, Specialization and Aggregation","Cloud Database, Introduction of Distributed",6.24-N-B.E.-Computer-Engineering-Sem-III-IV.pdf,2114112,Database Management System,8,1,0,0.2213,0.0,"No prereq signal: sim=0.221, delta=8, kw=0.000"
"Introduction to the Relational Model, relational","EER Model to the Relational Model, Relational",6.24-N-B.E.-Computer-Engineering-Sem-III-IV.pdf,2114112,Database Management System,1,1,1,0.723,0.6666666666666666,High sim=0.723 + delta=1
"Introduction to the Relational Model, relational","Overview of SQL, Data Definition Commands",6.24-N-B.E.-Computer-Engineering-Sem-III-IV.pdf,2114112,Database Management System,2,1,1,0.2286,0.0,Adjacent same-course topics: delta=2 + sim=0.229
"Introduction to the Relational Model, relational","Integrity constraints: key constraints, Domain",6.24-N-B.E.-Computer-Engineering-Sem-III-IV.pdf,2114112,Database Management System,3,1,1,0.3045,0.0,Foundational kw in A + sim=0.305 + delta=3
"Introduction to the Relational Model, relational","Triggers, Introduction to Pl/SQL Block Structure",6.24-N-B.E.-Computer-Engineering-Sem-III-IV.pdf,2114112,Database Management System,4,1,0,0.2218,0.2,"No prereq signal: sim=0.222, delta=4, kw=0.200"
"Introduction to the Relational Model, relational","Pitfalls in relational database designs, Concept",6.24-N-B.E.-Computer-Engineering-Sem-III-IV.pdf,2114112,Database Management System,5,1,1,0.5666,0.1,sim=0.567>=0.45 + delta=5<=5
"Introduction to the Relational Model, relational","Concurrent Executions, Serializability",6.24-N-B.E.-Computer-Engineering-Sem-III-IV.pdf,2114112,Database Management System,6,1,0,0.1168,0.0,Low sim=0.117 - no semantic relation
"Introduction to the Relational Model, relational","Cloud Database, Introduction of Distributed",6.24-N-B.E.-Computer-Engineering-Sem-III-IV.pdf,2114112,Database Management System,7,1,1,0.2594,0.1111111111111111,Foundational kw in A + sim=0.259 + delta=7
"EER Model to the Relational Model, Relational","Overview of SQL, Data Definition Commands",6.24-N-B.E.-Computer-Engineering-Sem-III-IV.pdf,2114112,Database Management System,1,1,1,0.2588,0.0,Foundational kw in A + sim=0.259 + delta=1
"EER Model to the Relational Model, Relational","Integrity constraints: key constraints, Domain",6.24-N-B.E.-Computer-Engineering-Sem-III-IV.pdf,2114112,Database Management System,2,1,1,0.2939,0.0,Foundational kw in A + sim=0.294 + delta=2
"EER Model to the Relational Model, Relational","Triggers, Introduction to Pl/SQL Block Structure",6.24-N-B.E.-Computer-Engineering-Sem-III-IV.pdf,2114112,Database Management System,3,1,0,0.235,0.09090909090909091,"No prereq signal: sim=0.235, delta=3, kw=0.091"
"EER Model to the Relational Model, Relational","Pitfalls in relational database designs, Concept",6.24-N-B.E.-Computer-Engineering-Sem-III-IV.pdf,2114112,Database Management System,4,1,1,0.5219,0.1,sim=0.522>=0.45 + delta=4<=5
"EER Model to the Relational Model, Relational","Concurrent Executions, Serializability",6.24-N-B.E.-Computer-Engineering-Sem-III-IV.pdf,2114112,Database Management System,5,1,0,0.1145,0.0,Low sim=0.115 - no semantic relation
"EER Model to the Relational Model, Relational","Cloud Database, Introduction of Distributed",6.24-N-B.E.-Computer-Engineering-Sem-III-IV.pdf,2114112,Database Management System,6,1,0,0.217,0.0,"No prereq signal: sim=0.217, delta=6, kw=0.000"
"Overview of SQL, Data Definition Commands","Integrity constraints: key constraints, Domain",6.24-N-B.E.-Computer-Engineering-Sem-III-IV.pdf,2114112,Database Management System,1,1,1,0.2471,0.0,Adjacent same-course topics: delta=1 + sim=0.247
"Overview of SQL, Data Definition Commands","Triggers, Introduction to Pl/SQL Block Structure",6.24-N-B.E.-Computer-Engineering-Sem-III-IV.pdf,2114112,Database Management System,2,1,1,0.5056,0.08333333333333333,sim=0.506>=0.45 + delta=2<=5
"Overview of SQL, Data Definition Commands","Pitfalls in relational database designs, Concept",6.24-N-B.E.-Computer-Engineering-Sem-III-IV.pdf,2114112,Database Management System,3,1,1,0.3288,0.0,Foundational kw in A + sim=0.329 + delta=3
"Overview of SQL, Data Definition Commands","Concurrent Executions, Serializability",6.24-N-B.E.-Computer-Engineering-Sem-III-IV.pdf,2114112,Database Management System,4,1,0,0.1166,0.0,Low sim=0.117 - no semantic relation
"Overview of SQL, Data Definition Commands","Cloud Database, Introduction of Distributed",6.24-N-B.E.-Computer-Engineering-Sem-III-IV.pdf,2114112,Database Management System,5,1,1,0.2886,0.1,Foundational kw in A + sim=0.289 + delta=5
"Integrity constraints: key constraints, Domain","Triggers, Introduction to Pl/SQL Block Structure",6.24-N-B.E.-Computer-Engineering-Sem-III-IV.pdf,2114112,Database Management System,1,1,1,0.3377,0.0,Adjacent same-course topics: delta=1 + sim=0.338
"Integrity constraints: key constraints, Domain","Pitfalls in relational database designs, Concept",6.24-N-B.E.-Computer-Engineering-Sem-III-IV.pdf,2114112,Database Management System,2,1,1,0.3556,0.0,Adjacent same-course topics: delta=2 + sim=0.356
"Integrity constraints: key constraints, Domain","Concurrent Executions, Serializability",6.24-N-B.E.-Computer-Engineering-Sem-III-IV.pdf,2114112,Database Management System,3,1,0,0.3471,0.0,"No prereq signal: sim=0.347, delta=3, kw=0.000"
"Integrity constraints: key constraints, Domain","Cloud Database, Introduction of Distributed",6.24-N-B.E.-Computer-Engineering-Sem-III-IV.pdf,2114112,Database Management System,4,1,0,0.1594,0.0,"No prereq signal: sim=0.159, delta=4, kw=0.000"
"Triggers, Introduction to Pl/SQL Block Structure","Pitfalls in relational database designs, Concept",6.24-N-B.E.-Computer-Engineering-Sem-III-IV.pdf,2114112,Database Management System,1,1,1,0.397,0.0,Foundational kw in A + sim=0.397 + delta=1
"Triggers, Introduction to Pl/SQL Block Structure","Concurrent Executions, Serializability",6.24-N-B.E.-Computer-Engineering-Sem-III-IV.pdf,2114112,Database Management System,2,1,1,0.2327,0.0,Adjacent same-course topics: delta=2 + sim=0.233
"Triggers, Introduction to Pl/SQL Block Structure","Cloud Database, Introduction of Distributed",6.24-N-B.E.-Computer-Engineering-Sem-III-IV.pdf,2114112,Database Management System,3,1,1,0.2646,0.09090909090909091,Foundational kw in A + sim=0.265 + delta=3
"Pitfalls in relational database designs, Concept","Concurrent Executions, Serializability",6.24-N-B.E.-Computer-Engineering-Sem-III-IV.pdf,2114112,Database Management System,1,1,0,0.1842,0.0,"No prereq signal: sim=0.184, delta=1, kw=0.000"
"Pitfalls in relational database designs, Concept","Cloud Database, Introduction of Distributed",6.24-N-B.E.-Computer-Engineering-Sem-III-IV.pdf,2114112,Database Management System,2,1,1,0.3498,0.1,Foundational kw in A + sim=0.350 + delta=2
"Concurrent Executions, Serializability","Cloud Database, Introduction of Distributed",6.24-N-B.E.-Computer-Engineering-Sem-III-IV.pdf,2114112,Database Management System,1,1,1,0.2068,0.0,Adjacent same-course topics: delta=1 + sim=0.207
Inverse Laplace transform using Convolution theorem,Applications to solve initial and boundary value problems,6.34-N-B.E.-Information-Technology-Sem-III-IV.pdf,2343111,Applied Mathematics Thinking-I,1,1,0,0.1166,0.0,Low sim=0.117 - no semantic relation
Inverse Laplace transform using Convolution theorem,Parseval’s Identity (without proof) Fourier series of periodic,6.34-N-B.E.-Information-Technology-Sem-III-IV.pdf,2343111,Applied Mathematics Thinking-I,2,1,0,0.1698,0.0,"No prereq signal: sim=0.170, delta=2, kw=0.000"
Inverse Laplace transform using Convolution theorem,Fourier series of even and odd functions (simple functions,6.34-N-B.E.-Information-Technology-Sem-III-IV.pdf,2343111,Applied Mathematics Thinking-I,3,1,0,0.1159,0.0,Low sim=0.116 - no semantic relation
Inverse Laplace transform using Convolution theorem,Hal Frange Sine and Cosine Series,6.34-N-B.E.-Information-Technology-Sem-III-IV.pdf,2343111,Applied Mathematics Thinking-I,4,1,0,0.081,0.0,Low sim=0.081 - no semantic relation
Inverse Laplace transform using Convolution theorem,"Harmonic function, Harmonic conjugate, and orthogonal",6.34-N-B.E.-Information-Technology-Sem-III-IV.pdf,2343111,Applied Mathematics Thinking-I,5,1,0,0.307,0.0,"No prereq signal: sim=0.307, delta=5, kw=0.000"
Inverse Laplace transform using Convolution theorem,Kar lPearson’s Coefficient of correlation(r) Spearman’s,6.34-N-B.E.-Information-Technology-Sem-III-IV.pdf,2343111,Applied Mathematics Thinking-I,6,1,0,0.0815,0.0,Low sim=0.082 - no semantic relation
Inverse Laplace transform using Convolution theorem,Rank correlation coefficient (R) (with repeated and non,6.34-N-B.E.-Information-Technology-Sem-III-IV.pdf,2343111,Applied Mathematics Thinking-I,7,1,0,-0.0279,0.0,Low sim=-0.028 - no semantic relation
Inverse Laplace transform using Convolution theorem,"Advanced Engineering Mathematics, R.K. Jainand S.R.K. Iyengar, Narosapublication",6.34-N-B.E.-Information-Technology-Sem-III-IV.pdf,2343111,Applied Mathematics Thinking-I,8,1,0,0.0016,0.0,Low sim=0.002 - no semantic relation
Applications to solve initial and boundary value problems,Parseval’s Identity (without proof) Fourier series of periodic,6.34-N-B.E.-Information-Technology-Sem-III-IV.pdf,2343111,Applied Mathematics Thinking-I,1,1,0,0.0387,0.0,Low sim=0.039 - no semantic relation
Applications to solve initial and boundary value problems,Fourier series of even and odd functions (simple functions,6.34-N-B.E.-Information-Technology-Sem-III-IV.pdf,2343111,Applied Mathematics Thinking-I,2,1,0,0.0904,0.06666666666666667,Low sim=0.090 - no semantic relation
Applications to solve initial and boundary value problems,Hal Frange Sine and Cosine Series,6.34-N-B.E.-Information-Technology-Sem-III-IV.pdf,2343111,Applied Mathematics Thinking-I,3,1,0,0.1233,0.07692307692307693,Low sim=0.123 - no semantic relation
Applications to solve initial and boundary value problems,"Harmonic function, Harmonic conjugate, and orthogonal",6.34-N-B.E.-Information-Technology-Sem-III-IV.pdf,2343111,Applied Mathematics Thinking-I,4,1,0,0.1405,0.08333333333333333,Low sim=0.140 - no semantic relation
Applications to solve initial and boundary value problems,Kar lPearson’s Coefficient of correlation(r) Spearman’s,6.34-N-B.E.-Information-Technology-Sem-III-IV.pdf,2343111,Applied Mathematics Thinking-I,5,1,0,0.0149,0.0,Low sim=0.015 - no semantic relation
Applications to solve initial and boundary value problems,Rank correlation coefficient (R) (with repeated and non,6.34-N-B.E.-Information-Technology-Sem-III-IV.pdf,2343111,Applied Mathematics Thinking-I,6,1,0,-0.0144,0.06666666666666667,Low sim=-0.014 - no semantic relation
Applications to solve initial and boundary value problems,"Advanced Engineering Mathematics, R.K. Jainand S.R.K. Iyengar, Narosapublication",6.34-N-B.E.-Information-Technology-Sem-III-IV.pdf,2343111,Applied Mathematics Thinking-I,7,1,0,0.2664,0.0,"No prereq signal: sim=0.266, delta=7, kw=0.000"
Parseval’s Identity (without proof) Fourier series of periodic,Fourier series of even and odd functions (simple functions,6.34-N-B.E.-Information-Technology-Sem-III-IV.pdf,2343111,Applied Mathematics Thinking-I,1,1,1,0.63,0.21428571428571427,High sim=0.630 + delta=1
Parseval’s Identity (without proof) Fourier series of periodic,Hal Frange Sine and Cosine Series,6.34-N-B.E.-Information-Technology-Sem-III-IV.pdf,2343111,Applied Mathematics Thinking-I,2,1,1,0.3657,0.07142857142857142,Adjacent same-course topics: delta=2 + sim=0.366
Parseval’s Identity (without proof) Fourier series of periodic,"Harmonic function, Harmonic conjugate, and orthogonal",6.34-N-B.E.-Information-Technology-Sem-III-IV.pdf,2343111,Applied Mathematics Thinking-I,3,1,0,0.291,0.0,"No prereq signal: sim=0.291, delta=3, kw=0.000"
Parseval’s Identity (without proof) Fourier series of periodic,Kar lPearson’s Coefficient of correlation(r) Spearman’s,6.34-N-B.E.-Information-Technology-Sem-III-IV.pdf,2343111,Applied Mathematics Thinking-I,4,1,0,0.13,0.13333333333333333,Low sim=0.130 - no semantic relation
Parseval’s Identity (without proof) Fourier series of periodic,Rank correlation coefficient (R) (with repeated and non,6.34-N-B.E.-Information-Technology-Sem-III-IV.pdf,2343111,Applied Mathematics Thinking-I,5,1,0,-0.0991,0.0,Low sim=-0.099 - no semantic relation
Parseval’s Identity (without proof) Fourier series of periodic,"Advanced Engineering Mathematics, R.K. Jainand S.R.K. Iyengar, Narosapublication",6.34-N-B.E.-Information-Technology-Sem-III-IV.pdf,2343111,Applied Mathematics Thinking-I,6,1,0,-0.0349,0.058823529411764705,Low sim=-0.035 - no semantic relation
Fourier series of even and odd functions (simple functions,Hal Frange Sine and Cosine Series,6.34-N-B.E.-Information-Technology-Sem-III-IV.pdf,2343111,Applied Mathematics Thinking-I,1,1,1,0.3886,0.16666666666666666,Adjacent same-course topics: delta=1 + sim=0.389
Fourier series of even and odd functions (simple functions,"Harmonic function, Harmonic conjugate, and orthogonal",6.34-N-B.E.-Information-Technology-Sem-III-IV.pdf,2343111,Applied Mathematics Thinking-I,2,1,1,0.2839,0.08333333333333333,Adjacent same-course topics: delta=2 + sim=0.284
Fourier series of even and odd functions (simple functions,Kar lPearson’s Coefficient of correlation(r) Spearman’s,6.34-N-B.E.-Information-Technology-Sem-III-IV.pdf,2343111,Applied Mathematics Thinking-I,3,1,0,0.1132,0.06666666666666667,Low sim=0.113 - no semantic relation
Fourier series of even and odd functions (simple functions,Rank correlation coefficient (R) (with repeated and non,6.34-N-B.E.-Information-Technology-Sem-III-IV.pdf,2343111,Applied Mathematics Thinking-I,4,1,0,-0.0358,0.06666666666666667,Low sim=-0.036 - no semantic relation
Fourier series of even and odd functions (simple functions,"Advanced Engineering Mathematics, R.K. Jainand S.R.K. Iyengar, Narosapublication",6.34-N-B.E.-Information-Technology-Sem-III-IV.pdf,2343111,Applied Mathematics Thinking-I,5,1,0,0.0171,0.0,Low sim=0.017 - no semantic relation
Hal Frange Sine and Cosine Series,"Harmonic function, Harmonic conjugate, and orthogonal",6.34-N-B.E.-Information-Technology-Sem-III-IV.pdf,2343111,Applied Mathematics Thinking-I,1,1,0,0.1887,0.1,"No prereq signal: sim=0.189, delta=1, kw=0.100"
Hal Frange Sine and Cosine Series,Kar lPearson’s Coefficient of correlation(r) Spearman’s,6.34-N-B.E.-Information-Technology-Sem-III-IV.pdf,2343111,Applied Mathematics Thinking-I,2,1,1,0.262,0.0,Adjacent same-course topics: delta=2 + sim=0.262
Hal Frange Sine and Cosine Series,Rank correlation coefficient (R) (with repeated and non,6.34-N-B.E.-Information-Technology-Sem-III-IV.pdf,2343111,Applied Mathematics Thinking-I,3,1,0,0.0673,0.07692307692307693,Low sim=0.067 - no semantic relation
Hal Frange Sine and Cosine Series,"Advanced Engineering Mathematics, R.K. Jainand S.R.K. Iyengar, Narosapublication",6.34-N-B.E.-Information-Technology-Sem-III-IV.pdf,2343111,Applied Mathematics Thinking-I,4,1,0,0.09,0.0,Low sim=0.090 - no semantic relation
"Harmonic function, Harmonic conjugate, and orthogonal",Kar lPearson’s Coefficient of correlation(r) Spearman’s,6.34-N-B.E.-Information-Technology-Sem-III-IV.pdf,2343111,Applied Mathematics Thinking-I,1,1,0,0.0789,0.0,Low sim=0.079 - no semantic relation
"Harmonic function, Harmonic conjugate, and orthogonal",Rank correlation coefficient (R) (with repeated and non,6.34-N-B.E.-Information-Technology-Sem-III-IV.pdf,2343111,Applied Mathematics Thinking-I,2,1,0,-0.014,0.08333333333333333,Low sim=-0.014 - no semantic relation
"Harmonic function, Harmonic conjugate, and orthogonal","Advanced Engineering Mathematics, R.K. Jainand S.R.K. Iyengar, Narosapublication",6.34-N-B.E.-Information-Technology-Sem-III-IV.pdf,2343111,Applied Mathematics Thinking-I,3,1,0,0.0226,0.0,Low sim=0.023 - no semantic relation
Kar lPearson’s Coefficient of correlation(r) Spearman’s,Rank correlation coefficient (R) (with repeated and non,6.34-N-B.E.-Information-Technology-Sem-III-IV.pdf,2343111,Applied Mathematics Thinking-I,1,1,1,0.4405,0.23076923076923078,Adjacent same-course topics: delta=1 + sim=0.440
Kar lPearson’s Coefficient of correlation(r) Spearman’s,"Advanced Engineering Mathematics, R.K. Jainand S.R.K. Iyengar, Narosapublication",6.34-N-B.E.-Information-Technology-Sem-III-IV.pdf,2343111,Applied Mathematics Thinking-I,2,1,0,0.1671,0.13333333333333333,"No prereq signal: sim=0.167, delta=2, kw=0.133"
Rank correlation coefficient (R) (with repeated and non,"Advanced Engineering Mathematics, R.K. Jainand S.R.K. Iyengar, Narosapublication",6.34-N-B.E.-Information-Technology-Sem-III-IV.pdf,2343111,Applied Mathematics Thinking-I,1,1,0,0.0837,0.0625,Low sim=0.084 - no semantic relation
Overview of Data Structures: Revision of basic data structures (arrays,Introduction to Analysis of Algorithms Fundamentals of the analysis of algorithms: Time and Space,6.34-N-B.E.-Information-Technology-Sem-III-IV.pdf,2343112,Advance Data Structure & Analysis,1,1,1,0.3244,0.0625,Foundational kw in A + sim=0.324 + delta=1
Overview of Data Structures: Revision of basic data structures (arrays,Asymptotic notation,6.34-N-B.E.-Information-Technology-Sem-III-IV.pdf,2343112,Advance Data Structure & Analysis,2,1,0,-0.0053,0.0,Low sim=-0.005 - no semantic relation
Introduction to Analysis of Algorithms Fundamentals of the analysis of algorithms: Time and Space,Asymptotic notation,6.34-N-B.E.-Information-Technology-Sem-III-IV.pdf,2343112,Advance Data Structure & Analysis,1,1,0,0.1088,0.0,Low sim=0.109 - no semantic relation
"Database System Concepts, Architecture",Characteristics of Databases,6.34-N-B.E.-Information-Technology-Sem-III-IV.pdf,2343113,Database Management System & Application,1,1,1,0.7484,0.0,High sim=0.748 + delta=1
"Database System Concepts, Architecture",File system v/s Database,6.34-N-B.E.-Information-Technology-Sem-III-IV.pdf,2343113,Database Management System & Application,2,1,1,0.5864,0.2857142857142857,sim=0.586>=0.45 + delta=2<=5
"Database System Concepts, Architecture",DBMS system,6.34-N-B.E.-Information-Technology-Sem-III-IV.pdf,2343113,Database Management System & Application,3,1,1,0.7267,0.2,High sim=0.727 + delta=3
"Database System Concepts, Architecture",Role of DBA,6.34-N-B.E.-Information-Technology-Sem-III-IV.pdf,2343113,Database Management System & Application,4,1,1,0.5539,0.0,sim=0.554>=0.45 + delta=4<=5
Characteristics of Databases,File system v/s Database,6.34-N-B.E.-Information-Technology-Sem-III-IV.pdf,2343113,Database Management System & Application,1,1,1,0.5019,0.0,sim=0.502>=0.45 + delta=1<=5
Characteristics of Databases,DBMS system,6.34-N-B.E.-Information-Technology-Sem-III-IV.pdf,2343113,Database Management System & Application,2,1,1,0.6196,0.0,High sim=0.620 + delta=2
Characteristics of Databases,Role of DBA,6.34-N-B.E.-Information-Technology-Sem-III-IV.pdf,2343113,Database Management System & Application,3,1,1,0.5379,0.2,sim=0.538>=0.45 + delta=3<=5
File system v/s Database,DBMS system,6.34-N-B.E.-Information-Technology-Sem-III-IV.pdf,2343113,Database Management System & Application,1,1,1,0.5268,0.16666666666666666,sim=0.527>=0.45 + delta=1<=5
File system v/s Database,Role of DBA,6.34-N-B.E.-Information-Technology-Sem-III-IV.pdf,2343113,Database Management System & Application,2,1,1,0.3606,0.0,Adjacent same-course topics: delta=2 + sim=0.361
DBMS system,Role of DBA,6.34-N-B.E.-Information-Technology-Sem-III-IV.pdf,2343113,Database Management System & Application,1,1,1,0.525,0.0,sim=0.525>=0.45 + delta=1<=5
Functions ofSquare Matrix,Quadratic forms,6.34-N-B.E.-Information-Technology-Sem-III-IV.pdf,2344111,Applied Mathematics Thinking-II,1,1,1,0.403,0.0,Adjacent same-course topics: delta=1 + sim=0.403
Functions ofSquare Matrix,Theorem to evaluate realintegrations,6.34-N-B.E.-Information-Technology-Sem-III-IV.pdf,2344111,Applied Mathematics Thinking-II,2,1,0,0.0648,0.0,Low sim=0.065 - no semantic relation
Functions ofSquare Matrix,Inverse of Transform by Binomial,6.34-N-B.E.-Information-Technology-Sem-III-IV.pdf,2344111,Applied Mathematics Thinking-II,3,1,0,0.159,0.0,"No prereq signal: sim=0.159, delta=3, kw=0.000"
Quadratic forms,Theorem to evaluate realintegrations,6.34-N-B.E.-Information-Technology-Sem-III-IV.pdf,2344111,Applied Mathematics Thinking-II,1,1,0,0.0368,0.0,Low sim=0.037 - no semantic relation
Quadratic forms,Inverse of Transform by Binomial,6.34-N-B.E.-Information-Technology-Sem-III-IV.pdf,2344111,Applied Mathematics Thinking-II,2,1,0,0.0334,0.0,Low sim=0.033 - no semantic relation
Theorem to evaluate realintegrations,Inverse of Transform by Binomial,6.34-N-B.E.-Information-Technology-Sem-III-IV.pdf,2344111,Applied Mathematics Thinking-II,1,1,0,0.0278,0.0,Low sim=0.028 - no semantic relation
System calls with examples for different OS,Selection of Scheduling,6.34-N-B.E.-Information-Technology-Sem-III-IV.pdf,2344112,Operating System,1,1,0,0.1234,0.0,Low sim=0.123 - no semantic relation
System calls with examples for different OS,Algorithms  for  different  situations,6.34-N-B.E.-Information-Technology-Sem-III-IV.pdf,2344112,Operating System,2,1,1,0.2163,0.2222222222222222,Adjacent same-course topics: delta=2 + sim=0.216
System calls with examples for different OS,Real-time,6.34-N-B.E.-Information-Technology-Sem-III-IV.pdf,2344112,Operating System,3,1,0,0.1898,0.0,"No prereq signal: sim=0.190, delta=3, kw=0.000"
System calls with examples for different OS,Implementation of Page,6.34-N-B.E.-Information-Technology-Sem-III-IV.pdf,2344112,Operating System,4,1,0,0.1009,0.0,Low sim=0.101 - no semantic relation
System calls with examples for different OS,Features of I/O facility for different OS,6.34-N-B.E.-Information-Technology-Sem-III-IV.pdf,2344112,Operating System,5,1,1,0.4898,0.25,sim=0.490>=0.45 + delta=5<=5
Selection of Scheduling,Algorithms  for  different  situations,6.34-N-B.E.-Information-Technology-Sem-III-IV.pdf,2344112,Operating System,1,1,1,0.4562,0.0,sim=0.456>=0.45 + delta=1<=5
Selection of Scheduling,Real-time,6.34-N-B.E.-Information-Technology-Sem-III-IV.pdf,2344112,Operating System,2,1,1,0.2926,0.0,Adjacent same-course topics: delta=2 + sim=0.293
Selection of Scheduling,Implementation of Page,6.34-N-B.E.-Information-Technology-Sem-III-IV.pdf,2344112,Operating System,3,1,0,0.1203,0.2,Low sim=0.120 - no semantic relation
Selection of Scheduling,Features of I/O facility for different OS,6.34-N-B.E.-Information-Technology-Sem-III-IV.pdf,2344112,Operating System,4,1,0,0.2145,0.1,"No prereq signal: sim=0.214, delta=4, kw=0.100"
Algorithms  for  different  situations,Real-time,6.34-N-B.E.-Information-Technology-Sem-III-IV.pdf,2344112,Operating System,1,1,1,0.3399,0.0,Adjacent same-course topics: delta=1 + sim=0.340
Algorithms  for  different  situations,Implementation of Page,6.34-N-B.E.-Information-Technology-Sem-III-IV.pdf,2344112,Operating System,2,1,1,0.2304,0.0,Adjacent same-course topics: delta=2 + sim=0.230
Algorithms  for  different  situations,Features of I/O facility for different OS,6.34-N-B.E.-Information-Technology-Sem-III-IV.pdf,2344112,Operating System,3,1,0,0.2194,0.2,"No prereq signal: sim=0.219, delta=3, kw=0.200"
Real-time,Implementation of Page,6.34-N-B.E.-Information-Technology-Sem-III-IV.pdf,2344112,Operating System,1,1,0,0.1423,0.0,Low sim=0.142 - no semantic relation
Real-time,Features of I/O facility for different OS,6.34-N-B.E.-Information-Technology-Sem-III-IV.pdf,2344112,Operating System,2,1,1,0.2171,0.0,Adjacent same-course topics: delta=2 + sim=0.217
Implementation of Page,Features of I/O facility for different OS,6.34-N-B.E.-Information-Technology-Sem-III-IV.pdf,2344112,Operating System,1,1,0,0.1487,0.1,Low sim=0.149 - no semantic relation
Structure of a switch,Space Division Switching,6.34-N-B.E.-Information-Technology-Sem-III-IV.pdf,2344113,Computer Network & Network Design,1,1,1,0.3131,0.0,Foundational kw in A + sim=0.313 + delta=1
Structure of a switch,Data Link Layer Data Link Control:  Framing ,6.34-N-B.E.-Information-Technology-Sem-III-IV.pdf,2344113,Computer Network & Network Design,2,1,0,0.1193,0.0,Low sim=0.119 - no semantic relation
Structure of a switch,Linear Block Code,6.34-N-B.E.-Information-Technology-Sem-III-IV.pdf,2344113,Computer Network & Network Design,3,1,1,0.272,0.0,Foundational kw in A + sim=0.272 + delta=3
Structure of a switch,CRC code,6.34-N-B.E.-Information-Technology-Sem-III-IV.pdf,2344113,Computer Network & Network Design,4,1,0,0.0783,0.0,Low sim=0.078 - no semantic relation
Structure of a switch,Flow Control: Stop-and-Wait Flow Control,6.34-N-B.E.-Information-Technology-Sem-III-IV.pdf,2344113,Computer Network & Network Design,5,1,0,0.1327,0.0,Low sim=0.133 - no semantic relation
Structure of a switch,Error Control: Stop-and-Wait ARQ,6.34-N-B.E.-Information-Technology-Sem-III-IV.pdf,2344113,Computer Network & Network Design,6,1,0,0.0427,0.0,Low sim=0.043 - no semantic relation
Structure of a switch,Go-Back-N ARQ,6.34-N-B.E.-Information-Technology-Sem-III-IV.pdf,2344113,Computer Network & Network Design,7,1,0,0.0511,0.0,Low sim=0.051 - no semantic relation
Structure of a switch,Medium Access Control,6.34-N-B.E.-Information-Technology-Sem-III-IV.pdf,2344113,Computer Network & Network Design,8,1,0,0.1167,0.0,Low sim=0.117 - no semantic relation
Structure of a switch,Scheduled Access (Reservation,6.34-N-B.E.-Information-Technology-Sem-III-IV.pdf,2344113,Computer Network & Network Design,9,1,0,-0.0133,0.0,Low sim=-0.013 - no semantic relation
Structure of a switch,Random Access (ALOHA,6.34-N-B.E.-Information-Technology-Sem-III-IV.pdf,2344113,Computer Network & Network Design,10,1,0,0.0682,0.0,Low sim=0.068 - no semantic relation
Structure of a switch,Link Layer Addressing,6.34-N-B.E.-Information-Technology-Sem-III-IV.pdf,2344113,Computer Network & Network Design,11,1,0,0.2657,0.0,"No prereq signal: sim=0.266, delta=11, kw=0.000"
Structure of a switch,10-Gigabit Ethernet,6.34-N-B.E.-Information-Technology-Sem-III-IV.pdf,2344113,Computer Network & Network Design,12,1,0,0.1952,0.0,delta=12>=12 + sim=0.195<0.45 - far + weakly related
Structure of a switch,Self-Study Topics,6.34-N-B.E.-Information-Technology-Sem-III-IV.pdf,2344113,Computer Network & Network Design,13,1,0,0.0047,0.0,Low sim=0.005 - no semantic relation
Structure of a switch,HDLC Protocol,6.34-N-B.E.-Information-Technology-Sem-III-IV.pdf,2344113,Computer Network & Network Design,14,1,0,0.0091,0.0,Low sim=0.009 - no semantic relation
Space Division Switching,Data Link Layer Data Link Control:  Framing ,6.34-N-B.E.-Information-Technology-Sem-III-IV.pdf,2344113,Computer Network & Network Design,1,1,0,0.147,0.0,Low sim=0.147 - no semantic relation
Space Division Switching,Linear Block Code,6.34-N-B.E.-Information-Technology-Sem-III-IV.pdf,2344113,Computer Network & Network Design,2,1,1,0.2066,0.0,Adjacent same-course topics: delta=2 + sim=0.207
Space Division Switching,CRC code,6.34-N-B.E.-Information-Technology-Sem-III-IV.pdf,2344113,Computer Network & Network Design,3,1,0,0.1672,0.0,"No prereq signal: sim=0.167, delta=3, kw=0.000"
Space Division Switching,Flow Control: Stop-and-Wait Flow Control,6.34-N-B.E.-Information-Technology-Sem-III-IV.pdf,2344113,Computer Network & Network Design,4,1,0,0.1945,0.0,"No prereq signal: sim=0.194, delta=4, kw=0.000"
Space Division Switching,Error Control: Stop-and-Wait ARQ,6.34-N-B.E.-Information-Technology-Sem-III-IV.pdf,2344113,Computer Network & Network Design,5,1,0,0.0481,0.0,Low sim=0.048 - no semantic relation
Space Division Switching,Go-Back-N ARQ,6.34-N-B.E.-Information-Technology-Sem-III-IV.pdf,2344113,Computer Network & Network Design,6,1,0,0.1059,0.0,Low sim=0.106 - no semantic relation
Space Division Switching,Medium Access Control,6.34-N-B.E.-Information-Technology-Sem-III-IV.pdf,2344113,Computer Network & Network Design,7,1,0,0.2054,0.0,"No prereq signal: sim=0.205, delta=7, kw=0.000"
Space Division Switching,Scheduled Access (Reservation,6.34-N-B.E.-Information-Technology-Sem-III-IV.pdf,2344113,Computer Network & Network Design,8,1,0,0.0431,0.0,Low sim=0.043 - no semantic relation
Space Division Switching,Random Access (ALOHA,6.34-N-B.E.-Information-Technology-Sem-III-IV.pdf,2344113,Computer Network & Network Design,9,1,0,0.0805,0.0,Low sim=0.080 - no semantic relation
Space Division Switching,Link Layer Addressing,6.34-N-B.E.-Information-Technology-Sem-III-IV.pdf,2344113,Computer Network & Network Design,10,1,0,0.0648,0.0,Low sim=0.065 - no semantic relation
Space Division Switching,10-Gigabit Ethernet,6.34-N-B.E.-Information-Technology-Sem-III-IV.pdf,2344113,Computer Network & Network Design,11,1,0,0.1628,0.0,"No prereq signal: sim=0.163, delta=11, kw=0.000"
Space Division Switching,Self-Study Topics,6.34-N-B.E.-Information-Technology-Sem-III-IV.pdf,2344113,Computer Network & Network Design,12,1,0,0.0242,0.0,Low sim=0.024 - no semantic relation
Space Division Switching,HDLC Protocol,6.34-N-B.E.-Information-Technology-Sem-III-IV.pdf,2344113,Computer Network & Network Design,13,1,0,0.014,0.0,Low sim=0.014 - no semantic relation
Space Division Switching,IEEE 802.11 Wireless LAN,6.34-N-B.E.-Information-Technology-Sem-III-IV.pdf,2344113,Computer Network & Network Design,14,1,0,0.1212,0.0,Low sim=0.121 - no semantic relation
Data Link Layer Data Link Control:  Framing ,Linear Block Code,6.34-N-B.E.-Information-Technology-Sem-III-IV.pdf,2344113,Computer Network & Network Design,1,1,0,0.1546,0.0,"No prereq signal: sim=0.155, delta=1, kw=0.000"
Data Link Layer Data Link Control:  Framing ,CRC code,6.34-N-B.E.-Information-Technology-Sem-III-IV.pdf,2344113,Computer Network & Network Design,2,1,0,0.11,0.0,Low sim=0.110 - no semantic relation
Data Link Layer Data Link Control:  Framing ,Flow Control: Stop-and-Wait Flow Control,6.34-N-B.E.-Information-Technology-Sem-III-IV.pdf,2344113,Computer Network & Network Design,3,1,0,0.3241,0.1111111111111111,"No prereq signal: sim=0.324, delta=3, kw=0.111"
Data Link Layer Data Link Control:  Framing ,Error Control: Stop-and-Wait ARQ,6.34-N-B.E.-Information-Technology-Sem-III-IV.pdf,2344113,Computer Network & Network Design,4,1,0,0.1257,0.1,Low sim=0.126 - no semantic relation
Data Link Layer Data Link Control:  Framing ,Go-Back-N ARQ,6.34-N-B.E.-Information-Technology-Sem-III-IV.pdf,2344113,Computer Network & Network Design,5,1,0,-0.0347,0.0,Low sim=-0.035 - no semantic relation
Data Link Layer Data Link Control:  Framing ,Medium Access Control,6.34-N-B.E.-Information-Technology-Sem-III-IV.pdf,2344113,Computer Network & Network Design,6,1,0,0.3796,0.14285714285714285,"No prereq signal: sim=0.380, delta=6, kw=0.143"
Data Link Layer Data Link Control:  Framing ,Scheduled Access (Reservation,6.34-N-B.E.-Information-Technology-Sem-III-IV.pdf,2344113,Computer Network & Network Design,7,1,0,0.1417,0.0,Low sim=0.142 - no semantic relation
Data Link Layer Data Link Control:  Framing ,Random Access (ALOHA,6.34-N-B.E.-Information-Technology-Sem-III-IV.pdf,2344113,Computer Network & Network Design,8,1,0,0.1248,0.0,Low sim=0.125 - no semantic relation
Data Link Layer Data Link Control:  Framing ,Link Layer Addressing,6.34-N-B.E.-Information-Technology-Sem-III-IV.pdf,2344113,Computer Network & Network Design,9,1,0,0.5324,0.3333333333333333,"No prereq signal: sim=0.532, delta=9, kw=0.333"
Data Link Layer Data Link Control:  Framing ,10-Gigabit Ethernet,6.34-N-B.E.-Information-Technology-Sem-III-IV.pdf,2344113,Computer Network & Network Design,10,1,0,0.251,0.0,"No prereq signal: sim=0.251, delta=10, kw=0.000"
Data Link Layer Data Link Control:  Framing ,Self-Study Topics,6.34-N-B.E.-Information-Technology-Sem-III-IV.pdf,2344113,Computer Network & Network Design,11,1,0,0.0323,0.0,Low sim=0.032 - no semantic relation
Data Link Layer Data Link Control:  Framing ,HDLC Protocol,6.34-N-B.E.-Information-Technology-Sem-III-IV.pdf,2344113,Computer Network & Network Design,12,1,0,0.2889,0.0,delta=12>=12 + sim=0.289<0.45 - far + weakly related
Data Link Layer Data Link Control:  Framing ,IEEE 802.11 Wireless LAN,6.34-N-B.E.-Information-Technology-Sem-III-IV.pdf,2344113,Computer Network & Network Design,13,1,0,0.0815,0.0,Low sim=0.082 - no semantic relation
Linear Block Code,CRC code,6.34-N-B.E.-Information-Technology-Sem-III-IV.pdf,2344113,Computer Network & Network Design,1,1,1,0.3981,0.25,Adjacent same-course topics: delta=1 + sim=0.398
Linear Block Code,Flow Control: Stop-and-Wait Flow Control,6.34-N-B.E.-Information-Technology-Sem-III-IV.pdf,2344113,Computer Network & Network Design,2,1,0,0.1731,0.0,"No prereq signal: sim=0.173, delta=2, kw=0.000"
Linear Block Code,Error Control: Stop-and-Wait ARQ,6.34-N-B.E.-Information-Technology-Sem-III-IV.pdf,2344113,Computer Network & Network Design,3,1,0,0.0706,0.0,Low sim=0.071 - no semantic relation
Linear Block Code,Go-Back-N ARQ,6.34-N-B.E.-Information-Technology-Sem-III-IV.pdf,2344113,Computer Network & Network Design,4,1,0,0.0246,0.0,Low sim=0.025 - no semantic relation
Linear Block Code,Medium Access Control,6.34-N-B.E.-Information-Technology-Sem-III-IV.pdf,2344113,Computer Network & Network Design,5,1,0,0.1435,0.0,Low sim=0.144 - no semantic relation
Linear Block Code,Scheduled Access (Reservation,6.34-N-B.E.-Information-Technology-Sem-III-IV.pdf,2344113,Computer Network & Network Design,6,1,0,0.1022,0.0,Low sim=0.102 - no semantic relation
Linear Block Code,Random Access (ALOHA,6.34-N-B.E.-Information-Technology-Sem-III-IV.pdf,2344113,Computer Network & Network Design,7,1,0,0.1013,0.0,Low sim=0.101 - no semantic relation
Linear Block Code,Link Layer Addressing,6.34-N-B.E.-Information-Technology-Sem-III-IV.pdf,2344113,Computer Network & Network Design,8,1,0,0.2449,0.0,"No prereq signal: sim=0.245, delta=8, kw=0.000"
Linear Block Code,10-Gigabit Ethernet,6.34-N-B.E.-Information-Technology-Sem-III-IV.pdf,2344113,Computer Network & Network Design,9,1,0,0.0926,0.0,Low sim=0.093 - no semantic relation
Linear Block Code,Self-Study Topics,6.34-N-B.E.-Information-Technology-Sem-III-IV.pdf,2344113,Computer Network & Network Design,10,1,0,-0.0409,0.0,Low sim=-0.041 - no semantic relation
Linear Block Code,HDLC Protocol,6.34-N-B.E.-Information-Technology-Sem-III-IV.pdf,2344113,Computer Network & Network Design,11,1,0,0.1087,0.0,Low sim=0.109 - no semantic relation
Linear Block Code,IEEE 802.11 Wireless LAN,6.34-N-B.E.-Information-Technology-Sem-III-IV.pdf,2344113,Computer Network & Network Design,12,1,0,0.0491,0.0,Low sim=0.049 - no semantic relation
CRC code,Flow Control: Stop-and-Wait Flow Control,6.34-N-B.E.-Information-Technology-Sem-III-IV.pdf,2344113,Computer Network & Network Design,1,1,0,0.1772,0.0,"No prereq signal: sim=0.177, delta=1, kw=0.000"
CRC code,Error Control: Stop-and-Wait ARQ,6.34-N-B.E.-Information-Technology-Sem-III-IV.pdf,2344113,Computer Network & Network Design,2,1,0,0.1052,0.0,Low sim=0.105 - no semantic relation
CRC code,Go-Back-N ARQ,6.34-N-B.E.-Information-Technology-Sem-III-IV.pdf,2344113,Computer Network & Network Design,3,1,0,0.1025,0.0,Low sim=0.102 - no semantic relation
CRC code,Medium Access Control,6.34-N-B.E.-Information-Technology-Sem-III-IV.pdf,2344113,Computer Network & Network Design,4,1,0,0.1827,0.0,"No prereq signal: sim=0.183, delta=4, kw=0.000"
CRC code,Scheduled Access (Reservation,6.34-N-B.E.-Information-Technology-Sem-III-IV.pdf,2344113,Computer Network & Network Design,5,1,0,0.182,0.0,"No prereq signal: sim=0.182, delta=5, kw=0.000"
CRC code,Random Access (ALOHA,6.34-N-B.E.-Information-Technology-Sem-III-IV.pdf,2344113,Computer Network & Network Design,6,1,0,0.1622,0.0,"No prereq signal: sim=0.162, delta=6, kw=0.000"
CRC code,Link Layer Addressing,6.34-N-B.E.-Information-Technology-Sem-III-IV.pdf,2344113,Computer Network & Network Design,7,1,0,0.1388,0.0,Low sim=0.139 - no semantic relation
CRC code,10-Gigabit Ethernet,6.34-N-B.E.-Information-Technology-Sem-III-IV.pdf,2344113,Computer Network & Network Design,8,1,0,-0.013,0.0,Low sim=-0.013 - no semantic relation
CRC code,Self-Study Topics,6.34-N-B.E.-Information-Technology-Sem-III-IV.pdf,2344113,Computer Network & Network Design,9,1,0,0.0648,0.0,Low sim=0.065 - no semantic relation
CRC code,HDLC Protocol,6.34-N-B.E.-Information-Technology-Sem-III-IV.pdf,2344113,Computer Network & Network Design,10,1,0,0.2231,0.0,"No prereq signal: sim=0.223, delta=10, kw=0.000"
CRC code,IEEE 802.11 Wireless LAN,6.34-N-B.E.-Information-Technology-Sem-III-IV.pdf,2344113,Computer Network & Network Design,11,1,0,0.1103,0.0,Low sim=0.110 - no semantic relation
Flow Control: Stop-and-Wait Flow Control,Error Control: Stop-and-Wait ARQ,6.34-N-B.E.-Information-Technology-Sem-III-IV.pdf,2344113,Computer Network & Network Design,1,1,1,0.5758,0.5714285714285714,sim=0.576>=0.45 + delta=1<=5
Flow Control: Stop-and-Wait Flow Control,Go-Back-N ARQ,6.34-N-B.E.-Information-Technology-Sem-III-IV.pdf,2344113,Computer Network & Network Design,2,1,0,0.1993,0.0,"No prereq signal: sim=0.199, delta=2, kw=0.000"
Flow Control: Stop-and-Wait Flow Control,Medium Access Control,6.34-N-B.E.-Information-Technology-Sem-III-IV.pdf,2344113,Computer Network & Network Design,3,1,0,0.3332,0.14285714285714285,"No prereq signal: sim=0.333, delta=3, kw=0.143"
Flow Control: Stop-and-Wait Flow Control,Scheduled Access (Reservation,6.34-N-B.E.-Information-Technology-Sem-III-IV.pdf,2344113,Computer Network & Network Design,4,1,0,0.1675,0.0,"No prereq signal: sim=0.168, delta=4, kw=0.000"
Flow Control: Stop-and-Wait Flow Control,Random Access (ALOHA,6.34-N-B.E.-Information-Technology-Sem-III-IV.pdf,2344113,Computer Network & Network Design,5,1,0,0.1147,0.0,Low sim=0.115 - no semantic relation
Flow Control: Stop-and-Wait Flow Control,Link Layer Addressing,6.34-N-B.E.-Information-Technology-Sem-III-IV.pdf,2344113,Computer Network & Network Design,6,1,0,0.1342,0.0,Low sim=0.134 - no semantic relation
Flow Control: Stop-and-Wait Flow Control,10-Gigabit Ethernet,6.34-N-B.E.-Information-Technology-Sem-III-IV.pdf,2344113,Computer Network & Network Design,7,1,0,0.0389,0.0,Low sim=0.039 - no semantic relation
Flow Control: Stop-and-Wait Flow Control,Self-Study Topics,6.34-N-B.E.-Information-Technology-Sem-III-IV.pdf,2344113,Computer Network & Network Design,8,1,0,0.0248,0.0,Low sim=0.025 - no semantic relation
Flow Control: Stop-and-Wait Flow Control,HDLC Protocol,6.34-N-B.E.-Information-Technology-Sem-III-IV.pdf,2344113,Computer Network & Network Design,9,1,0,0.1468,0.0,Low sim=0.147 - no semantic relation
Flow Control: Stop-and-Wait Flow Control,IEEE 802.11 Wireless LAN,6.34-N-B.E.-Information-Technology-Sem-III-IV.pdf,2344113,Computer Network & Network Design,10,1,0,0.0159,0.0,Low sim=0.016 - no semantic relation
Error Control: Stop-and-Wait ARQ,Go-Back-N ARQ,6.34-N-B.E.-Information-Technology-Sem-III-IV.pdf,2344113,Computer Network & Network Design,1,1,1,0.4047,0.1111111111111111,Adjacent same-course topics: delta=1 + sim=0.405
Error Control: Stop-and-Wait ARQ,Medium Access Control,6.34-N-B.E.-Information-Technology-Sem-III-IV.pdf,2344113,Computer Network & Network Design,2,1,0,0.1437,0.125,Low sim=0.144 - no semantic relation
Error Control: Stop-and-Wait ARQ,Scheduled Access (Reservation,6.34-N-B.E.-Information-Technology-Sem-III-IV.pdf,2344113,Computer Network & Network Design,3,1,0,0.0597,0.0,Low sim=0.060 - no semantic relation
Error Control: Stop-and-Wait ARQ,Random Access (ALOHA,6.34-N-B.E.-Information-Technology-Sem-III-IV.pdf,2344113,Computer Network & Network Design,4,1,0,0.1215,0.0,Low sim=0.122 - no semantic relation
Error Control: Stop-and-Wait ARQ,Link Layer Addressing,6.34-N-B.E.-Information-Technology-Sem-III-IV.pdf,2344113,Computer Network & Network Design,5,1,0,0.0152,0.0,Low sim=0.015 - no semantic relation
Error Control: Stop-and-Wait ARQ,10-Gigabit Ethernet,6.34-N-B.E.-Information-Technology-Sem-III-IV.pdf,2344113,Computer Network & Network Design,6,1,0,0.0322,0.0,Low sim=0.032 - no semantic relation
Error Control: Stop-and-Wait ARQ,Self-Study Topics,6.34-N-B.E.-Information-Technology-Sem-III-IV.pdf,2344113,Computer Network & Network Design,7,1,0,-0.0352,0.0,Low sim=-0.035 - no semantic relation
Error Control: Stop-and-Wait ARQ,HDLC Protocol,6.34-N-B.E.-Information-Technology-Sem-III-IV.pdf,2344113,Computer Network & Network Design,8,1,0,0.0972,0.0,Low sim=0.097 - no semantic relation
Error Control: Stop-and-Wait ARQ,IEEE 802.11 Wireless LAN,6.34-N-B.E.-Information-Technology-Sem-III-IV.pdf,2344113,Computer Network & Network Design,9,1,0,-0.029,0.0,Low sim=-0.029 - no semantic relation
Go-Back-N ARQ,Medium Access Control,6.34-N-B.E.-Information-Technology-Sem-III-IV.pdf,2344113,Computer Network & Network Design,1,1,0,0.0127,0.0,Low sim=0.013 - no semantic relation
Go-Back-N ARQ,Scheduled Access (Reservation,6.34-N-B.E.-Information-Technology-Sem-III-IV.pdf,2344113,Computer Network & Network Design,2,1,0,0.0243,0.0,Low sim=0.024 - no semantic relation
Go-Back-N ARQ,Random Access (ALOHA,6.34-N-B.E.-Information-Technology-Sem-III-IV.pdf,2344113,Computer Network & Network Design,3,1,0,0.1204,0.0,Low sim=0.120 - no semantic relation
Go-Back-N ARQ,Link Layer Addressing,6.34-N-B.E.-Information-Technology-Sem-III-IV.pdf,2344113,Computer Network & Network Design,4,1,0,0.0544,0.0,Low sim=0.054 - no semantic relation
Go-Back-N ARQ,10-Gigabit Ethernet,6.34-N-B.E.-Information-Technology-Sem-III-IV.pdf,2344113,Computer Network & Network Design,5,1,0,0.0783,0.0,Low sim=0.078 - no semantic relation
Go-Back-N ARQ,Self-Study Topics,6.34-N-B.E.-Information-Technology-Sem-III-IV.pdf,2344113,Computer Network & Network Design,6,1,0,0.0588,0.0,Low sim=0.059 - no semantic relation
Go-Back-N ARQ,HDLC Protocol,6.34-N-B.E.-Information-Technology-Sem-III-IV.pdf,2344113,Computer Network & Network Design,7,1,0,0.0549,0.0,Low sim=0.055 - no semantic relation
Go-Back-N ARQ,IEEE 802.11 Wireless LAN,6.34-N-B.E.-Information-Technology-Sem-III-IV.pdf,2344113,Computer Network & Network Design,8,1,0,-0.0285,0.0,Low sim=-0.029 - no semantic relation
Medium Access Control,Scheduled Access (Reservation,6.34-N-B.E.-Information-Technology-Sem-III-IV.pdf,2344113,Computer Network & Network Design,1,1,1,0.3272,0.2,Adjacent same-course topics: delta=1 + sim=0.327
Medium Access Control,Random Access (ALOHA,6.34-N-B.E.-Information-Technology-Sem-III-IV.pdf,2344113,Computer Network & Network Design,2,1,1,0.3759,0.2,Adjacent same-course topics: delta=2 + sim=0.376
Medium Access Control,Link Layer Addressing,6.34-N-B.E.-Information-Technology-Sem-III-IV.pdf,2344113,Computer Network & Network Design,3,1,0,0.2033,0.0,"No prereq signal: sim=0.203, delta=3, kw=0.000"
Medium Access Control,10-Gigabit Ethernet,6.34-N-B.E.-Information-Technology-Sem-III-IV.pdf,2344113,Computer Network & Network Design,4,1,0,0.1796,0.0,"No prereq signal: sim=0.180, delta=4, kw=0.000"
Medium Access Control,Self-Study Topics,6.34-N-B.E.-Information-Technology-Sem-III-IV.pdf,2344113,Computer Network & Network Design,5,1,0,0.0534,0.0,Low sim=0.053 - no semantic relation
Medium Access Control,HDLC Protocol,6.34-N-B.E.-Information-Technology-Sem-III-IV.pdf,2344113,Computer Network & Network Design,6,1,0,0.3793,0.0,"No prereq signal: sim=0.379, delta=6, kw=0.000"
Medium Access Control,IEEE 802.11 Wireless LAN,6.34-N-B.E.-Information-Technology-Sem-III-IV.pdf,2344113,Computer Network & Network Design,7,1,0,0.2109,0.0,"No prereq signal: sim=0.211, delta=7, kw=0.000"
Scheduled Access (Reservation,Random Access (ALOHA,6.34-N-B.E.-Information-Technology-Sem-III-IV.pdf,2344113,Computer Network & Network Design,1,1,1,0.3361,0.2,Adjacent same-course topics: delta=1 + sim=0.336
Scheduled Access (Reservation,Link Layer Addressing,6.34-N-B.E.-Information-Technology-Sem-III-IV.pdf,2344113,Computer Network & Network Design,2,1,0,0.0827,0.0,Low sim=0.083 - no semantic relation
Scheduled Access (Reservation,10-Gigabit Ethernet,6.34-N-B.E.-Information-Technology-Sem-III-IV.pdf,2344113,Computer Network & Network Design,3,1,0,-0.0131,0.0,Low sim=-0.013 - no semantic relation
Scheduled Access (Reservation,Self-Study Topics,6.34-N-B.E.-Information-Technology-Sem-III-IV.pdf,2344113,Computer Network & Network Design,4,1,0,0.0017,0.0,Low sim=0.002 - no semantic relation
Scheduled Access (Reservation,HDLC Protocol,6.34-N-B.E.-Information-Technology-Sem-III-IV.pdf,2344113,Computer Network & Network Design,5,1,0,0.2023,0.0,"No prereq signal: sim=0.202, delta=5, kw=0.000"
Scheduled Access (Reservation,IEEE 802.11 Wireless LAN,6.34-N-B.E.-Information-Technology-Sem-III-IV.pdf,2344113,Computer Network & Network Design,6,1,0,0.081,0.0,Low sim=0.081 - no semantic relation
Random Access (ALOHA,Link Layer Addressing,6.34-N-B.E.-Information-Technology-Sem-III-IV.pdf,2344113,Computer Network & Network Design,1,1,0,0.1511,0.0,"No prereq signal: sim=0.151, delta=1, kw=0.000"
Random Access (ALOHA,10-Gigabit Ethernet,6.34-N-B.E.-Information-Technology-Sem-III-IV.pdf,2344113,Computer Network & Network Design,2,1,0,0.0177,0.0,Low sim=0.018 - no semantic relation
Random Access (ALOHA,Self-Study Topics,6.34-N-B.E.-Information-Technology-Sem-III-IV.pdf,2344113,Computer Network & Network Design,3,1,0,0.1092,0.0,Low sim=0.109 - no semantic relation
Random Access (ALOHA,HDLC Protocol,6.34-N-B.E.-Information-Technology-Sem-III-IV.pdf,2344113,Computer Network & Network Design,4,1,0,0.1372,0.0,Low sim=0.137 - no semantic relation
Random Access (ALOHA,IEEE 802.11 Wireless LAN,6.34-N-B.E.-Information-Technology-Sem-III-IV.pdf,2344113,Computer Network & Network Design,5,1,0,0.1452,0.0,Low sim=0.145 - no semantic relation
Link Layer Addressing,10-Gigabit Ethernet,6.34-N-B.E.-Information-Technology-Sem-III-IV.pdf,2344113,Computer Network & Network Design,1,1,1,0.2799,0.0,Adjacent same-course topics: delta=1 + sim=0.280
Link Layer Addressing,Self-Study Topics,6.34-N-B.E.-Information-Technology-Sem-III-IV.pdf,2344113,Computer Network & Network Design,2,1,0,0.023,0.0,Low sim=0.023 - no semantic relation
Link Layer Addressing,HDLC Protocol,6.34-N-B.E.-Information-Technology-Sem-III-IV.pdf,2344113,Computer Network & Network Design,3,1,0,0.224,0.0,"No prereq signal: sim=0.224, delta=3, kw=0.000"
Link Layer Addressing,IEEE 802.11 Wireless LAN,6.34-N-B.E.-Information-Technology-Sem-III-IV.pdf,2344113,Computer Network & Network Design,4,1,0,0.188,0.0,"No prereq signal: sim=0.188, delta=4, kw=0.000"
10-Gigabit Ethernet,Self-Study Topics,6.34-N-B.E.-Information-Technology-Sem-III-IV.pdf,2344113,Computer Network & Network Design,1,1,0,-0.0263,0.0,Low sim=-0.026 - no semantic relation
10-Gigabit Ethernet,HDLC Protocol,6.34-N-B.E.-Information-Technology-Sem-III-IV.pdf,2344113,Computer Network & Network Design,2,1,0,0.0984,0.0,Low sim=0.098 - no semantic relation
10-Gigabit Ethernet,IEEE 802.11 Wireless LAN,6.34-N-B.E.-Information-Technology-Sem-III-IV.pdf,2344113,Computer Network & Network Design,3,1,0,0.3096,0.0,"No prereq signal: sim=0.310, delta=3, kw=0.000"
Self-Study Topics,HDLC Protocol,6.34-N-B.E.-Information-Technology-Sem-III-IV.pdf,2344113,Computer Network & Network Design,1,1,0,-0.0453,0.0,Low sim=-0.045 - no semantic relation
Self-Study Topics,IEEE 802.11 Wireless LAN,6.34-N-B.E.-Information-Technology-Sem-III-IV.pdf,2344113,Computer Network & Network Design,2,1,0,-0.0155,0.0,Low sim=-0.015 - no semantic relation
HDLC Protocol,IEEE 802.11 Wireless LAN,6.34-N-B.E.-Information-Technology-Sem-III-IV.pdf,2344113,Computer Network & Network Design,1,1,0,0.16,0.0,"No prereq signal: sim=0.160, delta=1, kw=0.000"
Cayley-Hamilton,Similarity of matrices,6.39-N-B.E.-Data-Science-Sem-III-IV.pdf,2173111,Mathematics for Computer Engineering,1,1,1,0.2718,0.0,Adjacent same-course topics: delta=1 + sim=0.272
Cayley-Hamilton,Quadratic forms,6.39-N-B.E.-Data-Science-Sem-III-IV.pdf,2173111,Mathematics for Computer Engineering,2,1,0,0.1908,0.0,"No prereq signal: sim=0.191, delta=2, kw=0.000"
Cayley-Hamilton,Linear and Non-Linear Programming Problems,6.39-N-B.E.-Data-Science-Sem-III-IV.pdf,2173111,Mathematics for Computer Engineering,3,1,0,-0.0703,0.0,Low sim=-0.070 - no semantic relation
Cayley-Hamilton,Types of solutions,6.39-N-B.E.-Data-Science-Sem-III-IV.pdf,2173111,Mathematics for Computer Engineering,4,1,0,0.0693,0.0,Low sim=0.069 - no semantic relation
Cayley-Hamilton,Standard and Canonical of LPP,6.39-N-B.E.-Data-Science-Sem-III-IV.pdf,2173111,Mathematics for Computer Engineering,5,1,0,0.1027,0.0,Low sim=0.103 - no semantic relation
Cayley-Hamilton,Basic and Feasible solutions,6.39-N-B.E.-Data-Science-Sem-III-IV.pdf,2173111,Mathematics for Computer Engineering,6,1,0,0.0012,0.0,Low sim=0.001 - no semantic relation
Cayley-Hamilton,Simplex method,6.39-N-B.E.-Data-Science-Sem-III-IV.pdf,2173111,Mathematics for Computer Engineering,7,1,0,0.0414,0.0,Low sim=0.041 - no semantic relation
Cayley-Hamilton,Artificial variables,6.39-N-B.E.-Data-Science-Sem-III-IV.pdf,2173111,Mathematics for Computer Engineering,8,1,0,0.0767,0.0,Low sim=0.077 - no semantic relation
Cayley-Hamilton,Kuhn-Tucker conditions,6.39-N-B.E.-Data-Science-Sem-III-IV.pdf,2173111,Mathematics for Computer Engineering,9,1,0,0.0109,0.0,Low sim=0.011 - no semantic relation
Cayley-Hamilton,Introduction to Congruence,6.39-N-B.E.-Data-Science-Sem-III-IV.pdf,2173111,Mathematics for Computer Engineering,10,1,0,0.1471,0.0,Low sim=0.147 - no semantic relation
Cayley-Hamilton,Linear congruence,6.39-N-B.E.-Data-Science-Sem-III-IV.pdf,2173111,Mathematics for Computer Engineering,11,1,0,0.2145,0.0,"No prereq signal: sim=0.214, delta=11, kw=0.000"
Cayley-Hamilton,Application of congruence-RSA algorithm,6.39-N-B.E.-Data-Science-Sem-III-IV.pdf,2173111,Mathematics for Computer Engineering,12,1,0,0.0894,0.0,Low sim=0.089 - no semantic relation
Cayley-Hamilton,Dirichlet’s conditions,6.39-N-B.E.-Data-Science-Sem-III-IV.pdf,2173111,Mathematics for Computer Engineering,13,1,0,-0.0433,0.0,Low sim=-0.043 - no semantic relation
Cayley-Hamilton,Fourier series of periodic,6.39-N-B.E.-Data-Science-Sem-III-IV.pdf,2173111,Mathematics for Computer Engineering,14,1,0,0.1868,0.0,delta=14>=12 + sim=0.187<0.45 - far + weakly related
Similarity of matrices,Quadratic forms,6.39-N-B.E.-Data-Science-Sem-III-IV.pdf,2173111,Mathematics for Computer Engineering,1,1,0,0.1835,0.0,"No prereq signal: sim=0.184, delta=1, kw=0.000"
Similarity of matrices,Linear and Non-Linear Programming Problems,6.39-N-B.E.-Data-Science-Sem-III-IV.pdf,2173111,Mathematics for Computer Engineering,2,1,0,0.0555,0.0,Low sim=0.056 - no semantic relation
Similarity of matrices,Types of solutions,6.39-N-B.E.-Data-Science-Sem-III-IV.pdf,2173111,Mathematics for Computer Engineering,3,1,0,0.0718,0.2,Low sim=0.072 - no semantic relation
Similarity of matrices,Standard and Canonical of LPP,6.39-N-B.E.-Data-Science-Sem-III-IV.pdf,2173111,Mathematics for Computer Engineering,4,1,0,0.0275,0.14285714285714285,Low sim=0.027 - no semantic relation
Similarity of matrices,Basic and Feasible solutions,6.39-N-B.E.-Data-Science-Sem-III-IV.pdf,2173111,Mathematics for Computer Engineering,5,1,0,0.057,0.0,Low sim=0.057 - no semantic relation
Similarity of matrices,Simplex method,6.39-N-B.E.-Data-Science-Sem-III-IV.pdf,2173111,Mathematics for Computer Engineering,6,1,0,0.0153,0.0,Low sim=0.015 - no semantic relation
Similarity of matrices,Artificial variables,6.39-N-B.E.-Data-Science-Sem-III-IV.pdf,2173111,Mathematics for Computer Engineering,7,1,0,-0.0045,0.0,Low sim=-0.004 - no semantic relation
Similarity of matrices,Kuhn-Tucker conditions,6.39-N-B.E.-Data-Science-Sem-III-IV.pdf,2173111,Mathematics for Computer Engineering,8,1,0,0.0595,0.0,Low sim=0.060 - no semantic relation
Similarity of matrices,Introduction to Congruence,6.39-N-B.E.-Data-Science-Sem-III-IV.pdf,2173111,Mathematics for Computer Engineering,9,1,0,0.0499,0.0,Low sim=0.050 - no semantic relation
Similarity of matrices,Linear congruence,6.39-N-B.E.-Data-Science-Sem-III-IV.pdf,2173111,Mathematics for Computer Engineering,10,1,0,0.1671,0.0,"No prereq signal: sim=0.167, delta=10, kw=0.000"
Similarity of matrices,Application of congruence-RSA algorithm,6.39-N-B.E.-Data-Science-Sem-III-IV.pdf,2173111,Mathematics for Computer Engineering,11,1,0,0.0755,0.14285714285714285,Low sim=0.075 - no semantic relation
Similarity of matrices,Dirichlet’s conditions,6.39-N-B.E.-Data-Science-Sem-III-IV.pdf,2173111,Mathematics for Computer Engineering,12,1,0,-0.0128,0.0,Low sim=-0.013 - no semantic relation
Similarity of matrices,Fourier series of periodic,6.39-N-B.E.-Data-Science-Sem-III-IV.pdf,2173111,Mathematics for Computer Engineering,13,1,0,0.0009,0.16666666666666666,Low sim=0.001 - no semantic relation
Similarity of matrices,Fourier series of even and odd functions,6.39-N-B.E.-Data-Science-Sem-III-IV.pdf,2173111,Mathematics for Computer Engineering,14,1,0,-0.0637,0.1111111111111111,Low sim=-0.064 - no semantic relation
Quadratic forms,Linear and Non-Linear Programming Problems,6.39-N-B.E.-Data-Science-Sem-III-IV.pdf,2173111,Mathematics for Computer Engineering,1,1,0,0.161,0.0,"No prereq signal: sim=0.161, delta=1, kw=0.000"
Quadratic forms,Types of solutions,6.39-N-B.E.-Data-Science-Sem-III-IV.pdf,2173111,Mathematics for Computer Engineering,2,1,1,0.2615,0.0,Adjacent same-course topics: delta=2 + sim=0.262
Quadratic forms,Standard and Canonical of LPP,6.39-N-B.E.-Data-Science-Sem-III-IV.pdf,2173111,Mathematics for Computer Engineering,3,1,0,0.1094,0.0,Low sim=0.109 - no semantic relation
Quadratic forms,Basic and Feasible solutions,6.39-N-B.E.-Data-Science-Sem-III-IV.pdf,2173111,Mathematics for Computer Engineering,4,1,0,0.226,0.0,"No prereq signal: sim=0.226, delta=4, kw=0.000"
Quadratic forms,Simplex method,6.39-N-B.E.-Data-Science-Sem-III-IV.pdf,2173111,Mathematics for Computer Engineering,5,1,0,0.1793,0.0,"No prereq signal: sim=0.179, delta=5, kw=0.000"
Quadratic forms,Artificial variables,6.39-N-B.E.-Data-Science-Sem-III-IV.pdf,2173111,Mathematics for Computer Engineering,6,1,0,0.1713,0.0,"No prereq signal: sim=0.171, delta=6, kw=0.000"
Quadratic forms,Kuhn-Tucker conditions,6.39-N-B.E.-Data-Science-Sem-III-IV.pdf,2173111,Mathematics for Computer Engineering,7,1,0,0.2002,0.0,"No prereq signal: sim=0.200, delta=7, kw=0.000"
Quadratic forms,Introduction to Congruence,6.39-N-B.E.-Data-Science-Sem-III-IV.pdf,2173111,Mathematics for Computer Engineering,8,1,0,0.2168,0.0,"No prereq signal: sim=0.217, delta=8, kw=0.000"
Quadratic forms,Linear congruence,6.39-N-B.E.-Data-Science-Sem-III-IV.pdf,2173111,Mathematics for Computer Engineering,9,1,0,0.2821,0.0,"No prereq signal: sim=0.282, delta=9, kw=0.000"
Quadratic forms,Application of congruence-RSA algorithm,6.39-N-B.E.-Data-Science-Sem-III-IV.pdf,2173111,Mathematics for Computer Engineering,10,1,0,0.1161,0.0,Low sim=0.116 - no semantic relation
Quadratic forms,Dirichlet’s conditions,6.39-N-B.E.-Data-Science-Sem-III-IV.pdf,2173111,Mathematics for Computer Engineering,11,1,0,0.1331,0.0,Low sim=0.133 - no semantic relation
Quadratic forms,Fourier series of periodic,6.39-N-B.E.-Data-Science-Sem-III-IV.pdf,2173111,Mathematics for Computer Engineering,12,1,0,0.0328,0.0,Low sim=0.033 - no semantic relation
Quadratic forms,Fourier series of even and odd functions,6.39-N-B.E.-Data-Science-Sem-III-IV.pdf,2173111,Mathematics for Computer Engineering,13,1,0,0.0468,0.0,Low sim=0.047 - no semantic relation
Quadratic forms,Complex form of Fourier Series,6.39-N-B.E.-Data-Science-Sem-III-IV.pdf,2173111,Mathematics for Computer Engineering,14,1,0,0.1998,0.0,delta=14>=12 + sim=0.200<0.45 - far + weakly related
Linear and Non-Linear Programming Problems,Types of solutions,6.39-N-B.E.-Data-Science-Sem-III-IV.pdf,2173111,Mathematics for Computer Engineering,1,1,1,0.2528,0.0,Adjacent same-course topics: delta=1 + sim=0.253
Linear and Non-Linear Programming Problems,Standard and Canonical of LPP,6.39-N-B.E.-Data-Science-Sem-III-IV.pdf,2173111,Mathematics for Computer Engineering,2,1,1,0.2497,0.1111111111111111,Adjacent same-course topics: delta=2 + sim=0.250
Linear and Non-Linear Programming Problems,Basic and Feasible solutions,6.39-N-B.E.-Data-Science-Sem-III-IV.pdf,2173111,Mathematics for Computer Engineering,3,1,1,0.575,0.125,sim=0.575>=0.45 + delta=3<=5
Linear and Non-Linear Programming Problems,Simplex method,6.39-N-B.E.-Data-Science-Sem-III-IV.pdf,2173111,Mathematics for Computer Engineering,4,1,0,0.2234,0.0,"No prereq signal: sim=0.223, delta=4, kw=0.000"
Linear and Non-Linear Programming Problems,Artificial variables,6.39-N-B.E.-Data-Science-Sem-III-IV.pdf,2173111,Mathematics for Computer Engineering,5,1,0,0.3948,0.0,"No prereq signal: sim=0.395, delta=5, kw=0.000"
Linear and Non-Linear Programming Problems,Kuhn-Tucker conditions,6.39-N-B.E.-Data-Science-Sem-III-IV.pdf,2173111,Mathematics for Computer Engineering,6,1,0,0.2473,0.0,"No prereq signal: sim=0.247, delta=6, kw=0.000"
Linear and Non-Linear Programming Problems,Introduction to Congruence,6.39-N-B.E.-Data-Science-Sem-III-IV.pdf,2173111,Mathematics for Computer Engineering,7,1,0,-0.0405,0.0,Low sim=-0.041 - no semantic relation
Linear and Non-Linear Programming Problems,Linear congruence,6.39-N-B.E.-Data-Science-Sem-III-IV.pdf,2173111,Mathematics for Computer Engineering,8,1,0,0.1338,0.16666666666666666,Low sim=0.134 - no semantic relation
Linear and Non-Linear Programming Problems,Application of congruence-RSA algorithm,6.39-N-B.E.-Data-Science-Sem-III-IV.pdf,2173111,Mathematics for Computer Engineering,9,1,0,0.0412,0.0,Low sim=0.041 - no semantic relation
Linear and Non-Linear Programming Problems,Dirichlet’s conditions,6.39-N-B.E.-Data-Science-Sem-III-IV.pdf,2173111,Mathematics for Computer Engineering,10,1,0,0.0428,0.0,Low sim=0.043 - no semantic relation
Linear and Non-Linear Programming Problems,Fourier series of periodic,6.39-N-B.E.-Data-Science-Sem-III-IV.pdf,2173111,Mathematics for Computer Engineering,11,1,0,-0.127,0.0,Low sim=-0.127 - no semantic relation
Linear and Non-Linear Programming Problems,Fourier series of even and odd functions,6.39-N-B.E.-Data-Science-Sem-III-IV.pdf,2173111,Mathematics for Computer Engineering,12,1,0,-0.0229,0.09090909090909091,Low sim=-0.023 - no semantic relation
Linear and Non-Linear Programming Problems,Complex form of Fourier Series,6.39-N-B.E.-Data-Science-Sem-III-IV.pdf,2173111,Mathematics for Computer Engineering,13,1,0,-0.13,0.0,Low sim=-0.130 - no semantic relation
Linear and Non-Linear Programming Problems,Lines of regression,6.39-N-B.E.-Data-Science-Sem-III-IV.pdf,2173111,Mathematics for Computer Engineering,14,1,0,0.2796,0.0,delta=14>=12 + sim=0.280<0.45 - far + weakly related
Types of solutions,Standard and Canonical of LPP,6.39-N-B.E.-Data-Science-Sem-III-IV.pdf,2173111,Mathematics for Computer Engineering,1,1,0,0.1217,0.14285714285714285,Low sim=0.122 - no semantic relation
Types of solutions,Basic and Feasible solutions,6.39-N-B.E.-Data-Science-Sem-III-IV.pdf,2173111,Mathematics for Computer Engineering,2,1,1,0.479,0.16666666666666666,sim=0.479>=0.45 + delta=2<=5
Types of solutions,Simplex method,6.39-N-B.E.-Data-Science-Sem-III-IV.pdf,2173111,Mathematics for Computer Engineering,3,1,0,0.1297,0.0,Low sim=0.130 - no semantic relation
Types of solutions,Artificial variables,6.39-N-B.E.-Data-Science-Sem-III-IV.pdf,2173111,Mathematics for Computer Engineering,4,1,1,0.2761,0.0,Foundational kw in A + sim=0.276 + delta=4
Types of solutions,Kuhn-Tucker conditions,6.39-N-B.E.-Data-Science-Sem-III-IV.pdf,2173111,Mathematics for Computer Engineering,5,1,0,0.1889,0.0,"No prereq signal: sim=0.189, delta=5, kw=0.000"
Types of solutions,Introduction to Congruence,6.39-N-B.E.-Data-Science-Sem-III-IV.pdf,2173111,Mathematics for Computer Engineering,6,1,0,0.0776,0.0,Low sim=0.078 - no semantic relation
Types of solutions,Linear congruence,6.39-N-B.E.-Data-Science-Sem-III-IV.pdf,2173111,Mathematics for Computer Engineering,7,1,0,0.1037,0.0,Low sim=0.104 - no semantic relation
Types of solutions,Application of congruence-RSA algorithm,6.39-N-B.E.-Data-Science-Sem-III-IV.pdf,2173111,Mathematics for Computer Engineering,8,1,0,0.0485,0.14285714285714285,Low sim=0.049 - no semantic relation
Types of solutions,Dirichlet’s conditions,6.39-N-B.E.-Data-Science-Sem-III-IV.pdf,2173111,Mathematics for Computer Engineering,9,1,0,0.1982,0.0,"No prereq signal: sim=0.198, delta=9, kw=0.000"
Types of solutions,Fourier series of periodic,6.39-N-B.E.-Data-Science-Sem-III-IV.pdf,2173111,Mathematics for Computer Engineering,10,1,0,0.0109,0.16666666666666666,Low sim=0.011 - no semantic relation
Types of solutions,Fourier series of even and odd functions,6.39-N-B.E.-Data-Science-Sem-III-IV.pdf,2173111,Mathematics for Computer Engineering,11,1,0,0.0343,0.1111111111111111,Low sim=0.034 - no semantic relation
Types of solutions,Complex form of Fourier Series,6.39-N-B.E.-Data-Science-Sem-III-IV.pdf,2173111,Mathematics for Computer Engineering,12,1,0,0.0521,0.14285714285714285,Low sim=0.052 - no semantic relation
Types of solutions,Lines of regression,6.39-N-B.E.-Data-Science-Sem-III-IV.pdf,2173111,Mathematics for Computer Engineering,13,1,0,0.1037,0.2,Low sim=0.104 - no semantic relation
Types of solutions,Moment generating function,6.39-N-B.E.-Data-Science-Sem-III-IV.pdf,2173111,Mathematics for Computer Engineering,14,1,0,0.0109,0.0,Low sim=0.011 - no semantic relation
Standard and Canonical of LPP,Basic and Feasible solutions,6.39-N-B.E.-Data-Science-Sem-III-IV.pdf,2173111,Mathematics for Computer Engineering,1,1,1,0.224,0.125,Adjacent same-course topics: delta=1 + sim=0.224
Standard and Canonical of LPP,Simplex method,6.39-N-B.E.-Data-Science-Sem-III-IV.pdf,2173111,Mathematics for Computer Engineering,2,1,0,0.1656,0.0,"No prereq signal: sim=0.166, delta=2, kw=0.000"
Standard and Canonical of LPP,Artificial variables,6.39-N-B.E.-Data-Science-Sem-III-IV.pdf,2173111,Mathematics for Computer Engineering,3,1,0,0.1601,0.0,"No prereq signal: sim=0.160, delta=3, kw=0.000"
Standard and Canonical of LPP,Kuhn-Tucker conditions,6.39-N-B.E.-Data-Science-Sem-III-IV.pdf,2173111,Mathematics for Computer Engineering,4,1,0,0.0818,0.0,Low sim=0.082 - no semantic relation
Standard and Canonical of LPP,Introduction to Congruence,6.39-N-B.E.-Data-Science-Sem-III-IV.pdf,2173111,Mathematics for Computer Engineering,5,1,0,0.0827,0.0,Low sim=0.083 - no semantic relation
Standard and Canonical of LPP,Linear congruence,6.39-N-B.E.-Data-Science-Sem-III-IV.pdf,2173111,Mathematics for Computer Engineering,6,1,0,0.1686,0.0,"No prereq signal: sim=0.169, delta=6, kw=0.000"
Standard and Canonical of LPP,Application of congruence-RSA algorithm,6.39-N-B.E.-Data-Science-Sem-III-IV.pdf,2173111,Mathematics for Computer Engineering,7,1,0,0.0824,0.1111111111111111,Low sim=0.082 - no semantic relation
Standard and Canonical of LPP,Dirichlet’s conditions,6.39-N-B.E.-Data-Science-Sem-III-IV.pdf,2173111,Mathematics for Computer Engineering,8,1,0,0.0865,0.0,Low sim=0.086 - no semantic relation
Standard and Canonical of LPP,Fourier series of periodic,6.39-N-B.E.-Data-Science-Sem-III-IV.pdf,2173111,Mathematics for Computer Engineering,9,1,0,-0.0222,0.125,Low sim=-0.022 - no semantic relation
Standard and Canonical of LPP,Fourier series of even and odd functions,6.39-N-B.E.-Data-Science-Sem-III-IV.pdf,2173111,Mathematics for Computer Engineering,10,1,0,0.0379,0.2,Low sim=0.038 - no semantic relation
Standard and Canonical of LPP,Complex form of Fourier Series,6.39-N-B.E.-Data-Science-Sem-III-IV.pdf,2173111,Mathematics for Computer Engineering,11,1,0,0.0169,0.1111111111111111,Low sim=0.017 - no semantic relation
Standard and Canonical of LPP,Lines of regression,6.39-N-B.E.-Data-Science-Sem-III-IV.pdf,2173111,Mathematics for Computer Engineering,12,1,0,0.1162,0.14285714285714285,Low sim=0.116 - no semantic relation
Standard and Canonical of LPP,Moment generating function,6.39-N-B.E.-Data-Science-Sem-III-IV.pdf,2173111,Mathematics for Computer Engineering,13,1,0,0.0601,0.0,Low sim=0.060 - no semantic relation
Standard and Canonical of LPP,Raw moments,6.39-N-B.E.-Data-Science-Sem-III-IV.pdf,2173111,Mathematics for Computer Engineering,14,1,0,0.0491,0.0,Low sim=0.049 - no semantic relation
Basic and Feasible solutions,Simplex method,6.39-N-B.E.-Data-Science-Sem-III-IV.pdf,2173111,Mathematics for Computer Engineering,1,1,1,0.33,0.0,Foundational kw in A + sim=0.330 + delta=1
Basic and Feasible solutions,Artificial variables,6.39-N-B.E.-Data-Science-Sem-III-IV.pdf,2173111,Mathematics for Computer Engineering,2,1,1,0.4269,0.0,Foundational kw in A + sim=0.427 + delta=2
Basic and Feasible solutions,Kuhn-Tucker conditions,6.39-N-B.E.-Data-Science-Sem-III-IV.pdf,2173111,Mathematics for Computer Engineering,3,1,1,0.2568,0.0,Foundational kw in A + sim=0.257 + delta=3
Basic and Feasible solutions,Introduction to Congruence,6.39-N-B.E.-Data-Science-Sem-III-IV.pdf,2173111,Mathematics for Computer Engineering,4,1,0,0.1335,0.0,Low sim=0.133 - no semantic relation
Basic and Feasible solutions,Linear congruence,6.39-N-B.E.-Data-Science-Sem-III-IV.pdf,2173111,Mathematics for Computer Engineering,5,1,0,0.1608,0.0,"No prereq signal: sim=0.161, delta=5, kw=0.000"
Basic and Feasible solutions,Application of congruence-RSA algorithm,6.39-N-B.E.-Data-Science-Sem-III-IV.pdf,2173111,Mathematics for Computer Engineering,6,1,0,0.1536,0.0,"No prereq signal: sim=0.154, delta=6, kw=0.000"
Basic and Feasible solutions,Dirichlet’s conditions,6.39-N-B.E.-Data-Science-Sem-III-IV.pdf,2173111,Mathematics for Computer Engineering,7,1,0,0.143,0.0,Low sim=0.143 - no semantic relation
Basic and Feasible solutions,Fourier series of periodic,6.39-N-B.E.-Data-Science-Sem-III-IV.pdf,2173111,Mathematics for Computer Engineering,8,1,0,-0.0731,0.0,Low sim=-0.073 - no semantic relation
Basic and Feasible solutions,Fourier series of even and odd functions,6.39-N-B.E.-Data-Science-Sem-III-IV.pdf,2173111,Mathematics for Computer Engineering,9,1,0,-0.0582,0.1,Low sim=-0.058 - no semantic relation
Basic and Feasible solutions,Complex form of Fourier Series,6.39-N-B.E.-Data-Science-Sem-III-IV.pdf,2173111,Mathematics for Computer Engineering,10,1,0,-0.0442,0.0,Low sim=-0.044 - no semantic relation
Basic and Feasible solutions,Lines of regression,6.39-N-B.E.-Data-Science-Sem-III-IV.pdf,2173111,Mathematics for Computer Engineering,11,1,0,0.1566,0.0,"No prereq signal: sim=0.157, delta=11, kw=0.000"
Basic and Feasible solutions,Moment generating function,6.39-N-B.E.-Data-Science-Sem-III-IV.pdf,2173111,Mathematics for Computer Engineering,12,1,0,0.0337,0.0,Low sim=0.034 - no semantic relation
Basic and Feasible solutions,Raw moments,6.39-N-B.E.-Data-Science-Sem-III-IV.pdf,2173111,Mathematics for Computer Engineering,13,1,0,0.0636,0.0,Low sim=0.064 - no semantic relation
Simplex method,Artificial variables,6.39-N-B.E.-Data-Science-Sem-III-IV.pdf,2173111,Mathematics for Computer Engineering,1,1,1,0.267,0.0,Adjacent same-course topics: delta=1 + sim=0.267
Simplex method,Kuhn-Tucker conditions,6.39-N-B.E.-Data-Science-Sem-III-IV.pdf,2173111,Mathematics for Computer Engineering,2,1,0,0.0561,0.0,Low sim=0.056 - no semantic relation
Simplex method,Introduction to Congruence,6.39-N-B.E.-Data-Science-Sem-III-IV.pdf,2173111,Mathematics for Computer Engineering,3,1,0,0.0279,0.0,Low sim=0.028 - no semantic relation
Simplex method,Linear congruence,6.39-N-B.E.-Data-Science-Sem-III-IV.pdf,2173111,Mathematics for Computer Engineering,4,1,0,0.1412,0.0,Low sim=0.141 - no semantic relation
Simplex method,Application of congruence-RSA algorithm,6.39-N-B.E.-Data-Science-Sem-III-IV.pdf,2173111,Mathematics for Computer Engineering,5,1,0,0.155,0.0,"No prereq signal: sim=0.155, delta=5, kw=0.000"
Simplex method,Dirichlet’s conditions,6.39-N-B.E.-Data-Science-Sem-III-IV.pdf,2173111,Mathematics for Computer Engineering,6,1,0,-0.0792,0.0,Low sim=-0.079 - no semantic relation
Simplex method,Fourier series of periodic,6.39-N-B.E.-Data-Science-Sem-III-IV.pdf,2173111,Mathematics for Computer Engineering,7,1,0,0.0877,0.0,Low sim=0.088 - no semantic relation
Simplex method,Fourier series of even and odd functions,6.39-N-B.E.-Data-Science-Sem-III-IV.pdf,2173111,Mathematics for Computer Engineering,8,1,0,0.1592,0.0,"No prereq signal: sim=0.159, delta=8, kw=0.000"
Simplex method,Complex form of Fourier Series,6.39-N-B.E.-Data-Science-Sem-III-IV.pdf,2173111,Mathematics for Computer Engineering,9,1,0,0.0717,0.0,Low sim=0.072 - no semantic relation
Simplex method,Lines of regression,6.39-N-B.E.-Data-Science-Sem-III-IV.pdf,2173111,Mathematics for Computer Engineering,10,1,0,0.1042,0.0,Low sim=0.104 - no semantic relation
Simplex method,Moment generating function,6.39-N-B.E.-Data-Science-Sem-III-IV.pdf,2173111,Mathematics for Computer Engineering,11,1,0,0.096,0.0,Low sim=0.096 - no semantic relation
Simplex method,Raw moments,6.39-N-B.E.-Data-Science-Sem-III-IV.pdf,2173111,Mathematics for Computer Engineering,12,1,0,0.0617,0.0,Low sim=0.062 - no semantic relation
Artificial variables,Kuhn-Tucker conditions,6.39-N-B.E.-Data-Science-Sem-III-IV.pdf,2173111,Mathematics for Computer Engineering,1,1,1,0.208,0.0,Adjacent same-course topics: delta=1 + sim=0.208
Artificial variables,Introduction to Congruence,6.39-N-B.E.-Data-Science-Sem-III-IV.pdf,2173111,Mathematics for Computer Engineering,2,1,0,0.0703,0.0,Low sim=0.070 - no semantic relation
Artificial variables,Linear congruence,6.39-N-B.E.-Data-Science-Sem-III-IV.pdf,2173111,Mathematics for Computer Engineering,3,1,0,0.0242,0.0,Low sim=0.024 - no semantic relation
Artificial variables,Application of congruence-RSA algorithm,6.39-N-B.E.-Data-Science-Sem-III-IV.pdf,2173111,Mathematics for Computer Engineering,4,1,0,0.1005,0.0,Low sim=0.101 - no semantic relation
Artificial variables,Dirichlet’s conditions,6.39-N-B.E.-Data-Science-Sem-III-IV.pdf,2173111,Mathematics for Computer Engineering,5,1,0,0.0852,0.0,Low sim=0.085 - no semantic relation
Artificial variables,Fourier series of periodic,6.39-N-B.E.-Data-Science-Sem-III-IV.pdf,2173111,Mathematics for Computer Engineering,6,1,0,-0.0556,0.0,Low sim=-0.056 - no semantic relation
Artificial variables,Fourier series of even and odd functions,6.39-N-B.E.-Data-Science-Sem-III-IV.pdf,2173111,Mathematics for Computer Engineering,7,1,0,-0.0434,0.0,Low sim=-0.043 - no semantic relation
Artificial variables,Complex form of Fourier Series,6.39-N-B.E.-Data-Science-Sem-III-IV.pdf,2173111,Mathematics for Computer Engineering,8,1,0,0.0469,0.0,Low sim=0.047 - no semantic relation
Artificial variables,Lines of regression,6.39-N-B.E.-Data-Science-Sem-III-IV.pdf,2173111,Mathematics for Computer Engineering,9,1,0,0.3424,0.0,"No prereq signal: sim=0.342, delta=9, kw=0.000"
Artificial variables,Moment generating function,6.39-N-B.E.-Data-Science-Sem-III-IV.pdf,2173111,Mathematics for Computer Engineering,10,1,0,0.1467,0.0,Low sim=0.147 - no semantic relation
Artificial variables,Raw moments,6.39-N-B.E.-Data-Science-Sem-III-IV.pdf,2173111,Mathematics for Computer Engineering,11,1,0,0.121,0.0,Low sim=0.121 - no semantic relation
Kuhn-Tucker conditions,Introduction to Congruence,6.39-N-B.E.-Data-Science-Sem-III-IV.pdf,2173111,Mathematics for Computer Engineering,1,1,0,0.0039,0.0,Low sim=0.004 - no semantic relation
Kuhn-Tucker conditions,Linear congruence,6.39-N-B.E.-Data-Science-Sem-III-IV.pdf,2173111,Mathematics for Computer Engineering,2,1,0,-0.0388,0.0,Low sim=-0.039 - no semantic relation
Kuhn-Tucker conditions,Application of congruence-RSA algorithm,6.39-N-B.E.-Data-Science-Sem-III-IV.pdf,2173111,Mathematics for Computer Engineering,3,1,0,-0.0484,0.0,Low sim=-0.048 - no semantic relation
Kuhn-Tucker conditions,Dirichlet’s conditions,6.39-N-B.E.-Data-Science-Sem-III-IV.pdf,2173111,Mathematics for Computer Engineering,4,1,0,0.4166,0.2,"No prereq signal: sim=0.417, delta=4, kw=0.200"
Kuhn-Tucker conditions,Fourier series of periodic,6.39-N-B.E.-Data-Science-Sem-III-IV.pdf,2173111,Mathematics for Computer Engineering,5,1,0,-0.0291,0.0,Low sim=-0.029 - no semantic relation
Kuhn-Tucker conditions,Fourier series of even and odd functions,6.39-N-B.E.-Data-Science-Sem-III-IV.pdf,2173111,Mathematics for Computer Engineering,6,1,0,0.0022,0.0,Low sim=0.002 - no semantic relation
Kuhn-Tucker conditions,Complex form of Fourier Series,6.39-N-B.E.-Data-Science-Sem-III-IV.pdf,2173111,Mathematics for Computer Engineering,7,1,0,0.057,0.0,Low sim=0.057 - no semantic relation
Kuhn-Tucker conditions,Lines of regression,6.39-N-B.E.-Data-Science-Sem-III-IV.pdf,2173111,Mathematics for Computer Engineering,8,1,0,0.0916,0.0,Low sim=0.092 - no semantic relation
Kuhn-Tucker conditions,Moment generating function,6.39-N-B.E.-Data-Science-Sem-III-IV.pdf,2173111,Mathematics for Computer Engineering,9,1,0,0.0264,0.0,Low sim=0.026 - no semantic relation
Kuhn-Tucker conditions,Raw moments,6.39-N-B.E.-Data-Science-Sem-III-IV.pdf,2173111,Mathematics for Computer Engineering,10,1,0,0.1,0.0,Low sim=0.100 - no semantic relation
Introduction to Congruence,Linear congruence,6.39-N-B.E.-Data-Science-Sem-III-IV.pdf,2173111,Mathematics for Computer Engineering,1,1,1,0.6781,0.25,High sim=0.678 + delta=1
Introduction to Congruence,Application of congruence-RSA algorithm,6.39-N-B.E.-Data-Science-Sem-III-IV.pdf,2173111,Mathematics for Computer Engineering,2,1,1,0.6881,0.14285714285714285,High sim=0.688 + delta=2
Introduction to Congruence,Dirichlet’s conditions,6.39-N-B.E.-Data-Science-Sem-III-IV.pdf,2173111,Mathematics for Computer Engineering,3,1,0,0.1547,0.0,"No prereq signal: sim=0.155, delta=3, kw=0.000"
Introduction to Congruence,Fourier series of periodic,6.39-N-B.E.-Data-Science-Sem-III-IV.pdf,2173111,Mathematics for Computer Engineering,4,1,0,0.1555,0.0,"No prereq signal: sim=0.155, delta=4, kw=0.000"
Introduction to Congruence,Fourier series of even and odd functions,6.39-N-B.E.-Data-Science-Sem-III-IV.pdf,2173111,Mathematics for Computer Engineering,5,1,0,0.0929,0.0,Low sim=0.093 - no semantic relation
Introduction to Congruence,Complex form of Fourier Series,6.39-N-B.E.-Data-Science-Sem-III-IV.pdf,2173111,Mathematics for Computer Engineering,6,1,0,0.0916,0.0,Low sim=0.092 - no semantic relation
Introduction to Congruence,Lines of regression,6.39-N-B.E.-Data-Science-Sem-III-IV.pdf,2173111,Mathematics for Computer Engineering,7,1,0,0.0511,0.0,Low sim=0.051 - no semantic relation
Introduction to Congruence,Moment generating function,6.39-N-B.E.-Data-Science-Sem-III-IV.pdf,2173111,Mathematics for Computer Engineering,8,1,0,0.0546,0.0,Low sim=0.055 - no semantic relation
Introduction to Congruence,Raw moments,6.39-N-B.E.-Data-Science-Sem-III-IV.pdf,2173111,Mathematics for Computer Engineering,9,1,0,0.0832,0.0,Low sim=0.083 - no semantic relation
Linear congruence,Application of congruence-RSA algorithm,6.39-N-B.E.-Data-Science-Sem-III-IV.pdf,2173111,Mathematics for Computer Engineering,1,1,1,0.5786,0.16666666666666666,sim=0.579>=0.45 + delta=1<=5
Linear congruence,Dirichlet’s conditions,6.39-N-B.E.-Data-Science-Sem-III-IV.pdf,2173111,Mathematics for Computer Engineering,2,1,0,0.027,0.0,Low sim=0.027 - no semantic relation
Linear congruence,Fourier series of periodic,6.39-N-B.E.-Data-Science-Sem-III-IV.pdf,2173111,Mathematics for Computer Engineering,3,1,0,0.1968,0.0,"No prereq signal: sim=0.197, delta=3, kw=0.000"
Linear congruence,Fourier series of even and odd functions,6.39-N-B.E.-Data-Science-Sem-III-IV.pdf,2173111,Mathematics for Computer Engineering,4,1,0,0.0794,0.0,Low sim=0.079 - no semantic relation
Linear congruence,Complex form of Fourier Series,6.39-N-B.E.-Data-Science-Sem-III-IV.pdf,2173111,Mathematics for Computer Engineering,5,1,0,0.0738,0.0,Low sim=0.074 - no semantic relation
Linear congruence,Lines of regression,6.39-N-B.E.-Data-Science-Sem-III-IV.pdf,2173111,Mathematics for Computer Engineering,6,1,0,0.129,0.0,Low sim=0.129 - no semantic relation
Linear congruence,Moment generating function,6.39-N-B.E.-Data-Science-Sem-III-IV.pdf,2173111,Mathematics for Computer Engineering,7,1,0,0.0302,0.0,Low sim=0.030 - no semantic relation
Linear congruence,Raw moments,6.39-N-B.E.-Data-Science-Sem-III-IV.pdf,2173111,Mathematics for Computer Engineering,8,1,0,-0.0164,0.0,Low sim=-0.016 - no semantic relation
Application of congruence-RSA algorithm,Dirichlet’s conditions,6.39-N-B.E.-Data-Science-Sem-III-IV.pdf,2173111,Mathematics for Computer Engineering,1,1,0,0.0264,0.0,Low sim=0.026 - no semantic relation
Application of congruence-RSA algorithm,Fourier series of periodic,6.39-N-B.E.-Data-Science-Sem-III-IV.pdf,2173111,Mathematics for Computer Engineering,2,1,0,0.1624,0.125,"No prereq signal: sim=0.162, delta=2, kw=0.125"
Application of congruence-RSA algorithm,Fourier series of even and odd functions,6.39-N-B.E.-Data-Science-Sem-III-IV.pdf,2173111,Mathematics for Computer Engineering,3,1,0,0.0774,0.09090909090909091,Low sim=0.077 - no semantic relation
Application of congruence-RSA algorithm,Complex form of Fourier Series,6.39-N-B.E.-Data-Science-Sem-III-IV.pdf,2173111,Mathematics for Computer Engineering,4,1,0,0.1121,0.1111111111111111,Low sim=0.112 - no semantic relation
Application of congruence-RSA algorithm,Lines of regression,6.39-N-B.E.-Data-Science-Sem-III-IV.pdf,2173111,Mathematics for Computer Engineering,5,1,0,0.0278,0.14285714285714285,Low sim=0.028 - no semantic relation
Application of congruence-RSA algorithm,Moment generating function,6.39-N-B.E.-Data-Science-Sem-III-IV.pdf,2173111,Mathematics for Computer Engineering,6,1,0,0.1798,0.0,"No prereq signal: sim=0.180, delta=6, kw=0.000"
Application of congruence-RSA algorithm,Raw moments,6.39-N-B.E.-Data-Science-Sem-III-IV.pdf,2173111,Mathematics for Computer Engineering,7,1,0,0.0321,0.0,Low sim=0.032 - no semantic relation
Dirichlet’s conditions,Fourier series of periodic,6.39-N-B.E.-Data-Science-Sem-III-IV.pdf,2173111,Mathematics for Computer Engineering,1,1,0,0.1715,0.0,"No prereq signal: sim=0.171, delta=1, kw=0.000"
Dirichlet’s conditions,Fourier series of even and odd functions,6.39-N-B.E.-Data-Science-Sem-III-IV.pdf,2173111,Mathematics for Computer Engineering,2,1,0,0.1507,0.0,"No prereq signal: sim=0.151, delta=2, kw=0.000"
Dirichlet’s conditions,Complex form of Fourier Series,6.39-N-B.E.-Data-Science-Sem-III-IV.pdf,2173111,Mathematics for Computer Engineering,3,1,0,0.1255,0.0,Low sim=0.125 - no semantic relation
Dirichlet’s conditions,Lines of regression,6.39-N-B.E.-Data-Science-Sem-III-IV.pdf,2173111,Mathematics for Computer Engineering,4,1,0,0.0011,0.0,Low sim=0.001 - no semantic relation
Dirichlet’s conditions,Moment generating function,6.39-N-B.E.-Data-Science-Sem-III-IV.pdf,2173111,Mathematics for Computer Engineering,5,1,0,-0.0091,0.0,Low sim=-0.009 - no semantic relation
Dirichlet’s conditions,Raw moments,6.39-N-B.E.-Data-Science-Sem-III-IV.pdf,2173111,Mathematics for Computer Engineering,6,1,0,0.1015,0.0,Low sim=0.101 - no semantic relation
Fourier series of periodic,Fourier series of even and odd functions,6.39-N-B.E.-Data-Science-Sem-III-IV.pdf,2173111,Mathematics for Computer Engineering,1,1,1,0.7024,0.375,High sim=0.702 + delta=1
Fourier series of periodic,Complex form of Fourier Series,6.39-N-B.E.-Data-Science-Sem-III-IV.pdf,2173111,Mathematics for Computer Engineering,2,1,1,0.7343,0.5,High sim=0.734 + delta=2
Fourier series of periodic,Lines of regression,6.39-N-B.E.-Data-Science-Sem-III-IV.pdf,2173111,Mathematics for Computer Engineering,3,1,0,-0.0031,0.16666666666666666,Low sim=-0.003 - no semantic relation
Fourier series of periodic,Moment generating function,6.39-N-B.E.-Data-Science-Sem-III-IV.pdf,2173111,Mathematics for Computer Engineering,4,1,0,0.1743,0.0,"No prereq signal: sim=0.174, delta=4, kw=0.000"
Fourier series of periodic,Raw moments,6.39-N-B.E.-Data-Science-Sem-III-IV.pdf,2173111,Mathematics for Computer Engineering,5,1,0,-0.0189,0.0,Low sim=-0.019 - no semantic relation
Fourier series of even and odd functions,Complex form of Fourier Series,6.39-N-B.E.-Data-Science-Sem-III-IV.pdf,2173111,Mathematics for Computer Engineering,1,1,1,0.6314,0.3333333333333333,High sim=0.631 + delta=1
Fourier series of even and odd functions,Lines of regression,6.39-N-B.E.-Data-Science-Sem-III-IV.pdf,2173111,Mathematics for Computer Engineering,2,1,0,-0.005,0.1111111111111111,Low sim=-0.005 - no semantic relation
Fourier series of even and odd functions,Moment generating function,6.39-N-B.E.-Data-Science-Sem-III-IV.pdf,2173111,Mathematics for Computer Engineering,3,1,0,0.1755,0.0,"No prereq signal: sim=0.176, delta=3, kw=0.000"
Fourier series of even and odd functions,Raw moments,6.39-N-B.E.-Data-Science-Sem-III-IV.pdf,2173111,Mathematics for Computer Engineering,4,1,0,0.0454,0.0,Low sim=0.045 - no semantic relation
Complex form of Fourier Series,Lines of regression,6.39-N-B.E.-Data-Science-Sem-III-IV.pdf,2173111,Mathematics for Computer Engineering,1,1,0,0.0088,0.14285714285714285,Low sim=0.009 - no semantic relation
Complex form of Fourier Series,Moment generating function,6.39-N-B.E.-Data-Science-Sem-III-IV.pdf,2173111,Mathematics for Computer Engineering,2,1,1,0.2589,0.0,Adjacent same-course topics: delta=2 + sim=0.259
Complex form of Fourier Series,Raw moments,6.39-N-B.E.-Data-Science-Sem-III-IV.pdf,2173111,Mathematics for Computer Engineering,3,1,0,0.0211,0.0,Low sim=0.021 - no semantic relation
Lines of regression,Moment generating function,6.39-N-B.E.-Data-Science-Sem-III-IV.pdf,2173111,Mathematics for Computer Engineering,1,1,0,0.0172,0.0,Low sim=0.017 - no semantic relation
Lines of regression,Raw moments,6.39-N-B.E.-Data-Science-Sem-III-IV.pdf,2173111,Mathematics for Computer Engineering,2,1,0,0.0828,0.0,Low sim=0.083 - no semantic relation
Moment generating function,Raw moments,6.39-N-B.E.-Data-Science-Sem-III-IV.pdf,2173111,Mathematics for Computer Engineering,1,1,1,0.4099,0.0,Adjacent same-course topics: delta=1 + sim=0.410
Propositional and Predicate Logic,Determining risk,6.39-N-B.E.-Data-Science-Sem-III-IV.pdf,2173112,Discrete Structures and Graph Theory,1,1,0,0.0908,0.0,Low sim=0.091 - no semantic relation
Propositional and Predicate Logic,Taxes and tax brackets,6.39-N-B.E.-Data-Science-Sem-III-IV.pdf,2173112,Discrete Structures and Graph Theory,2,1,0,0.1498,0.14285714285714285,Low sim=0.150 - no semantic relation
Propositional and Predicate Logic,Vending machines,6.39-N-B.E.-Data-Science-Sem-III-IV.pdf,2173112,Discrete Structures and Graph Theory,3,1,0,0.1332,0.0,Low sim=0.133 - no semantic relation
Propositional and Predicate Logic,"Counting Pigeonhole Principle, Inclusion-Exclusion Principle. Recurrence relations, Solving recurrence relations",6.39-N-B.E.-Data-Science-Sem-III-IV.pdf,2173112,Discrete Structures and Graph Theory,4,1,0,0.0888,0.0,Low sim=0.089 - no semantic relation
Determining risk,Taxes and tax brackets,6.39-N-B.E.-Data-Science-Sem-III-IV.pdf,2173112,Discrete Structures and Graph Theory,1,1,0,0.0822,0.0,Low sim=0.082 - no semantic relation
Determining risk,Vending machines,6.39-N-B.E.-Data-Science-Sem-III-IV.pdf,2173112,Discrete Structures and Graph Theory,2,1,0,0.0863,0.0,Low sim=0.086 - no semantic relation
Determining risk,"Counting Pigeonhole Principle, Inclusion-Exclusion Principle. Recurrence relations, Solving recurrence relations",6.39-N-B.E.-Data-Science-Sem-III-IV.pdf,2173112,Discrete Structures and Graph Theory,3,1,0,-0.0421,0.0,Low sim=-0.042 - no semantic relation
Taxes and tax brackets,Vending machines,6.39-N-B.E.-Data-Science-Sem-III-IV.pdf,2173112,Discrete Structures and Graph Theory,1,1,0,0.0465,0.0,Low sim=0.047 - no semantic relation
Taxes and tax brackets,"Counting Pigeonhole Principle, Inclusion-Exclusion Principle. Recurrence relations, Solving recurrence relations",6.39-N-B.E.-Data-Science-Sem-III-IV.pdf,2173112,Discrete Structures and Graph Theory,2,1,0,0.115,0.0,Low sim=0.115 - no semantic relation
Vending machines,"Counting Pigeonhole Principle, Inclusion-Exclusion Principle. Recurrence relations, Solving recurrence relations",6.39-N-B.E.-Data-Science-Sem-III-IV.pdf,2173112,Discrete Structures and Graph Theory,1,1,1,0.2789,0.0,Adjacent same-course topics: delta=1 + sim=0.279
Regular operations,Arden's theorem,6.39-N-B.E.-Data-Science-Sem-III-IV.pdf,2174111,Computational,1,1,1,0.2053,0.0,Adjacent same-course topics: delta=1 + sim=0.205
Regular operations,Decision properties of RLs,6.39-N-B.E.-Data-Science-Sem-III-IV.pdf,2174111,Computational,2,1,0,0.1942,0.0,"No prereq signal: sim=0.194, delta=2, kw=0.000"
Regular operations,Pumping lemma for RLs,6.39-N-B.E.-Data-Science-Sem-III-IV.pdf,2174111,Computational,3,1,0,0.1179,0.0,Low sim=0.118 - no semantic relation
Regular operations,RE in text search and replace,6.39-N-B.E.-Data-Science-Sem-III-IV.pdf,2174111,Computational,4,1,0,0.178,0.0,"No prereq signal: sim=0.178, delta=4, kw=0.000"
Regular operations,Application of Regular,6.39-N-B.E.-Data-Science-Sem-III-IV.pdf,2174111,Computational,5,1,1,0.6872,0.25,High sim=0.687 + delta=5
Regular operations,Languages in Compiler Design,6.39-N-B.E.-Data-Science-Sem-III-IV.pdf,2174111,Computational,6,1,0,0.2045,0.0,"No prereq signal: sim=0.205, delta=6, kw=0.000"
Regular operations,Nondeterministic Finite Automata (NFA): Definitions,6.39-N-B.E.-Data-Science-Sem-III-IV.pdf,2174111,Computational,7,1,0,0.2046,0.0,"No prereq signal: sim=0.205, delta=7, kw=0.000"
Regular operations,Equivalence between NFA with and ϵ- transitions,6.39-N-B.E.-Data-Science-Sem-III-IV.pdf,2174111,Computational,8,1,0,0.0974,0.0,Low sim=0.097 - no semantic relation
Regular operations,Minimization of DFA,6.39-N-B.E.-Data-Science-Sem-III-IV.pdf,2174111,Computational,9,1,0,0.2333,0.0,"No prereq signal: sim=0.233, delta=9, kw=0.000"
Arden's theorem,Decision properties of RLs,6.39-N-B.E.-Data-Science-Sem-III-IV.pdf,2174111,Computational,1,1,0,0.0956,0.0,Low sim=0.096 - no semantic relation
Arden's theorem,Pumping lemma for RLs,6.39-N-B.E.-Data-Science-Sem-III-IV.pdf,2174111,Computational,2,1,1,0.2223,0.0,Adjacent same-course topics: delta=2 + sim=0.222
Arden's theorem,RE in text search and replace,6.39-N-B.E.-Data-Science-Sem-III-IV.pdf,2174111,Computational,3,1,0,0.0297,0.0,Low sim=0.030 - no semantic relation
Arden's theorem,Application of Regular,6.39-N-B.E.-Data-Science-Sem-III-IV.pdf,2174111,Computational,4,1,0,0.2475,0.0,"No prereq signal: sim=0.248, delta=4, kw=0.000"
Arden's theorem,Languages in Compiler Design,6.39-N-B.E.-Data-Science-Sem-III-IV.pdf,2174111,Computational,5,1,0,0.0519,0.0,Low sim=0.052 - no semantic relation
Arden's theorem,Nondeterministic Finite Automata (NFA): Definitions,6.39-N-B.E.-Data-Science-Sem-III-IV.pdf,2174111,Computational,6,1,0,0.074,0.0,Low sim=0.074 - no semantic relation
Arden's theorem,Equivalence between NFA with and ϵ- transitions,6.39-N-B.E.-Data-Science-Sem-III-IV.pdf,2174111,Computational,7,1,0,0.1255,0.0,Low sim=0.125 - no semantic relation
Arden's theorem,Minimization of DFA,6.39-N-B.E.-Data-Science-Sem-III-IV.pdf,2174111,Computational,8,1,0,0.0896,0.0,Low sim=0.090 - no semantic relation
Decision properties of RLs,Pumping lemma for RLs,6.39-N-B.E.-Data-Science-Sem-III-IV.pdf,2174111,Computational,1,1,1,0.5024,0.14285714285714285,sim=0.502>=0.45 + delta=1<=5
Decision properties of RLs,RE in text search and replace,6.39-N-B.E.-Data-Science-Sem-III-IV.pdf,2174111,Computational,2,1,0,0.032,0.0,Low sim=0.032 - no semantic relation
Decision properties of RLs,Application of Regular,6.39-N-B.E.-Data-Science-Sem-III-IV.pdf,2174111,Computational,3,1,0,0.1588,0.16666666666666666,"No prereq signal: sim=0.159, delta=3, kw=0.167"
Decision properties of RLs,Languages in Compiler Design,6.39-N-B.E.-Data-Science-Sem-III-IV.pdf,2174111,Computational,4,1,0,0.1739,0.0,"No prereq signal: sim=0.174, delta=4, kw=0.000"
Decision properties of RLs,Nondeterministic Finite Automata (NFA): Definitions,6.39-N-B.E.-Data-Science-Sem-III-IV.pdf,2174111,Computational,5,1,0,0.2488,0.0,"No prereq signal: sim=0.249, delta=5, kw=0.000"
Decision properties of RLs,Equivalence between NFA with and ϵ- transitions,6.39-N-B.E.-Data-Science-Sem-III-IV.pdf,2174111,Computational,6,1,0,0.1531,0.0,"No prereq signal: sim=0.153, delta=6, kw=0.000"
Decision properties of RLs,Minimization of DFA,6.39-N-B.E.-Data-Science-Sem-III-IV.pdf,2174111,Computational,7,1,0,0.1913,0.16666666666666666,"No prereq signal: sim=0.191, delta=7, kw=0.167"
Pumping lemma for RLs,RE in text search and replace,6.39-N-B.E.-Data-Science-Sem-III-IV.pdf,2174111,Computational,1,1,0,0.1502,0.0,"No prereq signal: sim=0.150, delta=1, kw=0.000"
Pumping lemma for RLs,Application of Regular,6.39-N-B.E.-Data-Science-Sem-III-IV.pdf,2174111,Computational,2,1,0,0.1671,0.0,"No prereq signal: sim=0.167, delta=2, kw=0.000"
Pumping lemma for RLs,Languages in Compiler Design,6.39-N-B.E.-Data-Science-Sem-III-IV.pdf,2174111,Computational,3,1,0,0.258,0.0,"No prereq signal: sim=0.258, delta=3, kw=0.000"
Pumping lemma for RLs,Nondeterministic Finite Automata (NFA): Definitions,6.39-N-B.E.-Data-Science-Sem-III-IV.pdf,2174111,Computational,4,1,0,0.1616,0.0,"No prereq signal: sim=0.162, delta=4, kw=0.000"
Pumping lemma for RLs,Equivalence between NFA with and ϵ- transitions,6.39-N-B.E.-Data-Science-Sem-III-IV.pdf,2174111,Computational,5,1,0,0.1734,0.0,"No prereq signal: sim=0.173, delta=5, kw=0.000"
Pumping lemma for RLs,Minimization of DFA,6.39-N-B.E.-Data-Science-Sem-III-IV.pdf,2174111,Computational,6,1,0,0.1472,0.0,Low sim=0.147 - no semantic relation
RE in text search and replace,Application of Regular,6.39-N-B.E.-Data-Science-Sem-III-IV.pdf,2174111,Computational,1,1,0,0.1369,0.0,Low sim=0.137 - no semantic relation
RE in text search and replace,Languages in Compiler Design,6.39-N-B.E.-Data-Science-Sem-III-IV.pdf,2174111,Computational,2,1,0,0.0087,0.1111111111111111,Low sim=0.009 - no semantic relation
RE in text search and replace,Nondeterministic Finite Automata (NFA): Definitions,6.39-N-B.E.-Data-Science-Sem-III-IV.pdf,2174111,Computational,3,1,0,0.0547,0.0,Low sim=0.055 - no semantic relation
RE in text search and replace,Equivalence between NFA with and ϵ- transitions,6.39-N-B.E.-Data-Science-Sem-III-IV.pdf,2174111,Computational,4,1,0,0.0344,0.08333333333333333,Low sim=0.034 - no semantic relation
RE in text search and replace,Minimization of DFA,6.39-N-B.E.-Data-Science-Sem-III-IV.pdf,2174111,Computational,5,1,0,0.056,0.0,Low sim=0.056 - no semantic relation
Application of Regular,Languages in Compiler Design,6.39-N-B.E.-Data-Science-Sem-III-IV.pdf,2174111,Computational,1,1,0,0.127,0.0,Low sim=0.127 - no semantic relation
Application of Regular,Nondeterministic Finite Automata (NFA): Definitions,6.39-N-B.E.-Data-Science-Sem-III-IV.pdf,2174111,Computational,2,1,1,0.2048,0.0,Adjacent same-course topics: delta=2 + sim=0.205
Application of Regular,Equivalence between NFA with and ϵ- transitions,6.39-N-B.E.-Data-Science-Sem-III-IV.pdf,2174111,Computational,3,1,0,0.1411,0.0,Low sim=0.141 - no semantic relation
Application of Regular,Minimization of DFA,6.39-N-B.E.-Data-Science-Sem-III-IV.pdf,2174111,Computational,4,1,0,0.289,0.2,"No prereq signal: sim=0.289, delta=4, kw=0.200"
Languages in Compiler Design,Nondeterministic Finite Automata (NFA): Definitions,6.39-N-B.E.-Data-Science-Sem-III-IV.pdf,2174111,Computational,1,1,1,0.2147,0.0,Adjacent same-course topics: delta=1 + sim=0.215
Languages in Compiler Design,Equivalence between NFA with and ϵ- transitions,6.39-N-B.E.-Data-Science-Sem-III-IV.pdf,2174111,Computational,2,1,0,0.1073,0.0,Low sim=0.107 - no semantic relation
Languages in Compiler Design,Minimization of DFA,6.39-N-B.E.-Data-Science-Sem-III-IV.pdf,2174111,Computational,3,1,0,0.146,0.0,Low sim=0.146 - no semantic relation
Nondeterministic Finite Automata (NFA): Definitions,Equivalence between NFA with and ϵ- transitions,6.39-N-B.E.-Data-Science-Sem-III-IV.pdf,2174111,Computational,1,1,1,0.5904,0.09090909090909091,sim=0.590>=0.45 + delta=1<=5
Nondeterministic Finite Automata (NFA): Definitions,Minimization of DFA,6.39-N-B.E.-Data-Science-Sem-III-IV.pdf,2174111,Computational,2,1,1,0.5158,0.0,sim=0.516>=0.45 + delta=2<=5
Equivalence between NFA with and ϵ- transitions,Minimization of DFA,6.39-N-B.E.-Data-Science-Sem-III-IV.pdf,2174111,Computational,1,1,1,0.4193,0.0,Adjacent same-course topics: delta=1 + sim=0.419
Relationship (EER) Model,"Generalization, Specialization and Aggregation",6.39-N-B.E.-Data-Science-Sem-III-IV.pdf,2174112,Database Management System,1,1,0,0.1203,0.0,Low sim=0.120 - no semantic relation
Relationship (EER) Model,"Introduction to the Relational Model, relational",6.39-N-B.E.-Data-Science-Sem-III-IV.pdf,2174112,Database Management System,2,1,1,0.5185,0.14285714285714285,sim=0.518>=0.45 + delta=2<=5
Relationship (EER) Model,"EER Model to the Relational Model, Relational",6.39-N-B.E.-Data-Science-Sem-III-IV.pdf,2174112,Database Management System,3,1,1,0.8421,0.3333333333333333,High sim=0.842 + delta=3
Relationship (EER) Model,"Overview of SQL, Data Definition Commands",6.39-N-B.E.-Data-Science-Sem-III-IV.pdf,2174112,Database Management System,4,1,0,0.1176,0.0,Low sim=0.118 - no semantic relation
Relationship (EER) Model,"Integrity constraints: key constraints, Domain",6.39-N-B.E.-Data-Science-Sem-III-IV.pdf,2174112,Database Management System,5,1,0,0.2034,0.0,"No prereq signal: sim=0.203, delta=5, kw=0.000"
Relationship (EER) Model,"Triggers, Introduction to Pl/SQL Block Structure",6.39-N-B.E.-Data-Science-Sem-III-IV.pdf,2174112,Database Management System,6,1,0,0.1301,0.0,Low sim=0.130 - no semantic relation
Relationship (EER) Model,"Pitfalls in relational database designs, Concept",6.39-N-B.E.-Data-Science-Sem-III-IV.pdf,2174112,Database Management System,7,1,1,0.3273,0.0,Foundational kw in A + sim=0.327 + delta=7
Relationship (EER) Model,"Concurrent Executions, Serializability",6.39-N-B.E.-Data-Science-Sem-III-IV.pdf,2174112,Database Management System,8,1,0,0.0581,0.0,Low sim=0.058 - no semantic relation
Relationship (EER) Model,"Cloud Database, Introduction of Distributed",6.39-N-B.E.-Data-Science-Sem-III-IV.pdf,2174112,Database Management System,9,1,0,0.1208,0.0,Low sim=0.121 - no semantic relation
"Generalization, Specialization and Aggregation","Introduction to the Relational Model, relational",6.39-N-B.E.-Data-Science-Sem-III-IV.pdf,2174112,Database Management System,1,1,1,0.2568,0.0,Adjacent same-course topics: delta=1 + sim=0.257
"Generalization, Specialization and Aggregation","EER Model to the Relational Model, Relational",6.39-N-B.E.-Data-Science-Sem-III-IV.pdf,2174112,Database Management System,2,1,1,0.2326,0.0,Adjacent same-course topics: delta=2 + sim=0.233
"Generalization, Specialization and Aggregation","Overview of SQL, Data Definition Commands",6.39-N-B.E.-Data-Science-Sem-III-IV.pdf,2174112,Database Management System,3,1,0,0.2145,0.0,"No prereq signal: sim=0.214, delta=3, kw=0.000"
"Generalization, Specialization and Aggregation","Integrity constraints: key constraints, Domain",6.39-N-B.E.-Data-Science-Sem-III-IV.pdf,2174112,Database Management System,4,1,0,0.2391,0.0,"No prereq signal: sim=0.239, delta=4, kw=0.000"
"Generalization, Specialization and Aggregation","Triggers, Introduction to Pl/SQL Block Structure",6.39-N-B.E.-Data-Science-Sem-III-IV.pdf,2174112,Database Management System,5,1,0,0.2173,0.0,"No prereq signal: sim=0.217, delta=5, kw=0.000"
"Generalization, Specialization and Aggregation","Pitfalls in relational database designs, Concept",6.39-N-B.E.-Data-Science-Sem-III-IV.pdf,2174112,Database Management System,6,1,0,0.2946,0.0,"No prereq signal: sim=0.295, delta=6, kw=0.000"
"Generalization, Specialization and Aggregation","Concurrent Executions, Serializability",6.39-N-B.E.-Data-Science-Sem-III-IV.pdf,2174112,Database Management System,7,1,0,0.2549,0.0,"No prereq signal: sim=0.255, delta=7, kw=0.000"
"Generalization, Specialization and Aggregation","Cloud Database, Introduction of Distributed",6.39-N-B.E.-Data-Science-Sem-III-IV.pdf,2174112,Database Management System,8,1,0,0.2213,0.0,"No prereq signal: sim=0.221, delta=8, kw=0.000"
"Introduction to the Relational Model, relational","EER Model to the Relational Model, Relational",6.39-N-B.E.-Data-Science-Sem-III-IV.pdf,2174112,Database Management System,1,1,1,0.723,0.6666666666666666,High sim=0.723 + delta=1
"Introduction to the Relational Model, relational","Overview of SQL, Data Definition Commands",6.39-N-B.E.-Data-Science-Sem-III-IV.pdf,2174112,Database Management System,2,1,1,0.2286,0.0,Adjacent same-course topics: delta=2 + sim=0.229
"Introduction to the Relational Model, relational","Integrity constraints: key constraints, Domain",6.39-N-B.E.-Data-Science-Sem-III-IV.pdf,2174112,Database Management System,3,1,1,0.3045,0.0,Foundational kw in A + sim=0.305 + delta=3
"Introduction to the Relational Model, relational","Triggers, Introduction to Pl/SQL Block Structure",6.39-N-B.E.-Data-Science-Sem-III-IV.pdf,2174112,Database Management System,4,1,0,0.2218,0.2,"No prereq signal: sim=0.222, delta=4, kw=0.200"
"Introduction to the Relational Model, relational","Pitfalls in relational database designs, Concept",6.39-N-B.E.-Data-Science-Sem-III-IV.pdf,2174112,Database Management System,5,1,1,0.5666,0.1,sim=0.567>=0.45 + delta=5<=5
"Introduction to the Relational Model, relational","Concurrent Executions, Serializability",6.39-N-B.E.-Data-Science-Sem-III-IV.pdf,2174112,Database Management System,6,1,0,0.1168,0.0,Low sim=0.117 - no semantic relation
"Introduction to the Relational Model, relational","Cloud Database, Introduction of Distributed",6.39-N-B.E.-Data-Science-Sem-III-IV.pdf,2174112,Database Management System,7,1,1,0.2594,0.1111111111111111,Foundational kw in A + sim=0.259 + delta=7
"EER Model to the Relational Model, Relational","Overview of SQL, Data Definition Commands",6.39-N-B.E.-Data-Science-Sem-III-IV.pdf,2174112,Database Management System,1,1,1,0.2588,0.0,Foundational kw in A + sim=0.259 + delta=1
"EER Model to the Relational Model, Relational","Integrity constraints: key constraints, Domain",6.39-N-B.E.-Data-Science-Sem-III-IV.pdf,2174112,Database Management System,2,1,1,0.2939,0.0,Foundational kw in A + sim=0.294 + delta=2
"EER Model to the Relational Model, Relational","Triggers, Introduction to Pl/SQL Block Structure",6.39-N-B.E.-Data-Science-Sem-III-IV.pdf,2174112,Database Management System,3,1,0,0.235,0.09090909090909091,"No prereq signal: sim=0.235, delta=3, kw=0.091"
"EER Model to the Relational Model, Relational","Pitfalls in relational database designs, Concept",6.39-N-B.E.-Data-Science-Sem-III-IV.pdf,2174112,Database Management System,4,1,1,0.5219,0.1,sim=0.522>=0.45 + delta=4<=5
"EER Model to the Relational Model, Relational","Concurrent Executions, Serializability",6.39-N-B.E.-Data-Science-Sem-III-IV.pdf,2174112,Database Management System,5,1,0,0.1145,0.0,Low sim=0.115 - no semantic relation
"EER Model to the Relational Model, Relational","Cloud Database, Introduction of Distributed",6.39-N-B.E.-Data-Science-Sem-III-IV.pdf,2174112,Database Management System,6,1,0,0.217,0.0,"No prereq signal: sim=0.217, delta=6, kw=0.000"
"Overview of SQL, Data Definition Commands","Integrity constraints: key constraints, Domain",6.39-N-B.E.-Data-Science-Sem-III-IV.pdf,2174112,Database Management System,1,1,1,0.2471,0.0,Adjacent same-course topics: delta=1 + sim=0.247
"Overview of SQL, Data Definition Commands","Triggers, Introduction to Pl/SQL Block Structure",6.39-N-B.E.-Data-Science-Sem-III-IV.pdf,2174112,Database Management System,2,1,1,0.5056,0.08333333333333333,sim=0.506>=0.45 + delta=2<=5
"Overview of SQL, Data Definition Commands","Pitfalls in relational database designs, Concept",6.39-N-B.E.-Data-Science-Sem-III-IV.pdf,2174112,Database Management System,3,1,1,0.3288,0.0,Foundational kw in A + sim=0.329 + delta=3
"Overview of SQL, Data Definition Commands","Concurrent Executions, Serializability",6.39-N-B.E.-Data-Science-Sem-III-IV.pdf,2174112,Database Management System,4,1,0,0.1166,0.0,Low sim=0.117 - no semantic relation
"Overview of SQL, Data Definition Commands","Cloud Database, Introduction of Distributed",6.39-N-B.E.-Data-Science-Sem-III-IV.pdf,2174112,Database Management System,5,1,1,0.2886,0.1,Foundational kw in A + sim=0.289 + delta=5
"Integrity constraints: key constraints, Domain","Triggers, Introduction to Pl/SQL Block Structure",6.39-N-B.E.-Data-Science-Sem-III-IV.pdf,2174112,Database Management System,1,1,1,0.3377,0.0,Adjacent same-course topics: delta=1 + sim=0.338
"Integrity constraints: key constraints, Domain","Pitfalls in relational database designs, Concept",6.39-N-B.E.-Data-Science-Sem-III-IV.pdf,2174112,Database Management System,2,1,1,0.3556,0.0,Adjacent same-course topics: delta=2 + sim=0.356
"Integrity constraints: key constraints, Domain","Concurrent Executions, Serializability",6.39-N-B.E.-Data-Science-Sem-III-IV.pdf,2174112,Database Management System,3,1,0,0.3471,0.0,"No prereq signal: sim=0.347, delta=3, kw=0.000"
"Integrity constraints: key constraints, Domain","Cloud Database, Introduction of Distributed",6.39-N-B.E.-Data-Science-Sem-III-IV.pdf,2174112,Database Management System,4,1,0,0.1594,0.0,"No prereq signal: sim=0.159, delta=4, kw=0.000"
"Triggers, Introduction to Pl/SQL Block Structure","Pitfalls in relational database designs, Concept",6.39-N-B.E.-Data-Science-Sem-III-IV.pdf,2174112,Database Management System,1,1,1,0.397,0.0,Foundational kw in A + sim=0.397 + delta=1
"Triggers, Introduction to Pl/SQL Block Structure","Concurrent Executions, Serializability",6.39-N-B.E.-Data-Science-Sem-III-IV.pdf,2174112,Database Management System,2,1,1,0.2327,0.0,Adjacent same-course topics: delta=2 + sim=0.233
"Triggers, Introduction to Pl/SQL Block Structure","Cloud Database, Introduction of Distributed",6.39-N-B.E.-Data-Science-Sem-III-IV.pdf,2174112,Database Management System,3,1,1,0.2646,0.09090909090909091,Foundational kw in A + sim=0.265 + delta=3
"Pitfalls in relational database designs, Concept","Concurrent Executions, Serializability",6.39-N-B.E.-Data-Science-Sem-III-IV.pdf,2174112,Database Management System,1,1,0,0.1842,0.0,"No prereq signal: sim=0.184, delta=1, kw=0.000"
"Pitfalls in relational database designs, Concept","Cloud Database, Introduction of Distributed",6.39-N-B.E.-Data-Science-Sem-III-IV.pdf,2174112,Database Management System,2,1,1,0.3498,0.1,Foundational kw in A + sim=0.350 + delta=2
"Concurrent Executions, Serializability","Cloud Database, Introduction of Distributed",6.39-N-B.E.-Data-Science-Sem-III-IV.pdf,2174112,Database Management System,1,1,1,0.2068,0.0,Adjacent same-course topics: delta=1 + sim=0.207
Special-purpose,Open-source and Proprietary Operating System,6.39-N-B.E.-Data-Science-Sem-III-IV.pdf,2174113,Operating System,1,1,0,0.1526,0.0,"No prereq signal: sim=0.153, delta=1, kw=0.000"
Special-purpose,Fundamentals of Distributed Operating System,6.39-N-B.E.-Data-Science-Sem-III-IV.pdf,2174113,Operating System,2,1,0,0.1752,0.0,"No prereq signal: sim=0.175, delta=2, kw=0.000"
Special-purpose,Network Operating System,6.39-N-B.E.-Data-Science-Sem-III-IV.pdf,2174113,Operating System,3,1,0,0.1191,0.0,Low sim=0.119 - no semantic relation
Special-purpose,Real-Time,6.39-N-B.E.-Data-Science-Sem-III-IV.pdf,2174113,Operating System,4,1,0,0.2769,0.0,"No prereq signal: sim=0.277, delta=4, kw=0.000"
Special-purpose,Mobile Operating System,6.39-N-B.E.-Data-Science-Sem-III-IV.pdf,2174113,Operating System,5,1,0,0.1539,0.0,"No prereq signal: sim=0.154, delta=5, kw=0.000"
Special-purpose,Special-purpose Operating Systems,6.39-N-B.E.-Data-Science-Sem-III-IV.pdf,2174113,Operating System,6,1,1,0.5603,0.5,Lexical containment + delta=6
Open-source and Proprietary Operating System,Fundamentals of Distributed Operating System,6.39-N-B.E.-Data-Science-Sem-III-IV.pdf,2174113,Operating System,1,1,1,0.5654,0.2222222222222222,sim=0.565>=0.45 + delta=1<=5
Open-source and Proprietary Operating System,Network Operating System,6.39-N-B.E.-Data-Science-Sem-III-IV.pdf,2174113,Operating System,2,1,1,0.5509,0.2857142857142857,sim=0.551>=0.45 + delta=2<=5
Open-source and Proprietary Operating System,Real-Time,6.39-N-B.E.-Data-Science-Sem-III-IV.pdf,2174113,Operating System,3,1,0,0.2827,0.0,"No prereq signal: sim=0.283, delta=3, kw=0.000"
Open-source and Proprietary Operating System,Mobile Operating System,6.39-N-B.E.-Data-Science-Sem-III-IV.pdf,2174113,Operating System,4,1,1,0.531,0.2857142857142857,sim=0.531>=0.45 + delta=4<=5
Open-source and Proprietary Operating System,Special-purpose Operating Systems,6.39-N-B.E.-Data-Science-Sem-III-IV.pdf,2174113,Operating System,5,1,1,0.6814,0.1111111111111111,High sim=0.681 + delta=5
Fundamentals of Distributed Operating System,Network Operating System,6.39-N-B.E.-Data-Science-Sem-III-IV.pdf,2174113,Operating System,1,1,1,0.647,0.3333333333333333,High sim=0.647 + delta=1
Fundamentals of Distributed Operating System,Real-Time,6.39-N-B.E.-Data-Science-Sem-III-IV.pdf,2174113,Operating System,2,1,1,0.2594,0.0,Foundational kw in A + sim=0.259 + delta=2
Fundamentals of Distributed Operating System,Mobile Operating System,6.39-N-B.E.-Data-Science-Sem-III-IV.pdf,2174113,Operating System,3,1,1,0.5512,0.3333333333333333,sim=0.551>=0.45 + delta=3<=5
Fundamentals of Distributed Operating System,Special-purpose Operating Systems,6.39-N-B.E.-Data-Science-Sem-III-IV.pdf,2174113,Operating System,4,1,1,0.6744,0.125,High sim=0.674 + delta=4
Network Operating System,Real-Time,6.39-N-B.E.-Data-Science-Sem-III-IV.pdf,2174113,Operating System,1,1,1,0.2475,0.0,Adjacent same-course topics: delta=1 + sim=0.248
Network Operating System,Mobile Operating System,6.39-N-B.E.-Data-Science-Sem-III-IV.pdf,2174113,Operating System,2,1,1,0.6214,0.5,High sim=0.621 + delta=2
Network Operating System,Special-purpose Operating Systems,6.39-N-B.E.-Data-Science-Sem-III-IV.pdf,2174113,Operating System,3,1,1,0.6075,0.16666666666666666,High sim=0.608 + delta=3
Real-Time,Mobile Operating System,6.39-N-B.E.-Data-Science-Sem-III-IV.pdf,2174113,Operating System,1,1,1,0.2806,0.0,Adjacent same-course topics: delta=1 + sim=0.281
Real-Time,Special-purpose Operating Systems,6.39-N-B.E.-Data-Science-Sem-III-IV.pdf,2174113,Operating System,2,1,1,0.3042,0.0,Adjacent same-course topics: delta=2 + sim=0.304
Mobile Operating System,Special-purpose Operating Systems,6.39-N-B.E.-Data-Science-Sem-III-IV.pdf,2174113,Operating System,1,1,1,0.5923,0.16666666666666666,sim=0.592>=0.45 + delta=1<=5
Properties of Eigen,Similarity of matrices,6.40-N-Chemical-Engineering-Sem-III-IV.pdf,2073111,Chemical Engineering Mathematics,1,1,1,0.3413,0.2,Adjacent same-course topics: delta=1 + sim=0.341
Properties of Eigen,Diagonalization of matrices,6.40-N-Chemical-Engineering-Sem-III-IV.pdf,2073111,Chemical Engineering Mathematics,2,1,1,0.5046,0.2,sim=0.505>=0.45 + delta=2<=5
Properties of Eigen,Applying to chemical engineering problems related,6.40-N-Chemical-Engineering-Sem-III-IV.pdf,2073111,Chemical Engineering Mathematics,3,1,0,0.0755,0.0,Low sim=0.075 - no semantic relation
Properties of Eigen,Eulers method,6.40-N-Chemical-Engineering-Sem-III-IV.pdf,2073111,Chemical Engineering Mathematics,4,1,0,0.0025,0.0,Low sim=0.002 - no semantic relation
Properties of Eigen,Kutta second Order method,6.40-N-Chemical-Engineering-Sem-III-IV.pdf,2073111,Chemical Engineering Mathematics,5,1,0,0.0783,0.0,Low sim=0.078 - no semantic relation
Properties of Eigen,Applications of Runge-Kutta Fourth order,6.40-N-Chemical-Engineering-Sem-III-IV.pdf,2073111,Chemical Engineering Mathematics,6,1,0,0.0695,0.125,Low sim=0.069 - no semantic relation
Properties of Eigen,Method and Adam Bashford Predictor,6.40-N-Chemical-Engineering-Sem-III-IV.pdf,2073111,Chemical Engineering Mathematics,7,1,0,0.0263,0.0,Low sim=0.026 - no semantic relation
Properties of Eigen,Corrector Method to chemical engineering,6.40-N-Chemical-Engineering-Sem-III-IV.pdf,2073111,Chemical Engineering Mathematics,8,1,0,-0.0166,0.0,Low sim=-0.017 - no semantic relation
Properties of Eigen,Forward and Backward difference operators ∆,6.40-N-Chemical-Engineering-Sem-III-IV.pdf,2073111,Chemical Engineering Mathematics,9,1,0,0.1639,0.0,"No prereq signal: sim=0.164, delta=9, kw=0.000"
Properties of Eigen,Shift operator E,6.40-N-Chemical-Engineering-Sem-III-IV.pdf,2073111,Chemical Engineering Mathematics,10,1,0,0.2273,0.0,"No prereq signal: sim=0.227, delta=10, kw=0.000"
Properties of Eigen,Relation between E,6.40-N-Chemical-Engineering-Sem-III-IV.pdf,2073111,Chemical Engineering Mathematics,11,1,0,0.2857,0.0,"No prereq signal: sim=0.286, delta=11, kw=0.000"
Similarity of matrices,Diagonalization of matrices,6.40-N-Chemical-Engineering-Sem-III-IV.pdf,2073111,Chemical Engineering Mathematics,1,1,1,0.5227,0.5,sim=0.523>=0.45 + delta=1<=5
Similarity of matrices,Applying to chemical engineering problems related,6.40-N-Chemical-Engineering-Sem-III-IV.pdf,2073111,Chemical Engineering Mathematics,2,1,0,0.0178,0.0,Low sim=0.018 - no semantic relation
Similarity of matrices,Eulers method,6.40-N-Chemical-Engineering-Sem-III-IV.pdf,2073111,Chemical Engineering Mathematics,3,1,0,-0.0183,0.0,Low sim=-0.018 - no semantic relation
Similarity of matrices,Kutta second Order method,6.40-N-Chemical-Engineering-Sem-III-IV.pdf,2073111,Chemical Engineering Mathematics,4,1,0,0.0057,0.0,Low sim=0.006 - no semantic relation
Similarity of matrices,Applications of Runge-Kutta Fourth order,6.40-N-Chemical-Engineering-Sem-III-IV.pdf,2073111,Chemical Engineering Mathematics,5,1,0,0.0246,0.125,Low sim=0.025 - no semantic relation
Similarity of matrices,Method and Adam Bashford Predictor,6.40-N-Chemical-Engineering-Sem-III-IV.pdf,2073111,Chemical Engineering Mathematics,6,1,0,0.0368,0.0,Low sim=0.037 - no semantic relation
Similarity of matrices,Corrector Method to chemical engineering,6.40-N-Chemical-Engineering-Sem-III-IV.pdf,2073111,Chemical Engineering Mathematics,7,1,0,-0.0119,0.0,Low sim=-0.012 - no semantic relation
Similarity of matrices,Forward and Backward difference operators ∆,6.40-N-Chemical-Engineering-Sem-III-IV.pdf,2073111,Chemical Engineering Mathematics,8,1,0,0.1259,0.0,Low sim=0.126 - no semantic relation
Similarity of matrices,Shift operator E,6.40-N-Chemical-Engineering-Sem-III-IV.pdf,2073111,Chemical Engineering Mathematics,9,1,0,0.0607,0.0,Low sim=0.061 - no semantic relation
Similarity of matrices,Relation between E,6.40-N-Chemical-Engineering-Sem-III-IV.pdf,2073111,Chemical Engineering Mathematics,10,1,0,0.1578,0.0,"No prereq signal: sim=0.158, delta=10, kw=0.000"
Diagonalization of matrices,Applying to chemical engineering problems related,6.40-N-Chemical-Engineering-Sem-III-IV.pdf,2073111,Chemical Engineering Mathematics,1,1,0,0.012,0.0,Low sim=0.012 - no semantic relation
Diagonalization of matrices,Eulers method,6.40-N-Chemical-Engineering-Sem-III-IV.pdf,2073111,Chemical Engineering Mathematics,2,1,0,0.0375,0.0,Low sim=0.038 - no semantic relation
Diagonalization of matrices,Kutta second Order method,6.40-N-Chemical-Engineering-Sem-III-IV.pdf,2073111,Chemical Engineering Mathematics,3,1,0,0.1198,0.0,Low sim=0.120 - no semantic relation
Diagonalization of matrices,Applications of Runge-Kutta Fourth order,6.40-N-Chemical-Engineering-Sem-III-IV.pdf,2073111,Chemical Engineering Mathematics,4,1,0,0.0885,0.125,Low sim=0.089 - no semantic relation
Diagonalization of matrices,Method and Adam Bashford Predictor,6.40-N-Chemical-Engineering-Sem-III-IV.pdf,2073111,Chemical Engineering Mathematics,5,1,0,0.068,0.0,Low sim=0.068 - no semantic relation
Diagonalization of matrices,Corrector Method to chemical engineering,6.40-N-Chemical-Engineering-Sem-III-IV.pdf,2073111,Chemical Engineering Mathematics,6,1,0,0.0424,0.0,Low sim=0.042 - no semantic relation
Diagonalization of matrices,Forward and Backward difference operators ∆,6.40-N-Chemical-Engineering-Sem-III-IV.pdf,2073111,Chemical Engineering Mathematics,7,1,0,0.1485,0.0,Low sim=0.148 - no semantic relation
Diagonalization of matrices,Shift operator E,6.40-N-Chemical-Engineering-Sem-III-IV.pdf,2073111,Chemical Engineering Mathematics,8,1,0,0.113,0.0,Low sim=0.113 - no semantic relation
Diagonalization of matrices,Relation between E,6.40-N-Chemical-Engineering-Sem-III-IV.pdf,2073111,Chemical Engineering Mathematics,9,1,0,0.0144,0.0,Low sim=0.014 - no semantic relation
Applying to chemical engineering problems related,Eulers method,6.40-N-Chemical-Engineering-Sem-III-IV.pdf,2073111,Chemical Engineering Mathematics,1,1,0,0.1601,0.0,"No prereq signal: sim=0.160, delta=1, kw=0.000"
Applying to chemical engineering problems related,Kutta second Order method,6.40-N-Chemical-Engineering-Sem-III-IV.pdf,2073111,Chemical Engineering Mathematics,2,1,0,0.182,0.0,"No prereq signal: sim=0.182, delta=2, kw=0.000"
Applying to chemical engineering problems related,Applications of Runge-Kutta Fourth order,6.40-N-Chemical-Engineering-Sem-III-IV.pdf,2073111,Chemical Engineering Mathematics,3,1,0,0.1858,0.0,"No prereq signal: sim=0.186, delta=3, kw=0.000"
Applying to chemical engineering problems related,Method and Adam Bashford Predictor,6.40-N-Chemical-Engineering-Sem-III-IV.pdf,2073111,Chemical Engineering Mathematics,4,1,0,0.0921,0.0,Low sim=0.092 - no semantic relation
Applying to chemical engineering problems related,Corrector Method to chemical engineering,6.40-N-Chemical-Engineering-Sem-III-IV.pdf,2073111,Chemical Engineering Mathematics,5,1,1,0.6458,0.375,High sim=0.646 + delta=5
Applying to chemical engineering problems related,Forward and Backward difference operators ∆,6.40-N-Chemical-Engineering-Sem-III-IV.pdf,2073111,Chemical Engineering Mathematics,6,1,0,0.0393,0.0,Low sim=0.039 - no semantic relation
Applying to chemical engineering problems related,Shift operator E,6.40-N-Chemical-Engineering-Sem-III-IV.pdf,2073111,Chemical Engineering Mathematics,7,1,0,0.0049,0.0,Low sim=0.005 - no semantic relation
Applying to chemical engineering problems related,Relation between E,6.40-N-Chemical-Engineering-Sem-III-IV.pdf,2073111,Chemical Engineering Mathematics,8,1,0,0.0988,0.0,Low sim=0.099 - no semantic relation
Eulers method,Kutta second Order method,6.40-N-Chemical-Engineering-Sem-III-IV.pdf,2073111,Chemical Engineering Mathematics,1,1,1,0.4711,0.2,sim=0.471>=0.45 + delta=1<=5
Eulers method,Applications of Runge-Kutta Fourth order,6.40-N-Chemical-Engineering-Sem-III-IV.pdf,2073111,Chemical Engineering Mathematics,2,1,1,0.4099,0.0,Adjacent same-course topics: delta=2 + sim=0.410
Eulers method,Method and Adam Bashford Predictor,6.40-N-Chemical-Engineering-Sem-III-IV.pdf,2073111,Chemical Engineering Mathematics,3,1,0,0.2555,0.16666666666666666,"No prereq signal: sim=0.255, delta=3, kw=0.167"
Eulers method,Corrector Method to chemical engineering,6.40-N-Chemical-Engineering-Sem-III-IV.pdf,2073111,Chemical Engineering Mathematics,4,1,0,0.3499,0.16666666666666666,"No prereq signal: sim=0.350, delta=4, kw=0.167"
Eulers method,Forward and Backward difference operators ∆,6.40-N-Chemical-Engineering-Sem-III-IV.pdf,2073111,Chemical Engineering Mathematics,5,1,0,0.1891,0.0,"No prereq signal: sim=0.189, delta=5, kw=0.000"
Eulers method,Shift operator E,6.40-N-Chemical-Engineering-Sem-III-IV.pdf,2073111,Chemical Engineering Mathematics,6,1,0,0.2119,0.0,"No prereq signal: sim=0.212, delta=6, kw=0.000"
Eulers method,Relation between E,6.40-N-Chemical-Engineering-Sem-III-IV.pdf,2073111,Chemical Engineering Mathematics,7,1,0,0.1773,0.0,"No prereq signal: sim=0.177, delta=7, kw=0.000"
Kutta second Order method,Applications of Runge-Kutta Fourth order,6.40-N-Chemical-Engineering-Sem-III-IV.pdf,2073111,Chemical Engineering Mathematics,1,1,1,0.7233,0.25,High sim=0.723 + delta=1
Kutta second Order method,Method and Adam Bashford Predictor,6.40-N-Chemical-Engineering-Sem-III-IV.pdf,2073111,Chemical Engineering Mathematics,2,1,1,0.2409,0.125,Adjacent same-course topics: delta=2 + sim=0.241
Kutta second Order method,Corrector Method to chemical engineering,6.40-N-Chemical-Engineering-Sem-III-IV.pdf,2073111,Chemical Engineering Mathematics,3,1,0,0.3192,0.125,"No prereq signal: sim=0.319, delta=3, kw=0.125"
Kutta second Order method,Forward and Backward difference operators ∆,6.40-N-Chemical-Engineering-Sem-III-IV.pdf,2073111,Chemical Engineering Mathematics,4,1,0,0.1626,0.0,"No prereq signal: sim=0.163, delta=4, kw=0.000"
Kutta second Order method,Shift operator E,6.40-N-Chemical-Engineering-Sem-III-IV.pdf,2073111,Chemical Engineering Mathematics,5,1,0,0.0911,0.0,Low sim=0.091 - no semantic relation
Kutta second Order method,Relation between E,6.40-N-Chemical-Engineering-Sem-III-IV.pdf,2073111,Chemical Engineering Mathematics,6,1,0,-0.0814,0.0,Low sim=-0.081 - no semantic relation
Applications of Runge-Kutta Fourth order,Method and Adam Bashford Predictor,6.40-N-Chemical-Engineering-Sem-III-IV.pdf,2073111,Chemical Engineering Mathematics,1,1,1,0.2847,0.0,Adjacent same-course topics: delta=1 + sim=0.285
Applications of Runge-Kutta Fourth order,Corrector Method to chemical engineering,6.40-N-Chemical-Engineering-Sem-III-IV.pdf,2073111,Chemical Engineering Mathematics,2,1,1,0.2338,0.0,Adjacent same-course topics: delta=2 + sim=0.234
Applications of Runge-Kutta Fourth order,Forward and Backward difference operators ∆,6.40-N-Chemical-Engineering-Sem-III-IV.pdf,2073111,Chemical Engineering Mathematics,3,1,0,0.2533,0.0,"No prereq signal: sim=0.253, delta=3, kw=0.000"
Applications of Runge-Kutta Fourth order,Shift operator E,6.40-N-Chemical-Engineering-Sem-III-IV.pdf,2073111,Chemical Engineering Mathematics,4,1,0,0.0716,0.0,Low sim=0.072 - no semantic relation
Applications of Runge-Kutta Fourth order,Relation between E,6.40-N-Chemical-Engineering-Sem-III-IV.pdf,2073111,Chemical Engineering Mathematics,5,1,0,-0.0343,0.0,Low sim=-0.034 - no semantic relation
Method and Adam Bashford Predictor,Corrector Method to chemical engineering,6.40-N-Chemical-Engineering-Sem-III-IV.pdf,2073111,Chemical Engineering Mathematics,1,1,1,0.2992,0.1111111111111111,Adjacent same-course topics: delta=1 + sim=0.299
Method and Adam Bashford Predictor,Forward and Backward difference operators ∆,6.40-N-Chemical-Engineering-Sem-III-IV.pdf,2073111,Chemical Engineering Mathematics,2,1,0,0.0923,0.1111111111111111,Low sim=0.092 - no semantic relation
Method and Adam Bashford Predictor,Shift operator E,6.40-N-Chemical-Engineering-Sem-III-IV.pdf,2073111,Chemical Engineering Mathematics,3,1,0,0.1189,0.0,Low sim=0.119 - no semantic relation
Method and Adam Bashford Predictor,Relation between E,6.40-N-Chemical-Engineering-Sem-III-IV.pdf,2073111,Chemical Engineering Mathematics,4,1,0,0.058,0.0,Low sim=0.058 - no semantic relation
Corrector Method to chemical engineering,Forward and Backward difference operators ∆,6.40-N-Chemical-Engineering-Sem-III-IV.pdf,2073111,Chemical Engineering Mathematics,1,1,0,0.0864,0.0,Low sim=0.086 - no semantic relation
Corrector Method to chemical engineering,Shift operator E,6.40-N-Chemical-Engineering-Sem-III-IV.pdf,2073111,Chemical Engineering Mathematics,2,1,0,0.0501,0.0,Low sim=0.050 - no semantic relation
Corrector Method to chemical engineering,Relation between E,6.40-N-Chemical-Engineering-Sem-III-IV.pdf,2073111,Chemical Engineering Mathematics,3,1,0,0.0026,0.0,Low sim=0.003 - no semantic relation
Forward and Backward difference operators ∆,Shift operator E,6.40-N-Chemical-Engineering-Sem-III-IV.pdf,2073111,Chemical Engineering Mathematics,1,1,1,0.4208,0.0,Adjacent same-course topics: delta=1 + sim=0.421
Forward and Backward difference operators ∆,Relation between E,6.40-N-Chemical-Engineering-Sem-III-IV.pdf,2073111,Chemical Engineering Mathematics,2,1,0,0.1312,0.0,Low sim=0.131 - no semantic relation
Shift operator E,Relation between E,6.40-N-Chemical-Engineering-Sem-III-IV.pdf,2073111,Chemical Engineering Mathematics,1,1,1,0.536,0.2,sim=0.536>=0.45 + delta=1<=5
Screening equipment – Vibrating screen,Grizzlies and Trommels,6.40-N-Chemical-Engineering-Sem-III-IV.pdf,2074112,Solid Fluid Mechanical Operations,1,1,0,-0.0116,0.0,Low sim=-0.012 - no semantic relation
Screening equipment – Vibrating screen,Size reduction of solids. Mechanism of size,6.40-N-Chemical-Engineering-Sem-III-IV.pdf,2074112,Solid Fluid Mechanical Operations,2,1,0,0.0285,0.0,Low sim=0.029 - no semantic relation
Screening equipment – Vibrating screen,Size reduction equipment – Jaw crusher,6.40-N-Chemical-Engineering-Sem-III-IV.pdf,2074112,Solid Fluid Mechanical Operations,3,1,0,0.2219,0.125,"No prereq signal: sim=0.222, delta=3, kw=0.125"
Screening equipment – Vibrating screen,"Hammer mill, Ball mill and Roll crusher",6.40-N-Chemical-Engineering-Sem-III-IV.pdf,2074112,Solid Fluid Mechanical Operations,4,1,0,0.096,0.0,Low sim=0.096 - no semantic relation
Screening equipment – Vibrating screen,Solid mixing – Introduction to solid mixing,6.40-N-Chemical-Engineering-Sem-III-IV.pdf,2074112,Solid Fluid Mechanical Operations,5,1,0,-0.0396,0.0,Low sim=-0.040 - no semantic relation
Screening equipment – Vibrating screen,Mixing equipment for cohesive solids,6.40-N-Chemical-Engineering-Sem-III-IV.pdf,2074112,Solid Fluid Mechanical Operations,6,1,0,0.118,0.125,Low sim=0.118 - no semantic relation
Screening equipment – Vibrating screen,Mixers for free flowing solids: Ribbon,6.40-N-Chemical-Engineering-Sem-III-IV.pdf,2074112,Solid Fluid Mechanical Operations,7,1,0,0.0998,0.0,Low sim=0.100 - no semantic relation
Screening equipment – Vibrating screen,Flow of a single fluid through a packed bed,6.40-N-Chemical-Engineering-Sem-III-IV.pdf,2074112,Solid Fluid Mechanical Operations,8,1,0,-0.0389,0.0,Low sim=-0.039 - no semantic relation
Screening equipment – Vibrating screen,Ergun’s equation,6.40-N-Chemical-Engineering-Sem-III-IV.pdf,2074112,Solid Fluid Mechanical Operations,9,1,0,-0.0289,0.0,Low sim=-0.029 - no semantic relation
Screening equipment – Vibrating screen,Fluidization: conditions for fluidization,6.40-N-Chemical-Engineering-Sem-III-IV.pdf,2074112,Solid Fluid Mechanical Operations,10,1,0,0.005,0.0,Low sim=0.005 - no semantic relation
Screening equipment – Vibrating screen,Solid fluid,6.40-N-Chemical-Engineering-Sem-III-IV.pdf,2074112,Solid Fluid Mechanical Operations,11,1,0,0.0794,0.0,Low sim=0.079 - no semantic relation
Screening equipment – Vibrating screen,Sedimentation: Batch sedimentation. Kynch,6.40-N-Chemical-Engineering-Sem-III-IV.pdf,2074112,Solid Fluid Mechanical Operations,12,1,0,0.0165,0.0,Low sim=0.016 - no semantic relation
Screening equipment – Vibrating screen,Gas solid separation equipment: Cyclone,6.40-N-Chemical-Engineering-Sem-III-IV.pdf,2074112,Solid Fluid Mechanical Operations,13,1,0,0.1332,0.125,Low sim=0.133 - no semantic relation
Screening equipment – Vibrating screen,Storage of solids: Properties of particulate,6.40-N-Chemical-Engineering-Sem-III-IV.pdf,2074112,Solid Fluid Mechanical Operations,14,1,0,-0.0234,0.0,Low sim=-0.023 - no semantic relation
Grizzlies and Trommels,Size reduction of solids. Mechanism of size,6.40-N-Chemical-Engineering-Sem-III-IV.pdf,2074112,Solid Fluid Mechanical Operations,1,1,0,-0.0333,0.0,Low sim=-0.033 - no semantic relation
Grizzlies and Trommels,Size reduction equipment – Jaw crusher,6.40-N-Chemical-Engineering-Sem-III-IV.pdf,2074112,Solid Fluid Mechanical Operations,2,1,0,-0.0165,0.0,Low sim=-0.016 - no semantic relation
Grizzlies and Trommels,"Hammer mill, Ball mill and Roll crusher",6.40-N-Chemical-Engineering-Sem-III-IV.pdf,2074112,Solid Fluid Mechanical Operations,3,1,0,0.1728,0.125,"No prereq signal: sim=0.173, delta=3, kw=0.125"
Grizzlies and Trommels,Solid mixing – Introduction to solid mixing,6.40-N-Chemical-Engineering-Sem-III-IV.pdf,2074112,Solid Fluid Mechanical Operations,4,1,0,-0.0442,0.0,Low sim=-0.044 - no semantic relation
Grizzlies and Trommels,Mixing equipment for cohesive solids,6.40-N-Chemical-Engineering-Sem-III-IV.pdf,2074112,Solid Fluid Mechanical Operations,5,1,0,-0.063,0.0,Low sim=-0.063 - no semantic relation
Grizzlies and Trommels,Mixers for free flowing solids: Ribbon,6.40-N-Chemical-Engineering-Sem-III-IV.pdf,2074112,Solid Fluid Mechanical Operations,6,1,0,-0.0494,0.0,Low sim=-0.049 - no semantic relation
Grizzlies and Trommels,Flow of a single fluid through a packed bed,6.40-N-Chemical-Engineering-Sem-III-IV.pdf,2074112,Solid Fluid Mechanical Operations,7,1,0,0.0532,0.0,Low sim=0.053 - no semantic relation
Grizzlies and Trommels,Ergun’s equation,6.40-N-Chemical-Engineering-Sem-III-IV.pdf,2074112,Solid Fluid Mechanical Operations,8,1,0,0.0399,0.0,Low sim=0.040 - no semantic relation
Grizzlies and Trommels,Fluidization: conditions for fluidization,6.40-N-Chemical-Engineering-Sem-III-IV.pdf,2074112,Solid Fluid Mechanical Operations,9,1,0,0.0636,0.0,Low sim=0.064 - no semantic relation
Grizzlies and Trommels,Solid fluid,6.40-N-Chemical-Engineering-Sem-III-IV.pdf,2074112,Solid Fluid Mechanical Operations,10,1,0,0.0502,0.0,Low sim=0.050 - no semantic relation
Grizzlies and Trommels,Sedimentation: Batch sedimentation. Kynch,6.40-N-Chemical-Engineering-Sem-III-IV.pdf,2074112,Solid Fluid Mechanical Operations,11,1,0,0.0494,0.0,Low sim=0.049 - no semantic relation
Grizzlies and Trommels,Gas solid separation equipment: Cyclone,6.40-N-Chemical-Engineering-Sem-III-IV.pdf,2074112,Solid Fluid Mechanical Operations,12,1,0,-0.0644,0.0,Low sim=-0.064 - no semantic relation
Grizzlies and Trommels,Storage of solids: Properties of particulate,6.40-N-Chemical-Engineering-Sem-III-IV.pdf,2074112,Solid Fluid Mechanical Operations,13,1,0,-0.1327,0.0,Low sim=-0.133 - no semantic relation
Grizzlies and Trommels,"Conveying, of solids: Belt conveyer, bucket",6.40-N-Chemical-Engineering-Sem-III-IV.pdf,2074112,Solid Fluid Mechanical Operations,14,1,0,-0.0625,0.0,Low sim=-0.062 - no semantic relation
Size reduction of solids. Mechanism of size,Size reduction equipment – Jaw crusher,6.40-N-Chemical-Engineering-Sem-III-IV.pdf,2074112,Solid Fluid Mechanical Operations,1,1,1,0.5044,0.25,sim=0.504>=0.45 + delta=1<=5
Size reduction of solids. Mechanism of size,"Hammer mill, Ball mill and Roll crusher",6.40-N-Chemical-Engineering-Sem-III-IV.pdf,2074112,Solid Fluid Mechanical Operations,2,1,0,0.1215,0.0,Low sim=0.122 - no semantic relation
Size reduction of solids. Mechanism of size,Solid mixing – Introduction to solid mixing,6.40-N-Chemical-Engineering-Sem-III-IV.pdf,2074112,Solid Fluid Mechanical Operations,3,1,0,0.1973,0.0,"No prereq signal: sim=0.197, delta=3, kw=0.000"
Size reduction of solids. Mechanism of size,Mixing equipment for cohesive solids,6.40-N-Chemical-Engineering-Sem-III-IV.pdf,2074112,Solid Fluid Mechanical Operations,4,1,0,0.2637,0.1111111111111111,"No prereq signal: sim=0.264, delta=4, kw=0.111"
Size reduction of solids. Mechanism of size,Mixers for free flowing solids: Ribbon,6.40-N-Chemical-Engineering-Sem-III-IV.pdf,2074112,Solid Fluid Mechanical Operations,5,1,0,0.2451,0.1,"No prereq signal: sim=0.245, delta=5, kw=0.100"
Size reduction of solids. Mechanism of size,Flow of a single fluid through a packed bed,6.40-N-Chemical-Engineering-Sem-III-IV.pdf,2074112,Solid Fluid Mechanical Operations,6,1,0,0.1227,0.08333333333333333,Low sim=0.123 - no semantic relation
Size reduction of solids. Mechanism of size,Ergun’s equation,6.40-N-Chemical-Engineering-Sem-III-IV.pdf,2074112,Solid Fluid Mechanical Operations,7,1,0,0.1154,0.0,Low sim=0.115 - no semantic relation
Size reduction of solids. Mechanism of size,Fluidization: conditions for fluidization,6.40-N-Chemical-Engineering-Sem-III-IV.pdf,2074112,Solid Fluid Mechanical Operations,8,1,0,0.2257,0.0,"No prereq signal: sim=0.226, delta=8, kw=0.000"
Size reduction of solids. Mechanism of size,Solid fluid,6.40-N-Chemical-Engineering-Sem-III-IV.pdf,2074112,Solid Fluid Mechanical Operations,9,1,0,0.228,0.0,"No prereq signal: sim=0.228, delta=9, kw=0.000"
Size reduction of solids. Mechanism of size,Sedimentation: Batch sedimentation. Kynch,6.40-N-Chemical-Engineering-Sem-III-IV.pdf,2074112,Solid Fluid Mechanical Operations,10,1,0,0.0762,0.0,Low sim=0.076 - no semantic relation
Size reduction of solids. Mechanism of size,Gas solid separation equipment: Cyclone,6.40-N-Chemical-Engineering-Sem-III-IV.pdf,2074112,Solid Fluid Mechanical Operations,11,1,0,0.3121,0.0,"No prereq signal: sim=0.312, delta=11, kw=0.000"
Size reduction of solids. Mechanism of size,Storage of solids: Properties of particulate,6.40-N-Chemical-Engineering-Sem-III-IV.pdf,2074112,Solid Fluid Mechanical Operations,12,1,0,0.3957,0.25,delta=12>=12 + sim=0.396<0.45 - far + weakly related
Size reduction of solids. Mechanism of size,"Conveying, of solids: Belt conveyer, bucket",6.40-N-Chemical-Engineering-Sem-III-IV.pdf,2074112,Solid Fluid Mechanical Operations,13,1,0,0.2658,0.2222222222222222,delta=13>=12 + sim=0.266<0.45 - far + weakly related
Size reduction equipment – Jaw crusher,"Hammer mill, Ball mill and Roll crusher",6.40-N-Chemical-Engineering-Sem-III-IV.pdf,2074112,Solid Fluid Mechanical Operations,1,1,1,0.3894,0.1,Adjacent same-course topics: delta=1 + sim=0.389
Size reduction equipment – Jaw crusher,Solid mixing – Introduction to solid mixing,6.40-N-Chemical-Engineering-Sem-III-IV.pdf,2074112,Solid Fluid Mechanical Operations,2,1,0,0.0527,0.0,Low sim=0.053 - no semantic relation
Size reduction equipment – Jaw crusher,Mixing equipment for cohesive solids,6.40-N-Chemical-Engineering-Sem-III-IV.pdf,2074112,Solid Fluid Mechanical Operations,3,1,0,0.2999,0.1111111111111111,"No prereq signal: sim=0.300, delta=3, kw=0.111"
Size reduction equipment – Jaw crusher,Mixers for free flowing solids: Ribbon,6.40-N-Chemical-Engineering-Sem-III-IV.pdf,2074112,Solid Fluid Mechanical Operations,4,1,0,0.2731,0.0,"No prereq signal: sim=0.273, delta=4, kw=0.000"
Size reduction equipment – Jaw crusher,Flow of a single fluid through a packed bed,6.40-N-Chemical-Engineering-Sem-III-IV.pdf,2074112,Solid Fluid Mechanical Operations,5,1,0,0.0124,0.0,Low sim=0.012 - no semantic relation
Size reduction equipment – Jaw crusher,Ergun’s equation,6.40-N-Chemical-Engineering-Sem-III-IV.pdf,2074112,Solid Fluid Mechanical Operations,6,1,0,0.0098,0.0,Low sim=0.010 - no semantic relation
Size reduction equipment – Jaw crusher,Fluidization: conditions for fluidization,6.40-N-Chemical-Engineering-Sem-III-IV.pdf,2074112,Solid Fluid Mechanical Operations,7,1,0,0.092,0.0,Low sim=0.092 - no semantic relation
Size reduction equipment – Jaw crusher,Solid fluid,6.40-N-Chemical-Engineering-Sem-III-IV.pdf,2074112,Solid Fluid Mechanical Operations,8,1,0,0.02,0.0,Low sim=0.020 - no semantic relation
Size reduction equipment – Jaw crusher,Sedimentation: Batch sedimentation. Kynch,6.40-N-Chemical-Engineering-Sem-III-IV.pdf,2074112,Solid Fluid Mechanical Operations,9,1,0,0.0774,0.0,Low sim=0.077 - no semantic relation
Size reduction equipment – Jaw crusher,Gas solid separation equipment: Cyclone,6.40-N-Chemical-Engineering-Sem-III-IV.pdf,2074112,Solid Fluid Mechanical Operations,10,1,0,0.279,0.1111111111111111,"No prereq signal: sim=0.279, delta=10, kw=0.111"
Size reduction equipment – Jaw crusher,Storage of solids: Properties of particulate,6.40-N-Chemical-Engineering-Sem-III-IV.pdf,2074112,Solid Fluid Mechanical Operations,11,1,0,0.0904,0.0,Low sim=0.090 - no semantic relation
Size reduction equipment – Jaw crusher,"Conveying, of solids: Belt conveyer, bucket",6.40-N-Chemical-Engineering-Sem-III-IV.pdf,2074112,Solid Fluid Mechanical Operations,12,1,0,0.2372,0.0,delta=12>=12 + sim=0.237<0.45 - far + weakly related
"Hammer mill, Ball mill and Roll crusher",Solid mixing – Introduction to solid mixing,6.40-N-Chemical-Engineering-Sem-III-IV.pdf,2074112,Solid Fluid Mechanical Operations,1,1,1,0.2432,0.0,Adjacent same-course topics: delta=1 + sim=0.243
"Hammer mill, Ball mill and Roll crusher",Mixing equipment for cohesive solids,6.40-N-Chemical-Engineering-Sem-III-IV.pdf,2074112,Solid Fluid Mechanical Operations,2,1,1,0.2854,0.0,Adjacent same-course topics: delta=2 + sim=0.285
"Hammer mill, Ball mill and Roll crusher",Mixers for free flowing solids: Ribbon,6.40-N-Chemical-Engineering-Sem-III-IV.pdf,2074112,Solid Fluid Mechanical Operations,3,1,0,0.2836,0.0,"No prereq signal: sim=0.284, delta=3, kw=0.000"
"Hammer mill, Ball mill and Roll crusher",Flow of a single fluid through a packed bed,6.40-N-Chemical-Engineering-Sem-III-IV.pdf,2074112,Solid Fluid Mechanical Operations,4,1,0,0.0338,0.0,Low sim=0.034 - no semantic relation
"Hammer mill, Ball mill and Roll crusher",Ergun’s equation,6.40-N-Chemical-Engineering-Sem-III-IV.pdf,2074112,Solid Fluid Mechanical Operations,5,1,0,0.0261,0.0,Low sim=0.026 - no semantic relation
"Hammer mill, Ball mill and Roll crusher",Fluidization: conditions for fluidization,6.40-N-Chemical-Engineering-Sem-III-IV.pdf,2074112,Solid Fluid Mechanical Operations,6,1,0,0.0543,0.0,Low sim=0.054 - no semantic relation
"Hammer mill, Ball mill and Roll crusher",Solid fluid,6.40-N-Chemical-Engineering-Sem-III-IV.pdf,2074112,Solid Fluid Mechanical Operations,7,1,0,0.1826,0.0,"No prereq signal: sim=0.183, delta=7, kw=0.000"
"Hammer mill, Ball mill and Roll crusher",Sedimentation: Batch sedimentation. Kynch,6.40-N-Chemical-Engineering-Sem-III-IV.pdf,2074112,Solid Fluid Mechanical Operations,8,1,0,0.1697,0.0,"No prereq signal: sim=0.170, delta=8, kw=0.000"
"Hammer mill, Ball mill and Roll crusher",Gas solid separation equipment: Cyclone,6.40-N-Chemical-Engineering-Sem-III-IV.pdf,2074112,Solid Fluid Mechanical Operations,9,1,0,0.1824,0.0,"No prereq signal: sim=0.182, delta=9, kw=0.000"
"Hammer mill, Ball mill and Roll crusher",Storage of solids: Properties of particulate,6.40-N-Chemical-Engineering-Sem-III-IV.pdf,2074112,Solid Fluid Mechanical Operations,10,1,0,0.0791,0.0,Low sim=0.079 - no semantic relation
"Hammer mill, Ball mill and Roll crusher","Conveying, of solids: Belt conveyer, bucket",6.40-N-Chemical-Engineering-Sem-III-IV.pdf,2074112,Solid Fluid Mechanical Operations,11,1,0,0.379,0.0,"No prereq signal: sim=0.379, delta=11, kw=0.000"
Solid mixing – Introduction to solid mixing,Mixing equipment for cohesive solids,6.40-N-Chemical-Engineering-Sem-III-IV.pdf,2074112,Solid Fluid Mechanical Operations,1,1,1,0.7036,0.125,High sim=0.704 + delta=1
Solid mixing – Introduction to solid mixing,Mixers for free flowing solids: Ribbon,6.40-N-Chemical-Engineering-Sem-III-IV.pdf,2074112,Solid Fluid Mechanical Operations,2,1,1,0.5437,0.0,sim=0.544>=0.45 + delta=2<=5
Solid mixing – Introduction to solid mixing,Flow of a single fluid through a packed bed,6.40-N-Chemical-Engineering-Sem-III-IV.pdf,2074112,Solid Fluid Mechanical Operations,3,1,1,0.2667,0.0,Foundational kw in A + sim=0.267 + delta=3
Solid mixing – Introduction to solid mixing,Ergun’s equation,6.40-N-Chemical-Engineering-Sem-III-IV.pdf,2074112,Solid Fluid Mechanical Operations,4,1,0,0.0433,0.0,Low sim=0.043 - no semantic relation
Solid mixing – Introduction to solid mixing,Fluidization: conditions for fluidization,6.40-N-Chemical-Engineering-Sem-III-IV.pdf,2074112,Solid Fluid Mechanical Operations,5,1,1,0.3326,0.0,Foundational kw in A + sim=0.333 + delta=5
Solid mixing – Introduction to solid mixing,Solid fluid,6.40-N-Chemical-Engineering-Sem-III-IV.pdf,2074112,Solid Fluid Mechanical Operations,6,1,1,0.492,0.2,Foundational kw in A + sim=0.492 + delta=6
Solid mixing – Introduction to solid mixing,Sedimentation: Batch sedimentation. Kynch,6.40-N-Chemical-Engineering-Sem-III-IV.pdf,2074112,Solid Fluid Mechanical Operations,7,1,0,0.2418,0.0,"No prereq signal: sim=0.242, delta=7, kw=0.000"
Solid mixing – Introduction to solid mixing,Gas solid separation equipment: Cyclone,6.40-N-Chemical-Engineering-Sem-III-IV.pdf,2074112,Solid Fluid Mechanical Operations,8,1,1,0.3921,0.125,Foundational kw in A + sim=0.392 + delta=8
Solid mixing – Introduction to solid mixing,Storage of solids: Properties of particulate,6.40-N-Chemical-Engineering-Sem-III-IV.pdf,2074112,Solid Fluid Mechanical Operations,9,1,0,0.4094,0.0,"No prereq signal: sim=0.409, delta=9, kw=0.000"
Solid mixing – Introduction to solid mixing,"Conveying, of solids: Belt conveyer, bucket",6.40-N-Chemical-Engineering-Sem-III-IV.pdf,2074112,Solid Fluid Mechanical Operations,10,1,0,0.2664,0.0,"No prereq signal: sim=0.266, delta=10, kw=0.000"
Mixing equipment for cohesive solids,Mixers for free flowing solids: Ribbon,6.40-N-Chemical-Engineering-Sem-III-IV.pdf,2074112,Solid Fluid Mechanical Operations,1,1,1,0.5782,0.2222222222222222,sim=0.578>=0.45 + delta=1<=5
Mixing equipment for cohesive solids,Flow of a single fluid through a packed bed,6.40-N-Chemical-Engineering-Sem-III-IV.pdf,2074112,Solid Fluid Mechanical Operations,2,1,1,0.2133,0.0,Adjacent same-course topics: delta=2 + sim=0.213
Mixing equipment for cohesive solids,Ergun’s equation,6.40-N-Chemical-Engineering-Sem-III-IV.pdf,2074112,Solid Fluid Mechanical Operations,3,1,0,-0.0442,0.0,Low sim=-0.044 - no semantic relation
Mixing equipment for cohesive solids,Fluidization: conditions for fluidization,6.40-N-Chemical-Engineering-Sem-III-IV.pdf,2074112,Solid Fluid Mechanical Operations,4,1,0,0.2461,0.14285714285714285,"No prereq signal: sim=0.246, delta=4, kw=0.143"
Mixing equipment for cohesive solids,Solid fluid,6.40-N-Chemical-Engineering-Sem-III-IV.pdf,2074112,Solid Fluid Mechanical Operations,5,1,0,0.3754,0.0,"No prereq signal: sim=0.375, delta=5, kw=0.000"
Mixing equipment for cohesive solids,Sedimentation: Batch sedimentation. Kynch,6.40-N-Chemical-Engineering-Sem-III-IV.pdf,2074112,Solid Fluid Mechanical Operations,6,1,0,0.1518,0.0,"No prereq signal: sim=0.152, delta=6, kw=0.000"
Mixing equipment for cohesive solids,Gas solid separation equipment: Cyclone,6.40-N-Chemical-Engineering-Sem-III-IV.pdf,2074112,Solid Fluid Mechanical Operations,7,1,0,0.4493,0.1111111111111111,"No prereq signal: sim=0.449, delta=7, kw=0.111"
Mixing equipment for cohesive solids,Storage of solids: Properties of particulate,6.40-N-Chemical-Engineering-Sem-III-IV.pdf,2074112,Solid Fluid Mechanical Operations,8,1,0,0.3968,0.1111111111111111,"No prereq signal: sim=0.397, delta=8, kw=0.111"
Mixing equipment for cohesive solids,"Conveying, of solids: Belt conveyer, bucket",6.40-N-Chemical-Engineering-Sem-III-IV.pdf,2074112,Solid Fluid Mechanical Operations,9,1,0,0.3905,0.1,"No prereq signal: sim=0.391, delta=9, kw=0.100"
Mixers for free flowing solids: Ribbon,Flow of a single fluid through a packed bed,6.40-N-Chemical-Engineering-Sem-III-IV.pdf,2074112,Solid Fluid Mechanical Operations,1,1,1,0.2954,0.0,Adjacent same-course topics: delta=1 + sim=0.295
Mixers for free flowing solids: Ribbon,Ergun’s equation,6.40-N-Chemical-Engineering-Sem-III-IV.pdf,2074112,Solid Fluid Mechanical Operations,2,1,0,0.0336,0.0,Low sim=0.034 - no semantic relation
Mixers for free flowing solids: Ribbon,Fluidization: conditions for fluidization,6.40-N-Chemical-Engineering-Sem-III-IV.pdf,2074112,Solid Fluid Mechanical Operations,3,1,0,0.2854,0.125,"No prereq signal: sim=0.285, delta=3, kw=0.125"
Mixers for free flowing solids: Ribbon,Solid fluid,6.40-N-Chemical-Engineering-Sem-III-IV.pdf,2074112,Solid Fluid Mechanical Operations,4,1,0,0.3486,0.0,"No prereq signal: sim=0.349, delta=4, kw=0.000"
Mixers for free flowing solids: Ribbon,Sedimentation: Batch sedimentation. Kynch,6.40-N-Chemical-Engineering-Sem-III-IV.pdf,2074112,Solid Fluid Mechanical Operations,5,1,0,0.1048,0.0,Low sim=0.105 - no semantic relation
Mixers for free flowing solids: Ribbon,Gas solid separation equipment: Cyclone,6.40-N-Chemical-Engineering-Sem-III-IV.pdf,2074112,Solid Fluid Mechanical Operations,6,1,0,0.3225,0.0,"No prereq signal: sim=0.322, delta=6, kw=0.000"
Mixers for free flowing solids: Ribbon,Storage of solids: Properties of particulate,6.40-N-Chemical-Engineering-Sem-III-IV.pdf,2074112,Solid Fluid Mechanical Operations,7,1,0,0.2664,0.1,"No prereq signal: sim=0.266, delta=7, kw=0.100"
Mixers for free flowing solids: Ribbon,"Conveying, of solids: Belt conveyer, bucket",6.40-N-Chemical-Engineering-Sem-III-IV.pdf,2074112,Solid Fluid Mechanical Operations,8,1,0,0.4427,0.09090909090909091,"No prereq signal: sim=0.443, delta=8, kw=0.091"
Flow of a single fluid through a packed bed,Ergun’s equation,6.40-N-Chemical-Engineering-Sem-III-IV.pdf,2074112,Solid Fluid Mechanical Operations,1,1,0,0.1774,0.0,"No prereq signal: sim=0.177, delta=1, kw=0.000"
Flow of a single fluid through a packed bed,Fluidization: conditions for fluidization,6.40-N-Chemical-Engineering-Sem-III-IV.pdf,2074112,Solid Fluid Mechanical Operations,2,1,1,0.4483,0.0,Adjacent same-course topics: delta=2 + sim=0.448
Flow of a single fluid through a packed bed,Solid fluid,6.40-N-Chemical-Engineering-Sem-III-IV.pdf,2074112,Solid Fluid Mechanical Operations,3,1,1,0.464,0.1111111111111111,sim=0.464>=0.45 + delta=3<=5
Flow of a single fluid through a packed bed,Sedimentation: Batch sedimentation. Kynch,6.40-N-Chemical-Engineering-Sem-III-IV.pdf,2074112,Solid Fluid Mechanical Operations,4,1,0,0.1778,0.0,"No prereq signal: sim=0.178, delta=4, kw=0.000"
Flow of a single fluid through a packed bed,Gas solid separation equipment: Cyclone,6.40-N-Chemical-Engineering-Sem-III-IV.pdf,2074112,Solid Fluid Mechanical Operations,5,1,0,0.2954,0.0,"No prereq signal: sim=0.295, delta=5, kw=0.000"
Flow of a single fluid through a packed bed,Storage of solids: Properties of particulate,6.40-N-Chemical-Engineering-Sem-III-IV.pdf,2074112,Solid Fluid Mechanical Operations,6,1,0,0.1955,0.08333333333333333,"No prereq signal: sim=0.196, delta=6, kw=0.083"
Flow of a single fluid through a packed bed,"Conveying, of solids: Belt conveyer, bucket",6.40-N-Chemical-Engineering-Sem-III-IV.pdf,2074112,Solid Fluid Mechanical Operations,7,1,0,0.1858,0.07692307692307693,"No prereq signal: sim=0.186, delta=7, kw=0.077"
Ergun’s equation,Fluidization: conditions for fluidization,6.40-N-Chemical-Engineering-Sem-III-IV.pdf,2074112,Solid Fluid Mechanical Operations,1,1,0,0.1164,0.0,Low sim=0.116 - no semantic relation
Ergun’s equation,Solid fluid,6.40-N-Chemical-Engineering-Sem-III-IV.pdf,2074112,Solid Fluid Mechanical Operations,2,1,0,0.1576,0.0,"No prereq signal: sim=0.158, delta=2, kw=0.000"
Ergun’s equation,Sedimentation: Batch sedimentation. Kynch,6.40-N-Chemical-Engineering-Sem-III-IV.pdf,2074112,Solid Fluid Mechanical Operations,3,1,0,0.0731,0.0,Low sim=0.073 - no semantic relation
Ergun’s equation,Gas solid separation equipment: Cyclone,6.40-N-Chemical-Engineering-Sem-III-IV.pdf,2074112,Solid Fluid Mechanical Operations,4,1,0,-0.0013,0.0,Low sim=-0.001 - no semantic relation
Ergun’s equation,Storage of solids: Properties of particulate,6.40-N-Chemical-Engineering-Sem-III-IV.pdf,2074112,Solid Fluid Mechanical Operations,5,1,0,0.1034,0.0,Low sim=0.103 - no semantic relation
Ergun’s equation,"Conveying, of solids: Belt conveyer, bucket",6.40-N-Chemical-Engineering-Sem-III-IV.pdf,2074112,Solid Fluid Mechanical Operations,6,1,0,0.1046,0.0,Low sim=0.105 - no semantic relation
Fluidization: conditions for fluidization,Solid fluid,6.40-N-Chemical-Engineering-Sem-III-IV.pdf,2074112,Solid Fluid Mechanical Operations,1,1,1,0.4892,0.0,sim=0.489>=0.45 + delta=1<=5
Fluidization: conditions for fluidization,Sedimentation: Batch sedimentation. Kynch,6.40-N-Chemical-Engineering-Sem-III-IV.pdf,2074112,Solid Fluid Mechanical Operations,2,1,1,0.2386,0.0,Adjacent same-course topics: delta=2 + sim=0.239
Fluidization: conditions for fluidization,Gas solid separation equipment: Cyclone,6.40-N-Chemical-Engineering-Sem-III-IV.pdf,2074112,Solid Fluid Mechanical Operations,3,1,0,0.2382,0.0,"No prereq signal: sim=0.238, delta=3, kw=0.000"
Fluidization: conditions for fluidization,Storage of solids: Properties of particulate,6.40-N-Chemical-Engineering-Sem-III-IV.pdf,2074112,Solid Fluid Mechanical Operations,4,1,0,0.2755,0.0,"No prereq signal: sim=0.275, delta=4, kw=0.000"
Fluidization: conditions for fluidization,"Conveying, of solids: Belt conveyer, bucket",6.40-N-Chemical-Engineering-Sem-III-IV.pdf,2074112,Solid Fluid Mechanical Operations,5,1,0,0.2264,0.0,"No prereq signal: sim=0.226, delta=5, kw=0.000"
Solid fluid,Sedimentation: Batch sedimentation. Kynch,6.40-N-Chemical-Engineering-Sem-III-IV.pdf,2074112,Solid Fluid Mechanical Operations,1,1,0,0.1672,0.0,"No prereq signal: sim=0.167, delta=1, kw=0.000"
Solid fluid,Gas solid separation equipment: Cyclone,6.40-N-Chemical-Engineering-Sem-III-IV.pdf,2074112,Solid Fluid Mechanical Operations,2,1,1,0.3876,0.16666666666666666,Adjacent same-course topics: delta=2 + sim=0.388
Solid fluid,Storage of solids: Properties of particulate,6.40-N-Chemical-Engineering-Sem-III-IV.pdf,2074112,Solid Fluid Mechanical Operations,3,1,0,0.4466,0.0,"No prereq signal: sim=0.447, delta=3, kw=0.000"
Solid fluid,"Conveying, of solids: Belt conveyer, bucket",6.40-N-Chemical-Engineering-Sem-III-IV.pdf,2074112,Solid Fluid Mechanical Operations,4,1,0,0.3577,0.0,"No prereq signal: sim=0.358, delta=4, kw=0.000"
Sedimentation: Batch sedimentation. Kynch,Gas solid separation equipment: Cyclone,6.40-N-Chemical-Engineering-Sem-III-IV.pdf,2074112,Solid Fluid Mechanical Operations,1,1,0,0.1367,0.0,Low sim=0.137 - no semantic relation
Sedimentation: Batch sedimentation. Kynch,Storage of solids: Properties of particulate,6.40-N-Chemical-Engineering-Sem-III-IV.pdf,2074112,Solid Fluid Mechanical Operations,2,1,1,0.266,0.0,Adjacent same-course topics: delta=2 + sim=0.266
Sedimentation: Batch sedimentation. Kynch,"Conveying, of solids: Belt conveyer, bucket",6.40-N-Chemical-Engineering-Sem-III-IV.pdf,2074112,Solid Fluid Mechanical Operations,3,1,0,0.2904,0.0,"No prereq signal: sim=0.290, delta=3, kw=0.000"
Gas solid separation equipment: Cyclone,Storage of solids: Properties of particulate,6.40-N-Chemical-Engineering-Sem-III-IV.pdf,2074112,Solid Fluid Mechanical Operations,1,1,1,0.3463,0.0,Adjacent same-course topics: delta=1 + sim=0.346
Gas solid separation equipment: Cyclone,"Conveying, of solids: Belt conveyer, bucket",6.40-N-Chemical-Engineering-Sem-III-IV.pdf,2074112,Solid Fluid Mechanical Operations,2,1,1,0.2696,0.0,Adjacent same-course topics: delta=2 + sim=0.270
Storage of solids: Properties of particulate,"Conveying, of solids: Belt conveyer, bucket",6.40-N-Chemical-Engineering-Sem-III-IV.pdf,2074112,Solid Fluid Mechanical Operations,1,1,1,0.437,0.2222222222222222,Adjacent same-course topics: delta=1 + sim=0.437
Cayley-Hamilton,Linear Algebra (Theory of Matrices) verification and reduction of higher degree polynomials,6.41N-A-I-AI-DS-Sem-III-IV.pdf,2483111,Mathematics for Computer Engineering,1,1,1,0.318,0.0,Adjacent same-course topics: delta=1 + sim=0.318
Cayley-Hamilton,Similarity of matrices,6.41N-A-I-AI-DS-Sem-III-IV.pdf,2483111,Mathematics for Computer Engineering,2,1,1,0.2718,0.0,Adjacent same-course topics: delta=2 + sim=0.272
Cayley-Hamilton,Quadratic forms,6.41N-A-I-AI-DS-Sem-III-IV.pdf,2483111,Mathematics for Computer Engineering,3,1,0,0.1908,0.0,"No prereq signal: sim=0.191, delta=3, kw=0.000"
Cayley-Hamilton,Linear and Non-Linear Programming Problems,6.41N-A-I-AI-DS-Sem-III-IV.pdf,2483111,Mathematics for Computer Engineering,4,1,0,-0.0703,0.0,Low sim=-0.070 - no semantic relation
Cayley-Hamilton,Types of solutions,6.41N-A-I-AI-DS-Sem-III-IV.pdf,2483111,Mathematics for Computer Engineering,5,1,0,0.0693,0.0,Low sim=0.069 - no semantic relation
Cayley-Hamilton,Standard and Canonical of LPP,6.41N-A-I-AI-DS-Sem-III-IV.pdf,2483111,Mathematics for Computer Engineering,6,1,0,0.1027,0.0,Low sim=0.103 - no semantic relation
Cayley-Hamilton,Basic and Feasible solutions,6.41N-A-I-AI-DS-Sem-III-IV.pdf,2483111,Mathematics for Computer Engineering,7,1,0,0.0012,0.0,Low sim=0.001 - no semantic relation
Cayley-Hamilton,Simplex method,6.41N-A-I-AI-DS-Sem-III-IV.pdf,2483111,Mathematics for Computer Engineering,8,1,0,0.0414,0.0,Low sim=0.041 - no semantic relation
Cayley-Hamilton,Artificial variables,6.41N-A-I-AI-DS-Sem-III-IV.pdf,2483111,Mathematics for Computer Engineering,9,1,0,0.0767,0.0,Low sim=0.077 - no semantic relation
Cayley-Hamilton,Kuhn-Tucker conditions,6.41N-A-I-AI-DS-Sem-III-IV.pdf,2483111,Mathematics for Computer Engineering,10,1,0,0.0109,0.0,Low sim=0.011 - no semantic relation
Cayley-Hamilton,Introduction to Congruence,6.41N-A-I-AI-DS-Sem-III-IV.pdf,2483111,Mathematics for Computer Engineering,11,1,0,0.1471,0.0,Low sim=0.147 - no semantic relation
Cayley-Hamilton,Linear congruence,6.41N-A-I-AI-DS-Sem-III-IV.pdf,2483111,Mathematics for Computer Engineering,12,1,0,0.2145,0.0,delta=12>=12 + sim=0.214<0.45 - far + weakly related
Cayley-Hamilton,Application of congruence-RSA algorithm,6.41N-A-I-AI-DS-Sem-III-IV.pdf,2483111,Mathematics for Computer Engineering,13,1,0,0.0894,0.0,Low sim=0.089 - no semantic relation
Cayley-Hamilton,Dirichlet’s conditions,6.41N-A-I-AI-DS-Sem-III-IV.pdf,2483111,Mathematics for Computer Engineering,14,1,0,-0.0433,0.0,Low sim=-0.043 - no semantic relation
Linear Algebra (Theory of Matrices) verification and reduction of higher degree polynomials,Similarity of matrices,6.41N-A-I-AI-DS-Sem-III-IV.pdf,2483111,Mathematics for Computer Engineering,1,1,1,0.378,0.16666666666666666,Foundational kw in A + sim=0.378 + delta=1
Linear Algebra (Theory of Matrices) verification and reduction of higher degree polynomials,Quadratic forms,6.41N-A-I-AI-DS-Sem-III-IV.pdf,2483111,Mathematics for Computer Engineering,2,1,1,0.3275,0.0,Foundational kw in A + sim=0.327 + delta=2
Linear Algebra (Theory of Matrices) verification and reduction of higher degree polynomials,Linear and Non-Linear Programming Problems,6.41N-A-I-AI-DS-Sem-III-IV.pdf,2483111,Mathematics for Computer Engineering,3,1,0,0.2021,0.14285714285714285,"No prereq signal: sim=0.202, delta=3, kw=0.143"
Linear Algebra (Theory of Matrices) verification and reduction of higher degree polynomials,Types of solutions,6.41N-A-I-AI-DS-Sem-III-IV.pdf,2483111,Mathematics for Computer Engineering,4,1,0,0.0988,0.07692307692307693,Low sim=0.099 - no semantic relation
Linear Algebra (Theory of Matrices) verification and reduction of higher degree polynomials,Standard and Canonical of LPP,6.41N-A-I-AI-DS-Sem-III-IV.pdf,2483111,Mathematics for Computer Engineering,5,1,0,0.1691,0.14285714285714285,"No prereq signal: sim=0.169, delta=5, kw=0.143"
Linear Algebra (Theory of Matrices) verification and reduction of higher degree polynomials,Basic and Feasible solutions,6.41N-A-I-AI-DS-Sem-III-IV.pdf,2483111,Mathematics for Computer Engineering,6,1,0,0.1148,0.07142857142857142,Low sim=0.115 - no semantic relation
Linear Algebra (Theory of Matrices) verification and reduction of higher degree polynomials,Simplex method,6.41N-A-I-AI-DS-Sem-III-IV.pdf,2483111,Mathematics for Computer Engineering,7,1,0,0.1524,0.0,"No prereq signal: sim=0.152, delta=7, kw=0.000"
Linear Algebra (Theory of Matrices) verification and reduction of higher degree polynomials,Artificial variables,6.41N-A-I-AI-DS-Sem-III-IV.pdf,2483111,Mathematics for Computer Engineering,8,1,0,0.0919,0.0,Low sim=0.092 - no semantic relation
Linear Algebra (Theory of Matrices) verification and reduction of higher degree polynomials,Kuhn-Tucker conditions,6.41N-A-I-AI-DS-Sem-III-IV.pdf,2483111,Mathematics for Computer Engineering,9,1,0,0.0756,0.0,Low sim=0.076 - no semantic relation
Linear Algebra (Theory of Matrices) verification and reduction of higher degree polynomials,Introduction to Congruence,6.41N-A-I-AI-DS-Sem-III-IV.pdf,2483111,Mathematics for Computer Engineering,10,1,0,0.0743,0.0,Low sim=0.074 - no semantic relation
Linear Algebra (Theory of Matrices) verification and reduction of higher degree polynomials,Linear congruence,6.41N-A-I-AI-DS-Sem-III-IV.pdf,2483111,Mathematics for Computer Engineering,11,1,0,0.2843,0.08333333333333333,"No prereq signal: sim=0.284, delta=11, kw=0.083"
Linear Algebra (Theory of Matrices) verification and reduction of higher degree polynomials,Application of congruence-RSA algorithm,6.41N-A-I-AI-DS-Sem-III-IV.pdf,2483111,Mathematics for Computer Engineering,12,1,0,0.1457,0.06666666666666667,Low sim=0.146 - no semantic relation
Linear Algebra (Theory of Matrices) verification and reduction of higher degree polynomials,Dirichlet’s conditions,6.41N-A-I-AI-DS-Sem-III-IV.pdf,2483111,Mathematics for Computer Engineering,13,1,0,-0.0551,0.0,Low sim=-0.055 - no semantic relation
Linear Algebra (Theory of Matrices) verification and reduction of higher degree polynomials,Fourier series of periodic,6.41N-A-I-AI-DS-Sem-III-IV.pdf,2483111,Mathematics for Computer Engineering,14,1,0,0.0501,0.07142857142857142,Low sim=0.050 - no semantic relation
Similarity of matrices,Quadratic forms,6.41N-A-I-AI-DS-Sem-III-IV.pdf,2483111,Mathematics for Computer Engineering,1,1,0,0.1835,0.0,"No prereq signal: sim=0.184, delta=1, kw=0.000"
Similarity of matrices,Linear and Non-Linear Programming Problems,6.41N-A-I-AI-DS-Sem-III-IV.pdf,2483111,Mathematics for Computer Engineering,2,1,0,0.0555,0.0,Low sim=0.056 - no semantic relation
Similarity of matrices,Types of solutions,6.41N-A-I-AI-DS-Sem-III-IV.pdf,2483111,Mathematics for Computer Engineering,3,1,0,0.0718,0.2,Low sim=0.072 - no semantic relation
Similarity of matrices,Standard and Canonical of LPP,6.41N-A-I-AI-DS-Sem-III-IV.pdf,2483111,Mathematics for Computer Engineering,4,1,0,0.0275,0.14285714285714285,Low sim=0.027 - no semantic relation
Similarity of matrices,Basic and Feasible solutions,6.41N-A-I-AI-DS-Sem-III-IV.pdf,2483111,Mathematics for Computer Engineering,5,1,0,0.057,0.0,Low sim=0.057 - no semantic relation
Similarity of matrices,Simplex method,6.41N-A-I-AI-DS-Sem-III-IV.pdf,2483111,Mathematics for Computer Engineering,6,1,0,0.0153,0.0,Low sim=0.015 - no semantic relation
Similarity of matrices,Artificial variables,6.41N-A-I-AI-DS-Sem-III-IV.pdf,2483111,Mathematics for Computer Engineering,7,1,0,-0.0045,0.0,Low sim=-0.004 - no semantic relation
Similarity of matrices,Kuhn-Tucker conditions,6.41N-A-I-AI-DS-Sem-III-IV.pdf,2483111,Mathematics for Computer Engineering,8,1,0,0.0595,0.0,Low sim=0.060 - no semantic relation
Similarity of matrices,Introduction to Congruence,6.41N-A-I-AI-DS-Sem-III-IV.pdf,2483111,Mathematics for Computer Engineering,9,1,0,0.0499,0.0,Low sim=0.050 - no semantic relation
Similarity of matrices,Linear congruence,6.41N-A-I-AI-DS-Sem-III-IV.pdf,2483111,Mathematics for Computer Engineering,10,1,0,0.1671,0.0,"No prereq signal: sim=0.167, delta=10, kw=0.000"
Similarity of matrices,Application of congruence-RSA algorithm,6.41N-A-I-AI-DS-Sem-III-IV.pdf,2483111,Mathematics for Computer Engineering,11,1,0,0.0755,0.14285714285714285,Low sim=0.075 - no semantic relation
Similarity of matrices,Dirichlet’s conditions,6.41N-A-I-AI-DS-Sem-III-IV.pdf,2483111,Mathematics for Computer Engineering,12,1,0,-0.0128,0.0,Low sim=-0.013 - no semantic relation
Similarity of matrices,Fourier series of periodic,6.41N-A-I-AI-DS-Sem-III-IV.pdf,2483111,Mathematics for Computer Engineering,13,1,0,0.0009,0.16666666666666666,Low sim=0.001 - no semantic relation
Similarity of matrices,Fourier series of even and odd functions,6.41N-A-I-AI-DS-Sem-III-IV.pdf,2483111,Mathematics for Computer Engineering,14,1,0,-0.0637,0.1111111111111111,Low sim=-0.064 - no semantic relation
Quadratic forms,Linear and Non-Linear Programming Problems,6.41N-A-I-AI-DS-Sem-III-IV.pdf,2483111,Mathematics for Computer Engineering,1,1,0,0.161,0.0,"No prereq signal: sim=0.161, delta=1, kw=0.000"
Quadratic forms,Types of solutions,6.41N-A-I-AI-DS-Sem-III-IV.pdf,2483111,Mathematics for Computer Engineering,2,1,1,0.2615,0.0,Adjacent same-course topics: delta=2 + sim=0.262
Quadratic forms,Standard and Canonical of LPP,6.41N-A-I-AI-DS-Sem-III-IV.pdf,2483111,Mathematics for Computer Engineering,3,1,0,0.1094,0.0,Low sim=0.109 - no semantic relation
Quadratic forms,Basic and Feasible solutions,6.41N-A-I-AI-DS-Sem-III-IV.pdf,2483111,Mathematics for Computer Engineering,4,1,0,0.226,0.0,"No prereq signal: sim=0.226, delta=4, kw=0.000"
Quadratic forms,Simplex method,6.41N-A-I-AI-DS-Sem-III-IV.pdf,2483111,Mathematics for Computer Engineering,5,1,0,0.1793,0.0,"No prereq signal: sim=0.179, delta=5, kw=0.000"
Quadratic forms,Artificial variables,6.41N-A-I-AI-DS-Sem-III-IV.pdf,2483111,Mathematics for Computer Engineering,6,1,0,0.1713,0.0,"No prereq signal: sim=0.171, delta=6, kw=0.000"
Quadratic forms,Kuhn-Tucker conditions,6.41N-A-I-AI-DS-Sem-III-IV.pdf,2483111,Mathematics for Computer Engineering,7,1,0,0.2002,0.0,"No prereq signal: sim=0.200, delta=7, kw=0.000"
Quadratic forms,Introduction to Congruence,6.41N-A-I-AI-DS-Sem-III-IV.pdf,2483111,Mathematics for Computer Engineering,8,1,0,0.2168,0.0,"No prereq signal: sim=0.217, delta=8, kw=0.000"
Quadratic forms,Linear congruence,6.41N-A-I-AI-DS-Sem-III-IV.pdf,2483111,Mathematics for Computer Engineering,9,1,0,0.2821,0.0,"No prereq signal: sim=0.282, delta=9, kw=0.000"
Quadratic forms,Application of congruence-RSA algorithm,6.41N-A-I-AI-DS-Sem-III-IV.pdf,2483111,Mathematics for Computer Engineering,10,1,0,0.1161,0.0,Low sim=0.116 - no semantic relation
Quadratic forms,Dirichlet’s conditions,6.41N-A-I-AI-DS-Sem-III-IV.pdf,2483111,Mathematics for Computer Engineering,11,1,0,0.1331,0.0,Low sim=0.133 - no semantic relation
Quadratic forms,Fourier series of periodic,6.41N-A-I-AI-DS-Sem-III-IV.pdf,2483111,Mathematics for Computer Engineering,12,1,0,0.0328,0.0,Low sim=0.033 - no semantic relation
Quadratic forms,Fourier series of even and odd functions,6.41N-A-I-AI-DS-Sem-III-IV.pdf,2483111,Mathematics for Computer Engineering,13,1,0,0.0468,0.0,Low sim=0.047 - no semantic relation
Quadratic forms,Complex form of Fourier Series,6.41N-A-I-AI-DS-Sem-III-IV.pdf,2483111,Mathematics for Computer Engineering,14,1,0,0.1998,0.0,delta=14>=12 + sim=0.200<0.45 - far + weakly related
Linear and Non-Linear Programming Problems,Types of solutions,6.41N-A-I-AI-DS-Sem-III-IV.pdf,2483111,Mathematics for Computer Engineering,1,1,1,0.2528,0.0,Adjacent same-course topics: delta=1 + sim=0.253
Linear and Non-Linear Programming Problems,Standard and Canonical of LPP,6.41N-A-I-AI-DS-Sem-III-IV.pdf,2483111,Mathematics for Computer Engineering,2,1,1,0.2497,0.1111111111111111,Adjacent same-course topics: delta=2 + sim=0.250
Linear and Non-Linear Programming Problems,Basic and Feasible solutions,6.41N-A-I-AI-DS-Sem-III-IV.pdf,2483111,Mathematics for Computer Engineering,3,1,1,0.575,0.125,sim=0.575>=0.45 + delta=3<=5
Linear and Non-Linear Programming Problems,Simplex method,6.41N-A-I-AI-DS-Sem-III-IV.pdf,2483111,Mathematics for Computer Engineering,4,1,0,0.2234,0.0,"No prereq signal: sim=0.223, delta=4, kw=0.000"
Linear and Non-Linear Programming Problems,Artificial variables,6.41N-A-I-AI-DS-Sem-III-IV.pdf,2483111,Mathematics for Computer Engineering,5,1,0,0.3948,0.0,"No prereq signal: sim=0.395, delta=5, kw=0.000"
Linear and Non-Linear Programming Problems,Kuhn-Tucker conditions,6.41N-A-I-AI-DS-Sem-III-IV.pdf,2483111,Mathematics for Computer Engineering,6,1,0,0.2473,0.0,"No prereq signal: sim=0.247, delta=6, kw=0.000"
Linear and Non-Linear Programming Problems,Introduction to Congruence,6.41N-A-I-AI-DS-Sem-III-IV.pdf,2483111,Mathematics for Computer Engineering,7,1,0,-0.0405,0.0,Low sim=-0.041 - no semantic relation
Linear and Non-Linear Programming Problems,Linear congruence,6.41N-A-I-AI-DS-Sem-III-IV.pdf,2483111,Mathematics for Computer Engineering,8,1,0,0.1338,0.16666666666666666,Low sim=0.134 - no semantic relation
Linear and Non-Linear Programming Problems,Application of congruence-RSA algorithm,6.41N-A-I-AI-DS-Sem-III-IV.pdf,2483111,Mathematics for Computer Engineering,9,1,0,0.0412,0.0,Low sim=0.041 - no semantic relation
Linear and Non-Linear Programming Problems,Dirichlet’s conditions,6.41N-A-I-AI-DS-Sem-III-IV.pdf,2483111,Mathematics for Computer Engineering,10,1,0,0.0428,0.0,Low sim=0.043 - no semantic relation
Linear and Non-Linear Programming Problems,Fourier series of periodic,6.41N-A-I-AI-DS-Sem-III-IV.pdf,2483111,Mathematics for Computer Engineering,11,1,0,-0.127,0.0,Low sim=-0.127 - no semantic relation
Linear and Non-Linear Programming Problems,Fourier series of even and odd functions,6.41N-A-I-AI-DS-Sem-III-IV.pdf,2483111,Mathematics for Computer Engineering,12,1,0,-0.0229,0.09090909090909091,Low sim=-0.023 - no semantic relation
Linear and Non-Linear Programming Problems,Complex form of Fourier Series,6.41N-A-I-AI-DS-Sem-III-IV.pdf,2483111,Mathematics for Computer Engineering,13,1,0,-0.13,0.0,Low sim=-0.130 - no semantic relation
Linear and Non-Linear Programming Problems,Lines of regression,6.41N-A-I-AI-DS-Sem-III-IV.pdf,2483111,Mathematics for Computer Engineering,14,1,0,0.2796,0.0,delta=14>=12 + sim=0.280<0.45 - far + weakly related
Types of solutions,Standard and Canonical of LPP,6.41N-A-I-AI-DS-Sem-III-IV.pdf,2483111,Mathematics for Computer Engineering,1,1,0,0.1217,0.14285714285714285,Low sim=0.122 - no semantic relation
Types of solutions,Basic and Feasible solutions,6.41N-A-I-AI-DS-Sem-III-IV.pdf,2483111,Mathematics for Computer Engineering,2,1,1,0.479,0.16666666666666666,sim=0.479>=0.45 + delta=2<=5
Types of solutions,Simplex method,6.41N-A-I-AI-DS-Sem-III-IV.pdf,2483111,Mathematics for Computer Engineering,3,1,0,0.1297,0.0,Low sim=0.130 - no semantic relation
Types of solutions,Artificial variables,6.41N-A-I-AI-DS-Sem-III-IV.pdf,2483111,Mathematics for Computer Engineering,4,1,1,0.2761,0.0,Foundational kw in A + sim=0.276 + delta=4
Types of solutions,Kuhn-Tucker conditions,6.41N-A-I-AI-DS-Sem-III-IV.pdf,2483111,Mathematics for Computer Engineering,5,1,0,0.1889,0.0,"No prereq signal: sim=0.189, delta=5, kw=0.000"
Types of solutions,Introduction to Congruence,6.41N-A-I-AI-DS-Sem-III-IV.pdf,2483111,Mathematics for Computer Engineering,6,1,0,0.0776,0.0,Low sim=0.078 - no semantic relation
Types of solutions,Linear congruence,6.41N-A-I-AI-DS-Sem-III-IV.pdf,2483111,Mathematics for Computer Engineering,7,1,0,0.1037,0.0,Low sim=0.104 - no semantic relation
Types of solutions,Application of congruence-RSA algorithm,6.41N-A-I-AI-DS-Sem-III-IV.pdf,2483111,Mathematics for Computer Engineering,8,1,0,0.0485,0.14285714285714285,Low sim=0.049 - no semantic relation
Types of solutions,Dirichlet’s conditions,6.41N-A-I-AI-DS-Sem-III-IV.pdf,2483111,Mathematics for Computer Engineering,9,1,0,0.1982,0.0,"No prereq signal: sim=0.198, delta=9, kw=0.000"
Types of solutions,Fourier series of periodic,6.41N-A-I-AI-DS-Sem-III-IV.pdf,2483111,Mathematics for Computer Engineering,10,1,0,0.0109,0.16666666666666666,Low sim=0.011 - no semantic relation
Types of solutions,Fourier series of even and odd functions,6.41N-A-I-AI-DS-Sem-III-IV.pdf,2483111,Mathematics for Computer Engineering,11,1,0,0.0343,0.1111111111111111,Low sim=0.034 - no semantic relation
Types of solutions,Complex form of Fourier Series,6.41N-A-I-AI-DS-Sem-III-IV.pdf,2483111,Mathematics for Computer Engineering,12,1,0,0.0521,0.14285714285714285,Low sim=0.052 - no semantic relation
Types of solutions,Lines of regression,6.41N-A-I-AI-DS-Sem-III-IV.pdf,2483111,Mathematics for Computer Engineering,13,1,0,0.1037,0.2,Low sim=0.104 - no semantic relation
Types of solutions,Moment generating function,6.41N-A-I-AI-DS-Sem-III-IV.pdf,2483111,Mathematics for Computer Engineering,14,1,0,0.0109,0.0,Low sim=0.011 - no semantic relation
Standard and Canonical of LPP,Basic and Feasible solutions,6.41N-A-I-AI-DS-Sem-III-IV.pdf,2483111,Mathematics for Computer Engineering,1,1,1,0.224,0.125,Adjacent same-course topics: delta=1 + sim=0.224
Standard and Canonical of LPP,Simplex method,6.41N-A-I-AI-DS-Sem-III-IV.pdf,2483111,Mathematics for Computer Engineering,2,1,0,0.1656,0.0,"No prereq signal: sim=0.166, delta=2, kw=0.000"
Standard and Canonical of LPP,Artificial variables,6.41N-A-I-AI-DS-Sem-III-IV.pdf,2483111,Mathematics for Computer Engineering,3,1,0,0.1601,0.0,"No prereq signal: sim=0.160, delta=3, kw=0.000"
Standard and Canonical of LPP,Kuhn-Tucker conditions,6.41N-A-I-AI-DS-Sem-III-IV.pdf,2483111,Mathematics for Computer Engineering,4,1,0,0.0818,0.0,Low sim=0.082 - no semantic relation
Standard and Canonical of LPP,Introduction to Congruence,6.41N-A-I-AI-DS-Sem-III-IV.pdf,2483111,Mathematics for Computer Engineering,5,1,0,0.0827,0.0,Low sim=0.083 - no semantic relation
Standard and Canonical of LPP,Linear congruence,6.41N-A-I-AI-DS-Sem-III-IV.pdf,2483111,Mathematics for Computer Engineering,6,1,0,0.1686,0.0,"No prereq signal: sim=0.169, delta=6, kw=0.000"
Standard and Canonical of LPP,Application of congruence-RSA algorithm,6.41N-A-I-AI-DS-Sem-III-IV.pdf,2483111,Mathematics for Computer Engineering,7,1,0,0.0824,0.1111111111111111,Low sim=0.082 - no semantic relation
Standard and Canonical of LPP,Dirichlet’s conditions,6.41N-A-I-AI-DS-Sem-III-IV.pdf,2483111,Mathematics for Computer Engineering,8,1,0,0.0865,0.0,Low sim=0.086 - no semantic relation
Standard and Canonical of LPP,Fourier series of periodic,6.41N-A-I-AI-DS-Sem-III-IV.pdf,2483111,Mathematics for Computer Engineering,9,1,0,-0.0222,0.125,Low sim=-0.022 - no semantic relation
Standard and Canonical of LPP,Fourier series of even and odd functions,6.41N-A-I-AI-DS-Sem-III-IV.pdf,2483111,Mathematics for Computer Engineering,10,1,0,0.0379,0.2,Low sim=0.038 - no semantic relation
Standard and Canonical of LPP,Complex form of Fourier Series,6.41N-A-I-AI-DS-Sem-III-IV.pdf,2483111,Mathematics for Computer Engineering,11,1,0,0.0169,0.1111111111111111,Low sim=0.017 - no semantic relation
Standard and Canonical of LPP,Lines of regression,6.41N-A-I-AI-DS-Sem-III-IV.pdf,2483111,Mathematics for Computer Engineering,12,1,0,0.1162,0.14285714285714285,Low sim=0.116 - no semantic relation
Standard and Canonical of LPP,Moment generating function,6.41N-A-I-AI-DS-Sem-III-IV.pdf,2483111,Mathematics for Computer Engineering,13,1,0,0.0601,0.0,Low sim=0.060 - no semantic relation
Standard and Canonical of LPP,Raw moments,6.41N-A-I-AI-DS-Sem-III-IV.pdf,2483111,Mathematics for Computer Engineering,14,1,0,0.0491,0.0,Low sim=0.049 - no semantic relation
Basic and Feasible solutions,Simplex method,6.41N-A-I-AI-DS-Sem-III-IV.pdf,2483111,Mathematics for Computer Engineering,1,1,1,0.33,0.0,Foundational kw in A + sim=0.330 + delta=1
Basic and Feasible solutions,Artificial variables,6.41N-A-I-AI-DS-Sem-III-IV.pdf,2483111,Mathematics for Computer Engineering,2,1,1,0.4269,0.0,Foundational kw in A + sim=0.427 + delta=2
Basic and Feasible solutions,Kuhn-Tucker conditions,6.41N-A-I-AI-DS-Sem-III-IV.pdf,2483111,Mathematics for Computer Engineering,3,1,1,0.2568,0.0,Foundational kw in A + sim=0.257 + delta=3
Basic and Feasible solutions,Introduction to Congruence,6.41N-A-I-AI-DS-Sem-III-IV.pdf,2483111,Mathematics for Computer Engineering,4,1,0,0.1335,0.0,Low sim=0.133 - no semantic relation
Basic and Feasible solutions,Linear congruence,6.41N-A-I-AI-DS-Sem-III-IV.pdf,2483111,Mathematics for Computer Engineering,5,1,0,0.1608,0.0,"No prereq signal: sim=0.161, delta=5, kw=0.000"
Basic and Feasible solutions,Application of congruence-RSA algorithm,6.41N-A-I-AI-DS-Sem-III-IV.pdf,2483111,Mathematics for Computer Engineering,6,1,0,0.1536,0.0,"No prereq signal: sim=0.154, delta=6, kw=0.000"
Basic and Feasible solutions,Dirichlet’s conditions,6.41N-A-I-AI-DS-Sem-III-IV.pdf,2483111,Mathematics for Computer Engineering,7,1,0,0.143,0.0,Low sim=0.143 - no semantic relation
Basic and Feasible solutions,Fourier series of periodic,6.41N-A-I-AI-DS-Sem-III-IV.pdf,2483111,Mathematics for Computer Engineering,8,1,0,-0.0731,0.0,Low sim=-0.073 - no semantic relation
Basic and Feasible solutions,Fourier series of even and odd functions,6.41N-A-I-AI-DS-Sem-III-IV.pdf,2483111,Mathematics for Computer Engineering,9,1,0,-0.0582,0.1,Low sim=-0.058 - no semantic relation
Basic and Feasible solutions,Complex form of Fourier Series,6.41N-A-I-AI-DS-Sem-III-IV.pdf,2483111,Mathematics for Computer Engineering,10,1,0,-0.0442,0.0,Low sim=-0.044 - no semantic relation
Basic and Feasible solutions,Lines of regression,6.41N-A-I-AI-DS-Sem-III-IV.pdf,2483111,Mathematics for Computer Engineering,11,1,0,0.1566,0.0,"No prereq signal: sim=0.157, delta=11, kw=0.000"
Basic and Feasible solutions,Moment generating function,6.41N-A-I-AI-DS-Sem-III-IV.pdf,2483111,Mathematics for Computer Engineering,12,1,0,0.0337,0.0,Low sim=0.034 - no semantic relation
Basic and Feasible solutions,Raw moments,6.41N-A-I-AI-DS-Sem-III-IV.pdf,2483111,Mathematics for Computer Engineering,13,1,0,0.0636,0.0,Low sim=0.064 - no semantic relation
Simplex method,Artificial variables,6.41N-A-I-AI-DS-Sem-III-IV.pdf,2483111,Mathematics for Computer Engineering,1,1,1,0.267,0.0,Adjacent same-course topics: delta=1 + sim=0.267
Simplex method,Kuhn-Tucker conditions,6.41N-A-I-AI-DS-Sem-III-IV.pdf,2483111,Mathematics for Computer Engineering,2,1,0,0.0561,0.0,Low sim=0.056 - no semantic relation
Simplex method,Introduction to Congruence,6.41N-A-I-AI-DS-Sem-III-IV.pdf,2483111,Mathematics for Computer Engineering,3,1,0,0.0279,0.0,Low sim=0.028 - no semantic relation
Simplex method,Linear congruence,6.41N-A-I-AI-DS-Sem-III-IV.pdf,2483111,Mathematics for Computer Engineering,4,1,0,0.1412,0.0,Low sim=0.141 - no semantic relation
Simplex method,Application of congruence-RSA algorithm,6.41N-A-I-AI-DS-Sem-III-IV.pdf,2483111,Mathematics for Computer Engineering,5,1,0,0.155,0.0,"No prereq signal: sim=0.155, delta=5, kw=0.000"
Simplex method,Dirichlet’s conditions,6.41N-A-I-AI-DS-Sem-III-IV.pdf,2483111,Mathematics for Computer Engineering,6,1,0,-0.0792,0.0,Low sim=-0.079 - no semantic relation
Simplex method,Fourier series of periodic,6.41N-A-I-AI-DS-Sem-III-IV.pdf,2483111,Mathematics for Computer Engineering,7,1,0,0.0877,0.0,Low sim=0.088 - no semantic relation
Simplex method,Fourier series of even and odd functions,6.41N-A-I-AI-DS-Sem-III-IV.pdf,2483111,Mathematics for Computer Engineering,8,1,0,0.1592,0.0,"No prereq signal: sim=0.159, delta=8, kw=0.000"
Simplex method,Complex form of Fourier Series,6.41N-A-I-AI-DS-Sem-III-IV.pdf,2483111,Mathematics for Computer Engineering,9,1,0,0.0717,0.0,Low sim=0.072 - no semantic relation
Simplex method,Lines of regression,6.41N-A-I-AI-DS-Sem-III-IV.pdf,2483111,Mathematics for Computer Engineering,10,1,0,0.1042,0.0,Low sim=0.104 - no semantic relation
Simplex method,Moment generating function,6.41N-A-I-AI-DS-Sem-III-IV.pdf,2483111,Mathematics for Computer Engineering,11,1,0,0.096,0.0,Low sim=0.096 - no semantic relation
Simplex method,Raw moments,6.41N-A-I-AI-DS-Sem-III-IV.pdf,2483111,Mathematics for Computer Engineering,12,1,0,0.0617,0.0,Low sim=0.062 - no semantic relation
Artificial variables,Kuhn-Tucker conditions,6.41N-A-I-AI-DS-Sem-III-IV.pdf,2483111,Mathematics for Computer Engineering,1,1,1,0.208,0.0,Adjacent same-course topics: delta=1 + sim=0.208
Artificial variables,Introduction to Congruence,6.41N-A-I-AI-DS-Sem-III-IV.pdf,2483111,Mathematics for Computer Engineering,2,1,0,0.0703,0.0,Low sim=0.070 - no semantic relation
Artificial variables,Linear congruence,6.41N-A-I-AI-DS-Sem-III-IV.pdf,2483111,Mathematics for Computer Engineering,3,1,0,0.0242,0.0,Low sim=0.024 - no semantic relation
Artificial variables,Application of congruence-RSA algorithm,6.41N-A-I-AI-DS-Sem-III-IV.pdf,2483111,Mathematics for Computer Engineering,4,1,0,0.1005,0.0,Low sim=0.101 - no semantic relation
Artificial variables,Dirichlet’s conditions,6.41N-A-I-AI-DS-Sem-III-IV.pdf,2483111,Mathematics for Computer Engineering,5,1,0,0.0852,0.0,Low sim=0.085 - no semantic relation
Artificial variables,Fourier series of periodic,6.41N-A-I-AI-DS-Sem-III-IV.pdf,2483111,Mathematics for Computer Engineering,6,1,0,-0.0556,0.0,Low sim=-0.056 - no semantic relation
Artificial variables,Fourier series of even and odd functions,6.41N-A-I-AI-DS-Sem-III-IV.pdf,2483111,Mathematics for Computer Engineering,7,1,0,-0.0434,0.0,Low sim=-0.043 - no semantic relation
Artificial variables,Complex form of Fourier Series,6.41N-A-I-AI-DS-Sem-III-IV.pdf,2483111,Mathematics for Computer Engineering,8,1,0,0.0469,0.0,Low sim=0.047 - no semantic relation
Artificial variables,Lines of regression,6.41N-A-I-AI-DS-Sem-III-IV.pdf,2483111,Mathematics for Computer Engineering,9,1,0,0.3424,0.0,"No prereq signal: sim=0.342, delta=9, kw=0.000"
Artificial variables,Moment generating function,6.41N-A-I-AI-DS-Sem-III-IV.pdf,2483111,Mathematics for Computer Engineering,10,1,0,0.1467,0.0,Low sim=0.147 - no semantic relation
Artificial variables,Raw moments,6.41N-A-I-AI-DS-Sem-III-IV.pdf,2483111,Mathematics for Computer Engineering,11,1,0,0.121,0.0,Low sim=0.121 - no semantic relation
Kuhn-Tucker conditions,Introduction to Congruence,6.41N-A-I-AI-DS-Sem-III-IV.pdf,2483111,Mathematics for Computer Engineering,1,1,0,0.0039,0.0,Low sim=0.004 - no semantic relation
Kuhn-Tucker conditions,Linear congruence,6.41N-A-I-AI-DS-Sem-III-IV.pdf,2483111,Mathematics for Computer Engineering,2,1,0,-0.0388,0.0,Low sim=-0.039 - no semantic relation
Kuhn-Tucker conditions,Application of congruence-RSA algorithm,6.41N-A-I-AI-DS-Sem-III-IV.pdf,2483111,Mathematics for Computer Engineering,3,1,0,-0.0484,0.0,Low sim=-0.048 - no semantic relation
Kuhn-Tucker conditions,Dirichlet’s conditions,6.41N-A-I-AI-DS-Sem-III-IV.pdf,2483111,Mathematics for Computer Engineering,4,1,0,0.4166,0.2,"No prereq signal: sim=0.417, delta=4, kw=0.200"
Kuhn-Tucker conditions,Fourier series of periodic,6.41N-A-I-AI-DS-Sem-III-IV.pdf,2483111,Mathematics for Computer Engineering,5,1,0,-0.0291,0.0,Low sim=-0.029 - no semantic relation
Kuhn-Tucker conditions,Fourier series of even and odd functions,6.41N-A-I-AI-DS-Sem-III-IV.pdf,2483111,Mathematics for Computer Engineering,6,1,0,0.0022,0.0,Low sim=0.002 - no semantic relation
Kuhn-Tucker conditions,Complex form of Fourier Series,6.41N-A-I-AI-DS-Sem-III-IV.pdf,2483111,Mathematics for Computer Engineering,7,1,0,0.057,0.0,Low sim=0.057 - no semantic relation
Kuhn-Tucker conditions,Lines of regression,6.41N-A-I-AI-DS-Sem-III-IV.pdf,2483111,Mathematics for Computer Engineering,8,1,0,0.0916,0.0,Low sim=0.092 - no semantic relation
Kuhn-Tucker conditions,Moment generating function,6.41N-A-I-AI-DS-Sem-III-IV.pdf,2483111,Mathematics for Computer Engineering,9,1,0,0.0264,0.0,Low sim=0.026 - no semantic relation
Kuhn-Tucker conditions,Raw moments,6.41N-A-I-AI-DS-Sem-III-IV.pdf,2483111,Mathematics for Computer Engineering,10,1,0,0.1,0.0,Low sim=0.100 - no semantic relation
Introduction to Congruence,Linear congruence,6.41N-A-I-AI-DS-Sem-III-IV.pdf,2483111,Mathematics for Computer Engineering,1,1,1,0.6781,0.25,High sim=0.678 + delta=1
Introduction to Congruence,Application of congruence-RSA algorithm,6.41N-A-I-AI-DS-Sem-III-IV.pdf,2483111,Mathematics for Computer Engineering,2,1,1,0.6881,0.14285714285714285,High sim=0.688 + delta=2
Introduction to Congruence,Dirichlet’s conditions,6.41N-A-I-AI-DS-Sem-III-IV.pdf,2483111,Mathematics for Computer Engineering,3,1,0,0.1547,0.0,"No prereq signal: sim=0.155, delta=3, kw=0.000"
Introduction to Congruence,Fourier series of periodic,6.41N-A-I-AI-DS-Sem-III-IV.pdf,2483111,Mathematics for Computer Engineering,4,1,0,0.1555,0.0,"No prereq signal: sim=0.155, delta=4, kw=0.000"
Introduction to Congruence,Fourier series of even and odd functions,6.41N-A-I-AI-DS-Sem-III-IV.pdf,2483111,Mathematics for Computer Engineering,5,1,0,0.0929,0.0,Low sim=0.093 - no semantic relation
Introduction to Congruence,Complex form of Fourier Series,6.41N-A-I-AI-DS-Sem-III-IV.pdf,2483111,Mathematics for Computer Engineering,6,1,0,0.0916,0.0,Low sim=0.092 - no semantic relation
Introduction to Congruence,Lines of regression,6.41N-A-I-AI-DS-Sem-III-IV.pdf,2483111,Mathematics for Computer Engineering,7,1,0,0.0511,0.0,Low sim=0.051 - no semantic relation
Introduction to Congruence,Moment generating function,6.41N-A-I-AI-DS-Sem-III-IV.pdf,2483111,Mathematics for Computer Engineering,8,1,0,0.0546,0.0,Low sim=0.055 - no semantic relation
Introduction to Congruence,Raw moments,6.41N-A-I-AI-DS-Sem-III-IV.pdf,2483111,Mathematics for Computer Engineering,9,1,0,0.0832,0.0,Low sim=0.083 - no semantic relation
Linear congruence,Application of congruence-RSA algorithm,6.41N-A-I-AI-DS-Sem-III-IV.pdf,2483111,Mathematics for Computer Engineering,1,1,1,0.5786,0.16666666666666666,sim=0.579>=0.45 + delta=1<=5
Linear congruence,Dirichlet’s conditions,6.41N-A-I-AI-DS-Sem-III-IV.pdf,2483111,Mathematics for Computer Engineering,2,1,0,0.027,0.0,Low sim=0.027 - no semantic relation
Linear congruence,Fourier series of periodic,6.41N-A-I-AI-DS-Sem-III-IV.pdf,2483111,Mathematics for Computer Engineering,3,1,0,0.1968,0.0,"No prereq signal: sim=0.197, delta=3, kw=0.000"
Linear congruence,Fourier series of even and odd functions,6.41N-A-I-AI-DS-Sem-III-IV.pdf,2483111,Mathematics for Computer Engineering,4,1,0,0.0794,0.0,Low sim=0.079 - no semantic relation
Linear congruence,Complex form of Fourier Series,6.41N-A-I-AI-DS-Sem-III-IV.pdf,2483111,Mathematics for Computer Engineering,5,1,0,0.0738,0.0,Low sim=0.074 - no semantic relation
Linear congruence,Lines of regression,6.41N-A-I-AI-DS-Sem-III-IV.pdf,2483111,Mathematics for Computer Engineering,6,1,0,0.129,0.0,Low sim=0.129 - no semantic relation
Linear congruence,Moment generating function,6.41N-A-I-AI-DS-Sem-III-IV.pdf,2483111,Mathematics for Computer Engineering,7,1,0,0.0302,0.0,Low sim=0.030 - no semantic relation
Linear congruence,Raw moments,6.41N-A-I-AI-DS-Sem-III-IV.pdf,2483111,Mathematics for Computer Engineering,8,1,0,-0.0164,0.0,Low sim=-0.016 - no semantic relation
Application of congruence-RSA algorithm,Dirichlet’s conditions,6.41N-A-I-AI-DS-Sem-III-IV.pdf,2483111,Mathematics for Computer Engineering,1,1,0,0.0264,0.0,Low sim=0.026 - no semantic relation
Application of congruence-RSA algorithm,Fourier series of periodic,6.41N-A-I-AI-DS-Sem-III-IV.pdf,2483111,Mathematics for Computer Engineering,2,1,0,0.1624,0.125,"No prereq signal: sim=0.162, delta=2, kw=0.125"
Application of congruence-RSA algorithm,Fourier series of even and odd functions,6.41N-A-I-AI-DS-Sem-III-IV.pdf,2483111,Mathematics for Computer Engineering,3,1,0,0.0774,0.09090909090909091,Low sim=0.077 - no semantic relation
Application of congruence-RSA algorithm,Complex form of Fourier Series,6.41N-A-I-AI-DS-Sem-III-IV.pdf,2483111,Mathematics for Computer Engineering,4,1,0,0.1121,0.1111111111111111,Low sim=0.112 - no semantic relation
Application of congruence-RSA algorithm,Lines of regression,6.41N-A-I-AI-DS-Sem-III-IV.pdf,2483111,Mathematics for Computer Engineering,5,1,0,0.0278,0.14285714285714285,Low sim=0.028 - no semantic relation
Application of congruence-RSA algorithm,Moment generating function,6.41N-A-I-AI-DS-Sem-III-IV.pdf,2483111,Mathematics for Computer Engineering,6,1,0,0.1798,0.0,"No prereq signal: sim=0.180, delta=6, kw=0.000"
Application of congruence-RSA algorithm,Raw moments,6.41N-A-I-AI-DS-Sem-III-IV.pdf,2483111,Mathematics for Computer Engineering,7,1,0,0.0321,0.0,Low sim=0.032 - no semantic relation
Dirichlet’s conditions,Fourier series of periodic,6.41N-A-I-AI-DS-Sem-III-IV.pdf,2483111,Mathematics for Computer Engineering,1,1,0,0.1715,0.0,"No prereq signal: sim=0.171, delta=1, kw=0.000"
Dirichlet’s conditions,Fourier series of even and odd functions,6.41N-A-I-AI-DS-Sem-III-IV.pdf,2483111,Mathematics for Computer Engineering,2,1,0,0.1507,0.0,"No prereq signal: sim=0.151, delta=2, kw=0.000"
Dirichlet’s conditions,Complex form of Fourier Series,6.41N-A-I-AI-DS-Sem-III-IV.pdf,2483111,Mathematics for Computer Engineering,3,1,0,0.1255,0.0,Low sim=0.125 - no semantic relation
Dirichlet’s conditions,Lines of regression,6.41N-A-I-AI-DS-Sem-III-IV.pdf,2483111,Mathematics for Computer Engineering,4,1,0,0.0011,0.0,Low sim=0.001 - no semantic relation
Dirichlet’s conditions,Moment generating function,6.41N-A-I-AI-DS-Sem-III-IV.pdf,2483111,Mathematics for Computer Engineering,5,1,0,-0.0091,0.0,Low sim=-0.009 - no semantic relation
Dirichlet’s conditions,Raw moments,6.41N-A-I-AI-DS-Sem-III-IV.pdf,2483111,Mathematics for Computer Engineering,6,1,0,0.1015,0.0,Low sim=0.101 - no semantic relation
Fourier series of periodic,Fourier series of even and odd functions,6.41N-A-I-AI-DS-Sem-III-IV.pdf,2483111,Mathematics for Computer Engineering,1,1,1,0.7024,0.375,High sim=0.702 + delta=1
Fourier series of periodic,Complex form of Fourier Series,6.41N-A-I-AI-DS-Sem-III-IV.pdf,2483111,Mathematics for Computer Engineering,2,1,1,0.7343,0.5,High sim=0.734 + delta=2
Fourier series of periodic,Lines of regression,6.41N-A-I-AI-DS-Sem-III-IV.pdf,2483111,Mathematics for Computer Engineering,3,1,0,-0.0031,0.16666666666666666,Low sim=-0.003 - no semantic relation
Fourier series of periodic,Moment generating function,6.41N-A-I-AI-DS-Sem-III-IV.pdf,2483111,Mathematics for Computer Engineering,4,1,0,0.1743,0.0,"No prereq signal: sim=0.174, delta=4, kw=0.000"
Fourier series of periodic,Raw moments,6.41N-A-I-AI-DS-Sem-III-IV.pdf,2483111,Mathematics for Computer Engineering,5,1,0,-0.0189,0.0,Low sim=-0.019 - no semantic relation
Fourier series of even and odd functions,Complex form of Fourier Series,6.41N-A-I-AI-DS-Sem-III-IV.pdf,2483111,Mathematics for Computer Engineering,1,1,1,0.6314,0.3333333333333333,High sim=0.631 + delta=1
Fourier series of even and odd functions,Lines of regression,6.41N-A-I-AI-DS-Sem-III-IV.pdf,2483111,Mathematics for Computer Engineering,2,1,0,-0.005,0.1111111111111111,Low sim=-0.005 - no semantic relation
Fourier series of even and odd functions,Moment generating function,6.41N-A-I-AI-DS-Sem-III-IV.pdf,2483111,Mathematics for Computer Engineering,3,1,0,0.1755,0.0,"No prereq signal: sim=0.176, delta=3, kw=0.000"
Fourier series of even and odd functions,Raw moments,6.41N-A-I-AI-DS-Sem-III-IV.pdf,2483111,Mathematics for Computer Engineering,4,1,0,0.0454,0.0,Low sim=0.045 - no semantic relation
Complex form of Fourier Series,Lines of regression,6.41N-A-I-AI-DS-Sem-III-IV.pdf,2483111,Mathematics for Computer Engineering,1,1,0,0.0088,0.14285714285714285,Low sim=0.009 - no semantic relation
Complex form of Fourier Series,Moment generating function,6.41N-A-I-AI-DS-Sem-III-IV.pdf,2483111,Mathematics for Computer Engineering,2,1,1,0.2589,0.0,Adjacent same-course topics: delta=2 + sim=0.259
Complex form of Fourier Series,Raw moments,6.41N-A-I-AI-DS-Sem-III-IV.pdf,2483111,Mathematics for Computer Engineering,3,1,0,0.0211,0.0,Low sim=0.021 - no semantic relation
Lines of regression,Moment generating function,6.41N-A-I-AI-DS-Sem-III-IV.pdf,2483111,Mathematics for Computer Engineering,1,1,0,0.0172,0.0,Low sim=0.017 - no semantic relation
Lines of regression,Raw moments,6.41N-A-I-AI-DS-Sem-III-IV.pdf,2483111,Mathematics for Computer Engineering,2,1,0,0.0828,0.0,Low sim=0.083 - no semantic relation
Moment generating function,Raw moments,6.41N-A-I-AI-DS-Sem-III-IV.pdf,2483111,Mathematics for Computer Engineering,1,1,1,0.4099,0.0,Adjacent same-course topics: delta=1 + sim=0.410
Regular operations,Arden's theorem,6.41N-A-I-AI-DS-Sem-III-IV.pdf,2484111,Computational,1,1,1,0.2053,0.0,Adjacent same-course topics: delta=1 + sim=0.205
Regular operations,Decision properties of RLs,6.41N-A-I-AI-DS-Sem-III-IV.pdf,2484111,Computational,2,1,0,0.1942,0.0,"No prereq signal: sim=0.194, delta=2, kw=0.000"
Regular operations,Pumping lemma,6.41N-A-I-AI-DS-Sem-III-IV.pdf,2484111,Computational,3,1,0,0.1283,0.0,Low sim=0.128 - no semantic relation
Regular operations,RE in text search and replace,6.41N-A-I-AI-DS-Sem-III-IV.pdf,2484111,Computational,4,1,0,0.178,0.0,"No prereq signal: sim=0.178, delta=4, kw=0.000"
Regular operations,Application of Regular,6.41N-A-I-AI-DS-Sem-III-IV.pdf,2484111,Computational,5,1,1,0.6872,0.25,High sim=0.687 + delta=5
Regular operations,Languages in Compiler Design,6.41N-A-I-AI-DS-Sem-III-IV.pdf,2484111,Computational,6,1,0,0.2045,0.0,"No prereq signal: sim=0.205, delta=6, kw=0.000"
Regular operations,Nondeterministic Finite Automata (NFA): Definitions,6.41N-A-I-AI-DS-Sem-III-IV.pdf,2484111,Computational,7,1,0,0.2046,0.0,"No prereq signal: sim=0.205, delta=7, kw=0.000"
Regular operations,Equivalence between NFA with and ϵ- transitions,6.41N-A-I-AI-DS-Sem-III-IV.pdf,2484111,Computational,8,1,0,0.0974,0.0,Low sim=0.097 - no semantic relation
Regular operations,Minimization of DFA,6.41N-A-I-AI-DS-Sem-III-IV.pdf,2484111,Computational,9,1,0,0.2333,0.0,"No prereq signal: sim=0.233, delta=9, kw=0.000"
Arden's theorem,Decision properties of RLs,6.41N-A-I-AI-DS-Sem-III-IV.pdf,2484111,Computational,1,1,0,0.0956,0.0,Low sim=0.096 - no semantic relation
Arden's theorem,Pumping lemma,6.41N-A-I-AI-DS-Sem-III-IV.pdf,2484111,Computational,2,1,1,0.3108,0.0,Adjacent same-course topics: delta=2 + sim=0.311
Arden's theorem,RE in text search and replace,6.41N-A-I-AI-DS-Sem-III-IV.pdf,2484111,Computational,3,1,0,0.0297,0.0,Low sim=0.030 - no semantic relation
Arden's theorem,Application of Regular,6.41N-A-I-AI-DS-Sem-III-IV.pdf,2484111,Computational,4,1,0,0.2475,0.0,"No prereq signal: sim=0.248, delta=4, kw=0.000"
Arden's theorem,Languages in Compiler Design,6.41N-A-I-AI-DS-Sem-III-IV.pdf,2484111,Computational,5,1,0,0.0519,0.0,Low sim=0.052 - no semantic relation
Arden's theorem,Nondeterministic Finite Automata (NFA): Definitions,6.41N-A-I-AI-DS-Sem-III-IV.pdf,2484111,Computational,6,1,0,0.074,0.0,Low sim=0.074 - no semantic relation
Arden's theorem,Equivalence between NFA with and ϵ- transitions,6.41N-A-I-AI-DS-Sem-III-IV.pdf,2484111,Computational,7,1,0,0.1255,0.0,Low sim=0.125 - no semantic relation
Arden's theorem,Minimization of DFA,6.41N-A-I-AI-DS-Sem-III-IV.pdf,2484111,Computational,8,1,0,0.0896,0.0,Low sim=0.090 - no semantic relation
Decision properties of RLs,Pumping lemma,6.41N-A-I-AI-DS-Sem-III-IV.pdf,2484111,Computational,1,1,0,0.0197,0.0,Low sim=0.020 - no semantic relation
Decision properties of RLs,RE in text search and replace,6.41N-A-I-AI-DS-Sem-III-IV.pdf,2484111,Computational,2,1,0,0.032,0.0,Low sim=0.032 - no semantic relation
Decision properties of RLs,Application of Regular,6.41N-A-I-AI-DS-Sem-III-IV.pdf,2484111,Computational,3,1,0,0.1588,0.16666666666666666,"No prereq signal: sim=0.159, delta=3, kw=0.167"
Decision properties of RLs,Languages in Compiler Design,6.41N-A-I-AI-DS-Sem-III-IV.pdf,2484111,Computational,4,1,0,0.1739,0.0,"No prereq signal: sim=0.174, delta=4, kw=0.000"
Decision properties of RLs,Nondeterministic Finite Automata (NFA): Definitions,6.41N-A-I-AI-DS-Sem-III-IV.pdf,2484111,Computational,5,1,0,0.2488,0.0,"No prereq signal: sim=0.249, delta=5, kw=0.000"
Decision properties of RLs,Equivalence between NFA with and ϵ- transitions,6.41N-A-I-AI-DS-Sem-III-IV.pdf,2484111,Computational,6,1,0,0.1531,0.0,"No prereq signal: sim=0.153, delta=6, kw=0.000"
Decision properties of RLs,Minimization of DFA,6.41N-A-I-AI-DS-Sem-III-IV.pdf,2484111,Computational,7,1,0,0.1913,0.16666666666666666,"No prereq signal: sim=0.191, delta=7, kw=0.167"
Pumping lemma,RE in text search and replace,6.41N-A-I-AI-DS-Sem-III-IV.pdf,2484111,Computational,1,1,0,0.1683,0.0,"No prereq signal: sim=0.168, delta=1, kw=0.000"
Pumping lemma,Application of Regular,6.41N-A-I-AI-DS-Sem-III-IV.pdf,2484111,Computational,2,1,1,0.2143,0.0,Adjacent same-course topics: delta=2 + sim=0.214
Pumping lemma,Languages in Compiler Design,6.41N-A-I-AI-DS-Sem-III-IV.pdf,2484111,Computational,3,1,0,0.2239,0.0,"No prereq signal: sim=0.224, delta=3, kw=0.000"
Pumping lemma,Nondeterministic Finite Automata (NFA): Definitions,6.41N-A-I-AI-DS-Sem-III-IV.pdf,2484111,Computational,4,1,0,0.1155,0.0,Low sim=0.116 - no semantic relation
Pumping lemma,Equivalence between NFA with and ϵ- transitions,6.41N-A-I-AI-DS-Sem-III-IV.pdf,2484111,Computational,5,1,0,0.1623,0.0,"No prereq signal: sim=0.162, delta=5, kw=0.000"
Pumping lemma,Minimization of DFA,6.41N-A-I-AI-DS-Sem-III-IV.pdf,2484111,Computational,6,1,0,0.1527,0.0,"No prereq signal: sim=0.153, delta=6, kw=0.000"
RE in text search and replace,Application of Regular,6.41N-A-I-AI-DS-Sem-III-IV.pdf,2484111,Computational,1,1,0,0.1369,0.0,Low sim=0.137 - no semantic relation
RE in text search and replace,Languages in Compiler Design,6.41N-A-I-AI-DS-Sem-III-IV.pdf,2484111,Computational,2,1,0,0.0087,0.1111111111111111,Low sim=0.009 - no semantic relation
RE in text search and replace,Nondeterministic Finite Automata (NFA): Definitions,6.41N-A-I-AI-DS-Sem-III-IV.pdf,2484111,Computational,3,1,0,0.0547,0.0,Low sim=0.055 - no semantic relation
RE in text search and replace,Equivalence between NFA with and ϵ- transitions,6.41N-A-I-AI-DS-Sem-III-IV.pdf,2484111,Computational,4,1,0,0.0344,0.08333333333333333,Low sim=0.034 - no semantic relation
RE in text search and replace,Minimization of DFA,6.41N-A-I-AI-DS-Sem-III-IV.pdf,2484111,Computational,5,1,0,0.056,0.0,Low sim=0.056 - no semantic relation
Application of Regular,Languages in Compiler Design,6.41N-A-I-AI-DS-Sem-III-IV.pdf,2484111,Computational,1,1,0,0.127,0.0,Low sim=0.127 - no semantic relation
Application of Regular,Nondeterministic Finite Automata (NFA): Definitions,6.41N-A-I-AI-DS-Sem-III-IV.pdf,2484111,Computational,2,1,1,0.2048,0.0,Adjacent same-course topics: delta=2 + sim=0.205
Application of Regular,Equivalence between NFA with and ϵ- transitions,6.41N-A-I-AI-DS-Sem-III-IV.pdf,2484111,Computational,3,1,0,0.1411,0.0,Low sim=0.141 - no semantic relation
Application of Regular,Minimization of DFA,6.41N-A-I-AI-DS-Sem-III-IV.pdf,2484111,Computational,4,1,0,0.289,0.2,"No prereq signal: sim=0.289, delta=4, kw=0.200"
Languages in Compiler Design,Nondeterministic Finite Automata (NFA): Definitions,6.41N-A-I-AI-DS-Sem-III-IV.pdf,2484111,Computational,1,1,1,0.2147,0.0,Adjacent same-course topics: delta=1 + sim=0.215
Languages in Compiler Design,Equivalence between NFA with and ϵ- transitions,6.41N-A-I-AI-DS-Sem-III-IV.pdf,2484111,Computational,2,1,0,0.1073,0.0,Low sim=0.107 - no semantic relation
Languages in Compiler Design,Minimization of DFA,6.41N-A-I-AI-DS-Sem-III-IV.pdf,2484111,Computational,3,1,0,0.146,0.0,Low sim=0.146 - no semantic relation
Nondeterministic Finite Automata (NFA): Definitions,Equivalence between NFA with and ϵ- transitions,6.41N-A-I-AI-DS-Sem-III-IV.pdf,2484111,Computational,1,1,1,0.5904,0.09090909090909091,sim=0.590>=0.45 + delta=1<=5
Nondeterministic Finite Automata (NFA): Definitions,Minimization of DFA,6.41N-A-I-AI-DS-Sem-III-IV.pdf,2484111,Computational,2,1,1,0.5158,0.0,sim=0.516>=0.45 + delta=2<=5
Equivalence between NFA with and ϵ- transitions,Minimization of DFA,6.41N-A-I-AI-DS-Sem-III-IV.pdf,2484111,Computational,1,1,1,0.4193,0.0,Adjacent same-course topics: delta=1 + sim=0.419
Propositional and Predicate Logic,Determining risk,6.54-N-B.E-Computer-Science-EngineeringSem-III-IV.pdf,2493112,Discrete Structures and Graph Theory,1,1,0,0.0908,0.0,Low sim=0.091 - no semantic relation
Propositional and Predicate Logic,Taxes and tax brackets,6.54-N-B.E-Computer-Science-EngineeringSem-III-IV.pdf,2493112,Discrete Structures and Graph Theory,2,1,0,0.1498,0.14285714285714285,Low sim=0.150 - no semantic relation
Propositional and Predicate Logic,Vending machines,6.54-N-B.E-Computer-Science-EngineeringSem-III-IV.pdf,2493112,Discrete Structures and Graph Theory,3,1,0,0.1332,0.0,Low sim=0.133 - no semantic relation
Propositional and Predicate Logic,"Counting Pigeonhole Principle, Inclusion-Exclusion Principle. Recurrence relations, Solving recurrence relations",6.54-N-B.E-Computer-Science-EngineeringSem-III-IV.pdf,2493112,Discrete Structures and Graph Theory,4,1,0,0.0888,0.0,Low sim=0.089 - no semantic relation
Determining risk,Taxes and tax brackets,6.54-N-B.E-Computer-Science-EngineeringSem-III-IV.pdf,2493112,Discrete Structures and Graph Theory,1,1,0,0.0822,0.0,Low sim=0.082 - no semantic relation
Determining risk,Vending machines,6.54-N-B.E-Computer-Science-EngineeringSem-III-IV.pdf,2493112,Discrete Structures and Graph Theory,2,1,0,0.0863,0.0,Low sim=0.086 - no semantic relation
Determining risk,"Counting Pigeonhole Principle, Inclusion-Exclusion Principle. Recurrence relations, Solving recurrence relations",6.54-N-B.E-Computer-Science-EngineeringSem-III-IV.pdf,2493112,Discrete Structures and Graph Theory,3,1,0,-0.0421,0.0,Low sim=-0.042 - no semantic relation
Taxes and tax brackets,Vending machines,6.54-N-B.E-Computer-Science-EngineeringSem-III-IV.pdf,2493112,Discrete Structures and Graph Theory,1,1,0,0.0465,0.0,Low sim=0.047 - no semantic relation
Taxes and tax brackets,"Counting Pigeonhole Principle, Inclusion-Exclusion Principle. Recurrence relations, Solving recurrence relations",6.54-N-B.E-Computer-Science-EngineeringSem-III-IV.pdf,2493112,Discrete Structures and Graph Theory,2,1,0,0.115,0.0,Low sim=0.115 - no semantic relation
Vending machines,"Counting Pigeonhole Principle, Inclusion-Exclusion Principle. Recurrence relations, Solving recurrence relations",6.54-N-B.E-Computer-Science-EngineeringSem-III-IV.pdf,2493112,Discrete Structures and Graph Theory,1,1,1,0.2789,0.0,Adjacent same-course topics: delta=1 + sim=0.279
Regular operations,Arden's theorem,6.54-N-B.E-Computer-Science-EngineeringSem-III-IV.pdf,2494111,Computational,1,1,1,0.2053,0.0,Adjacent same-course topics: delta=1 + sim=0.205
Regular operations,Decision properties of RLs,6.54-N-B.E-Computer-Science-EngineeringSem-III-IV.pdf,2494111,Computational,2,1,0,0.1942,0.0,"No prereq signal: sim=0.194, delta=2, kw=0.000"
Regular operations,Pumping lemma for RLs,6.54-N-B.E-Computer-Science-EngineeringSem-III-IV.pdf,2494111,Computational,3,1,0,0.1179,0.0,Low sim=0.118 - no semantic relation
Regular operations,RE in text search and replace,6.54-N-B.E-Computer-Science-EngineeringSem-III-IV.pdf,2494111,Computational,4,1,0,0.178,0.0,"No prereq signal: sim=0.178, delta=4, kw=0.000"
Regular operations,Application of Regular,6.54-N-B.E-Computer-Science-EngineeringSem-III-IV.pdf,2494111,Computational,5,1,1,0.6872,0.25,High sim=0.687 + delta=5
Regular operations,Languages in Compiler Design,6.54-N-B.E-Computer-Science-EngineeringSem-III-IV.pdf,2494111,Computational,6,1,0,0.2045,0.0,"No prereq signal: sim=0.205, delta=6, kw=0.000"
Regular operations,Nondeterministic Finite Automata (NFA): Definitions,6.54-N-B.E-Computer-Science-EngineeringSem-III-IV.pdf,2494111,Computational,7,1,0,0.2046,0.0,"No prereq signal: sim=0.205, delta=7, kw=0.000"
Regular operations,Equivalence between NFA with and ϵ- transitions,6.54-N-B.E-Computer-Science-EngineeringSem-III-IV.pdf,2494111,Computational,8,1,0,0.0974,0.0,Low sim=0.097 - no semantic relation
Regular operations,Minimization of DFA,6.54-N-B.E-Computer-Science-EngineeringSem-III-IV.pdf,2494111,Computational,9,1,0,0.2333,0.0,"No prereq signal: sim=0.233, delta=9, kw=0.000"
Arden's theorem,Decision properties of RLs,6.54-N-B.E-Computer-Science-EngineeringSem-III-IV.pdf,2494111,Computational,1,1,0,0.0956,0.0,Low sim=0.096 - no semantic relation
Arden's theorem,Pumping lemma for RLs,6.54-N-B.E-Computer-Science-EngineeringSem-III-IV.pdf,2494111,Computational,2,1,1,0.2223,0.0,Adjacent same-course topics: delta=2 + sim=0.222
Arden's theorem,RE in text search and replace,6.54-N-B.E-Computer-Science-EngineeringSem-III-IV.pdf,2494111,Computational,3,1,0,0.0297,0.0,Low sim=0.030 - no semantic relation
Arden's theorem,Application of Regular,6.54-N-B.E-Computer-Science-EngineeringSem-III-IV.pdf,2494111,Computational,4,1,0,0.2475,0.0,"No prereq signal: sim=0.248, delta=4, kw=0.000"
Arden's theorem,Languages in Compiler Design,6.54-N-B.E-Computer-Science-EngineeringSem-III-IV.pdf,2494111,Computational,5,1,0,0.0519,0.0,Low sim=0.052 - no semantic relation
Arden's theorem,Nondeterministic Finite Automata (NFA): Definitions,6.54-N-B.E-Computer-Science-EngineeringSem-III-IV.pdf,2494111,Computational,6,1,0,0.074,0.0,Low sim=0.074 - no semantic relation
Arden's theorem,Equivalence between NFA with and ϵ- transitions,6.54-N-B.E-Computer-Science-EngineeringSem-III-IV.pdf,2494111,Computational,7,1,0,0.1255,0.0,Low sim=0.125 - no semantic relation
Arden's theorem,Minimization of DFA,6.54-N-B.E-Computer-Science-EngineeringSem-III-IV.pdf,2494111,Computational,8,1,0,0.0896,0.0,Low sim=0.090 - no semantic relation
Decision properties of RLs,Pumping lemma for RLs,6.54-N-B.E-Computer-Science-EngineeringSem-III-IV.pdf,2494111,Computational,1,1,1,0.5024,0.14285714285714285,sim=0.502>=0.45 + delta=1<=5
Decision properties of RLs,RE in text search and replace,6.54-N-B.E-Computer-Science-EngineeringSem-III-IV.pdf,2494111,Computational,2,1,0,0.032,0.0,Low sim=0.032 - no semantic relation
Decision properties of RLs,Application of Regular,6.54-N-B.E-Computer-Science-EngineeringSem-III-IV.pdf,2494111,Computational,3,1,0,0.1588,0.16666666666666666,"No prereq signal: sim=0.159, delta=3, kw=0.167"
Decision properties of RLs,Languages in Compiler Design,6.54-N-B.E-Computer-Science-EngineeringSem-III-IV.pdf,2494111,Computational,4,1,0,0.1739,0.0,"No prereq signal: sim=0.174, delta=4, kw=0.000"
Decision properties of RLs,Nondeterministic Finite Automata (NFA): Definitions,6.54-N-B.E-Computer-Science-EngineeringSem-III-IV.pdf,2494111,Computational,5,1,0,0.2488,0.0,"No prereq signal: sim=0.249, delta=5, kw=0.000"
Decision properties of RLs,Equivalence between NFA with and ϵ- transitions,6.54-N-B.E-Computer-Science-EngineeringSem-III-IV.pdf,2494111,Computational,6,1,0,0.1531,0.0,"No prereq signal: sim=0.153, delta=6, kw=0.000"
Decision properties of RLs,Minimization of DFA,6.54-N-B.E-Computer-Science-EngineeringSem-III-IV.pdf,2494111,Computational,7,1,0,0.1913,0.16666666666666666,"No prereq signal: sim=0.191, delta=7, kw=0.167"
Pumping lemma for RLs,RE in text search and replace,6.54-N-B.E-Computer-Science-EngineeringSem-III-IV.pdf,2494111,Computational,1,1,0,0.1502,0.0,"No prereq signal: sim=0.150, delta=1, kw=0.000"
Pumping lemma for RLs,Application of Regular,6.54-N-B.E-Computer-Science-EngineeringSem-III-IV.pdf,2494111,Computational,2,1,0,0.1671,0.0,"No prereq signal: sim=0.167, delta=2, kw=0.000"
Pumping lemma for RLs,Languages in Compiler Design,6.54-N-B.E-Computer-Science-EngineeringSem-III-IV.pdf,2494111,Computational,3,1,0,0.258,0.0,"No prereq signal: sim=0.258, delta=3, kw=0.000"
Pumping lemma for RLs,Nondeterministic Finite Automata (NFA): Definitions,6.54-N-B.E-Computer-Science-EngineeringSem-III-IV.pdf,2494111,Computational,4,1,0,0.1616,0.0,"No prereq signal: sim=0.162, delta=4, kw=0.000"
Pumping lemma for RLs,Equivalence between NFA with and ϵ- transitions,6.54-N-B.E-Computer-Science-EngineeringSem-III-IV.pdf,2494111,Computational,5,1,0,0.1734,0.0,"No prereq signal: sim=0.173, delta=5, kw=0.000"
Pumping lemma for RLs,Minimization of DFA,6.54-N-B.E-Computer-Science-EngineeringSem-III-IV.pdf,2494111,Computational,6,1,0,0.1472,0.0,Low sim=0.147 - no semantic relation
RE in text search and replace,Application of Regular,6.54-N-B.E-Computer-Science-EngineeringSem-III-IV.pdf,2494111,Computational,1,1,0,0.1369,0.0,Low sim=0.137 - no semantic relation
RE in text search and replace,Languages in Compiler Design,6.54-N-B.E-Computer-Science-EngineeringSem-III-IV.pdf,2494111,Computational,2,1,0,0.0087,0.1111111111111111,Low sim=0.009 - no semantic relation
RE in text search and replace,Nondeterministic Finite Automata (NFA): Definitions,6.54-N-B.E-Computer-Science-EngineeringSem-III-IV.pdf,2494111,Computational,3,1,0,0.0547,0.0,Low sim=0.055 - no semantic relation
RE in text search and replace,Equivalence between NFA with and ϵ- transitions,6.54-N-B.E-Computer-Science-EngineeringSem-III-IV.pdf,2494111,Computational,4,1,0,0.0344,0.08333333333333333,Low sim=0.034 - no semantic relation
RE in text search and replace,Minimization of DFA,6.54-N-B.E-Computer-Science-EngineeringSem-III-IV.pdf,2494111,Computational,5,1,0,0.056,0.0,Low sim=0.056 - no semantic relation
Application of Regular,Languages in Compiler Design,6.54-N-B.E-Computer-Science-EngineeringSem-III-IV.pdf,2494111,Computational,1,1,0,0.127,0.0,Low sim=0.127 - no semantic relation
Application of Regular,Nondeterministic Finite Automata (NFA): Definitions,6.54-N-B.E-Computer-Science-EngineeringSem-III-IV.pdf,2494111,Computational,2,1,1,0.2048,0.0,Adjacent same-course topics: delta=2 + sim=0.205
Application of Regular,Equivalence between NFA with and ϵ- transitions,6.54-N-B.E-Computer-Science-EngineeringSem-III-IV.pdf,2494111,Computational,3,1,0,0.1411,0.0,Low sim=0.141 - no semantic relation
Application of Regular,Minimization of DFA,6.54-N-B.E-Computer-Science-EngineeringSem-III-IV.pdf,2494111,Computational,4,1,0,0.289,0.2,"No prereq signal: sim=0.289, delta=4, kw=0.200"
Languages in Compiler Design,Nondeterministic Finite Automata (NFA): Definitions,6.54-N-B.E-Computer-Science-EngineeringSem-III-IV.pdf,2494111,Computational,1,1,1,0.2147,0.0,Adjacent same-course topics: delta=1 + sim=0.215
Languages in Compiler Design,Equivalence between NFA with and ϵ- transitions,6.54-N-B.E-Computer-Science-EngineeringSem-III-IV.pdf,2494111,Computational,2,1,0,0.1073,0.0,Low sim=0.107 - no semantic relation
Languages in Compiler Design,Minimization of DFA,6.54-N-B.E-Computer-Science-EngineeringSem-III-IV.pdf,2494111,Computational,3,1,0,0.146,0.0,Low sim=0.146 - no semantic relation
Nondeterministic Finite Automata (NFA): Definitions,Equivalence between NFA with and ϵ- transitions,6.54-N-B.E-Computer-Science-EngineeringSem-III-IV.pdf,2494111,Computational,1,1,1,0.5904,0.09090909090909091,sim=0.590>=0.45 + delta=1<=5
Nondeterministic Finite Automata (NFA): Definitions,Minimization of DFA,6.54-N-B.E-Computer-Science-EngineeringSem-III-IV.pdf,2494111,Computational,2,1,1,0.5158,0.0,sim=0.516>=0.45 + delta=2<=5
Equivalence between NFA with and ϵ- transitions,Minimization of DFA,6.54-N-B.E-Computer-Science-EngineeringSem-III-IV.pdf,2494111,Computational,1,1,1,0.4193,0.0,Adjacent same-course topics: delta=1 + sim=0.419
Relationship (EER) Model,"Generalization, Specialization and Aggregation",6.54-N-B.E-Computer-Science-EngineeringSem-III-IV.pdf,2494112,Database Management System,1,1,0,0.1203,0.0,Low sim=0.120 - no semantic relation
Relationship (EER) Model,"Introduction to the Relational Model, relational",6.54-N-B.E-Computer-Science-EngineeringSem-III-IV.pdf,2494112,Database Management System,2,1,1,0.5185,0.14285714285714285,sim=0.518>=0.45 + delta=2<=5
Relationship (EER) Model,"EER Model to the Relational Model, Relational",6.54-N-B.E-Computer-Science-EngineeringSem-III-IV.pdf,2494112,Database Management System,3,1,1,0.8421,0.3333333333333333,High sim=0.842 + delta=3
Relationship (EER) Model,"Overview of SQL, Data Definition Commands",6.54-N-B.E-Computer-Science-EngineeringSem-III-IV.pdf,2494112,Database Management System,4,1,0,0.1176,0.0,Low sim=0.118 - no semantic relation
Relationship (EER) Model,"Integrity constraints: key constraints, Domain",6.54-N-B.E-Computer-Science-EngineeringSem-III-IV.pdf,2494112,Database Management System,5,1,0,0.2034,0.0,"No prereq signal: sim=0.203, delta=5, kw=0.000"
Relationship (EER) Model,"Triggers, Introduction to Pl/SQL Block Structure",6.54-N-B.E-Computer-Science-EngineeringSem-III-IV.pdf,2494112,Database Management System,6,1,0,0.1301,0.0,Low sim=0.130 - no semantic relation
Relationship (EER) Model,"Pitfalls in relational database designs, Concept",6.54-N-B.E-Computer-Science-EngineeringSem-III-IV.pdf,2494112,Database Management System,7,1,1,0.3273,0.0,Foundational kw in A + sim=0.327 + delta=7
Relationship (EER) Model,"Concurrent Executions, Serializability",6.54-N-B.E-Computer-Science-EngineeringSem-III-IV.pdf,2494112,Database Management System,8,1,0,0.0581,0.0,Low sim=0.058 - no semantic relation
Relationship (EER) Model,"Cloud Database, Introduction of Distributed",6.54-N-B.E-Computer-Science-EngineeringSem-III-IV.pdf,2494112,Database Management System,9,1,0,0.1208,0.0,Low sim=0.121 - no semantic relation
"Generalization, Specialization and Aggregation","Introduction to the Relational Model, relational",6.54-N-B.E-Computer-Science-EngineeringSem-III-IV.pdf,2494112,Database Management System,1,1,1,0.2568,0.0,Adjacent same-course topics: delta=1 + sim=0.257
"Generalization, Specialization and Aggregation","EER Model to the Relational Model, Relational",6.54-N-B.E-Computer-Science-EngineeringSem-III-IV.pdf,2494112,Database Management System,2,1,1,0.2326,0.0,Adjacent same-course topics: delta=2 + sim=0.233
"Generalization, Specialization and Aggregation","Overview of SQL, Data Definition Commands",6.54-N-B.E-Computer-Science-EngineeringSem-III-IV.pdf,2494112,Database Management System,3,1,0,0.2145,0.0,"No prereq signal: sim=0.214, delta=3, kw=0.000"
"Generalization, Specialization and Aggregation","Integrity constraints: key constraints, Domain",6.54-N-B.E-Computer-Science-EngineeringSem-III-IV.pdf,2494112,Database Management System,4,1,0,0.2391,0.0,"No prereq signal: sim=0.239, delta=4, kw=0.000"
"Generalization, Specialization and Aggregation","Triggers, Introduction to Pl/SQL Block Structure",6.54-N-B.E-Computer-Science-EngineeringSem-III-IV.pdf,2494112,Database Management System,5,1,0,0.2173,0.0,"No prereq signal: sim=0.217, delta=5, kw=0.000"
"Generalization, Specialization and Aggregation","Pitfalls in relational database designs, Concept",6.54-N-B.E-Computer-Science-EngineeringSem-III-IV.pdf,2494112,Database Management System,6,1,0,0.2946,0.0,"No prereq signal: sim=0.295, delta=6, kw=0.000"
"Generalization, Specialization and Aggregation","Concurrent Executions, Serializability",6.54-N-B.E-Computer-Science-EngineeringSem-III-IV.pdf,2494112,Database Management System,7,1,0,0.2549,0.0,"No prereq signal: sim=0.255, delta=7, kw=0.000"
"Generalization, Specialization and Aggregation","Cloud Database, Introduction of Distributed",6.54-N-B.E-Computer-Science-EngineeringSem-III-IV.pdf,2494112,Database Management System,8,1,0,0.2213,0.0,"No prereq signal: sim=0.221, delta=8, kw=0.000"
"Introduction to the Relational Model, relational","EER Model to the Relational Model, Relational",6.54-N-B.E-Computer-Science-EngineeringSem-III-IV.pdf,2494112,Database Management System,1,1,1,0.723,0.6666666666666666,High sim=0.723 + delta=1
"Introduction to the Relational Model, relational","Overview of SQL, Data Definition Commands",6.54-N-B.E-Computer-Science-EngineeringSem-III-IV.pdf,2494112,Database Management System,2,1,1,0.2286,0.0,Adjacent same-course topics: delta=2 + sim=0.229
"Introduction to the Relational Model, relational","Integrity constraints: key constraints, Domain",6.54-N-B.E-Computer-Science-EngineeringSem-III-IV.pdf,2494112,Database Management System,3,1,1,0.3045,0.0,Foundational kw in A + sim=0.305 + delta=3
"Introduction to the Relational Model, relational","Triggers, Introduction to Pl/SQL Block Structure",6.54-N-B.E-Computer-Science-EngineeringSem-III-IV.pdf,2494112,Database Management System,4,1,0,0.2218,0.2,"No prereq signal: sim=0.222, delta=4, kw=0.200"
"Introduction to the Relational Model, relational","Pitfalls in relational database designs, Concept",6.54-N-B.E-Computer-Science-EngineeringSem-III-IV.pdf,2494112,Database Management System,5,1,1,0.5666,0.1,sim=0.567>=0.45 + delta=5<=5
"Introduction to the Relational Model, relational","Concurrent Executions, Serializability",6.54-N-B.E-Computer-Science-EngineeringSem-III-IV.pdf,2494112,Database Management System,6,1,0,0.1168,0.0,Low sim=0.117 - no semantic relation
"Introduction to the Relational Model, relational","Cloud Database, Introduction of Distributed",6.54-N-B.E-Computer-Science-EngineeringSem-III-IV.pdf,2494112,Database Management System,7,1,1,0.2594,0.1111111111111111,Foundational kw in A + sim=0.259 + delta=7
"EER Model to the Relational Model, Relational","Overview of SQL, Data Definition Commands",6.54-N-B.E-Computer-Science-EngineeringSem-III-IV.pdf,2494112,Database Management System,1,1,1,0.2588,0.0,Foundational kw in A + sim=0.259 + delta=1
"EER Model to the Relational Model, Relational","Integrity constraints: key constraints, Domain",6.54-N-B.E-Computer-Science-EngineeringSem-III-IV.pdf,2494112,Database Management System,2,1,1,0.2939,0.0,Foundational kw in A + sim=0.294 + delta=2
"EER Model to the Relational Model, Relational","Triggers, Introduction to Pl/SQL Block Structure",6.54-N-B.E-Computer-Science-EngineeringSem-III-IV.pdf,2494112,Database Management System,3,1,0,0.235,0.09090909090909091,"No prereq signal: sim=0.235, delta=3, kw=0.091"
"EER Model to the Relational Model, Relational","Pitfalls in relational database designs, Concept",6.54-N-B.E-Computer-Science-EngineeringSem-III-IV.pdf,2494112,Database Management System,4,1,1,0.5219,0.1,sim=0.522>=0.45 + delta=4<=5
"EER Model to the Relational Model, Relational","Concurrent Executions, Serializability",6.54-N-B.E-Computer-Science-EngineeringSem-III-IV.pdf,2494112,Database Management System,5,1,0,0.1145,0.0,Low sim=0.115 - no semantic relation
"EER Model to the Relational Model, Relational","Cloud Database, Introduction of Distributed",6.54-N-B.E-Computer-Science-EngineeringSem-III-IV.pdf,2494112,Database Management System,6,1,0,0.217,0.0,"No prereq signal: sim=0.217, delta=6, kw=0.000"
"Overview of SQL, Data Definition Commands","Integrity constraints: key constraints, Domain",6.54-N-B.E-Computer-Science-EngineeringSem-III-IV.pdf,2494112,Database Management System,1,1,1,0.2471,0.0,Adjacent same-course topics: delta=1 + sim=0.247
"Overview of SQL, Data Definition Commands","Triggers, Introduction to Pl/SQL Block Structure",6.54-N-B.E-Computer-Science-EngineeringSem-III-IV.pdf,2494112,Database Management System,2,1,1,0.5056,0.08333333333333333,sim=0.506>=0.45 + delta=2<=5
"Overview of SQL, Data Definition Commands","Pitfalls in relational database designs, Concept",6.54-N-B.E-Computer-Science-EngineeringSem-III-IV.pdf,2494112,Database Management System,3,1,1,0.3288,0.0,Foundational kw in A + sim=0.329 + delta=3
"Overview of SQL, Data Definition Commands","Concurrent Executions, Serializability",6.54-N-B.E-Computer-Science-EngineeringSem-III-IV.pdf,2494112,Database Management System,4,1,0,0.1166,0.0,Low sim=0.117 - no semantic relation
"Overview of SQL, Data Definition Commands","Cloud Database, Introduction of Distributed",6.54-N-B.E-Computer-Science-EngineeringSem-III-IV.pdf,2494112,Database Management System,5,1,1,0.2886,0.1,Foundational kw in A + sim=0.289 + delta=5
"Integrity constraints: key constraints, Domain","Triggers, Introduction to Pl/SQL Block Structure",6.54-N-B.E-Computer-Science-EngineeringSem-III-IV.pdf,2494112,Database Management System,1,1,1,0.3377,0.0,Adjacent same-course topics: delta=1 + sim=0.338
"Integrity constraints: key constraints, Domain","Pitfalls in relational database designs, Concept",6.54-N-B.E-Computer-Science-EngineeringSem-III-IV.pdf,2494112,Database Management System,2,1,1,0.3556,0.0,Adjacent same-course topics: delta=2 + sim=0.356
"Integrity constraints: key constraints, Domain","Concurrent Executions, Serializability",6.54-N-B.E-Computer-Science-EngineeringSem-III-IV.pdf,2494112,Database Management System,3,1,0,0.3471,0.0,"No prereq signal: sim=0.347, delta=3, kw=0.000"
"Integrity constraints: key constraints, Domain","Cloud Database, Introduction of Distributed",6.54-N-B.E-Computer-Science-EngineeringSem-III-IV.pdf,2494112,Database Management System,4,1,0,0.1594,0.0,"No prereq signal: sim=0.159, delta=4, kw=0.000"
"Triggers, Introduction to Pl/SQL Block Structure","Pitfalls in relational database designs, Concept",6.54-N-B.E-Computer-Science-EngineeringSem-III-IV.pdf,2494112,Database Management System,1,1,1,0.397,0.0,Foundational kw in A + sim=0.397 + delta=1
"Triggers, Introduction to Pl/SQL Block Structure","Concurrent Executions, Serializability",6.54-N-B.E-Computer-Science-EngineeringSem-III-IV.pdf,2494112,Database Management System,2,1,1,0.2327,0.0,Adjacent same-course topics: delta=2 + sim=0.233
"Triggers, Introduction to Pl/SQL Block Structure","Cloud Database, Introduction of Distributed",6.54-N-B.E-Computer-Science-EngineeringSem-III-IV.pdf,2494112,Database Management System,3,1,1,0.2646,0.09090909090909091,Foundational kw in A + sim=0.265 + delta=3
"Pitfalls in relational database designs, Concept","Concurrent Executions, Serializability",6.54-N-B.E-Computer-Science-EngineeringSem-III-IV.pdf,2494112,Database Management System,1,1,0,0.1842,0.0,"No prereq signal: sim=0.184, delta=1, kw=0.000"
"Pitfalls in relational database designs, Concept","Cloud Database, Introduction of Distributed",6.54-N-B.E-Computer-Science-EngineeringSem-III-IV.pdf,2494112,Database Management System,2,1,1,0.3498,0.1,Foundational kw in A + sim=0.350 + delta=2
"Concurrent Executions, Serializability","Cloud Database, Introduction of Distributed",6.54-N-B.E-Computer-Science-EngineeringSem-III-IV.pdf,2494112,Database Management System,1,1,1,0.2068,0.0,Adjacent same-course topics: delta=1 + sim=0.207
Special-purpose,Open-source and Proprietary Operating System,6.54-N-B.E-Computer-Science-EngineeringSem-III-IV.pdf,2494113,Operating System,1,1,0,0.1526,0.0,"No prereq signal: sim=0.153, delta=1, kw=0.000"
Special-purpose,Fundamentals of Distributed Operating System,6.54-N-B.E-Computer-Science-EngineeringSem-III-IV.pdf,2494113,Operating System,2,1,0,0.1752,0.0,"No prereq signal: sim=0.175, delta=2, kw=0.000"
Special-purpose,Network Operating System,6.54-N-B.E-Computer-Science-EngineeringSem-III-IV.pdf,2494113,Operating System,3,1,0,0.1191,0.0,Low sim=0.119 - no semantic relation
Special-purpose,Real-Time,6.54-N-B.E-Computer-Science-EngineeringSem-III-IV.pdf,2494113,Operating System,4,1,0,0.2769,0.0,"No prereq signal: sim=0.277, delta=4, kw=0.000"
Special-purpose,Mobile Operating System,6.54-N-B.E-Computer-Science-EngineeringSem-III-IV.pdf,2494113,Operating System,5,1,0,0.1539,0.0,"No prereq signal: sim=0.154, delta=5, kw=0.000"
Special-purpose,Special-purpose Operating Systems,6.54-N-B.E-Computer-Science-EngineeringSem-III-IV.pdf,2494113,Operating System,6,1,1,0.5603,0.5,Lexical containment + delta=6
Open-source and Proprietary Operating System,Fundamentals of Distributed Operating System,6.54-N-B.E-Computer-Science-EngineeringSem-III-IV.pdf,2494113,Operating System,1,1,1,0.5654,0.2222222222222222,sim=0.565>=0.45 + delta=1<=5
Open-source and Proprietary Operating System,Network Operating System,6.54-N-B.E-Computer-Science-EngineeringSem-III-IV.pdf,2494113,Operating System,2,1,1,0.5509,0.2857142857142857,sim=0.551>=0.45 + delta=2<=5
Open-source and Proprietary Operating System,Real-Time,6.54-N-B.E-Computer-Science-EngineeringSem-III-IV.pdf,2494113,Operating System,3,1,0,0.2827,0.0,"No prereq signal: sim=0.283, delta=3, kw=0.000"
Open-source and Proprietary Operating System,Mobile Operating System,6.54-N-B.E-Computer-Science-EngineeringSem-III-IV.pdf,2494113,Operating System,4,1,1,0.531,0.2857142857142857,sim=0.531>=0.45 + delta=4<=5
Open-source and Proprietary Operating System,Special-purpose Operating Systems,6.54-N-B.E-Computer-Science-EngineeringSem-III-IV.pdf,2494113,Operating System,5,1,1,0.6814,0.1111111111111111,High sim=0.681 + delta=5
Fundamentals of Distributed Operating System,Network Operating System,6.54-N-B.E-Computer-Science-EngineeringSem-III-IV.pdf,2494113,Operating System,1,1,1,0.647,0.3333333333333333,High sim=0.647 + delta=1
Fundamentals of Distributed Operating System,Real-Time,6.54-N-B.E-Computer-Science-EngineeringSem-III-IV.pdf,2494113,Operating System,2,1,1,0.2594,0.0,Foundational kw in A + sim=0.259 + delta=2
Fundamentals of Distributed Operating System,Mobile Operating System,6.54-N-B.E-Computer-Science-EngineeringSem-III-IV.pdf,2494113,Operating System,3,1,1,0.5512,0.3333333333333333,sim=0.551>=0.45 + delta=3<=5
Fundamentals of Distributed Operating System,Special-purpose Operating Systems,6.54-N-B.E-Computer-Science-EngineeringSem-III-IV.pdf,2494113,Operating System,4,1,1,0.6744,0.125,High sim=0.674 + delta=4
Network Operating System,Real-Time,6.54-N-B.E-Computer-Science-EngineeringSem-III-IV.pdf,2494113,Operating System,1,1,1,0.2475,0.0,Adjacent same-course topics: delta=1 + sim=0.248
Network Operating System,Mobile Operating System,6.54-N-B.E-Computer-Science-EngineeringSem-III-IV.pdf,2494113,Operating System,2,1,1,0.6214,0.5,High sim=0.621 + delta=2
Network Operating System,Special-purpose Operating Systems,6.54-N-B.E-Computer-Science-EngineeringSem-III-IV.pdf,2494113,Operating System,3,1,1,0.6075,0.16666666666666666,High sim=0.608 + delta=3
Real-Time,Mobile Operating System,6.54-N-B.E-Computer-Science-EngineeringSem-III-IV.pdf,2494113,Operating System,1,1,1,0.2806,0.0,Adjacent same-course topics: delta=1 + sim=0.281
Real-Time,Special-purpose Operating Systems,6.54-N-B.E-Computer-Science-EngineeringSem-III-IV.pdf,2494113,Operating System,2,1,1,0.3042,0.0,Adjacent same-course topics: delta=2 + sim=0.304
Mobile Operating System,Special-purpose Operating Systems,6.54-N-B.E-Computer-Science-EngineeringSem-III-IV.pdf,2494113,Operating System,1,1,1,0.5923,0.16666666666666666,sim=0.592>=0.45 + delta=1<=5
"Testing: Functionality Testing, UI Testing",Testing: Principles of Agile Testers,SEM-V.pdf,2165113,Agile Software Development & DevOps,1,1,1,0.5561,0.14285714285714285,sim=0.556>=0.45 + delta=1<=5
"Testing: Functionality Testing, UI Testing","Automation, Test Automation Pyramid. Case",SEM-V.pdf,2165113,Agile Software Development & DevOps,2,1,1,0.4809,0.0,sim=0.481>=0.45 + delta=2<=5
"Testing: Functionality Testing, UI Testing",Study – Selenium/ Jira,SEM-V.pdf,2165113,Agile Software Development & DevOps,3,1,0,0.2311,0.0,"No prereq signal: sim=0.231, delta=3, kw=0.000"
"Testing: Functionality Testing, UI Testing","Postman, and JMeter",SEM-V.pdf,2165113,Agile Software Development & DevOps,4,1,0,0.2123,0.0,"No prereq signal: sim=0.212, delta=4, kw=0.000"
"Testing: Functionality Testing, UI Testing","DevOps: Introduction, DevOps - Importance",SEM-V.pdf,2165113,Agile Software Development & DevOps,5,1,0,0.2233,0.0,"No prereq signal: sim=0.223, delta=5, kw=0.000"
"Testing: Functionality Testing, UI Testing",C’s of DevOps Lifecycle for Business,SEM-V.pdf,2165113,Agile Software Development & DevOps,6,1,0,0.1888,0.0,"No prereq signal: sim=0.189, delta=6, kw=0.000"
"Testing: Functionality Testing, UI Testing","Agility, DevOps and Continuous Testing",SEM-V.pdf,2165113,Agile Software Development & DevOps,7,1,0,0.3721,0.14285714285714285,"No prereq signal: sim=0.372, delta=7, kw=0.143"
"Testing: Functionality Testing, UI Testing",Choosing the right DevOps tools and challenges,SEM-V.pdf,2165113,Agile Software Development & DevOps,8,1,0,0.2951,0.0,"No prereq signal: sim=0.295, delta=8, kw=0.000"
"Testing: Functionality Testing, UI Testing",Assessment. Study of various Open,SEM-V.pdf,2165113,Agile Software Development & DevOps,9,1,0,0.2412,0.0,"No prereq signal: sim=0.241, delta=9, kw=0.000"
"Testing: Functionality Testing, UI Testing",Source Tools in DevOps,SEM-V.pdf,2165113,Agile Software Development & DevOps,10,1,0,0.1977,0.0,"No prereq signal: sim=0.198, delta=10, kw=0.000"
Testing: Principles of Agile Testers,"Automation, Test Automation Pyramid. Case",SEM-V.pdf,2165113,Agile Software Development & DevOps,1,1,1,0.4104,0.0,Foundational kw in A + sim=0.410 + delta=1
Testing: Principles of Agile Testers,Study – Selenium/ Jira,SEM-V.pdf,2165113,Agile Software Development & DevOps,2,1,0,0.1561,0.0,"No prereq signal: sim=0.156, delta=2, kw=0.000"
Testing: Principles of Agile Testers,"Postman, and JMeter",SEM-V.pdf,2165113,Agile Software Development & DevOps,3,1,0,0.1462,0.0,Low sim=0.146 - no semantic relation
Testing: Principles of Agile Testers,"DevOps: Introduction, DevOps - Importance",SEM-V.pdf,2165113,Agile Software Development & DevOps,4,1,1,0.3125,0.0,Foundational kw in A + sim=0.312 + delta=4
Testing: Principles of Agile Testers,C’s of DevOps Lifecycle for Business,SEM-V.pdf,2165113,Agile Software Development & DevOps,5,1,1,0.2559,0.09090909090909091,Foundational kw in A + sim=0.256 + delta=5
Testing: Principles of Agile Testers,"Agility, DevOps and Continuous Testing",SEM-V.pdf,2165113,Agile Software Development & DevOps,6,1,1,0.5555,0.1111111111111111,Foundational kw in A + sim=0.555 + delta=6
Testing: Principles of Agile Testers,Choosing the right DevOps tools and challenges,SEM-V.pdf,2165113,Agile Software Development & DevOps,7,1,1,0.3265,0.0,Foundational kw in A + sim=0.326 + delta=7
Testing: Principles of Agile Testers,Assessment. Study of various Open,SEM-V.pdf,2165113,Agile Software Development & DevOps,8,1,0,0.2224,0.1111111111111111,"No prereq signal: sim=0.222, delta=8, kw=0.111"
Testing: Principles of Agile Testers,Source Tools in DevOps,SEM-V.pdf,2165113,Agile Software Development & DevOps,9,1,0,0.2008,0.0,"No prereq signal: sim=0.201, delta=9, kw=0.000"
"Automation, Test Automation Pyramid. Case",Study – Selenium/ Jira,SEM-V.pdf,2165113,Agile Software Development & DevOps,1,1,1,0.2309,0.0,Adjacent same-course topics: delta=1 + sim=0.231
"Automation, Test Automation Pyramid. Case","Postman, and JMeter",SEM-V.pdf,2165113,Agile Software Development & DevOps,2,1,1,0.209,0.0,Adjacent same-course topics: delta=2 + sim=0.209
"Automation, Test Automation Pyramid. Case","DevOps: Introduction, DevOps - Importance",SEM-V.pdf,2165113,Agile Software Development & DevOps,3,1,0,0.3015,0.0,"No prereq signal: sim=0.301, delta=3, kw=0.000"
"Automation, Test Automation Pyramid. Case",C’s of DevOps Lifecycle for Business,SEM-V.pdf,2165113,Agile Software Development & DevOps,4,1,0,0.2831,0.0,"No prereq signal: sim=0.283, delta=4, kw=0.000"
"Automation, Test Automation Pyramid. Case","Agility, DevOps and Continuous Testing",SEM-V.pdf,2165113,Agile Software Development & DevOps,5,1,0,0.388,0.0,"No prereq signal: sim=0.388, delta=5, kw=0.000"
"Automation, Test Automation Pyramid. Case",Choosing the right DevOps tools and challenges,SEM-V.pdf,2165113,Agile Software Development & DevOps,6,1,0,0.2963,0.0,"No prereq signal: sim=0.296, delta=6, kw=0.000"
"Automation, Test Automation Pyramid. Case",Assessment. Study of various Open,SEM-V.pdf,2165113,Agile Software Development & DevOps,7,1,0,0.157,0.0,"No prereq signal: sim=0.157, delta=7, kw=0.000"
"Automation, Test Automation Pyramid. Case",Source Tools in DevOps,SEM-V.pdf,2165113,Agile Software Development & DevOps,8,1,0,0.2506,0.0,"No prereq signal: sim=0.251, delta=8, kw=0.000"
Study – Selenium/ Jira,"Postman, and JMeter",SEM-V.pdf,2165113,Agile Software Development & DevOps,1,1,1,0.2072,0.0,Adjacent same-course topics: delta=1 + sim=0.207
Study – Selenium/ Jira,"DevOps: Introduction, DevOps - Importance",SEM-V.pdf,2165113,Agile Software Development & DevOps,2,1,0,0.0929,0.0,Low sim=0.093 - no semantic relation
Study – Selenium/ Jira,C’s of DevOps Lifecycle for Business,SEM-V.pdf,2165113,Agile Software Development & DevOps,3,1,0,0.0636,0.0,Low sim=0.064 - no semantic relation
Study – Selenium/ Jira,"Agility, DevOps and Continuous Testing",SEM-V.pdf,2165113,Agile Software Development & DevOps,4,1,0,0.1944,0.0,"No prereq signal: sim=0.194, delta=4, kw=0.000"
Study – Selenium/ Jira,Choosing the right DevOps tools and challenges,SEM-V.pdf,2165113,Agile Software Development & DevOps,5,1,0,0.1434,0.0,Low sim=0.143 - no semantic relation
Study – Selenium/ Jira,Assessment. Study of various Open,SEM-V.pdf,2165113,Agile Software Development & DevOps,6,1,0,0.2642,0.14285714285714285,"No prereq signal: sim=0.264, delta=6, kw=0.143"
Study – Selenium/ Jira,Source Tools in DevOps,SEM-V.pdf,2165113,Agile Software Development & DevOps,7,1,0,0.1566,0.0,"No prereq signal: sim=0.157, delta=7, kw=0.000"
"Postman, and JMeter","DevOps: Introduction, DevOps - Importance",SEM-V.pdf,2165113,Agile Software Development & DevOps,1,1,0,0.0938,0.0,Low sim=0.094 - no semantic relation
"Postman, and JMeter",C’s of DevOps Lifecycle for Business,SEM-V.pdf,2165113,Agile Software Development & DevOps,2,1,0,0.0141,0.0,Low sim=0.014 - no semantic relation
"Postman, and JMeter","Agility, DevOps and Continuous Testing",SEM-V.pdf,2165113,Agile Software Development & DevOps,3,1,0,0.1956,0.14285714285714285,"No prereq signal: sim=0.196, delta=3, kw=0.143"
"Postman, and JMeter",Choosing the right DevOps tools and challenges,SEM-V.pdf,2165113,Agile Software Development & DevOps,4,1,0,0.1803,0.1111111111111111,"No prereq signal: sim=0.180, delta=4, kw=0.111"
"Postman, and JMeter",Assessment. Study of various Open,SEM-V.pdf,2165113,Agile Software Development & DevOps,5,1,0,0.2123,0.0,"No prereq signal: sim=0.212, delta=5, kw=0.000"
"Postman, and JMeter",Source Tools in DevOps,SEM-V.pdf,2165113,Agile Software Development & DevOps,6,1,0,0.126,0.0,Low sim=0.126 - no semantic relation
"DevOps: Introduction, DevOps - Importance",C’s of DevOps Lifecycle for Business,SEM-V.pdf,2165113,Agile Software Development & DevOps,1,1,1,0.7441,0.1111111111111111,High sim=0.744 + delta=1
"DevOps: Introduction, DevOps - Importance","Agility, DevOps and Continuous Testing",SEM-V.pdf,2165113,Agile Software Development & DevOps,2,1,1,0.618,0.14285714285714285,High sim=0.618 + delta=2
"DevOps: Introduction, DevOps - Importance",Choosing the right DevOps tools and challenges,SEM-V.pdf,2165113,Agile Software Development & DevOps,3,1,1,0.6887,0.1111111111111111,High sim=0.689 + delta=3
"DevOps: Introduction, DevOps - Importance",Assessment. Study of various Open,SEM-V.pdf,2165113,Agile Software Development & DevOps,4,1,0,0.0704,0.0,Low sim=0.070 - no semantic relation
"DevOps: Introduction, DevOps - Importance",Source Tools in DevOps,SEM-V.pdf,2165113,Agile Software Development & DevOps,5,1,1,0.6476,0.16666666666666666,High sim=0.648 + delta=5
C’s of DevOps Lifecycle for Business,"Agility, DevOps and Continuous Testing",SEM-V.pdf,2165113,Agile Software Development & DevOps,1,1,1,0.5748,0.09090909090909091,sim=0.575>=0.45 + delta=1<=5
C’s of DevOps Lifecycle for Business,Choosing the right DevOps tools and challenges,SEM-V.pdf,2165113,Agile Software Development & DevOps,2,1,1,0.58,0.07692307692307693,sim=0.580>=0.45 + delta=2<=5
C’s of DevOps Lifecycle for Business,Assessment. Study of various Open,SEM-V.pdf,2165113,Agile Software Development & DevOps,3,1,0,0.17,0.09090909090909091,"No prereq signal: sim=0.170, delta=3, kw=0.091"
C’s of DevOps Lifecycle for Business,Source Tools in DevOps,SEM-V.pdf,2165113,Agile Software Development & DevOps,4,1,1,0.5705,0.1,sim=0.571>=0.45 + delta=4<=5
"Agility, DevOps and Continuous Testing",Choosing the right DevOps tools and challenges,SEM-V.pdf,2165113,Agile Software Development & DevOps,1,1,1,0.619,0.2,High sim=0.619 + delta=1
"Agility, DevOps and Continuous Testing",Assessment. Study of various Open,SEM-V.pdf,2165113,Agile Software Development & DevOps,2,1,0,0.1719,0.0,"No prereq signal: sim=0.172, delta=2, kw=0.000"
"Agility, DevOps and Continuous Testing",Source Tools in DevOps,SEM-V.pdf,2165113,Agile Software Development & DevOps,3,1,1,0.5209,0.125,sim=0.521>=0.45 + delta=3<=5
Choosing the right DevOps tools and challenges,Assessment. Study of various Open,SEM-V.pdf,2165113,Agile Software Development & DevOps,1,1,0,0.1265,0.0,Low sim=0.126 - no semantic relation
Choosing the right DevOps tools and challenges,Source Tools in DevOps,SEM-V.pdf,2165113,Agile Software Development & DevOps,2,1,1,0.7288,0.2222222222222222,High sim=0.729 + delta=2
Assessment. Study of various Open,Source Tools in DevOps,SEM-V.pdf,2165113,Agile Software Development & DevOps,1,1,0,0.1028,0.0,Low sim=0.103 - no semantic relation
"Pre-Requisite Topics Basic Concepts: HTML5, CSS3; JavaScript, Client-Server paradigm, Front-end and Back-end development",React DevTools,SEM-V.pdf,2165114,Web and Mobile Application,1,1,0,0.0633,0.0,Low sim=0.063 - no semantic relation
"Pre-Requisite Topics Basic Concepts: HTML5, CSS3; JavaScript, Client-Server paradigm, Front-end and Back-end development",Custom Hooks creation,SEM-V.pdf,2165114,Web and Mobile Application,2,1,0,0.0869,0.0,Low sim=0.087 - no semantic relation
"Pre-Requisite Topics Basic Concepts: HTML5, CSS3; JavaScript, Client-Server paradigm, Front-end and Back-end development",Low-code/No-code development,SEM-V.pdf,2165114,Web and Mobile Application,3,1,0,0.2339,0.05263157894736842,"No prereq signal: sim=0.234, delta=3, kw=0.053"
React DevTools,Custom Hooks creation,SEM-V.pdf,2165114,Web and Mobile Application,1,1,0,0.0819,0.0,Low sim=0.082 - no semantic relation
React DevTools,Low-code/No-code development,SEM-V.pdf,2165114,Web and Mobile Application,2,1,0,0.131,0.0,Low sim=0.131 - no semantic relation
Custom Hooks creation,Low-code/No-code development,SEM-V.pdf,2165114,Web and Mobile Application,1,1,0,0.1549,0.0,"No prereq signal: sim=0.155, delta=1, kw=0.000"
Applications of Swarm Intelligence in Machine,"Optimization, Particle Swarm Optimizer , ABC",SEM-V.pdf,2166111,Machine Learning and Swarm,1,1,1,0.5422,0.1,sim=0.542>=0.45 + delta=1<=5
Applications of Swarm Intelligence in Machine,Algorithm  Bat Algorithm,SEM-V.pdf,2166111,Machine Learning and Swarm,2,1,1,0.5012,0.0,sim=0.501>=0.45 + delta=2<=5
Applications of Swarm Intelligence in Machine,Learning : Quantum,SEM-V.pdf,2166111,Machine Learning and Swarm,3,1,0,0.1873,0.0,"No prereq signal: sim=0.187, delta=3, kw=0.000"
Applications of Swarm Intelligence in Machine,Inspired and Multi,SEM-V.pdf,2166111,Machine Learning and Swarm,4,1,0,0.2106,0.0,"No prereq signal: sim=0.211, delta=4, kw=0.000"
Applications of Swarm Intelligence in Machine,Objective Swarm Optimization,SEM-V.pdf,2166111,Machine Learning and Swarm,5,1,1,0.6101,0.125,High sim=0.610 + delta=5
"Optimization, Particle Swarm Optimizer , ABC",Algorithm  Bat Algorithm,SEM-V.pdf,2166111,Machine Learning and Swarm,1,1,1,0.4988,0.0,sim=0.499>=0.45 + delta=1<=5
"Optimization, Particle Swarm Optimizer , ABC",Learning : Quantum,SEM-V.pdf,2166111,Machine Learning and Swarm,2,1,0,0.1854,0.0,"No prereq signal: sim=0.185, delta=2, kw=0.000"
"Optimization, Particle Swarm Optimizer , ABC",Inspired and Multi,SEM-V.pdf,2166111,Machine Learning and Swarm,3,1,0,0.2124,0.0,"No prereq signal: sim=0.212, delta=3, kw=0.000"
"Optimization, Particle Swarm Optimizer , ABC",Objective Swarm Optimization,SEM-V.pdf,2166111,Machine Learning and Swarm,4,1,1,0.6924,0.3333333333333333,High sim=0.692 + delta=4
Algorithm  Bat Algorithm,Learning : Quantum,SEM-V.pdf,2166111,Machine Learning and Swarm,1,1,0,0.1264,0.0,Low sim=0.126 - no semantic relation
Algorithm  Bat Algorithm,Inspired and Multi,SEM-V.pdf,2166111,Machine Learning and Swarm,2,1,0,0.1817,0.0,"No prereq signal: sim=0.182, delta=2, kw=0.000"
Algorithm  Bat Algorithm,Objective Swarm Optimization,SEM-V.pdf,2166111,Machine Learning and Swarm,3,1,1,0.565,0.0,sim=0.565>=0.45 + delta=3<=5
Learning : Quantum,Inspired and Multi,SEM-V.pdf,2166111,Machine Learning and Swarm,1,1,1,0.2228,0.0,Adjacent same-course topics: delta=1 + sim=0.223
Learning : Quantum,Objective Swarm Optimization,SEM-V.pdf,2166111,Machine Learning and Swarm,2,1,0,0.1402,0.0,Low sim=0.140 - no semantic relation
Inspired and Multi,Objective Swarm Optimization,SEM-V.pdf,2166111,Machine Learning and Swarm,1,1,1,0.2301,0.0,Adjacent same-course topics: delta=1 + sim=0.230
Introduction to Data Analytics,Background and Overview of Data,SEM-V.pdf,2166112,Data Analytics and Visualization,1,1,1,0.4901,0.125,sim=0.490>=0.45 + delta=1<=5
Introduction to Data Analytics,Analytics:  Key Roles for a Successful,SEM-V.pdf,2166112,Data Analytics and Visualization,2,1,1,0.4724,0.1111111111111111,sim=0.472>=0.45 + delta=2<=5
Introduction to Data Analytics,Data Analytics life cycle,SEM-V.pdf,2166112,Data Analytics and Visualization,3,1,1,0.5806,0.3333333333333333,sim=0.581>=0.45 + delta=3<=5
Introduction to Data Analytics,Types of analytics,SEM-V.pdf,2166112,Data Analytics and Visualization,4,1,1,0.5219,0.16666666666666666,sim=0.522>=0.45 + delta=4<=5
Introduction to Data Analytics,Roles in Industry,SEM-V.pdf,2166112,Data Analytics and Visualization,5,1,0,0.1268,0.0,Low sim=0.127 - no semantic relation
Background and Overview of Data,Analytics:  Key Roles for a Successful,SEM-V.pdf,2166112,Data Analytics and Visualization,1,1,1,0.3413,0.0,Foundational kw in A + sim=0.341 + delta=1
Background and Overview of Data,Data Analytics life cycle,SEM-V.pdf,2166112,Data Analytics and Visualization,2,1,1,0.4013,0.125,Foundational kw in A + sim=0.401 + delta=2
Background and Overview of Data,Types of analytics,SEM-V.pdf,2166112,Data Analytics and Visualization,3,1,1,0.4262,0.14285714285714285,Foundational kw in A + sim=0.426 + delta=3
Background and Overview of Data,Roles in Industry,SEM-V.pdf,2166112,Data Analytics and Visualization,4,1,0,0.1371,0.0,Low sim=0.137 - no semantic relation
Analytics:  Key Roles for a Successful,Data Analytics life cycle,SEM-V.pdf,2166112,Data Analytics and Visualization,1,1,1,0.4646,0.1111111111111111,sim=0.465>=0.45 + delta=1<=5
Analytics:  Key Roles for a Successful,Types of analytics,SEM-V.pdf,2166112,Data Analytics and Visualization,2,1,1,0.6069,0.125,High sim=0.607 + delta=2
Analytics:  Key Roles for a Successful,Roles in Industry,SEM-V.pdf,2166112,Data Analytics and Visualization,3,1,1,0.5535,0.125,sim=0.553>=0.45 + delta=3<=5
Data Analytics life cycle,Types of analytics,SEM-V.pdf,2166112,Data Analytics and Visualization,1,1,1,0.5176,0.16666666666666666,sim=0.518>=0.45 + delta=1<=5
Data Analytics life cycle,Roles in Industry,SEM-V.pdf,2166112,Data Analytics and Visualization,2,1,0,0.1134,0.0,Low sim=0.113 - no semantic relation
Types of analytics,Roles in Industry,SEM-V.pdf,2166112,Data Analytics and Visualization,1,1,1,0.205,0.0,Adjacent same-course topics: delta=1 + sim=0.205
Super-Simple,Metrics: Measuring performance,SEM-V.pdf,2166115,Nature- Inspired Optimization,1,1,0,0.1291,0.0,Low sim=0.129 - no semantic relation
Super-Simple,Quality (Error Rate,SEM-V.pdf,2166115,Nature- Inspired Optimization,2,1,0,0.0808,0.0,Low sim=0.081 - no semantic relation
Super-Simple,Applications and variants,SEM-V.pdf,2166115,Nature- Inspired Optimization,3,1,0,0.1153,0.0,Low sim=0.115 - no semantic relation
Super-Simple,Edge Systems: Application in feature selection,SEM-V.pdf,2166115,Nature- Inspired Optimization,4,1,0,0.0971,0.0,Low sim=0.097 - no semantic relation
Super-Simple,Edge resource optimization,SEM-V.pdf,2166115,Nature- Inspired Optimization,5,1,0,0.1383,0.0,Low sim=0.138 - no semantic relation
Metrics: Measuring performance,Quality (Error Rate,SEM-V.pdf,2166115,Nature- Inspired Optimization,1,1,1,0.429,0.0,Adjacent same-course topics: delta=1 + sim=0.429
Metrics: Measuring performance,Applications and variants,SEM-V.pdf,2166115,Nature- Inspired Optimization,2,1,1,0.2507,0.0,Adjacent same-course topics: delta=2 + sim=0.251
Metrics: Measuring performance,Edge Systems: Application in feature selection,SEM-V.pdf,2166115,Nature- Inspired Optimization,3,1,0,0.1944,0.0,"No prereq signal: sim=0.194, delta=3, kw=0.000"
Metrics: Measuring performance,Edge resource optimization,SEM-V.pdf,2166115,Nature- Inspired Optimization,4,1,0,0.2601,0.0,"No prereq signal: sim=0.260, delta=4, kw=0.000"
Quality (Error Rate,Applications and variants,SEM-V.pdf,2166115,Nature- Inspired Optimization,1,1,0,0.156,0.0,"No prereq signal: sim=0.156, delta=1, kw=0.000"
Quality (Error Rate,Edge Systems: Application in feature selection,SEM-V.pdf,2166115,Nature- Inspired Optimization,2,1,0,0.1079,0.0,Low sim=0.108 - no semantic relation
Quality (Error Rate,Edge resource optimization,SEM-V.pdf,2166115,Nature- Inspired Optimization,3,1,0,0.176,0.0,"No prereq signal: sim=0.176, delta=3, kw=0.000"
Applications and variants,Edge Systems: Application in feature selection,SEM-V.pdf,2166115,Nature- Inspired Optimization,1,1,1,0.3763,0.0,Adjacent same-course topics: delta=1 + sim=0.376
Applications and variants,Edge resource optimization,SEM-V.pdf,2166115,Nature- Inspired Optimization,2,1,0,0.1404,0.0,Low sim=0.140 - no semantic relation
Edge Systems: Application in feature selection,Edge resource optimization,SEM-V.pdf,2166115,Nature- Inspired Optimization,1,1,1,0.5775,0.125,sim=0.577>=0.45 + delta=1<=5
"ERC721 Tokens, ICO: basics and related terms","Metaverse, Cryptocurrency wallets: Hot and cold",SEM-V.pdf,2166118,Blockchain Technology,1,1,1,0.2219,0.08333333333333333,Adjacent same-course topics: delta=1 + sim=0.222
"ERC721 Tokens, ICO: basics and related terms","Blockchain, UTXO and double spending problem",SEM-V.pdf,2166118,Blockchain Technology,2,1,0,0.1835,0.08333333333333333,"No prereq signal: sim=0.184, delta=2, kw=0.083"
"ERC721 Tokens, ICO: basics and related terms",Common security threats in Blockchain,SEM-V.pdf,2166118,Blockchain Technology,3,1,0,0.2149,0.0,"No prereq signal: sim=0.215, delta=3, kw=0.000"
"ERC721 Tokens, ICO: basics and related terms","Mitigating attacks: 51% attack, Sybil attack, replay",SEM-V.pdf,2166118,Blockchain Technology,4,1,0,0.1834,0.0,"No prereq signal: sim=0.183, delta=4, kw=0.000"
"ERC721 Tokens, ICO: basics and related terms",Cryptocurrency Valuation Models,SEM-V.pdf,2166118,Blockchain Technology,5,1,0,0.1985,0.0,"No prereq signal: sim=0.199, delta=5, kw=0.000"
"ERC721 Tokens, ICO: basics and related terms",Emerging trends,SEM-V.pdf,2166118,Blockchain Technology,6,1,0,0.1635,0.0,"No prereq signal: sim=0.163, delta=6, kw=0.000"
"ERC721 Tokens, ICO: basics and related terms",Models on Blockchain: decentralized AI,SEM-V.pdf,2166118,Blockchain Technology,7,1,0,0.1884,0.0,"No prereq signal: sim=0.188, delta=7, kw=0.000"
"ERC721 Tokens, ICO: basics and related terms","Case study: AI for transaction validation, fraud",SEM-V.pdf,2166118,Blockchain Technology,8,1,0,0.2371,0.0,"No prereq signal: sim=0.237, delta=8, kw=0.000"
"Metaverse, Cryptocurrency wallets: Hot and cold","Blockchain, UTXO and double spending problem",SEM-V.pdf,2166118,Blockchain Technology,1,1,1,0.2289,0.09090909090909091,Adjacent same-course topics: delta=1 + sim=0.229
"Metaverse, Cryptocurrency wallets: Hot and cold",Common security threats in Blockchain,SEM-V.pdf,2166118,Blockchain Technology,2,1,1,0.3746,0.0,Adjacent same-course topics: delta=2 + sim=0.375
"Metaverse, Cryptocurrency wallets: Hot and cold","Mitigating attacks: 51% attack, Sybil attack, replay",SEM-V.pdf,2166118,Blockchain Technology,3,1,0,0.218,0.0,"No prereq signal: sim=0.218, delta=3, kw=0.000"
"Metaverse, Cryptocurrency wallets: Hot and cold",Cryptocurrency Valuation Models,SEM-V.pdf,2166118,Blockchain Technology,4,1,0,0.4022,0.125,"No prereq signal: sim=0.402, delta=4, kw=0.125"
"Metaverse, Cryptocurrency wallets: Hot and cold",Emerging trends,SEM-V.pdf,2166118,Blockchain Technology,5,1,0,0.2646,0.0,"No prereq signal: sim=0.265, delta=5, kw=0.000"
"Metaverse, Cryptocurrency wallets: Hot and cold",Models on Blockchain: decentralized AI,SEM-V.pdf,2166118,Blockchain Technology,6,1,0,0.2515,0.0,"No prereq signal: sim=0.252, delta=6, kw=0.000"
"Metaverse, Cryptocurrency wallets: Hot and cold","Case study: AI for transaction validation, fraud",SEM-V.pdf,2166118,Blockchain Technology,7,1,0,0.1053,0.0,Low sim=0.105 - no semantic relation
"Blockchain, UTXO and double spending problem",Common security threats in Blockchain,SEM-V.pdf,2166118,Blockchain Technology,1,1,1,0.3931,0.1,Adjacent same-course topics: delta=1 + sim=0.393
"Blockchain, UTXO and double spending problem","Mitigating attacks: 51% attack, Sybil attack, replay",SEM-V.pdf,2166118,Blockchain Technology,2,1,1,0.2384,0.0,Adjacent same-course topics: delta=2 + sim=0.238
"Blockchain, UTXO and double spending problem",Cryptocurrency Valuation Models,SEM-V.pdf,2166118,Blockchain Technology,3,1,0,0.3104,0.0,"No prereq signal: sim=0.310, delta=3, kw=0.000"
"Blockchain, UTXO and double spending problem",Emerging trends,SEM-V.pdf,2166118,Blockchain Technology,4,1,0,0.0779,0.0,Low sim=0.078 - no semantic relation
"Blockchain, UTXO and double spending problem",Models on Blockchain: decentralized AI,SEM-V.pdf,2166118,Blockchain Technology,5,1,0,0.3429,0.1,"No prereq signal: sim=0.343, delta=5, kw=0.100"
"Blockchain, UTXO and double spending problem","Case study: AI for transaction validation, fraud",SEM-V.pdf,2166118,Blockchain Technology,6,1,0,0.221,0.0,"No prereq signal: sim=0.221, delta=6, kw=0.000"
Common security threats in Blockchain,"Mitigating attacks: 51% attack, Sybil attack, replay",SEM-V.pdf,2166118,Blockchain Technology,1,1,1,0.3899,0.0,Adjacent same-course topics: delta=1 + sim=0.390
Common security threats in Blockchain,Cryptocurrency Valuation Models,SEM-V.pdf,2166118,Blockchain Technology,2,1,1,0.3077,0.0,Adjacent same-course topics: delta=2 + sim=0.308
Common security threats in Blockchain,Emerging trends,SEM-V.pdf,2166118,Blockchain Technology,3,1,0,0.2184,0.0,"No prereq signal: sim=0.218, delta=3, kw=0.000"
Common security threats in Blockchain,Models on Blockchain: decentralized AI,SEM-V.pdf,2166118,Blockchain Technology,4,1,0,0.4405,0.1111111111111111,"No prereq signal: sim=0.440, delta=4, kw=0.111"
Common security threats in Blockchain,"Case study: AI for transaction validation, fraud",SEM-V.pdf,2166118,Blockchain Technology,5,1,0,0.2791,0.0,"No prereq signal: sim=0.279, delta=5, kw=0.000"
"Mitigating attacks: 51% attack, Sybil attack, replay",Cryptocurrency Valuation Models,SEM-V.pdf,2166118,Blockchain Technology,1,1,1,0.2102,0.0,Adjacent same-course topics: delta=1 + sim=0.210
"Mitigating attacks: 51% attack, Sybil attack, replay",Emerging trends,SEM-V.pdf,2166118,Blockchain Technology,2,1,0,0.148,0.0,Low sim=0.148 - no semantic relation
"Mitigating attacks: 51% attack, Sybil attack, replay",Models on Blockchain: decentralized AI,SEM-V.pdf,2166118,Blockchain Technology,3,1,0,0.2559,0.0,"No prereq signal: sim=0.256, delta=3, kw=0.000"
"Mitigating attacks: 51% attack, Sybil attack, replay","Case study: AI for transaction validation, fraud",SEM-V.pdf,2166118,Blockchain Technology,4,1,0,0.2234,0.0,"No prereq signal: sim=0.223, delta=4, kw=0.000"
Cryptocurrency Valuation Models,Emerging trends,SEM-V.pdf,2166118,Blockchain Technology,1,1,0,0.1829,0.0,"No prereq signal: sim=0.183, delta=1, kw=0.000"
Cryptocurrency Valuation Models,Models on Blockchain: decentralized AI,SEM-V.pdf,2166118,Blockchain Technology,2,1,1,0.4882,0.14285714285714285,sim=0.488>=0.45 + delta=2<=5
Cryptocurrency Valuation Models,"Case study: AI for transaction validation, fraud",SEM-V.pdf,2166118,Blockchain Technology,3,1,0,0.1919,0.0,"No prereq signal: sim=0.192, delta=3, kw=0.000"
Emerging trends,Models on Blockchain: decentralized AI,SEM-V.pdf,2166118,Blockchain Technology,1,1,0,0.0851,0.0,Low sim=0.085 - no semantic relation
Emerging trends,"Case study: AI for transaction validation, fraud",SEM-V.pdf,2166118,Blockchain Technology,2,1,0,0.122,0.0,Low sim=0.122 - no semantic relation
Models on Blockchain: decentralized AI,"Case study: AI for transaction validation, fraud",SEM-V.pdf,2166118,Blockchain Technology,1,1,1,0.4036,0.09090909090909091,Adjacent same-course topics: delta=1 + sim=0.404
