concept_a,concept_b,source_syllabus,order_delta,ai_suggested_label,reason,embedding_similarity,keyword_overlap
Properties of Eigen,Similarity of matrices,6.40-N-Chemical-Engineering-Sem-III-IV.pdf,1,1,Adjacent same-course topics: delta=1 + sim=0.341,0.3413,0.2
Properties of Eigen,Diagonalization of matrices,6.40-N-Chemical-Engineering-Sem-III-IV.pdf,2,1,Adjacent same-course topics: delta=2 + sim=0.505,0.5046,0.2
Properties of Eigen,Applying to chemical engineering problems related,6.40-N-Chemical-Engineering-Sem-III-IV.pdf,3,0,Insufficient signal,0.0755,0.0
Properties of Eigen,Eulers method,6.40-N-Chemical-Engineering-Sem-III-IV.pdf,4,0,Insufficient signal,0.0025,0.0
Properties of Eigen,Kutta second Order method,6.40-N-Chemical-Engineering-Sem-III-IV.pdf,5,0,Insufficient signal,0.0783,0.0
Properties of Eigen,Applications of Runge-Kutta Fourth order,6.40-N-Chemical-Engineering-Sem-III-IV.pdf,6,0,Insufficient signal,0.0695,0.125
Properties of Eigen,Method and Adam Bashford Predictor,6.40-N-Chemical-Engineering-Sem-III-IV.pdf,7,0,Insufficient signal,0.0263,0.0
Properties of Eigen,Corrector Method to chemical engineering,6.40-N-Chemical-Engineering-Sem-III-IV.pdf,8,0,Insufficient signal,-0.0166,0.0
Properties of Eigen,Forward and Backward difference operators ∆,6.40-N-Chemical-Engineering-Sem-III-IV.pdf,9,0,Insufficient signal,0.1639,0.0
Properties of Eigen,Shift operator E,6.40-N-Chemical-Engineering-Sem-III-IV.pdf,10,0,Insufficient signal,0.2273,0.0
Properties of Eigen,Relation between E,6.40-N-Chemical-Engineering-Sem-III-IV.pdf,11,0,Insufficient signal,0.2857,0.0
Similarity of matrices,Diagonalization of matrices,6.40-N-Chemical-Engineering-Sem-III-IV.pdf,1,1,kw_overlap=0.500>=0.30 + delta=1<=6,0.5227,0.5
Similarity of matrices,Applying to chemical engineering problems related,6.40-N-Chemical-Engineering-Sem-III-IV.pdf,2,0,Insufficient signal,0.0178,0.0
Similarity of matrices,Eulers method,6.40-N-Chemical-Engineering-Sem-III-IV.pdf,3,0,Insufficient signal,-0.0183,0.0
Similarity of matrices,Kutta second Order method,6.40-N-Chemical-Engineering-Sem-III-IV.pdf,4,0,Insufficient signal,0.0057,0.0
Similarity of matrices,Applications of Runge-Kutta Fourth order,6.40-N-Chemical-Engineering-Sem-III-IV.pdf,5,0,Insufficient signal,0.0246,0.125
Similarity of matrices,Method and Adam Bashford Predictor,6.40-N-Chemical-Engineering-Sem-III-IV.pdf,6,0,Insufficient signal,0.0368,0.0
Similarity of matrices,Corrector Method to chemical engineering,6.40-N-Chemical-Engineering-Sem-III-IV.pdf,7,0,Insufficient signal,-0.0119,0.0
Similarity of matrices,Forward and Backward difference operators ∆,6.40-N-Chemical-Engineering-Sem-III-IV.pdf,8,0,Insufficient signal,0.1259,0.0
Similarity of matrices,Shift operator E,6.40-N-Chemical-Engineering-Sem-III-IV.pdf,9,0,Insufficient signal,0.0607,0.0
Similarity of matrices,Relation between E,6.40-N-Chemical-Engineering-Sem-III-IV.pdf,10,0,Insufficient signal,0.1578,0.0
Diagonalization of matrices,Applying to chemical engineering problems related,6.40-N-Chemical-Engineering-Sem-III-IV.pdf,1,0,Insufficient signal,0.012,0.0
Diagonalization of matrices,Eulers method,6.40-N-Chemical-Engineering-Sem-III-IV.pdf,2,0,Insufficient signal,0.0375,0.0
Diagonalization of matrices,Kutta second Order method,6.40-N-Chemical-Engineering-Sem-III-IV.pdf,3,0,Insufficient signal,0.1198,0.0
Diagonalization of matrices,Applications of Runge-Kutta Fourth order,6.40-N-Chemical-Engineering-Sem-III-IV.pdf,4,0,Insufficient signal,0.0885,0.125
Diagonalization of matrices,Method and Adam Bashford Predictor,6.40-N-Chemical-Engineering-Sem-III-IV.pdf,5,0,Insufficient signal,0.068,0.0
Diagonalization of matrices,Corrector Method to chemical engineering,6.40-N-Chemical-Engineering-Sem-III-IV.pdf,6,0,Insufficient signal,0.0424,0.0
Diagonalization of matrices,Forward and Backward difference operators ∆,6.40-N-Chemical-Engineering-Sem-III-IV.pdf,7,0,Insufficient signal,0.1485,0.0
Diagonalization of matrices,Shift operator E,6.40-N-Chemical-Engineering-Sem-III-IV.pdf,8,0,Insufficient signal,0.113,0.0
Diagonalization of matrices,Relation between E,6.40-N-Chemical-Engineering-Sem-III-IV.pdf,9,0,Insufficient signal,0.0144,0.0
Applying to chemical engineering problems related,Eulers method,6.40-N-Chemical-Engineering-Sem-III-IV.pdf,1,0,Insufficient signal,0.1601,0.0
Applying to chemical engineering problems related,Kutta second Order method,6.40-N-Chemical-Engineering-Sem-III-IV.pdf,2,0,Insufficient signal,0.182,0.0
Applying to chemical engineering problems related,Applications of Runge-Kutta Fourth order,6.40-N-Chemical-Engineering-Sem-III-IV.pdf,3,0,Insufficient signal,0.1858,0.0
Applying to chemical engineering problems related,Method and Adam Bashford Predictor,6.40-N-Chemical-Engineering-Sem-III-IV.pdf,4,0,Insufficient signal,0.0921,0.0
Applying to chemical engineering problems related,Corrector Method to chemical engineering,6.40-N-Chemical-Engineering-Sem-III-IV.pdf,5,1,High sim=0.646 + delta=5,0.6458,0.375
Applying to chemical engineering problems related,Forward and Backward difference operators ∆,6.40-N-Chemical-Engineering-Sem-III-IV.pdf,6,0,Insufficient signal,0.0393,0.0
Applying to chemical engineering problems related,Shift operator E,6.40-N-Chemical-Engineering-Sem-III-IV.pdf,7,0,Insufficient signal,0.0049,0.0
Applying to chemical engineering problems related,Relation between E,6.40-N-Chemical-Engineering-Sem-III-IV.pdf,8,0,Insufficient signal,0.0988,0.0
Eulers method,Kutta second Order method,6.40-N-Chemical-Engineering-Sem-III-IV.pdf,1,1,Adjacent same-course topics: delta=1 + sim=0.471,0.4711,0.2
Eulers method,Applications of Runge-Kutta Fourth order,6.40-N-Chemical-Engineering-Sem-III-IV.pdf,2,1,Adjacent same-course topics: delta=2 + sim=0.410,0.4099,0.0
Eulers method,Method and Adam Bashford Predictor,6.40-N-Chemical-Engineering-Sem-III-IV.pdf,3,0,Insufficient signal,0.2555,0.1667
Eulers method,Corrector Method to chemical engineering,6.40-N-Chemical-Engineering-Sem-III-IV.pdf,4,0,Insufficient signal,0.3499,0.1667
Eulers method,Forward and Backward difference operators ∆,6.40-N-Chemical-Engineering-Sem-III-IV.pdf,5,0,Insufficient signal,0.1891,0.0
Eulers method,Shift operator E,6.40-N-Chemical-Engineering-Sem-III-IV.pdf,6,0,Insufficient signal,0.2119,0.0
Eulers method,Relation between E,6.40-N-Chemical-Engineering-Sem-III-IV.pdf,7,0,Insufficient signal,0.1773,0.0
Kutta second Order method,Applications of Runge-Kutta Fourth order,6.40-N-Chemical-Engineering-Sem-III-IV.pdf,1,1,High sim=0.723 + delta=1,0.7233,0.25
Kutta second Order method,Method and Adam Bashford Predictor,6.40-N-Chemical-Engineering-Sem-III-IV.pdf,2,0,Insufficient signal,0.2409,0.125
Kutta second Order method,Corrector Method to chemical engineering,6.40-N-Chemical-Engineering-Sem-III-IV.pdf,3,0,Insufficient signal,0.3192,0.125
Kutta second Order method,Forward and Backward difference operators ∆,6.40-N-Chemical-Engineering-Sem-III-IV.pdf,4,0,Insufficient signal,0.1626,0.0
Kutta second Order method,Shift operator E,6.40-N-Chemical-Engineering-Sem-III-IV.pdf,5,0,Insufficient signal,0.0911,0.0
Kutta second Order method,Relation between E,6.40-N-Chemical-Engineering-Sem-III-IV.pdf,6,0,Insufficient signal,-0.0814,0.0
Applications of Runge-Kutta Fourth order,Method and Adam Bashford Predictor,6.40-N-Chemical-Engineering-Sem-III-IV.pdf,1,0,Insufficient signal,0.2847,0.0
Applications of Runge-Kutta Fourth order,Corrector Method to chemical engineering,6.40-N-Chemical-Engineering-Sem-III-IV.pdf,2,0,Insufficient signal,0.2338,0.0
Applications of Runge-Kutta Fourth order,Forward and Backward difference operators ∆,6.40-N-Chemical-Engineering-Sem-III-IV.pdf,3,0,Insufficient signal,0.2533,0.0
Applications of Runge-Kutta Fourth order,Shift operator E,6.40-N-Chemical-Engineering-Sem-III-IV.pdf,4,0,Insufficient signal,0.0716,0.0
Applications of Runge-Kutta Fourth order,Relation between E,6.40-N-Chemical-Engineering-Sem-III-IV.pdf,5,0,Insufficient signal,-0.0343,0.0
Method and Adam Bashford Predictor,Corrector Method to chemical engineering,6.40-N-Chemical-Engineering-Sem-III-IV.pdf,1,0,Insufficient signal,0.2992,0.1111
Method and Adam Bashford Predictor,Forward and Backward difference operators ∆,6.40-N-Chemical-Engineering-Sem-III-IV.pdf,2,0,Insufficient signal,0.0923,0.1111
Method and Adam Bashford Predictor,Shift operator E,6.40-N-Chemical-Engineering-Sem-III-IV.pdf,3,0,Insufficient signal,0.1189,0.0
Method and Adam Bashford Predictor,Relation between E,6.40-N-Chemical-Engineering-Sem-III-IV.pdf,4,0,Insufficient signal,0.058,0.0
Corrector Method to chemical engineering,Forward and Backward difference operators ∆,6.40-N-Chemical-Engineering-Sem-III-IV.pdf,1,0,Insufficient signal,0.0864,0.0
Corrector Method to chemical engineering,Shift operator E,6.40-N-Chemical-Engineering-Sem-III-IV.pdf,2,0,Insufficient signal,0.0501,0.0
Corrector Method to chemical engineering,Relation between E,6.40-N-Chemical-Engineering-Sem-III-IV.pdf,3,0,Insufficient signal,0.0026,0.0
Forward and Backward difference operators ∆,Shift operator E,6.40-N-Chemical-Engineering-Sem-III-IV.pdf,1,1,Adjacent same-course topics: delta=1 + sim=0.421,0.4208,0.0
Forward and Backward difference operators ∆,Relation between E,6.40-N-Chemical-Engineering-Sem-III-IV.pdf,2,0,Insufficient signal,0.1312,0.0
Shift operator E,Relation between E,6.40-N-Chemical-Engineering-Sem-III-IV.pdf,1,1,Adjacent same-course topics: delta=1 + sim=0.536,0.536,0.2
Screening equipment – Vibrating screen,Grizzlies and Trommels,6.40-N-Chemical-Engineering-Sem-III-IV.pdf,1,0,Insufficient signal,-0.0116,0.0
Screening equipment – Vibrating screen,Size reduction of solids. Mechanism of size,6.40-N-Chemical-Engineering-Sem-III-IV.pdf,2,0,Insufficient signal,0.0285,0.0
Screening equipment – Vibrating screen,Size reduction equipment – Jaw crusher,6.40-N-Chemical-Engineering-Sem-III-IV.pdf,3,0,Insufficient signal,0.2219,0.125
Screening equipment – Vibrating screen,"Hammer mill, Ball mill and Roll crusher",6.40-N-Chemical-Engineering-Sem-III-IV.pdf,4,0,Insufficient signal,0.096,0.0
Screening equipment – Vibrating screen,Solid mixing – Introduction to solid mixing,6.40-N-Chemical-Engineering-Sem-III-IV.pdf,5,0,Insufficient signal,-0.0396,0.0
Screening equipment – Vibrating screen,Mixing equipment for cohesive solids,6.40-N-Chemical-Engineering-Sem-III-IV.pdf,6,0,Insufficient signal,0.118,0.125
Screening equipment – Vibrating screen,Mixers for free flowing solids: Ribbon,6.40-N-Chemical-Engineering-Sem-III-IV.pdf,7,0,Insufficient signal,0.0998,0.0
Screening equipment – Vibrating screen,Flow of a single fluid through a packed bed,6.40-N-Chemical-Engineering-Sem-III-IV.pdf,8,0,Insufficient signal,-0.0389,0.0
Screening equipment – Vibrating screen,Ergun’s equation,6.40-N-Chemical-Engineering-Sem-III-IV.pdf,9,0,Insufficient signal,-0.0289,0.0
Screening equipment – Vibrating screen,Fluidization: conditions for fluidization,6.40-N-Chemical-Engineering-Sem-III-IV.pdf,10,0,Insufficient signal,0.005,0.0
Screening equipment – Vibrating screen,Solid fluid,6.40-N-Chemical-Engineering-Sem-III-IV.pdf,11,0,Insufficient signal,0.0794,0.0
Screening equipment – Vibrating screen,Sedimentation: Batch sedimentation. Kynch,6.40-N-Chemical-Engineering-Sem-III-IV.pdf,12,0,Insufficient signal,0.0165,0.0
Screening equipment – Vibrating screen,Gas solid separation equipment: Cyclone,6.40-N-Chemical-Engineering-Sem-III-IV.pdf,13,0,Insufficient signal,0.1332,0.125
Screening equipment – Vibrating screen,Storage of solids: Properties of particulate,6.40-N-Chemical-Engineering-Sem-III-IV.pdf,14,0,Insufficient signal,-0.0234,0.0
Grizzlies and Trommels,Size reduction of solids. Mechanism of size,6.40-N-Chemical-Engineering-Sem-III-IV.pdf,1,0,Insufficient signal,-0.0333,0.0
Grizzlies and Trommels,Size reduction equipment – Jaw crusher,6.40-N-Chemical-Engineering-Sem-III-IV.pdf,2,0,Insufficient signal,-0.0165,0.0
Grizzlies and Trommels,"Hammer mill, Ball mill and Roll crusher",6.40-N-Chemical-Engineering-Sem-III-IV.pdf,3,0,Insufficient signal,0.1728,0.125
Grizzlies and Trommels,Solid mixing – Introduction to solid mixing,6.40-N-Chemical-Engineering-Sem-III-IV.pdf,4,0,Insufficient signal,-0.0442,0.0
Grizzlies and Trommels,Mixing equipment for cohesive solids,6.40-N-Chemical-Engineering-Sem-III-IV.pdf,5,0,Insufficient signal,-0.063,0.0
Grizzlies and Trommels,Mixers for free flowing solids: Ribbon,6.40-N-Chemical-Engineering-Sem-III-IV.pdf,6,0,Insufficient signal,-0.0494,0.0
Grizzlies and Trommels,Flow of a single fluid through a packed bed,6.40-N-Chemical-Engineering-Sem-III-IV.pdf,7,0,Insufficient signal,0.0532,0.0
Grizzlies and Trommels,Ergun’s equation,6.40-N-Chemical-Engineering-Sem-III-IV.pdf,8,0,Insufficient signal,0.0399,0.0
Grizzlies and Trommels,Fluidization: conditions for fluidization,6.40-N-Chemical-Engineering-Sem-III-IV.pdf,9,0,Insufficient signal,0.0636,0.0
Grizzlies and Trommels,Solid fluid,6.40-N-Chemical-Engineering-Sem-III-IV.pdf,10,0,Insufficient signal,0.0502,0.0
Grizzlies and Trommels,Sedimentation: Batch sedimentation. Kynch,6.40-N-Chemical-Engineering-Sem-III-IV.pdf,11,0,Insufficient signal,0.0494,0.0
Grizzlies and Trommels,Gas solid separation equipment: Cyclone,6.40-N-Chemical-Engineering-Sem-III-IV.pdf,12,0,Insufficient signal,-0.0644,0.0
Grizzlies and Trommels,Storage of solids: Properties of particulate,6.40-N-Chemical-Engineering-Sem-III-IV.pdf,13,0,Insufficient signal,-0.1327,0.0
Grizzlies and Trommels,"Conveying, of solids: Belt conveyer, bucket",6.40-N-Chemical-Engineering-Sem-III-IV.pdf,14,0,Insufficient signal,-0.0625,0.0
Size reduction of solids. Mechanism of size,Size reduction equipment – Jaw crusher,6.40-N-Chemical-Engineering-Sem-III-IV.pdf,1,1,Adjacent same-course topics: delta=1 + sim=0.504,0.5044,0.25
Size reduction of solids. Mechanism of size,"Hammer mill, Ball mill and Roll crusher",6.40-N-Chemical-Engineering-Sem-III-IV.pdf,2,0,Insufficient signal,0.1215,0.0
Size reduction of solids. Mechanism of size,Solid mixing – Introduction to solid mixing,6.40-N-Chemical-Engineering-Sem-III-IV.pdf,3,0,Insufficient signal,0.1973,0.0
Size reduction of solids. Mechanism of size,Mixing equipment for cohesive solids,6.40-N-Chemical-Engineering-Sem-III-IV.pdf,4,0,Insufficient signal,0.2637,0.1111
Size reduction of solids. Mechanism of size,Mixers for free flowing solids: Ribbon,6.40-N-Chemical-Engineering-Sem-III-IV.pdf,5,0,Insufficient signal,0.2451,0.1
Size reduction of solids. Mechanism of size,Flow of a single fluid through a packed bed,6.40-N-Chemical-Engineering-Sem-III-IV.pdf,6,0,Insufficient signal,0.1227,0.0833
Size reduction of solids. Mechanism of size,Ergun’s equation,6.40-N-Chemical-Engineering-Sem-III-IV.pdf,7,0,Insufficient signal,0.1154,0.0
Size reduction of solids. Mechanism of size,Fluidization: conditions for fluidization,6.40-N-Chemical-Engineering-Sem-III-IV.pdf,8,0,Insufficient signal,0.2257,0.0
Size reduction of solids. Mechanism of size,Solid fluid,6.40-N-Chemical-Engineering-Sem-III-IV.pdf,9,0,Insufficient signal,0.228,0.0
Size reduction of solids. Mechanism of size,Sedimentation: Batch sedimentation. Kynch,6.40-N-Chemical-Engineering-Sem-III-IV.pdf,10,0,Insufficient signal,0.0762,0.0
Size reduction of solids. Mechanism of size,Gas solid separation equipment: Cyclone,6.40-N-Chemical-Engineering-Sem-III-IV.pdf,11,0,Insufficient signal,0.3121,0.0
Size reduction of solids. Mechanism of size,Storage of solids: Properties of particulate,6.40-N-Chemical-Engineering-Sem-III-IV.pdf,12,0,Insufficient signal,0.3957,0.25
Size reduction of solids. Mechanism of size,"Conveying, of solids: Belt conveyer, bucket",6.40-N-Chemical-Engineering-Sem-III-IV.pdf,13,0,Insufficient signal,0.2658,0.2222
Size reduction equipment – Jaw crusher,"Hammer mill, Ball mill and Roll crusher",6.40-N-Chemical-Engineering-Sem-III-IV.pdf,1,1,Adjacent same-course topics: delta=1 + sim=0.389,0.3894,0.1
Size reduction equipment – Jaw crusher,Solid mixing – Introduction to solid mixing,6.40-N-Chemical-Engineering-Sem-III-IV.pdf,2,0,Insufficient signal,0.0527,0.0
Size reduction equipment – Jaw crusher,Mixing equipment for cohesive solids,6.40-N-Chemical-Engineering-Sem-III-IV.pdf,3,0,Insufficient signal,0.2999,0.1111
Size reduction equipment – Jaw crusher,Mixers for free flowing solids: Ribbon,6.40-N-Chemical-Engineering-Sem-III-IV.pdf,4,0,Insufficient signal,0.2731,0.0
Size reduction equipment – Jaw crusher,Flow of a single fluid through a packed bed,6.40-N-Chemical-Engineering-Sem-III-IV.pdf,5,0,Insufficient signal,0.0124,0.0
Size reduction equipment – Jaw crusher,Ergun’s equation,6.40-N-Chemical-Engineering-Sem-III-IV.pdf,6,0,Insufficient signal,0.0098,0.0
Size reduction equipment – Jaw crusher,Fluidization: conditions for fluidization,6.40-N-Chemical-Engineering-Sem-III-IV.pdf,7,0,Insufficient signal,0.092,0.0
Size reduction equipment – Jaw crusher,Solid fluid,6.40-N-Chemical-Engineering-Sem-III-IV.pdf,8,0,Insufficient signal,0.02,0.0
Size reduction equipment – Jaw crusher,Sedimentation: Batch sedimentation. Kynch,6.40-N-Chemical-Engineering-Sem-III-IV.pdf,9,0,Insufficient signal,0.0774,0.0
Size reduction equipment – Jaw crusher,Gas solid separation equipment: Cyclone,6.40-N-Chemical-Engineering-Sem-III-IV.pdf,10,0,Insufficient signal,0.279,0.1111
Size reduction equipment – Jaw crusher,Storage of solids: Properties of particulate,6.40-N-Chemical-Engineering-Sem-III-IV.pdf,11,0,Insufficient signal,0.0904,0.0
Size reduction equipment – Jaw crusher,"Conveying, of solids: Belt conveyer, bucket",6.40-N-Chemical-Engineering-Sem-III-IV.pdf,12,0,Insufficient signal,0.2372,0.0
"Hammer mill, Ball mill and Roll crusher",Solid mixing – Introduction to solid mixing,6.40-N-Chemical-Engineering-Sem-III-IV.pdf,1,0,Insufficient signal,0.2432,0.0
"Hammer mill, Ball mill and Roll crusher",Mixing equipment for cohesive solids,6.40-N-Chemical-Engineering-Sem-III-IV.pdf,2,0,Insufficient signal,0.2854,0.0
"Hammer mill, Ball mill and Roll crusher",Mixers for free flowing solids: Ribbon,6.40-N-Chemical-Engineering-Sem-III-IV.pdf,3,0,Insufficient signal,0.2836,0.0
"Hammer mill, Ball mill and Roll crusher",Flow of a single fluid through a packed bed,6.40-N-Chemical-Engineering-Sem-III-IV.pdf,4,0,Insufficient signal,0.0338,0.0
"Hammer mill, Ball mill and Roll crusher",Ergun’s equation,6.40-N-Chemical-Engineering-Sem-III-IV.pdf,5,0,Insufficient signal,0.0261,0.0
"Hammer mill, Ball mill and Roll crusher",Fluidization: conditions for fluidization,6.40-N-Chemical-Engineering-Sem-III-IV.pdf,6,0,Insufficient signal,0.0543,0.0
"Hammer mill, Ball mill and Roll crusher",Solid fluid,6.40-N-Chemical-Engineering-Sem-III-IV.pdf,7,0,Insufficient signal,0.1826,0.0
"Hammer mill, Ball mill and Roll crusher",Sedimentation: Batch sedimentation. Kynch,6.40-N-Chemical-Engineering-Sem-III-IV.pdf,8,0,Insufficient signal,0.1697,0.0
"Hammer mill, Ball mill and Roll crusher",Gas solid separation equipment: Cyclone,6.40-N-Chemical-Engineering-Sem-III-IV.pdf,9,0,Insufficient signal,0.1824,0.0
"Hammer mill, Ball mill and Roll crusher",Storage of solids: Properties of particulate,6.40-N-Chemical-Engineering-Sem-III-IV.pdf,10,0,Insufficient signal,0.0791,0.0
"Hammer mill, Ball mill and Roll crusher","Conveying, of solids: Belt conveyer, bucket",6.40-N-Chemical-Engineering-Sem-III-IV.pdf,11,0,Insufficient signal,0.379,0.0
Solid mixing – Introduction to solid mixing,Mixing equipment for cohesive solids,6.40-N-Chemical-Engineering-Sem-III-IV.pdf,1,1,High sim=0.704 + delta=1,0.7036,0.125
Solid mixing – Introduction to solid mixing,Mixers for free flowing solids: Ribbon,6.40-N-Chemical-Engineering-Sem-III-IV.pdf,2,1,Foundational kw in A + sim=0.544 + delta=2,0.5437,0.0
Solid mixing – Introduction to solid mixing,Flow of a single fluid through a packed bed,6.40-N-Chemical-Engineering-Sem-III-IV.pdf,3,0,Insufficient signal,0.2667,0.0
Solid mixing – Introduction to solid mixing,Ergun’s equation,6.40-N-Chemical-Engineering-Sem-III-IV.pdf,4,0,Insufficient signal,0.0433,0.0
Solid mixing – Introduction to solid mixing,Fluidization: conditions for fluidization,6.40-N-Chemical-Engineering-Sem-III-IV.pdf,5,0,Insufficient signal,0.3326,0.0
Solid mixing – Introduction to solid mixing,Solid fluid,6.40-N-Chemical-Engineering-Sem-III-IV.pdf,6,1,Foundational kw in A + sim=0.492 + delta=6,0.492,0.2
Solid mixing – Introduction to solid mixing,Sedimentation: Batch sedimentation. Kynch,6.40-N-Chemical-Engineering-Sem-III-IV.pdf,7,0,Insufficient signal,0.2418,0.0
Solid mixing – Introduction to solid mixing,Gas solid separation equipment: Cyclone,6.40-N-Chemical-Engineering-Sem-III-IV.pdf,8,1,Foundational kw in A + sim=0.392 + delta=8,0.3921,0.125
Solid mixing – Introduction to solid mixing,Storage of solids: Properties of particulate,6.40-N-Chemical-Engineering-Sem-III-IV.pdf,9,0,Insufficient signal,0.4094,0.0
Solid mixing – Introduction to solid mixing,"Conveying, of solids: Belt conveyer, bucket",6.40-N-Chemical-Engineering-Sem-III-IV.pdf,10,0,Insufficient signal,0.2664,0.0
Mixing equipment for cohesive solids,Mixers for free flowing solids: Ribbon,6.40-N-Chemical-Engineering-Sem-III-IV.pdf,1,1,sim=0.578>=0.55 + delta=1<=5,0.5782,0.2222
Mixing equipment for cohesive solids,Flow of a single fluid through a packed bed,6.40-N-Chemical-Engineering-Sem-III-IV.pdf,2,0,Insufficient signal,0.2133,0.0
Mixing equipment for cohesive solids,Ergun’s equation,6.40-N-Chemical-Engineering-Sem-III-IV.pdf,3,0,Insufficient signal,-0.0442,0.0
Mixing equipment for cohesive solids,Fluidization: conditions for fluidization,6.40-N-Chemical-Engineering-Sem-III-IV.pdf,4,0,Insufficient signal,0.2461,0.1429
Mixing equipment for cohesive solids,Solid fluid,6.40-N-Chemical-Engineering-Sem-III-IV.pdf,5,0,Insufficient signal,0.3754,0.0
Mixing equipment for cohesive solids,Sedimentation: Batch sedimentation. Kynch,6.40-N-Chemical-Engineering-Sem-III-IV.pdf,6,0,Insufficient signal,0.1518,0.0
Mixing equipment for cohesive solids,Gas solid separation equipment: Cyclone,6.40-N-Chemical-Engineering-Sem-III-IV.pdf,7,0,Insufficient signal,0.4493,0.1111
Mixing equipment for cohesive solids,Storage of solids: Properties of particulate,6.40-N-Chemical-Engineering-Sem-III-IV.pdf,8,0,Insufficient signal,0.3968,0.1111
Mixing equipment for cohesive solids,"Conveying, of solids: Belt conveyer, bucket",6.40-N-Chemical-Engineering-Sem-III-IV.pdf,9,0,Insufficient signal,0.3905,0.1
Mixers for free flowing solids: Ribbon,Flow of a single fluid through a packed bed,6.40-N-Chemical-Engineering-Sem-III-IV.pdf,1,0,Insufficient signal,0.2954,0.0
Mixers for free flowing solids: Ribbon,Ergun’s equation,6.40-N-Chemical-Engineering-Sem-III-IV.pdf,2,0,Insufficient signal,0.0336,0.0
Mixers for free flowing solids: Ribbon,Fluidization: conditions for fluidization,6.40-N-Chemical-Engineering-Sem-III-IV.pdf,3,0,Insufficient signal,0.2854,0.125
Mixers for free flowing solids: Ribbon,Solid fluid,6.40-N-Chemical-Engineering-Sem-III-IV.pdf,4,0,Insufficient signal,0.3486,0.0
Mixers for free flowing solids: Ribbon,Sedimentation: Batch sedimentation. Kynch,6.40-N-Chemical-Engineering-Sem-III-IV.pdf,5,0,Insufficient signal,0.1048,0.0
Mixers for free flowing solids: Ribbon,Gas solid separation equipment: Cyclone,6.40-N-Chemical-Engineering-Sem-III-IV.pdf,6,0,Insufficient signal,0.3225,0.0
Mixers for free flowing solids: Ribbon,Storage of solids: Properties of particulate,6.40-N-Chemical-Engineering-Sem-III-IV.pdf,7,0,Insufficient signal,0.2664,0.1
Mixers for free flowing solids: Ribbon,"Conveying, of solids: Belt conveyer, bucket",6.40-N-Chemical-Engineering-Sem-III-IV.pdf,8,0,Insufficient signal,0.4427,0.0909
Flow of a single fluid through a packed bed,Ergun’s equation,6.40-N-Chemical-Engineering-Sem-III-IV.pdf,1,0,Insufficient signal,0.1774,0.0
Flow of a single fluid through a packed bed,Fluidization: conditions for fluidization,6.40-N-Chemical-Engineering-Sem-III-IV.pdf,2,1,Adjacent same-course topics: delta=2 + sim=0.448,0.4483,0.0
Flow of a single fluid through a packed bed,Solid fluid,6.40-N-Chemical-Engineering-Sem-III-IV.pdf,3,0,Insufficient signal,0.464,0.1111
Flow of a single fluid through a packed bed,Sedimentation: Batch sedimentation. Kynch,6.40-N-Chemical-Engineering-Sem-III-IV.pdf,4,0,Insufficient signal,0.1778,0.0
Flow of a single fluid through a packed bed,Gas solid separation equipment: Cyclone,6.40-N-Chemical-Engineering-Sem-III-IV.pdf,5,0,Insufficient signal,0.2954,0.0
Flow of a single fluid through a packed bed,Storage of solids: Properties of particulate,6.40-N-Chemical-Engineering-Sem-III-IV.pdf,6,0,Insufficient signal,0.1955,0.0833
Flow of a single fluid through a packed bed,"Conveying, of solids: Belt conveyer, bucket",6.40-N-Chemical-Engineering-Sem-III-IV.pdf,7,0,Insufficient signal,0.1858,0.0769
Ergun’s equation,Fluidization: conditions for fluidization,6.40-N-Chemical-Engineering-Sem-III-IV.pdf,1,0,Insufficient signal,0.1164,0.0
Ergun’s equation,Solid fluid,6.40-N-Chemical-Engineering-Sem-III-IV.pdf,2,0,Insufficient signal,0.1576,0.0
Ergun’s equation,Sedimentation: Batch sedimentation. Kynch,6.40-N-Chemical-Engineering-Sem-III-IV.pdf,3,0,Insufficient signal,0.0731,0.0
Ergun’s equation,Gas solid separation equipment: Cyclone,6.40-N-Chemical-Engineering-Sem-III-IV.pdf,4,0,Insufficient signal,-0.0013,0.0
Ergun’s equation,Storage of solids: Properties of particulate,6.40-N-Chemical-Engineering-Sem-III-IV.pdf,5,0,Insufficient signal,0.1034,0.0
Ergun’s equation,"Conveying, of solids: Belt conveyer, bucket",6.40-N-Chemical-Engineering-Sem-III-IV.pdf,6,0,Insufficient signal,0.1046,0.0
Fluidization: conditions for fluidization,Solid fluid,6.40-N-Chemical-Engineering-Sem-III-IV.pdf,1,1,Adjacent same-course topics: delta=1 + sim=0.489,0.4892,0.0
Fluidization: conditions for fluidization,Sedimentation: Batch sedimentation. Kynch,6.40-N-Chemical-Engineering-Sem-III-IV.pdf,2,0,Insufficient signal,0.2386,0.0
Fluidization: conditions for fluidization,Gas solid separation equipment: Cyclone,6.40-N-Chemical-Engineering-Sem-III-IV.pdf,3,0,Insufficient signal,0.2382,0.0
Fluidization: conditions for fluidization,Storage of solids: Properties of particulate,6.40-N-Chemical-Engineering-Sem-III-IV.pdf,4,0,Insufficient signal,0.2755,0.0
Fluidization: conditions for fluidization,"Conveying, of solids: Belt conveyer, bucket",6.40-N-Chemical-Engineering-Sem-III-IV.pdf,5,0,Insufficient signal,0.2264,0.0
Solid fluid,Sedimentation: Batch sedimentation. Kynch,6.40-N-Chemical-Engineering-Sem-III-IV.pdf,1,0,Insufficient signal,0.1672,0.0
Solid fluid,Gas solid separation equipment: Cyclone,6.40-N-Chemical-Engineering-Sem-III-IV.pdf,2,1,Adjacent same-course topics: delta=2 + sim=0.388,0.3876,0.1667
Solid fluid,Storage of solids: Properties of particulate,6.40-N-Chemical-Engineering-Sem-III-IV.pdf,3,0,Insufficient signal,0.4466,0.0
Solid fluid,"Conveying, of solids: Belt conveyer, bucket",6.40-N-Chemical-Engineering-Sem-III-IV.pdf,4,0,Insufficient signal,0.3577,0.0
Sedimentation: Batch sedimentation. Kynch,Gas solid separation equipment: Cyclone,6.40-N-Chemical-Engineering-Sem-III-IV.pdf,1,0,Insufficient signal,0.1367,0.0
Sedimentation: Batch sedimentation. Kynch,Storage of solids: Properties of particulate,6.40-N-Chemical-Engineering-Sem-III-IV.pdf,2,0,Insufficient signal,0.266,0.0
Sedimentation: Batch sedimentation. Kynch,"Conveying, of solids: Belt conveyer, bucket",6.40-N-Chemical-Engineering-Sem-III-IV.pdf,3,0,Insufficient signal,0.2904,0.0
Gas solid separation equipment: Cyclone,Storage of solids: Properties of particulate,6.40-N-Chemical-Engineering-Sem-III-IV.pdf,1,1,Adjacent same-course topics: delta=1 + sim=0.346,0.3463,0.0
Gas solid separation equipment: Cyclone,"Conveying, of solids: Belt conveyer, bucket",6.40-N-Chemical-Engineering-Sem-III-IV.pdf,2,0,Insufficient signal,0.2696,0.0
Storage of solids: Properties of particulate,"Conveying, of solids: Belt conveyer, bucket",6.40-N-Chemical-Engineering-Sem-III-IV.pdf,1,1,Adjacent same-course topics: delta=1 + sim=0.437,0.437,0.2222
Cayley-Hamilton,Linear Algebra (Theory of Matrices) verification and reduction of higher degree polynomials,6.41N-A-I-AI-DS-Sem-III-IV.pdf,1,1,Adjacent same-course topics: delta=1 + sim=0.318,0.318,0.0
Cayley-Hamilton,Similarity of matrices,6.41N-A-I-AI-DS-Sem-III-IV.pdf,2,0,Insufficient signal,0.2718,0.0
Cayley-Hamilton,Quadratic forms,6.41N-A-I-AI-DS-Sem-III-IV.pdf,3,0,Insufficient signal,0.1908,0.0
Cayley-Hamilton,Linear and Non-Linear Programming Problems,6.41N-A-I-AI-DS-Sem-III-IV.pdf,4,0,Insufficient signal,-0.0703,0.0
Cayley-Hamilton,Types of solutions,6.41N-A-I-AI-DS-Sem-III-IV.pdf,5,0,Insufficient signal,0.0693,0.0
Cayley-Hamilton,Standard and Canonical of LPP,6.41N-A-I-AI-DS-Sem-III-IV.pdf,6,0,Insufficient signal,0.1027,0.0
Cayley-Hamilton,Basic and Feasible solutions,6.41N-A-I-AI-DS-Sem-III-IV.pdf,7,0,Insufficient signal,0.0012,0.0
Cayley-Hamilton,Simplex method,6.41N-A-I-AI-DS-Sem-III-IV.pdf,8,0,Insufficient signal,0.0414,0.0
Cayley-Hamilton,Artificial variables,6.41N-A-I-AI-DS-Sem-III-IV.pdf,9,0,Insufficient signal,0.0767,0.0
Cayley-Hamilton,Kuhn-Tucker conditions,6.41N-A-I-AI-DS-Sem-III-IV.pdf,10,0,Insufficient signal,0.0109,0.0
Cayley-Hamilton,Introduction to Congruence,6.41N-A-I-AI-DS-Sem-III-IV.pdf,11,0,Insufficient signal,0.1471,0.0
Cayley-Hamilton,Linear congruence,6.41N-A-I-AI-DS-Sem-III-IV.pdf,12,0,Insufficient signal,0.2145,0.0
Cayley-Hamilton,Application of congruence-RSA algorithm,6.41N-A-I-AI-DS-Sem-III-IV.pdf,13,0,Insufficient signal,0.0894,0.0
Cayley-Hamilton,Dirichlet’s conditions,6.41N-A-I-AI-DS-Sem-III-IV.pdf,14,0,Insufficient signal,-0.0433,0.0
Linear Algebra (Theory of Matrices) verification and reduction of higher degree polynomials,Similarity of matrices,6.41N-A-I-AI-DS-Sem-III-IV.pdf,1,1,Foundational kw in A + sim=0.378 + delta=1,0.378,0.1667
Linear Algebra (Theory of Matrices) verification and reduction of higher degree polynomials,Quadratic forms,6.41N-A-I-AI-DS-Sem-III-IV.pdf,2,1,Adjacent same-course topics: delta=2 + sim=0.327,0.3275,0.0
Linear Algebra (Theory of Matrices) verification and reduction of higher degree polynomials,Linear and Non-Linear Programming Problems,6.41N-A-I-AI-DS-Sem-III-IV.pdf,3,0,Insufficient signal,0.2021,0.1429
Linear Algebra (Theory of Matrices) verification and reduction of higher degree polynomials,Types of solutions,6.41N-A-I-AI-DS-Sem-III-IV.pdf,4,0,Insufficient signal,0.0988,0.0769
Linear Algebra (Theory of Matrices) verification and reduction of higher degree polynomials,Standard and Canonical of LPP,6.41N-A-I-AI-DS-Sem-III-IV.pdf,5,0,Insufficient signal,0.1691,0.1429
Linear Algebra (Theory of Matrices) verification and reduction of higher degree polynomials,Basic and Feasible solutions,6.41N-A-I-AI-DS-Sem-III-IV.pdf,6,0,Insufficient signal,0.1148,0.0714
Linear Algebra (Theory of Matrices) verification and reduction of higher degree polynomials,Simplex method,6.41N-A-I-AI-DS-Sem-III-IV.pdf,7,0,Insufficient signal,0.1524,0.0
Linear Algebra (Theory of Matrices) verification and reduction of higher degree polynomials,Artificial variables,6.41N-A-I-AI-DS-Sem-III-IV.pdf,8,0,Insufficient signal,0.0919,0.0
Linear Algebra (Theory of Matrices) verification and reduction of higher degree polynomials,Kuhn-Tucker conditions,6.41N-A-I-AI-DS-Sem-III-IV.pdf,9,0,Insufficient signal,0.0756,0.0
Linear Algebra (Theory of Matrices) verification and reduction of higher degree polynomials,Introduction to Congruence,6.41N-A-I-AI-DS-Sem-III-IV.pdf,10,0,Insufficient signal,0.0743,0.0
Linear Algebra (Theory of Matrices) verification and reduction of higher degree polynomials,Linear congruence,6.41N-A-I-AI-DS-Sem-III-IV.pdf,11,0,Insufficient signal,0.2843,0.0833
Linear Algebra (Theory of Matrices) verification and reduction of higher degree polynomials,Application of congruence-RSA algorithm,6.41N-A-I-AI-DS-Sem-III-IV.pdf,12,0,Insufficient signal,0.1457,0.0667
Linear Algebra (Theory of Matrices) verification and reduction of higher degree polynomials,Dirichlet’s conditions,6.41N-A-I-AI-DS-Sem-III-IV.pdf,13,0,Insufficient signal,-0.0551,0.0
Linear Algebra (Theory of Matrices) verification and reduction of higher degree polynomials,Fourier series of periodic,6.41N-A-I-AI-DS-Sem-III-IV.pdf,14,0,Insufficient signal,0.0501,0.0714
Similarity of matrices,Quadratic forms,6.41N-A-I-AI-DS-Sem-III-IV.pdf,1,0,Insufficient signal,0.1835,0.0
Similarity of matrices,Linear and Non-Linear Programming Problems,6.41N-A-I-AI-DS-Sem-III-IV.pdf,2,0,Insufficient signal,0.0555,0.0
Similarity of matrices,Types of solutions,6.41N-A-I-AI-DS-Sem-III-IV.pdf,3,0,Insufficient signal,0.0718,0.2
Similarity of matrices,Standard and Canonical of LPP,6.41N-A-I-AI-DS-Sem-III-IV.pdf,4,0,Insufficient signal,0.0275,0.1429
Similarity of matrices,Basic and Feasible solutions,6.41N-A-I-AI-DS-Sem-III-IV.pdf,5,0,Insufficient signal,0.057,0.0
Similarity of matrices,Simplex method,6.41N-A-I-AI-DS-Sem-III-IV.pdf,6,0,Insufficient signal,0.0153,0.0
Similarity of matrices,Artificial variables,6.41N-A-I-AI-DS-Sem-III-IV.pdf,7,0,Insufficient signal,-0.0045,0.0
Similarity of matrices,Kuhn-Tucker conditions,6.41N-A-I-AI-DS-Sem-III-IV.pdf,8,0,Insufficient signal,0.0595,0.0
Similarity of matrices,Introduction to Congruence,6.41N-A-I-AI-DS-Sem-III-IV.pdf,9,0,Insufficient signal,0.0499,0.0
Similarity of matrices,Linear congruence,6.41N-A-I-AI-DS-Sem-III-IV.pdf,10,0,Insufficient signal,0.1671,0.0
Similarity of matrices,Application of congruence-RSA algorithm,6.41N-A-I-AI-DS-Sem-III-IV.pdf,11,0,Insufficient signal,0.0755,0.1429
Similarity of matrices,Dirichlet’s conditions,6.41N-A-I-AI-DS-Sem-III-IV.pdf,12,0,Insufficient signal,-0.0128,0.0
Similarity of matrices,Fourier series of periodic,6.41N-A-I-AI-DS-Sem-III-IV.pdf,13,0,Insufficient signal,0.0009,0.1667
Similarity of matrices,Fourier series of even and odd functions,6.41N-A-I-AI-DS-Sem-III-IV.pdf,14,0,Insufficient signal,-0.0637,0.1111
Quadratic forms,Linear and Non-Linear Programming Problems,6.41N-A-I-AI-DS-Sem-III-IV.pdf,1,0,Insufficient signal,0.161,0.0
Quadratic forms,Types of solutions,6.41N-A-I-AI-DS-Sem-III-IV.pdf,2,0,Insufficient signal,0.2615,0.0
Quadratic forms,Standard and Canonical of LPP,6.41N-A-I-AI-DS-Sem-III-IV.pdf,3,0,Insufficient signal,0.1094,0.0
Quadratic forms,Basic and Feasible solutions,6.41N-A-I-AI-DS-Sem-III-IV.pdf,4,0,Insufficient signal,0.226,0.0
Quadratic forms,Simplex method,6.41N-A-I-AI-DS-Sem-III-IV.pdf,5,0,Insufficient signal,0.1793,0.0
Quadratic forms,Artificial variables,6.41N-A-I-AI-DS-Sem-III-IV.pdf,6,0,Insufficient signal,0.1713,0.0
Quadratic forms,Kuhn-Tucker conditions,6.41N-A-I-AI-DS-Sem-III-IV.pdf,7,0,Insufficient signal,0.2002,0.0
Quadratic forms,Introduction to Congruence,6.41N-A-I-AI-DS-Sem-III-IV.pdf,8,0,Insufficient signal,0.2168,0.0
Quadratic forms,Linear congruence,6.41N-A-I-AI-DS-Sem-III-IV.pdf,9,0,Insufficient signal,0.2821,0.0
Quadratic forms,Application of congruence-RSA algorithm,6.41N-A-I-AI-DS-Sem-III-IV.pdf,10,0,Insufficient signal,0.1161,0.0
Quadratic forms,Dirichlet’s conditions,6.41N-A-I-AI-DS-Sem-III-IV.pdf,11,0,Insufficient signal,0.1331,0.0
Quadratic forms,Fourier series of periodic,6.41N-A-I-AI-DS-Sem-III-IV.pdf,12,0,Insufficient signal,0.0328,0.0
Quadratic forms,Fourier series of even and odd functions,6.41N-A-I-AI-DS-Sem-III-IV.pdf,13,0,Insufficient signal,0.0468,0.0
Quadratic forms,Complex form of Fourier Series,6.41N-A-I-AI-DS-Sem-III-IV.pdf,14,0,Insufficient signal,0.1998,0.0
Linear and Non-Linear Programming Problems,Types of solutions,6.41N-A-I-AI-DS-Sem-III-IV.pdf,1,0,Insufficient signal,0.2528,0.0
Linear and Non-Linear Programming Problems,Standard and Canonical of LPP,6.41N-A-I-AI-DS-Sem-III-IV.pdf,2,1,Insufficient signal,0.2497,0.1111
Linear and Non-Linear Programming Problems,Basic and Feasible solutions,6.41N-A-I-AI-DS-Sem-III-IV.pdf,3,1,sim=0.575>=0.55 + delta=3<=5,0.575,0.125
Linear and Non-Linear Programming Problems,Simplex method,6.41N-A-I-AI-DS-Sem-III-IV.pdf,4,0,Insufficient signal,0.2234,0.0
Linear and Non-Linear Programming Problems,Artificial variables,6.41N-A-I-AI-DS-Sem-III-IV.pdf,5,0,Insufficient signal,0.3948,0.0
Linear and Non-Linear Programming Problems,Kuhn-Tucker conditions,6.41N-A-I-AI-DS-Sem-III-IV.pdf,6,0,Insufficient signal,0.2473,0.0
Linear and Non-Linear Programming Problems,Introduction to Congruence,6.41N-A-I-AI-DS-Sem-III-IV.pdf,7,0,Insufficient signal,-0.0405,0.0
Linear and Non-Linear Programming Problems,Linear congruence,6.41N-A-I-AI-DS-Sem-III-IV.pdf,8,0,Insufficient signal,0.1338,0.1667
Linear and Non-Linear Programming Problems,Application of congruence-RSA algorithm,6.41N-A-I-AI-DS-Sem-III-IV.pdf,9,0,Insufficient signal,0.0412,0.0
Linear and Non-Linear Programming Problems,Dirichlet’s conditions,6.41N-A-I-AI-DS-Sem-III-IV.pdf,10,0,Insufficient signal,0.0428,0.0
Linear and Non-Linear Programming Problems,Fourier series of periodic,6.41N-A-I-AI-DS-Sem-III-IV.pdf,11,0,Insufficient signal,-0.127,0.0
Linear and Non-Linear Programming Problems,Fourier series of even and odd functions,6.41N-A-I-AI-DS-Sem-III-IV.pdf,12,0,Insufficient signal,-0.0229,0.0909
Linear and Non-Linear Programming Problems,Complex form of Fourier Series,6.41N-A-I-AI-DS-Sem-III-IV.pdf,13,0,Insufficient signal,-0.13,0.0
Linear and Non-Linear Programming Problems,Lines of regression,6.41N-A-I-AI-DS-Sem-III-IV.pdf,14,0,Insufficient signal,0.2796,0.0
Types of solutions,Standard and Canonical of LPP,6.41N-A-I-AI-DS-Sem-III-IV.pdf,1,0,Insufficient signal,0.1217,0.1429
Types of solutions,Basic and Feasible solutions,6.41N-A-I-AI-DS-Sem-III-IV.pdf,2,1,Foundational kw in A + sim=0.479 + delta=2,0.479,0.1667
Types of solutions,Simplex method,6.41N-A-I-AI-DS-Sem-III-IV.pdf,3,0,Insufficient signal,0.1297,0.0
Types of solutions,Artificial variables,6.41N-A-I-AI-DS-Sem-III-IV.pdf,4,1,Insufficient signal,0.2761,0.0
Types of solutions,Kuhn-Tucker conditions,6.41N-A-I-AI-DS-Sem-III-IV.pdf,5,0,Insufficient signal,0.1889,0.0
Types of solutions,Introduction to Congruence,6.41N-A-I-AI-DS-Sem-III-IV.pdf,6,0,Insufficient signal,0.0776,0.0
Types of solutions,Linear congruence,6.41N-A-I-AI-DS-Sem-III-IV.pdf,7,0,Insufficient signal,0.1037,0.0
Types of solutions,Application of congruence-RSA algorithm,6.41N-A-I-AI-DS-Sem-III-IV.pdf,8,0,Insufficient signal,0.0485,0.1429
Types of solutions,Dirichlet’s conditions,6.41N-A-I-AI-DS-Sem-III-IV.pdf,9,0,Insufficient signal,0.1982,0.0
Types of solutions,Fourier series of periodic,6.41N-A-I-AI-DS-Sem-III-IV.pdf,10,0,Insufficient signal,0.0109,0.1667
Types of solutions,Fourier series of even and odd functions,6.41N-A-I-AI-DS-Sem-III-IV.pdf,11,0,Insufficient signal,0.0343,0.1111
Types of solutions,Complex form of Fourier Series,6.41N-A-I-AI-DS-Sem-III-IV.pdf,12,0,Insufficient signal,0.0521,0.1429
Types of solutions,Lines of regression,6.41N-A-I-AI-DS-Sem-III-IV.pdf,13,0,Insufficient signal,0.1037,0.2
Types of solutions,Moment generating function,6.41N-A-I-AI-DS-Sem-III-IV.pdf,14,0,Insufficient signal,0.0109,0.0
Standard and Canonical of LPP,Basic and Feasible solutions,6.41N-A-I-AI-DS-Sem-III-IV.pdf,1,1,Insufficient signal,0.224,0.125
Standard and Canonical of LPP,Simplex method,6.41N-A-I-AI-DS-Sem-III-IV.pdf,2,0,Insufficient signal,0.1656,0.0
Standard and Canonical of LPP,Artificial variables,6.41N-A-I-AI-DS-Sem-III-IV.pdf,3,0,Insufficient signal,0.1601,0.0
Standard and Canonical of LPP,Kuhn-Tucker conditions,6.41N-A-I-AI-DS-Sem-III-IV.pdf,4,0,Insufficient signal,0.0818,0.0
Standard and Canonical of LPP,Introduction to Congruence,6.41N-A-I-AI-DS-Sem-III-IV.pdf,5,0,Insufficient signal,0.0827,0.0
Standard and Canonical of LPP,Linear congruence,6.41N-A-I-AI-DS-Sem-III-IV.pdf,6,0,Insufficient signal,0.1686,0.0
Standard and Canonical of LPP,Application of congruence-RSA algorithm,6.41N-A-I-AI-DS-Sem-III-IV.pdf,7,0,Insufficient signal,0.0824,0.1111
Standard and Canonical of LPP,Dirichlet’s conditions,6.41N-A-I-AI-DS-Sem-III-IV.pdf,8,0,Insufficient signal,0.0865,0.0
Standard and Canonical of LPP,Fourier series of periodic,6.41N-A-I-AI-DS-Sem-III-IV.pdf,9,0,Insufficient signal,-0.0222,0.125
Standard and Canonical of LPP,Fourier series of even and odd functions,6.41N-A-I-AI-DS-Sem-III-IV.pdf,10,0,Insufficient signal,0.0379,0.2
Standard and Canonical of LPP,Complex form of Fourier Series,6.41N-A-I-AI-DS-Sem-III-IV.pdf,11,0,Insufficient signal,0.0169,0.1111
Standard and Canonical of LPP,Lines of regression,6.41N-A-I-AI-DS-Sem-III-IV.pdf,12,0,Insufficient signal,0.1162,0.1429
Standard and Canonical of LPP,Moment generating function,6.41N-A-I-AI-DS-Sem-III-IV.pdf,13,0,Insufficient signal,0.0601,0.0
Standard and Canonical of LPP,Raw moments,6.41N-A-I-AI-DS-Sem-III-IV.pdf,14,0,Insufficient signal,0.0491,0.0
Basic and Feasible solutions,Simplex method,6.41N-A-I-AI-DS-Sem-III-IV.pdf,1,1,Adjacent same-course topics: delta=1 + sim=0.330,0.33,0.0
Basic and Feasible solutions,Artificial variables,6.41N-A-I-AI-DS-Sem-III-IV.pdf,2,1,Foundational kw in A + sim=0.427 + delta=2,0.4269,0.0
Basic and Feasible solutions,Kuhn-Tucker conditions,6.41N-A-I-AI-DS-Sem-III-IV.pdf,3,1,Insufficient signal,0.2568,0.0
Basic and Feasible solutions,Introduction to Congruence,6.41N-A-I-AI-DS-Sem-III-IV.pdf,4,0,Insufficient signal,0.1335,0.0
Basic and Feasible solutions,Linear congruence,6.41N-A-I-AI-DS-Sem-III-IV.pdf,5,0,Insufficient signal,0.1608,0.0
Basic and Feasible solutions,Application of congruence-RSA algorithm,6.41N-A-I-AI-DS-Sem-III-IV.pdf,6,0,Insufficient signal,0.1536,0.0
Basic and Feasible solutions,Dirichlet’s conditions,6.41N-A-I-AI-DS-Sem-III-IV.pdf,7,0,Insufficient signal,0.143,0.0
Basic and Feasible solutions,Fourier series of periodic,6.41N-A-I-AI-DS-Sem-III-IV.pdf,8,0,Insufficient signal,-0.0731,0.0
Basic and Feasible solutions,Fourier series of even and odd functions,6.41N-A-I-AI-DS-Sem-III-IV.pdf,9,0,Insufficient signal,-0.0582,0.1
Basic and Feasible solutions,Complex form of Fourier Series,6.41N-A-I-AI-DS-Sem-III-IV.pdf,10,0,Insufficient signal,-0.0442,0.0
Basic and Feasible solutions,Lines of regression,6.41N-A-I-AI-DS-Sem-III-IV.pdf,11,0,Insufficient signal,0.1566,0.0
Basic and Feasible solutions,Moment generating function,6.41N-A-I-AI-DS-Sem-III-IV.pdf,12,0,Insufficient signal,0.0337,0.0
Basic and Feasible solutions,Raw moments,6.41N-A-I-AI-DS-Sem-III-IV.pdf,13,0,Insufficient signal,0.0636,0.0
Simplex method,Artificial variables,6.41N-A-I-AI-DS-Sem-III-IV.pdf,1,1,Insufficient signal,0.267,0.0
Simplex method,Kuhn-Tucker conditions,6.41N-A-I-AI-DS-Sem-III-IV.pdf,2,0,Insufficient signal,0.0561,0.0
Simplex method,Introduction to Congruence,6.41N-A-I-AI-DS-Sem-III-IV.pdf,3,0,Insufficient signal,0.0279,0.0
Simplex method,Linear congruence,6.41N-A-I-AI-DS-Sem-III-IV.pdf,4,0,Insufficient signal,0.1412,0.0
Simplex method,Application of congruence-RSA algorithm,6.41N-A-I-AI-DS-Sem-III-IV.pdf,5,0,Insufficient signal,0.155,0.0
Simplex method,Dirichlet’s conditions,6.41N-A-I-AI-DS-Sem-III-IV.pdf,6,0,Insufficient signal,-0.0792,0.0
Simplex method,Fourier series of periodic,6.41N-A-I-AI-DS-Sem-III-IV.pdf,7,0,Insufficient signal,0.0877,0.0
Simplex method,Fourier series of even and odd functions,6.41N-A-I-AI-DS-Sem-III-IV.pdf,8,0,Insufficient signal,0.1592,0.0
Simplex method,Complex form of Fourier Series,6.41N-A-I-AI-DS-Sem-III-IV.pdf,9,0,Insufficient signal,0.0717,0.0
Simplex method,Lines of regression,6.41N-A-I-AI-DS-Sem-III-IV.pdf,10,0,Insufficient signal,0.1042,0.0
Simplex method,Moment generating function,6.41N-A-I-AI-DS-Sem-III-IV.pdf,11,0,Insufficient signal,0.096,0.0
Simplex method,Raw moments,6.41N-A-I-AI-DS-Sem-III-IV.pdf,12,0,Insufficient signal,0.0617,0.0
Artificial variables,Kuhn-Tucker conditions,6.41N-A-I-AI-DS-Sem-III-IV.pdf,1,1,Insufficient signal,0.208,0.0
Artificial variables,Introduction to Congruence,6.41N-A-I-AI-DS-Sem-III-IV.pdf,2,0,Insufficient signal,0.0703,0.0
Artificial variables,Linear congruence,6.41N-A-I-AI-DS-Sem-III-IV.pdf,3,0,Insufficient signal,0.0242,0.0
Artificial variables,Application of congruence-RSA algorithm,6.41N-A-I-AI-DS-Sem-III-IV.pdf,4,0,Insufficient signal,0.1005,0.0
Artificial variables,Dirichlet’s conditions,6.41N-A-I-AI-DS-Sem-III-IV.pdf,5,0,Insufficient signal,0.0852,0.0
Artificial variables,Fourier series of periodic,6.41N-A-I-AI-DS-Sem-III-IV.pdf,6,0,Insufficient signal,-0.0556,0.0
Artificial variables,Fourier series of even and odd functions,6.41N-A-I-AI-DS-Sem-III-IV.pdf,7,0,Insufficient signal,-0.0434,0.0
Artificial variables,Complex form of Fourier Series,6.41N-A-I-AI-DS-Sem-III-IV.pdf,8,0,Insufficient signal,0.0469,0.0
Artificial variables,Lines of regression,6.41N-A-I-AI-DS-Sem-III-IV.pdf,9,0,Insufficient signal,0.3424,0.0
Artificial variables,Moment generating function,6.41N-A-I-AI-DS-Sem-III-IV.pdf,10,0,Insufficient signal,0.1467,0.0
Artificial variables,Raw moments,6.41N-A-I-AI-DS-Sem-III-IV.pdf,11,0,Insufficient signal,0.121,0.0
Kuhn-Tucker conditions,Introduction to Congruence,6.41N-A-I-AI-DS-Sem-III-IV.pdf,1,0,Insufficient signal,0.0039,0.0
Kuhn-Tucker conditions,Linear congruence,6.41N-A-I-AI-DS-Sem-III-IV.pdf,2,0,Insufficient signal,-0.0388,0.0
Kuhn-Tucker conditions,Application of congruence-RSA algorithm,6.41N-A-I-AI-DS-Sem-III-IV.pdf,3,0,Insufficient signal,-0.0484,0.0
Kuhn-Tucker conditions,Dirichlet’s conditions,6.41N-A-I-AI-DS-Sem-III-IV.pdf,4,0,Insufficient signal,0.4166,0.2
Kuhn-Tucker conditions,Fourier series of periodic,6.41N-A-I-AI-DS-Sem-III-IV.pdf,5,0,Insufficient signal,-0.0291,0.0
Kuhn-Tucker conditions,Fourier series of even and odd functions,6.41N-A-I-AI-DS-Sem-III-IV.pdf,6,0,Insufficient signal,0.0022,0.0
Kuhn-Tucker conditions,Complex form of Fourier Series,6.41N-A-I-AI-DS-Sem-III-IV.pdf,7,0,Insufficient signal,0.057,0.0
Kuhn-Tucker conditions,Lines of regression,6.41N-A-I-AI-DS-Sem-III-IV.pdf,8,0,Insufficient signal,0.0916,0.0
Kuhn-Tucker conditions,Moment generating function,6.41N-A-I-AI-DS-Sem-III-IV.pdf,9,0,Insufficient signal,0.0264,0.0
Kuhn-Tucker conditions,Raw moments,6.41N-A-I-AI-DS-Sem-III-IV.pdf,10,0,Insufficient signal,0.1,0.0
Introduction to Congruence,Linear congruence,6.41N-A-I-AI-DS-Sem-III-IV.pdf,1,1,High sim=0.678 + delta=1,0.6781,0.25
Introduction to Congruence,Application of congruence-RSA algorithm,6.41N-A-I-AI-DS-Sem-III-IV.pdf,2,1,High sim=0.688 + delta=2,0.6881,0.1429
Introduction to Congruence,Dirichlet’s conditions,6.41N-A-I-AI-DS-Sem-III-IV.pdf,3,0,Insufficient signal,0.1547,0.0
Introduction to Congruence,Fourier series of periodic,6.41N-A-I-AI-DS-Sem-III-IV.pdf,4,0,Insufficient signal,0.1555,0.0
Introduction to Congruence,Fourier series of even and odd functions,6.41N-A-I-AI-DS-Sem-III-IV.pdf,5,0,Insufficient signal,0.0929,0.0
Introduction to Congruence,Complex form of Fourier Series,6.41N-A-I-AI-DS-Sem-III-IV.pdf,6,0,Insufficient signal,0.0916,0.0
Introduction to Congruence,Lines of regression,6.41N-A-I-AI-DS-Sem-III-IV.pdf,7,0,Insufficient signal,0.0511,0.0
Introduction to Congruence,Moment generating function,6.41N-A-I-AI-DS-Sem-III-IV.pdf,8,0,Insufficient signal,0.0546,0.0
Introduction to Congruence,Raw moments,6.41N-A-I-AI-DS-Sem-III-IV.pdf,9,0,Insufficient signal,0.0832,0.0
Linear congruence,Application of congruence-RSA algorithm,6.41N-A-I-AI-DS-Sem-III-IV.pdf,1,1,sim=0.579>=0.55 + delta=1<=5,0.5786,0.1667
Linear congruence,Dirichlet’s conditions,6.41N-A-I-AI-DS-Sem-III-IV.pdf,2,0,Insufficient signal,0.027,0.0
Linear congruence,Fourier series of periodic,6.41N-A-I-AI-DS-Sem-III-IV.pdf,3,0,Insufficient signal,0.1968,0.0
Linear congruence,Fourier series of even and odd functions,6.41N-A-I-AI-DS-Sem-III-IV.pdf,4,0,Insufficient signal,0.0794,0.0
Linear congruence,Complex form of Fourier Series,6.41N-A-I-AI-DS-Sem-III-IV.pdf,5,0,Insufficient signal,0.0738,0.0
Linear congruence,Lines of regression,6.41N-A-I-AI-DS-Sem-III-IV.pdf,6,0,Insufficient signal,0.129,0.0
Linear congruence,Moment generating function,6.41N-A-I-AI-DS-Sem-III-IV.pdf,7,0,Insufficient signal,0.0302,0.0
Linear congruence,Raw moments,6.41N-A-I-AI-DS-Sem-III-IV.pdf,8,0,Insufficient signal,-0.0164,0.0
Application of congruence-RSA algorithm,Dirichlet’s conditions,6.41N-A-I-AI-DS-Sem-III-IV.pdf,1,0,Insufficient signal,0.0264,0.0
Application of congruence-RSA algorithm,Fourier series of periodic,6.41N-A-I-AI-DS-Sem-III-IV.pdf,2,0,Insufficient signal,0.1624,0.125
Application of congruence-RSA algorithm,Fourier series of even and odd functions,6.41N-A-I-AI-DS-Sem-III-IV.pdf,3,0,Insufficient signal,0.0774,0.0909
Application of congruence-RSA algorithm,Complex form of Fourier Series,6.41N-A-I-AI-DS-Sem-III-IV.pdf,4,0,Insufficient signal,0.1121,0.1111
Application of congruence-RSA algorithm,Lines of regression,6.41N-A-I-AI-DS-Sem-III-IV.pdf,5,0,Insufficient signal,0.0278,0.1429
Application of congruence-RSA algorithm,Moment generating function,6.41N-A-I-AI-DS-Sem-III-IV.pdf,6,0,Insufficient signal,0.1798,0.0
Application of congruence-RSA algorithm,Raw moments,6.41N-A-I-AI-DS-Sem-III-IV.pdf,7,0,Insufficient signal,0.0321,0.0
Dirichlet’s conditions,Fourier series of periodic,6.41N-A-I-AI-DS-Sem-III-IV.pdf,1,0,Insufficient signal,0.1715,0.0
Dirichlet’s conditions,Fourier series of even and odd functions,6.41N-A-I-AI-DS-Sem-III-IV.pdf,2,0,Insufficient signal,0.1507,0.0
Dirichlet’s conditions,Complex form of Fourier Series,6.41N-A-I-AI-DS-Sem-III-IV.pdf,3,0,Insufficient signal,0.1255,0.0
Dirichlet’s conditions,Lines of regression,6.41N-A-I-AI-DS-Sem-III-IV.pdf,4,0,Insufficient signal,0.0011,0.0
Dirichlet’s conditions,Moment generating function,6.41N-A-I-AI-DS-Sem-III-IV.pdf,5,0,Insufficient signal,-0.0091,0.0
Dirichlet’s conditions,Raw moments,6.41N-A-I-AI-DS-Sem-III-IV.pdf,6,0,Insufficient signal,0.1015,0.0
Fourier series of periodic,Fourier series of even and odd functions,6.41N-A-I-AI-DS-Sem-III-IV.pdf,1,1,High sim=0.702 + delta=1,0.7024,0.375
Fourier series of periodic,Complex form of Fourier Series,6.41N-A-I-AI-DS-Sem-III-IV.pdf,2,1,High sim=0.734 + delta=2,0.7343,0.5
Fourier series of periodic,Lines of regression,6.41N-A-I-AI-DS-Sem-III-IV.pdf,3,0,Insufficient signal,-0.0031,0.1667
Fourier series of periodic,Moment generating function,6.41N-A-I-AI-DS-Sem-III-IV.pdf,4,0,Insufficient signal,0.1743,0.0
Fourier series of periodic,Raw moments,6.41N-A-I-AI-DS-Sem-III-IV.pdf,5,0,Insufficient signal,-0.0189,0.0
Fourier series of even and odd functions,Complex form of Fourier Series,6.41N-A-I-AI-DS-Sem-III-IV.pdf,1,1,High sim=0.631 + delta=1,0.6314,0.3333
Fourier series of even and odd functions,Lines of regression,6.41N-A-I-AI-DS-Sem-III-IV.pdf,2,0,Insufficient signal,-0.005,0.1111
Fourier series of even and odd functions,Moment generating function,6.41N-A-I-AI-DS-Sem-III-IV.pdf,3,0,Insufficient signal,0.1755,0.0
Fourier series of even and odd functions,Raw moments,6.41N-A-I-AI-DS-Sem-III-IV.pdf,4,0,Insufficient signal,0.0454,0.0
Complex form of Fourier Series,Lines of regression,6.41N-A-I-AI-DS-Sem-III-IV.pdf,1,0,Insufficient signal,0.0088,0.1429
Complex form of Fourier Series,Moment generating function,6.41N-A-I-AI-DS-Sem-III-IV.pdf,2,0,Insufficient signal,0.2589,0.0
Complex form of Fourier Series,Raw moments,6.41N-A-I-AI-DS-Sem-III-IV.pdf,3,0,Insufficient signal,0.0211,0.0
Lines of regression,Moment generating function,6.41N-A-I-AI-DS-Sem-III-IV.pdf,1,0,Insufficient signal,0.0172,0.0
Lines of regression,Raw moments,6.41N-A-I-AI-DS-Sem-III-IV.pdf,2,0,Insufficient signal,0.0828,0.0
Moment generating function,Raw moments,6.41N-A-I-AI-DS-Sem-III-IV.pdf,1,1,Adjacent same-course topics: delta=1 + sim=0.410,0.4099,0.0
Regular operations,Arden's theorem,6.41N-A-I-AI-DS-Sem-III-IV.pdf,1,0,Insufficient signal,0.2053,0.0
Regular operations,Decision properties of RLs,6.41N-A-I-AI-DS-Sem-III-IV.pdf,2,0,Insufficient signal,0.1942,0.0
Regular operations,Pumping lemma,6.41N-A-I-AI-DS-Sem-III-IV.pdf,3,0,Insufficient signal,0.1283,0.0
Regular operations,RE in text search and replace,6.41N-A-I-AI-DS-Sem-III-IV.pdf,4,0,Insufficient signal,0.178,0.0
Regular operations,Application of Regular,6.41N-A-I-AI-DS-Sem-III-IV.pdf,5,1,High sim=0.687 + delta=5,0.6872,0.25
Regular operations,Languages in Compiler Design,6.41N-A-I-AI-DS-Sem-III-IV.pdf,6,0,Insufficient signal,0.2045,0.0
Regular operations,Nondeterministic Finite Automata (NFA): Definitions,6.41N-A-I-AI-DS-Sem-III-IV.pdf,7,0,Insufficient signal,0.2046,0.0
Regular operations,Equivalence between NFA with and ϵ- transitions,6.41N-A-I-AI-DS-Sem-III-IV.pdf,8,0,Insufficient signal,0.0974,0.0
Regular operations,Minimization of DFA,6.41N-A-I-AI-DS-Sem-III-IV.pdf,9,0,Insufficient signal,0.2333,0.0
Arden's theorem,Decision properties of RLs,6.41N-A-I-AI-DS-Sem-III-IV.pdf,1,0,Insufficient signal,0.0956,0.0
Arden's theorem,Pumping lemma,6.41N-A-I-AI-DS-Sem-III-IV.pdf,2,1,Adjacent same-course topics: delta=2 + sim=0.311,0.3108,0.0
Arden's theorem,RE in text search and replace,6.41N-A-I-AI-DS-Sem-III-IV.pdf,3,0,Insufficient signal,0.0297,0.0
Arden's theorem,Application of Regular,6.41N-A-I-AI-DS-Sem-III-IV.pdf,4,0,Insufficient signal,0.2475,0.0
Arden's theorem,Languages in Compiler Design,6.41N-A-I-AI-DS-Sem-III-IV.pdf,5,0,Insufficient signal,0.0519,0.0
Arden's theorem,Nondeterministic Finite Automata (NFA): Definitions,6.41N-A-I-AI-DS-Sem-III-IV.pdf,6,0,Insufficient signal,0.074,0.0
Arden's theorem,Equivalence between NFA with and ϵ- transitions,6.41N-A-I-AI-DS-Sem-III-IV.pdf,7,0,Insufficient signal,0.1255,0.0
Arden's theorem,Minimization of DFA,6.41N-A-I-AI-DS-Sem-III-IV.pdf,8,0,Insufficient signal,0.0896,0.0
Decision properties of RLs,Pumping lemma,6.41N-A-I-AI-DS-Sem-III-IV.pdf,1,0,Insufficient signal,0.0197,0.0
Decision properties of RLs,RE in text search and replace,6.41N-A-I-AI-DS-Sem-III-IV.pdf,2,0,Insufficient signal,0.032,0.0
Decision properties of RLs,Application of Regular,6.41N-A-I-AI-DS-Sem-III-IV.pdf,3,0,Insufficient signal,0.1588,0.1667
Decision properties of RLs,Languages in Compiler Design,6.41N-A-I-AI-DS-Sem-III-IV.pdf,4,0,Insufficient signal,0.1739,0.0
Decision properties of RLs,Nondeterministic Finite Automata (NFA): Definitions,6.41N-A-I-AI-DS-Sem-III-IV.pdf,5,0,Insufficient signal,0.2488,0.0
Decision properties of RLs,Equivalence between NFA with and ϵ- transitions,6.41N-A-I-AI-DS-Sem-III-IV.pdf,6,0,Insufficient signal,0.1531,0.0
Decision properties of RLs,Minimization of DFA,6.41N-A-I-AI-DS-Sem-III-IV.pdf,7,0,Insufficient signal,0.1913,0.1667
Pumping lemma,RE in text search and replace,6.41N-A-I-AI-DS-Sem-III-IV.pdf,1,0,Insufficient signal,0.1683,0.0
Pumping lemma,Application of Regular,6.41N-A-I-AI-DS-Sem-III-IV.pdf,2,0,Insufficient signal,0.2143,0.0
Pumping lemma,Languages in Compiler Design,6.41N-A-I-AI-DS-Sem-III-IV.pdf,3,0,Insufficient signal,0.2239,0.0
Pumping lemma,Nondeterministic Finite Automata (NFA): Definitions,6.41N-A-I-AI-DS-Sem-III-IV.pdf,4,0,Insufficient signal,0.1155,0.0
Pumping lemma,Equivalence between NFA with and ϵ- transitions,6.41N-A-I-AI-DS-Sem-III-IV.pdf,5,0,Insufficient signal,0.1623,0.0
Pumping lemma,Minimization of DFA,6.41N-A-I-AI-DS-Sem-III-IV.pdf,6,0,Insufficient signal,0.1527,0.0
RE in text search and replace,Application of Regular,6.41N-A-I-AI-DS-Sem-III-IV.pdf,1,0,Insufficient signal,0.1369,0.0
RE in text search and replace,Languages in Compiler Design,6.41N-A-I-AI-DS-Sem-III-IV.pdf,2,0,Insufficient signal,0.0087,0.1111
RE in text search and replace,Nondeterministic Finite Automata (NFA): Definitions,6.41N-A-I-AI-DS-Sem-III-IV.pdf,3,0,Insufficient signal,0.0547,0.0
RE in text search and replace,Equivalence between NFA with and ϵ- transitions,6.41N-A-I-AI-DS-Sem-III-IV.pdf,4,0,Insufficient signal,0.0344,0.0833
RE in text search and replace,Minimization of DFA,6.41N-A-I-AI-DS-Sem-III-IV.pdf,5,0,Insufficient signal,0.056,0.0
Application of Regular,Languages in Compiler Design,6.41N-A-I-AI-DS-Sem-III-IV.pdf,1,0,Insufficient signal,0.127,0.0
Application of Regular,Nondeterministic Finite Automata (NFA): Definitions,6.41N-A-I-AI-DS-Sem-III-IV.pdf,2,0,Insufficient signal,0.2048,0.0
Application of Regular,Equivalence between NFA with and ϵ- transitions,6.41N-A-I-AI-DS-Sem-III-IV.pdf,3,0,Insufficient signal,0.1411,0.0
Application of Regular,Minimization of DFA,6.41N-A-I-AI-DS-Sem-III-IV.pdf,4,0,Insufficient signal,0.289,0.2
Languages in Compiler Design,Nondeterministic Finite Automata (NFA): Definitions,6.41N-A-I-AI-DS-Sem-III-IV.pdf,1,0,Insufficient signal,0.2147,0.0
Languages in Compiler Design,Equivalence between NFA with and ϵ- transitions,6.41N-A-I-AI-DS-Sem-III-IV.pdf,2,0,Insufficient signal,0.1073,0.0
Languages in Compiler Design,Minimization of DFA,6.41N-A-I-AI-DS-Sem-III-IV.pdf,3,0,Insufficient signal,0.146,0.0
Nondeterministic Finite Automata (NFA): Definitions,Equivalence between NFA with and ϵ- transitions,6.41N-A-I-AI-DS-Sem-III-IV.pdf,1,1,sim=0.590>=0.55 + delta=1<=5,0.5904,0.0909
Nondeterministic Finite Automata (NFA): Definitions,Minimization of DFA,6.41N-A-I-AI-DS-Sem-III-IV.pdf,2,1,Adjacent same-course topics: delta=2 + sim=0.516,0.5158,0.0
Equivalence between NFA with and ϵ- transitions,Minimization of DFA,6.41N-A-I-AI-DS-Sem-III-IV.pdf,1,1,Adjacent same-course topics: delta=1 + sim=0.419,0.4193,0.0
Cayley-Hamilton,Linear Algebra (Theory of Matrices) verification and reduction of higher degree polynomials,6.21-N-B.E.-AI-ML-sem-III-IV.pdf,1,1,Adjacent same-course topics: delta=1 + sim=0.318,0.318,0.0
Cayley-Hamilton,Similarity of matrices,6.21-N-B.E.-AI-ML-sem-III-IV.pdf,2,0,Insufficient signal,0.2718,0.0
Cayley-Hamilton,Quadratic forms,6.21-N-B.E.-AI-ML-sem-III-IV.pdf,3,0,Insufficient signal,0.1908,0.0
Cayley-Hamilton,Linear and Non-Linear Programming Problems,6.21-N-B.E.-AI-ML-sem-III-IV.pdf,4,0,Insufficient signal,-0.0703,0.0
Cayley-Hamilton,Types of solutions,6.21-N-B.E.-AI-ML-sem-III-IV.pdf,5,0,Insufficient signal,0.0693,0.0
Cayley-Hamilton,Standard and Canonical of LPP,6.21-N-B.E.-AI-ML-sem-III-IV.pdf,6,0,Insufficient signal,0.1027,0.0
Cayley-Hamilton,Basic and Feasible solutions,6.21-N-B.E.-AI-ML-sem-III-IV.pdf,7,0,Insufficient signal,0.0012,0.0
Cayley-Hamilton,Simplex method,6.21-N-B.E.-AI-ML-sem-III-IV.pdf,8,0,Insufficient signal,0.0414,0.0
Cayley-Hamilton,Artificial variables,6.21-N-B.E.-AI-ML-sem-III-IV.pdf,9,0,Insufficient signal,0.0767,0.0
Cayley-Hamilton,Kuhn-Tucker conditions,6.21-N-B.E.-AI-ML-sem-III-IV.pdf,10,0,Insufficient signal,0.0109,0.0
Cayley-Hamilton,Introduction to Congruence,6.21-N-B.E.-AI-ML-sem-III-IV.pdf,11,0,Insufficient signal,0.1471,0.0
Cayley-Hamilton,Linear congruence,6.21-N-B.E.-AI-ML-sem-III-IV.pdf,12,0,Insufficient signal,0.2145,0.0
Cayley-Hamilton,Application of congruence-RSA algorithm,6.21-N-B.E.-AI-ML-sem-III-IV.pdf,13,0,Insufficient signal,0.0894,0.0
Cayley-Hamilton,Dirichlet’s conditions,6.21-N-B.E.-AI-ML-sem-III-IV.pdf,14,0,Insufficient signal,-0.0433,0.0
Linear Algebra (Theory of Matrices) verification and reduction of higher degree polynomials,Similarity of matrices,6.21-N-B.E.-AI-ML-sem-III-IV.pdf,1,1,Foundational kw in A + sim=0.378 + delta=1,0.378,0.1667
Linear Algebra (Theory of Matrices) verification and reduction of higher degree polynomials,Quadratic forms,6.21-N-B.E.-AI-ML-sem-III-IV.pdf,2,1,Adjacent same-course topics: delta=2 + sim=0.327,0.3275,0.0
Linear Algebra (Theory of Matrices) verification and reduction of higher degree polynomials,Linear and Non-Linear Programming Problems,6.21-N-B.E.-AI-ML-sem-III-IV.pdf,3,0,Insufficient signal,0.2021,0.1429
Linear Algebra (Theory of Matrices) verification and reduction of higher degree polynomials,Types of solutions,6.21-N-B.E.-AI-ML-sem-III-IV.pdf,4,0,Insufficient signal,0.0988,0.0769
Linear Algebra (Theory of Matrices) verification and reduction of higher degree polynomials,Standard and Canonical of LPP,6.21-N-B.E.-AI-ML-sem-III-IV.pdf,5,0,Insufficient signal,0.1691,0.1429
Linear Algebra (Theory of Matrices) verification and reduction of higher degree polynomials,Basic and Feasible solutions,6.21-N-B.E.-AI-ML-sem-III-IV.pdf,6,0,Insufficient signal,0.1148,0.0714
Linear Algebra (Theory of Matrices) verification and reduction of higher degree polynomials,Simplex method,6.21-N-B.E.-AI-ML-sem-III-IV.pdf,7,0,Insufficient signal,0.1524,0.0
Linear Algebra (Theory of Matrices) verification and reduction of higher degree polynomials,Artificial variables,6.21-N-B.E.-AI-ML-sem-III-IV.pdf,8,0,Insufficient signal,0.0919,0.0
Linear Algebra (Theory of Matrices) verification and reduction of higher degree polynomials,Kuhn-Tucker conditions,6.21-N-B.E.-AI-ML-sem-III-IV.pdf,9,0,Insufficient signal,0.0756,0.0
Linear Algebra (Theory of Matrices) verification and reduction of higher degree polynomials,Introduction to Congruence,6.21-N-B.E.-AI-ML-sem-III-IV.pdf,10,0,Insufficient signal,0.0743,0.0
Linear Algebra (Theory of Matrices) verification and reduction of higher degree polynomials,Linear congruence,6.21-N-B.E.-AI-ML-sem-III-IV.pdf,11,0,Insufficient signal,0.2843,0.0833
Linear Algebra (Theory of Matrices) verification and reduction of higher degree polynomials,Application of congruence-RSA algorithm,6.21-N-B.E.-AI-ML-sem-III-IV.pdf,12,0,Insufficient signal,0.1457,0.0667
Linear Algebra (Theory of Matrices) verification and reduction of higher degree polynomials,Dirichlet’s conditions,6.21-N-B.E.-AI-ML-sem-III-IV.pdf,13,0,Insufficient signal,-0.0551,0.0
Linear Algebra (Theory of Matrices) verification and reduction of higher degree polynomials,Fourier series of periodic,6.21-N-B.E.-AI-ML-sem-III-IV.pdf,14,0,Insufficient signal,0.0501,0.0714
Similarity of matrices,Quadratic forms,6.21-N-B.E.-AI-ML-sem-III-IV.pdf,1,0,Insufficient signal,0.1835,0.0
Similarity of matrices,Linear and Non-Linear Programming Problems,6.21-N-B.E.-AI-ML-sem-III-IV.pdf,2,0,Insufficient signal,0.0555,0.0
Similarity of matrices,Types of solutions,6.21-N-B.E.-AI-ML-sem-III-IV.pdf,3,0,Insufficient signal,0.0718,0.2
Similarity of matrices,Standard and Canonical of LPP,6.21-N-B.E.-AI-ML-sem-III-IV.pdf,4,0,Insufficient signal,0.0275,0.1429
Similarity of matrices,Basic and Feasible solutions,6.21-N-B.E.-AI-ML-sem-III-IV.pdf,5,0,Insufficient signal,0.057,0.0
Similarity of matrices,Simplex method,6.21-N-B.E.-AI-ML-sem-III-IV.pdf,6,0,Insufficient signal,0.0153,0.0
Similarity of matrices,Artificial variables,6.21-N-B.E.-AI-ML-sem-III-IV.pdf,7,0,Insufficient signal,-0.0045,0.0
Similarity of matrices,Kuhn-Tucker conditions,6.21-N-B.E.-AI-ML-sem-III-IV.pdf,8,0,Insufficient signal,0.0595,0.0
Similarity of matrices,Introduction to Congruence,6.21-N-B.E.-AI-ML-sem-III-IV.pdf,9,0,Insufficient signal,0.0499,0.0
Similarity of matrices,Linear congruence,6.21-N-B.E.-AI-ML-sem-III-IV.pdf,10,0,Insufficient signal,0.1671,0.0
Similarity of matrices,Application of congruence-RSA algorithm,6.21-N-B.E.-AI-ML-sem-III-IV.pdf,11,0,Insufficient signal,0.0755,0.1429
Similarity of matrices,Dirichlet’s conditions,6.21-N-B.E.-AI-ML-sem-III-IV.pdf,12,0,Insufficient signal,-0.0128,0.0
Similarity of matrices,Fourier series of periodic,6.21-N-B.E.-AI-ML-sem-III-IV.pdf,13,0,Insufficient signal,0.0009,0.1667
Similarity of matrices,Fourier series of even and odd functions,6.21-N-B.E.-AI-ML-sem-III-IV.pdf,14,0,Insufficient signal,-0.0637,0.1111
Quadratic forms,Linear and Non-Linear Programming Problems,6.21-N-B.E.-AI-ML-sem-III-IV.pdf,1,0,Insufficient signal,0.161,0.0
Quadratic forms,Types of solutions,6.21-N-B.E.-AI-ML-sem-III-IV.pdf,2,0,Insufficient signal,0.2615,0.0
Quadratic forms,Standard and Canonical of LPP,6.21-N-B.E.-AI-ML-sem-III-IV.pdf,3,0,Insufficient signal,0.1094,0.0
Quadratic forms,Basic and Feasible solutions,6.21-N-B.E.-AI-ML-sem-III-IV.pdf,4,0,Insufficient signal,0.226,0.0
Quadratic forms,Simplex method,6.21-N-B.E.-AI-ML-sem-III-IV.pdf,5,0,Insufficient signal,0.1793,0.0
Quadratic forms,Artificial variables,6.21-N-B.E.-AI-ML-sem-III-IV.pdf,6,0,Insufficient signal,0.1713,0.0
Quadratic forms,Kuhn-Tucker conditions,6.21-N-B.E.-AI-ML-sem-III-IV.pdf,7,0,Insufficient signal,0.2002,0.0
Quadratic forms,Introduction to Congruence,6.21-N-B.E.-AI-ML-sem-III-IV.pdf,8,0,Insufficient signal,0.2168,0.0
Quadratic forms,Linear congruence,6.21-N-B.E.-AI-ML-sem-III-IV.pdf,9,0,Insufficient signal,0.2821,0.0
Quadratic forms,Application of congruence-RSA algorithm,6.21-N-B.E.-AI-ML-sem-III-IV.pdf,10,0,Insufficient signal,0.1161,0.0
Quadratic forms,Dirichlet’s conditions,6.21-N-B.E.-AI-ML-sem-III-IV.pdf,11,0,Insufficient signal,0.1331,0.0
Quadratic forms,Fourier series of periodic,6.21-N-B.E.-AI-ML-sem-III-IV.pdf,12,0,Insufficient signal,0.0328,0.0
Quadratic forms,Fourier series of even and odd functions,6.21-N-B.E.-AI-ML-sem-III-IV.pdf,13,0,Insufficient signal,0.0468,0.0
Quadratic forms,Complex form of Fourier Series,6.21-N-B.E.-AI-ML-sem-III-IV.pdf,14,0,Insufficient signal,0.1998,0.0
Linear and Non-Linear Programming Problems,Types of solutions,6.21-N-B.E.-AI-ML-sem-III-IV.pdf,1,0,Insufficient signal,0.2528,0.0
Linear and Non-Linear Programming Problems,Standard and Canonical of LPP,6.21-N-B.E.-AI-ML-sem-III-IV.pdf,2,1,Insufficient signal,0.2497,0.1111
Linear and Non-Linear Programming Problems,Basic and Feasible solutions,6.21-N-B.E.-AI-ML-sem-III-IV.pdf,3,1,sim=0.575>=0.55 + delta=3<=5,0.575,0.125
Linear and Non-Linear Programming Problems,Simplex method,6.21-N-B.E.-AI-ML-sem-III-IV.pdf,4,0,Insufficient signal,0.2234,0.0
Linear and Non-Linear Programming Problems,Artificial variables,6.21-N-B.E.-AI-ML-sem-III-IV.pdf,5,0,Insufficient signal,0.3948,0.0
Linear and Non-Linear Programming Problems,Kuhn-Tucker conditions,6.21-N-B.E.-AI-ML-sem-III-IV.pdf,6,0,Insufficient signal,0.2473,0.0
Linear and Non-Linear Programming Problems,Introduction to Congruence,6.21-N-B.E.-AI-ML-sem-III-IV.pdf,7,0,Insufficient signal,-0.0405,0.0
Linear and Non-Linear Programming Problems,Linear congruence,6.21-N-B.E.-AI-ML-sem-III-IV.pdf,8,0,Insufficient signal,0.1338,0.1667
Linear and Non-Linear Programming Problems,Application of congruence-RSA algorithm,6.21-N-B.E.-AI-ML-sem-III-IV.pdf,9,0,Insufficient signal,0.0412,0.0
Linear and Non-Linear Programming Problems,Dirichlet’s conditions,6.21-N-B.E.-AI-ML-sem-III-IV.pdf,10,0,Insufficient signal,0.0428,0.0
Linear and Non-Linear Programming Problems,Fourier series of periodic,6.21-N-B.E.-AI-ML-sem-III-IV.pdf,11,0,Insufficient signal,-0.127,0.0
Linear and Non-Linear Programming Problems,Fourier series of even and odd functions,6.21-N-B.E.-AI-ML-sem-III-IV.pdf,12,0,Insufficient signal,-0.0229,0.0909
Linear and Non-Linear Programming Problems,Complex form of Fourier Series,6.21-N-B.E.-AI-ML-sem-III-IV.pdf,13,0,Insufficient signal,-0.13,0.0
Linear and Non-Linear Programming Problems,Lines of regression,6.21-N-B.E.-AI-ML-sem-III-IV.pdf,14,0,Insufficient signal,0.2796,0.0
Types of solutions,Standard and Canonical of LPP,6.21-N-B.E.-AI-ML-sem-III-IV.pdf,1,0,Insufficient signal,0.1217,0.1429
Types of solutions,Basic and Feasible solutions,6.21-N-B.E.-AI-ML-sem-III-IV.pdf,2,1,Foundational kw in A + sim=0.479 + delta=2,0.479,0.1667
Types of solutions,Simplex method,6.21-N-B.E.-AI-ML-sem-III-IV.pdf,3,0,Insufficient signal,0.1297,0.0
Types of solutions,Artificial variables,6.21-N-B.E.-AI-ML-sem-III-IV.pdf,4,1,Insufficient signal,0.2761,0.0
Types of solutions,Kuhn-Tucker conditions,6.21-N-B.E.-AI-ML-sem-III-IV.pdf,5,0,Insufficient signal,0.1889,0.0
Types of solutions,Introduction to Congruence,6.21-N-B.E.-AI-ML-sem-III-IV.pdf,6,0,Insufficient signal,0.0776,0.0
Types of solutions,Linear congruence,6.21-N-B.E.-AI-ML-sem-III-IV.pdf,7,0,Insufficient signal,0.1037,0.0
Types of solutions,Application of congruence-RSA algorithm,6.21-N-B.E.-AI-ML-sem-III-IV.pdf,8,0,Insufficient signal,0.0485,0.1429
Types of solutions,Dirichlet’s conditions,6.21-N-B.E.-AI-ML-sem-III-IV.pdf,9,0,Insufficient signal,0.1982,0.0
Types of solutions,Fourier series of periodic,6.21-N-B.E.-AI-ML-sem-III-IV.pdf,10,0,Insufficient signal,0.0109,0.1667
Types of solutions,Fourier series of even and odd functions,6.21-N-B.E.-AI-ML-sem-III-IV.pdf,11,0,Insufficient signal,0.0343,0.1111
Types of solutions,Complex form of Fourier Series,6.21-N-B.E.-AI-ML-sem-III-IV.pdf,12,0,Insufficient signal,0.0521,0.1429
Types of solutions,Lines of regression,6.21-N-B.E.-AI-ML-sem-III-IV.pdf,13,0,Insufficient signal,0.1037,0.2
Types of solutions,Moment generating function,6.21-N-B.E.-AI-ML-sem-III-IV.pdf,14,0,Insufficient signal,0.0109,0.0
Standard and Canonical of LPP,Basic and Feasible solutions,6.21-N-B.E.-AI-ML-sem-III-IV.pdf,1,1,Insufficient signal,0.224,0.125
Standard and Canonical of LPP,Simplex method,6.21-N-B.E.-AI-ML-sem-III-IV.pdf,2,0,Insufficient signal,0.1656,0.0
Standard and Canonical of LPP,Artificial variables,6.21-N-B.E.-AI-ML-sem-III-IV.pdf,3,0,Insufficient signal,0.1601,0.0
Standard and Canonical of LPP,Kuhn-Tucker conditions,6.21-N-B.E.-AI-ML-sem-III-IV.pdf,4,0,Insufficient signal,0.0818,0.0
Standard and Canonical of LPP,Introduction to Congruence,6.21-N-B.E.-AI-ML-sem-III-IV.pdf,5,0,Insufficient signal,0.0827,0.0
Standard and Canonical of LPP,Linear congruence,6.21-N-B.E.-AI-ML-sem-III-IV.pdf,6,0,Insufficient signal,0.1686,0.0
Standard and Canonical of LPP,Application of congruence-RSA algorithm,6.21-N-B.E.-AI-ML-sem-III-IV.pdf,7,0,Insufficient signal,0.0824,0.1111
Standard and Canonical of LPP,Dirichlet’s conditions,6.21-N-B.E.-AI-ML-sem-III-IV.pdf,8,0,Insufficient signal,0.0865,0.0
Standard and Canonical of LPP,Fourier series of periodic,6.21-N-B.E.-AI-ML-sem-III-IV.pdf,9,0,Insufficient signal,-0.0222,0.125
Standard and Canonical of LPP,Fourier series of even and odd functions,6.21-N-B.E.-AI-ML-sem-III-IV.pdf,10,0,Insufficient signal,0.0379,0.2
Standard and Canonical of LPP,Complex form of Fourier Series,6.21-N-B.E.-AI-ML-sem-III-IV.pdf,11,0,Insufficient signal,0.0169,0.1111
Standard and Canonical of LPP,Lines of regression,6.21-N-B.E.-AI-ML-sem-III-IV.pdf,12,0,Insufficient signal,0.1162,0.1429
Standard and Canonical of LPP,Moment generating function,6.21-N-B.E.-AI-ML-sem-III-IV.pdf,13,0,Insufficient signal,0.0601,0.0
Standard and Canonical of LPP,Raw moments,6.21-N-B.E.-AI-ML-sem-III-IV.pdf,14,0,Insufficient signal,0.0491,0.0
Basic and Feasible solutions,Simplex method,6.21-N-B.E.-AI-ML-sem-III-IV.pdf,1,1,Adjacent same-course topics: delta=1 + sim=0.330,0.33,0.0
Basic and Feasible solutions,Artificial variables,6.21-N-B.E.-AI-ML-sem-III-IV.pdf,2,1,Foundational kw in A + sim=0.427 + delta=2,0.4269,0.0
Basic and Feasible solutions,Kuhn-Tucker conditions,6.21-N-B.E.-AI-ML-sem-III-IV.pdf,3,1,Insufficient signal,0.2568,0.0
Basic and Feasible solutions,Introduction to Congruence,6.21-N-B.E.-AI-ML-sem-III-IV.pdf,4,0,Insufficient signal,0.1335,0.0
Basic and Feasible solutions,Linear congruence,6.21-N-B.E.-AI-ML-sem-III-IV.pdf,5,0,Insufficient signal,0.1608,0.0
Basic and Feasible solutions,Application of congruence-RSA algorithm,6.21-N-B.E.-AI-ML-sem-III-IV.pdf,6,0,Insufficient signal,0.1536,0.0
Basic and Feasible solutions,Dirichlet’s conditions,6.21-N-B.E.-AI-ML-sem-III-IV.pdf,7,0,Insufficient signal,0.143,0.0
Basic and Feasible solutions,Fourier series of periodic,6.21-N-B.E.-AI-ML-sem-III-IV.pdf,8,0,Insufficient signal,-0.0731,0.0
Basic and Feasible solutions,Fourier series of even and odd functions,6.21-N-B.E.-AI-ML-sem-III-IV.pdf,9,0,Insufficient signal,-0.0582,0.1
Basic and Feasible solutions,Complex form of Fourier Series,6.21-N-B.E.-AI-ML-sem-III-IV.pdf,10,0,Insufficient signal,-0.0442,0.0
Basic and Feasible solutions,Lines of regression,6.21-N-B.E.-AI-ML-sem-III-IV.pdf,11,0,Insufficient signal,0.1566,0.0
Basic and Feasible solutions,Moment generating function,6.21-N-B.E.-AI-ML-sem-III-IV.pdf,12,0,Insufficient signal,0.0337,0.0
Basic and Feasible solutions,Raw moments,6.21-N-B.E.-AI-ML-sem-III-IV.pdf,13,0,Insufficient signal,0.0636,0.0
Simplex method,Artificial variables,6.21-N-B.E.-AI-ML-sem-III-IV.pdf,1,1,Insufficient signal,0.267,0.0
Simplex method,Kuhn-Tucker conditions,6.21-N-B.E.-AI-ML-sem-III-IV.pdf,2,0,Insufficient signal,0.0561,0.0
Simplex method,Introduction to Congruence,6.21-N-B.E.-AI-ML-sem-III-IV.pdf,3,0,Insufficient signal,0.0279,0.0
Simplex method,Linear congruence,6.21-N-B.E.-AI-ML-sem-III-IV.pdf,4,0,Insufficient signal,0.1412,0.0
Simplex method,Application of congruence-RSA algorithm,6.21-N-B.E.-AI-ML-sem-III-IV.pdf,5,0,Insufficient signal,0.155,0.0
Simplex method,Dirichlet’s conditions,6.21-N-B.E.-AI-ML-sem-III-IV.pdf,6,0,Insufficient signal,-0.0792,0.0
Simplex method,Fourier series of periodic,6.21-N-B.E.-AI-ML-sem-III-IV.pdf,7,0,Insufficient signal,0.0877,0.0
Simplex method,Fourier series of even and odd functions,6.21-N-B.E.-AI-ML-sem-III-IV.pdf,8,0,Insufficient signal,0.1592,0.0
Simplex method,Complex form of Fourier Series,6.21-N-B.E.-AI-ML-sem-III-IV.pdf,9,0,Insufficient signal,0.0717,0.0
Simplex method,Lines of regression,6.21-N-B.E.-AI-ML-sem-III-IV.pdf,10,0,Insufficient signal,0.1042,0.0
Simplex method,Moment generating function,6.21-N-B.E.-AI-ML-sem-III-IV.pdf,11,0,Insufficient signal,0.096,0.0
Simplex method,Raw moments,6.21-N-B.E.-AI-ML-sem-III-IV.pdf,12,0,Insufficient signal,0.0617,0.0
Artificial variables,Kuhn-Tucker conditions,6.21-N-B.E.-AI-ML-sem-III-IV.pdf,1,1,Insufficient signal,0.208,0.0
Artificial variables,Introduction to Congruence,6.21-N-B.E.-AI-ML-sem-III-IV.pdf,2,0,Insufficient signal,0.0703,0.0
Artificial variables,Linear congruence,6.21-N-B.E.-AI-ML-sem-III-IV.pdf,3,0,Insufficient signal,0.0242,0.0
Artificial variables,Application of congruence-RSA algorithm,6.21-N-B.E.-AI-ML-sem-III-IV.pdf,4,0,Insufficient signal,0.1005,0.0
Artificial variables,Dirichlet’s conditions,6.21-N-B.E.-AI-ML-sem-III-IV.pdf,5,0,Insufficient signal,0.0852,0.0
Artificial variables,Fourier series of periodic,6.21-N-B.E.-AI-ML-sem-III-IV.pdf,6,0,Insufficient signal,-0.0556,0.0
Artificial variables,Fourier series of even and odd functions,6.21-N-B.E.-AI-ML-sem-III-IV.pdf,7,0,Insufficient signal,-0.0434,0.0
Artificial variables,Complex form of Fourier Series,6.21-N-B.E.-AI-ML-sem-III-IV.pdf,8,0,Insufficient signal,0.0469,0.0
Artificial variables,Lines of regression,6.21-N-B.E.-AI-ML-sem-III-IV.pdf,9,0,Insufficient signal,0.3424,0.0
Artificial variables,Moment generating function,6.21-N-B.E.-AI-ML-sem-III-IV.pdf,10,0,Insufficient signal,0.1467,0.0
Artificial variables,Raw moments,6.21-N-B.E.-AI-ML-sem-III-IV.pdf,11,0,Insufficient signal,0.121,0.0
Kuhn-Tucker conditions,Introduction to Congruence,6.21-N-B.E.-AI-ML-sem-III-IV.pdf,1,0,Insufficient signal,0.0039,0.0
Kuhn-Tucker conditions,Linear congruence,6.21-N-B.E.-AI-ML-sem-III-IV.pdf,2,0,Insufficient signal,-0.0388,0.0
Kuhn-Tucker conditions,Application of congruence-RSA algorithm,6.21-N-B.E.-AI-ML-sem-III-IV.pdf,3,0,Insufficient signal,-0.0484,0.0
Kuhn-Tucker conditions,Dirichlet’s conditions,6.21-N-B.E.-AI-ML-sem-III-IV.pdf,4,0,Insufficient signal,0.4166,0.2
Kuhn-Tucker conditions,Fourier series of periodic,6.21-N-B.E.-AI-ML-sem-III-IV.pdf,5,0,Insufficient signal,-0.0291,0.0
Kuhn-Tucker conditions,Fourier series of even and odd functions,6.21-N-B.E.-AI-ML-sem-III-IV.pdf,6,0,Insufficient signal,0.0022,0.0
Kuhn-Tucker conditions,Complex form of Fourier Series,6.21-N-B.E.-AI-ML-sem-III-IV.pdf,7,0,Insufficient signal,0.057,0.0
Kuhn-Tucker conditions,Lines of regression,6.21-N-B.E.-AI-ML-sem-III-IV.pdf,8,0,Insufficient signal,0.0916,0.0
Kuhn-Tucker conditions,Moment generating function,6.21-N-B.E.-AI-ML-sem-III-IV.pdf,9,0,Insufficient signal,0.0264,0.0
Kuhn-Tucker conditions,Raw moments,6.21-N-B.E.-AI-ML-sem-III-IV.pdf,10,0,Insufficient signal,0.1,0.0
Introduction to Congruence,Linear congruence,6.21-N-B.E.-AI-ML-sem-III-IV.pdf,1,1,High sim=0.678 + delta=1,0.6781,0.25
Introduction to Congruence,Application of congruence-RSA algorithm,6.21-N-B.E.-AI-ML-sem-III-IV.pdf,2,1,High sim=0.688 + delta=2,0.6881,0.1429
Introduction to Congruence,Dirichlet’s conditions,6.21-N-B.E.-AI-ML-sem-III-IV.pdf,3,0,Insufficient signal,0.1547,0.0
Introduction to Congruence,Fourier series of periodic,6.21-N-B.E.-AI-ML-sem-III-IV.pdf,4,0,Insufficient signal,0.1555,0.0
Introduction to Congruence,Fourier series of even and odd functions,6.21-N-B.E.-AI-ML-sem-III-IV.pdf,5,0,Insufficient signal,0.0929,0.0
Introduction to Congruence,Complex form of Fourier Series,6.21-N-B.E.-AI-ML-sem-III-IV.pdf,6,0,Insufficient signal,0.0916,0.0
Introduction to Congruence,Lines of regression,6.21-N-B.E.-AI-ML-sem-III-IV.pdf,7,0,Insufficient signal,0.0511,0.0
Introduction to Congruence,Moment generating function,6.21-N-B.E.-AI-ML-sem-III-IV.pdf,8,0,Insufficient signal,0.0546,0.0
Introduction to Congruence,Raw moments,6.21-N-B.E.-AI-ML-sem-III-IV.pdf,9,0,Insufficient signal,0.0832,0.0
Linear congruence,Application of congruence-RSA algorithm,6.21-N-B.E.-AI-ML-sem-III-IV.pdf,1,1,sim=0.579>=0.55 + delta=1<=5,0.5786,0.1667
Linear congruence,Dirichlet’s conditions,6.21-N-B.E.-AI-ML-sem-III-IV.pdf,2,0,Insufficient signal,0.027,0.0
Linear congruence,Fourier series of periodic,6.21-N-B.E.-AI-ML-sem-III-IV.pdf,3,0,Insufficient signal,0.1968,0.0
Linear congruence,Fourier series of even and odd functions,6.21-N-B.E.-AI-ML-sem-III-IV.pdf,4,0,Insufficient signal,0.0794,0.0
Linear congruence,Complex form of Fourier Series,6.21-N-B.E.-AI-ML-sem-III-IV.pdf,5,0,Insufficient signal,0.0738,0.0
Linear congruence,Lines of regression,6.21-N-B.E.-AI-ML-sem-III-IV.pdf,6,0,Insufficient signal,0.129,0.0
Linear congruence,Moment generating function,6.21-N-B.E.-AI-ML-sem-III-IV.pdf,7,0,Insufficient signal,0.0302,0.0
Linear congruence,Raw moments,6.21-N-B.E.-AI-ML-sem-III-IV.pdf,8,0,Insufficient signal,-0.0164,0.0
Application of congruence-RSA algorithm,Dirichlet’s conditions,6.21-N-B.E.-AI-ML-sem-III-IV.pdf,1,0,Insufficient signal,0.0264,0.0
Application of congruence-RSA algorithm,Fourier series of periodic,6.21-N-B.E.-AI-ML-sem-III-IV.pdf,2,0,Insufficient signal,0.1624,0.125
Application of congruence-RSA algorithm,Fourier series of even and odd functions,6.21-N-B.E.-AI-ML-sem-III-IV.pdf,3,0,Insufficient signal,0.0774,0.0909
Application of congruence-RSA algorithm,Complex form of Fourier Series,6.21-N-B.E.-AI-ML-sem-III-IV.pdf,4,0,Insufficient signal,0.1121,0.1111
Application of congruence-RSA algorithm,Lines of regression,6.21-N-B.E.-AI-ML-sem-III-IV.pdf,5,0,Insufficient signal,0.0278,0.1429
Application of congruence-RSA algorithm,Moment generating function,6.21-N-B.E.-AI-ML-sem-III-IV.pdf,6,0,Insufficient signal,0.1798,0.0
Application of congruence-RSA algorithm,Raw moments,6.21-N-B.E.-AI-ML-sem-III-IV.pdf,7,0,Insufficient signal,0.0321,0.0
Dirichlet’s conditions,Fourier series of periodic,6.21-N-B.E.-AI-ML-sem-III-IV.pdf,1,0,Insufficient signal,0.1715,0.0
Dirichlet’s conditions,Fourier series of even and odd functions,6.21-N-B.E.-AI-ML-sem-III-IV.pdf,2,0,Insufficient signal,0.1507,0.0
Dirichlet’s conditions,Complex form of Fourier Series,6.21-N-B.E.-AI-ML-sem-III-IV.pdf,3,0,Insufficient signal,0.1255,0.0
Dirichlet’s conditions,Lines of regression,6.21-N-B.E.-AI-ML-sem-III-IV.pdf,4,0,Insufficient signal,0.0011,0.0
Dirichlet’s conditions,Moment generating function,6.21-N-B.E.-AI-ML-sem-III-IV.pdf,5,0,Insufficient signal,-0.0091,0.0
Dirichlet’s conditions,Raw moments,6.21-N-B.E.-AI-ML-sem-III-IV.pdf,6,0,Insufficient signal,0.1015,0.0
Fourier series of periodic,Fourier series of even and odd functions,6.21-N-B.E.-AI-ML-sem-III-IV.pdf,1,1,High sim=0.702 + delta=1,0.7024,0.375
Fourier series of periodic,Complex form of Fourier Series,6.21-N-B.E.-AI-ML-sem-III-IV.pdf,2,1,High sim=0.734 + delta=2,0.7343,0.5
Fourier series of periodic,Lines of regression,6.21-N-B.E.-AI-ML-sem-III-IV.pdf,3,0,Insufficient signal,-0.0031,0.1667
Fourier series of periodic,Moment generating function,6.21-N-B.E.-AI-ML-sem-III-IV.pdf,4,0,Insufficient signal,0.1743,0.0
Fourier series of periodic,Raw moments,6.21-N-B.E.-AI-ML-sem-III-IV.pdf,5,0,Insufficient signal,-0.0189,0.0
Fourier series of even and odd functions,Complex form of Fourier Series,6.21-N-B.E.-AI-ML-sem-III-IV.pdf,1,1,High sim=0.631 + delta=1,0.6314,0.3333
Fourier series of even and odd functions,Lines of regression,6.21-N-B.E.-AI-ML-sem-III-IV.pdf,2,0,Insufficient signal,-0.005,0.1111
Fourier series of even and odd functions,Moment generating function,6.21-N-B.E.-AI-ML-sem-III-IV.pdf,3,0,Insufficient signal,0.1755,0.0
Fourier series of even and odd functions,Raw moments,6.21-N-B.E.-AI-ML-sem-III-IV.pdf,4,0,Insufficient signal,0.0454,0.0
Complex form of Fourier Series,Lines of regression,6.21-N-B.E.-AI-ML-sem-III-IV.pdf,1,0,Insufficient signal,0.0088,0.1429
Complex form of Fourier Series,Moment generating function,6.21-N-B.E.-AI-ML-sem-III-IV.pdf,2,0,Insufficient signal,0.2589,0.0
Complex form of Fourier Series,Raw moments,6.21-N-B.E.-AI-ML-sem-III-IV.pdf,3,0,Insufficient signal,0.0211,0.0
Lines of regression,Moment generating function,6.21-N-B.E.-AI-ML-sem-III-IV.pdf,1,0,Insufficient signal,0.0172,0.0
Lines of regression,Raw moments,6.21-N-B.E.-AI-ML-sem-III-IV.pdf,2,0,Insufficient signal,0.0828,0.0
Moment generating function,Raw moments,6.21-N-B.E.-AI-ML-sem-III-IV.pdf,1,1,Adjacent same-course topics: delta=1 + sim=0.410,0.4099,0.0
Propositional and Predicate Logic,Determining risk,6.21-N-B.E.-AI-ML-sem-III-IV.pdf,1,0,Insufficient signal,0.0908,0.0
Propositional and Predicate Logic,Taxes and tax brackets,6.21-N-B.E.-AI-ML-sem-III-IV.pdf,2,0,Insufficient signal,0.1498,0.1429
Propositional and Predicate Logic,Vending machines,6.21-N-B.E.-AI-ML-sem-III-IV.pdf,3,0,Insufficient signal,0.1332,0.0
Propositional and Predicate Logic,"Counting Pigeonhole Principle, Inclusion-Exclusion Principle. Recurrence relations, Solving recurrence relations",6.21-N-B.E.-AI-ML-sem-III-IV.pdf,4,0,Insufficient signal,0.0888,0.0
Determining risk,Taxes and tax brackets,6.21-N-B.E.-AI-ML-sem-III-IV.pdf,1,0,Insufficient signal,0.0822,0.0
Determining risk,Vending machines,6.21-N-B.E.-AI-ML-sem-III-IV.pdf,2,0,Insufficient signal,0.0863,0.0
Determining risk,"Counting Pigeonhole Principle, Inclusion-Exclusion Principle. Recurrence relations, Solving recurrence relations",6.21-N-B.E.-AI-ML-sem-III-IV.pdf,3,0,Insufficient signal,-0.0421,0.0
Taxes and tax brackets,Vending machines,6.21-N-B.E.-AI-ML-sem-III-IV.pdf,1,0,Insufficient signal,0.0465,0.0
Taxes and tax brackets,"Counting Pigeonhole Principle, Inclusion-Exclusion Principle. Recurrence relations, Solving recurrence relations",6.21-N-B.E.-AI-ML-sem-III-IV.pdf,2,0,Insufficient signal,0.115,0.0
Vending machines,"Counting Pigeonhole Principle, Inclusion-Exclusion Principle. Recurrence relations, Solving recurrence relations",6.21-N-B.E.-AI-ML-sem-III-IV.pdf,1,0,Insufficient signal,0.2789,0.0
RE in text search and replace,Application of Regular,6.21-N-B.E.-AI-ML-sem-III-IV.pdf,1,0,Insufficient signal,0.1369,0.0
RE in text search and replace,Languages in Compiler Design,6.21-N-B.E.-AI-ML-sem-III-IV.pdf,2,0,Insufficient signal,0.0087,0.1111
RE in text search and replace,Nondeterministic Finite Automata (NFA): Definitions,6.21-N-B.E.-AI-ML-sem-III-IV.pdf,3,0,Insufficient signal,0.0547,0.0
RE in text search and replace,Equivalence between NFA with and ϵ- transitions,6.21-N-B.E.-AI-ML-sem-III-IV.pdf,4,0,Insufficient signal,0.0344,0.0833
RE in text search and replace,Minimization of DFA,6.21-N-B.E.-AI-ML-sem-III-IV.pdf,5,0,Insufficient signal,0.056,0.0
Application of Regular,Languages in Compiler Design,6.21-N-B.E.-AI-ML-sem-III-IV.pdf,1,0,Insufficient signal,0.127,0.0
Application of Regular,Nondeterministic Finite Automata (NFA): Definitions,6.21-N-B.E.-AI-ML-sem-III-IV.pdf,2,0,Insufficient signal,0.2048,0.0
Application of Regular,Equivalence between NFA with and ϵ- transitions,6.21-N-B.E.-AI-ML-sem-III-IV.pdf,3,0,Insufficient signal,0.1411,0.0
Application of Regular,Minimization of DFA,6.21-N-B.E.-AI-ML-sem-III-IV.pdf,4,0,Insufficient signal,0.289,0.2
Languages in Compiler Design,Nondeterministic Finite Automata (NFA): Definitions,6.21-N-B.E.-AI-ML-sem-III-IV.pdf,1,0,Insufficient signal,0.2147,0.0
Languages in Compiler Design,Equivalence between NFA with and ϵ- transitions,6.21-N-B.E.-AI-ML-sem-III-IV.pdf,2,0,Insufficient signal,0.1073,0.0
Languages in Compiler Design,Minimization of DFA,6.21-N-B.E.-AI-ML-sem-III-IV.pdf,3,0,Insufficient signal,0.146,0.0
Nondeterministic Finite Automata (NFA): Definitions,Equivalence between NFA with and ϵ- transitions,6.21-N-B.E.-AI-ML-sem-III-IV.pdf,1,1,sim=0.590>=0.55 + delta=1<=5,0.5904,0.0909
Nondeterministic Finite Automata (NFA): Definitions,Minimization of DFA,6.21-N-B.E.-AI-ML-sem-III-IV.pdf,2,1,Adjacent same-course topics: delta=2 + sim=0.516,0.5158,0.0
Equivalence between NFA with and ϵ- transitions,Minimization of DFA,6.21-N-B.E.-AI-ML-sem-III-IV.pdf,1,1,Adjacent same-course topics: delta=1 + sim=0.419,0.4193,0.0
Propositional and Predicate Logic,Determining risk,6.54-N-B.E-Computer-Science-EngineeringSem-III-IV.pdf,1,0,Insufficient signal,0.0908,0.0
Propositional and Predicate Logic,Taxes and tax brackets,6.54-N-B.E-Computer-Science-EngineeringSem-III-IV.pdf,2,0,Insufficient signal,0.1498,0.1429
Propositional and Predicate Logic,Vending machines,6.54-N-B.E-Computer-Science-EngineeringSem-III-IV.pdf,3,0,Insufficient signal,0.1332,0.0
Propositional and Predicate Logic,"Counting Pigeonhole Principle, Inclusion-Exclusion Principle. Recurrence relations, Solving recurrence relations",6.54-N-B.E-Computer-Science-EngineeringSem-III-IV.pdf,4,0,Insufficient signal,0.0888,0.0
Determining risk,Taxes and tax brackets,6.54-N-B.E-Computer-Science-EngineeringSem-III-IV.pdf,1,0,Insufficient signal,0.0822,0.0
Determining risk,Vending machines,6.54-N-B.E-Computer-Science-EngineeringSem-III-IV.pdf,2,0,Insufficient signal,0.0863,0.0
Determining risk,"Counting Pigeonhole Principle, Inclusion-Exclusion Principle. Recurrence relations, Solving recurrence relations",6.54-N-B.E-Computer-Science-EngineeringSem-III-IV.pdf,3,0,Insufficient signal,-0.0421,0.0
Taxes and tax brackets,Vending machines,6.54-N-B.E-Computer-Science-EngineeringSem-III-IV.pdf,1,0,Insufficient signal,0.0465,0.0
Taxes and tax brackets,"Counting Pigeonhole Principle, Inclusion-Exclusion Principle. Recurrence relations, Solving recurrence relations",6.54-N-B.E-Computer-Science-EngineeringSem-III-IV.pdf,2,0,Insufficient signal,0.115,0.0
Vending machines,"Counting Pigeonhole Principle, Inclusion-Exclusion Principle. Recurrence relations, Solving recurrence relations",6.54-N-B.E-Computer-Science-EngineeringSem-III-IV.pdf,1,0,Insufficient signal,0.2789,0.0
Regular operations,Arden's theorem,6.54-N-B.E-Computer-Science-EngineeringSem-III-IV.pdf,1,0,Insufficient signal,0.2053,0.0
Regular operations,Decision properties of RLs,6.54-N-B.E-Computer-Science-EngineeringSem-III-IV.pdf,2,0,Insufficient signal,0.1942,0.0
Regular operations,Pumping lemma for RLs,6.54-N-B.E-Computer-Science-EngineeringSem-III-IV.pdf,3,0,Insufficient signal,0.1179,0.0
Regular operations,RE in text search and replace,6.54-N-B.E-Computer-Science-EngineeringSem-III-IV.pdf,4,0,Insufficient signal,0.178,0.0
Regular operations,Application of Regular,6.54-N-B.E-Computer-Science-EngineeringSem-III-IV.pdf,5,1,High sim=0.687 + delta=5,0.6872,0.25
Regular operations,Languages in Compiler Design,6.54-N-B.E-Computer-Science-EngineeringSem-III-IV.pdf,6,0,Insufficient signal,0.2045,0.0
Regular operations,Nondeterministic Finite Automata (NFA): Definitions,6.54-N-B.E-Computer-Science-EngineeringSem-III-IV.pdf,7,0,Insufficient signal,0.2046,0.0
Regular operations,Equivalence between NFA with and ϵ- transitions,6.54-N-B.E-Computer-Science-EngineeringSem-III-IV.pdf,8,0,Insufficient signal,0.0974,0.0
Regular operations,Minimization of DFA,6.54-N-B.E-Computer-Science-EngineeringSem-III-IV.pdf,9,0,Insufficient signal,0.2333,0.0
Arden's theorem,Decision properties of RLs,6.54-N-B.E-Computer-Science-EngineeringSem-III-IV.pdf,1,0,Insufficient signal,0.0956,0.0
Arden's theorem,Pumping lemma for RLs,6.54-N-B.E-Computer-Science-EngineeringSem-III-IV.pdf,2,0,Insufficient signal,0.2223,0.0
Arden's theorem,RE in text search and replace,6.54-N-B.E-Computer-Science-EngineeringSem-III-IV.pdf,3,0,Insufficient signal,0.0297,0.0
Arden's theorem,Application of Regular,6.54-N-B.E-Computer-Science-EngineeringSem-III-IV.pdf,4,0,Insufficient signal,0.2475,0.0
Arden's theorem,Languages in Compiler Design,6.54-N-B.E-Computer-Science-EngineeringSem-III-IV.pdf,5,0,Insufficient signal,0.0519,0.0
Arden's theorem,Nondeterministic Finite Automata (NFA): Definitions,6.54-N-B.E-Computer-Science-EngineeringSem-III-IV.pdf,6,0,Insufficient signal,0.074,0.0
Arden's theorem,Equivalence between NFA with and ϵ- transitions,6.54-N-B.E-Computer-Science-EngineeringSem-III-IV.pdf,7,0,Insufficient signal,0.1255,0.0
Arden's theorem,Minimization of DFA,6.54-N-B.E-Computer-Science-EngineeringSem-III-IV.pdf,8,0,Insufficient signal,0.0896,0.0
Decision properties of RLs,Pumping lemma for RLs,6.54-N-B.E-Computer-Science-EngineeringSem-III-IV.pdf,1,1,Adjacent same-course topics: delta=1 + sim=0.502,0.5024,0.1429
Decision properties of RLs,RE in text search and replace,6.54-N-B.E-Computer-Science-EngineeringSem-III-IV.pdf,2,0,Insufficient signal,0.032,0.0
Decision properties of RLs,Application of Regular,6.54-N-B.E-Computer-Science-EngineeringSem-III-IV.pdf,3,0,Insufficient signal,0.1588,0.1667
Decision properties of RLs,Languages in Compiler Design,6.54-N-B.E-Computer-Science-EngineeringSem-III-IV.pdf,4,0,Insufficient signal,0.1739,0.0
Decision properties of RLs,Nondeterministic Finite Automata (NFA): Definitions,6.54-N-B.E-Computer-Science-EngineeringSem-III-IV.pdf,5,0,Insufficient signal,0.2488,0.0
Decision properties of RLs,Equivalence between NFA with and ϵ- transitions,6.54-N-B.E-Computer-Science-EngineeringSem-III-IV.pdf,6,0,Insufficient signal,0.1531,0.0
Decision properties of RLs,Minimization of DFA,6.54-N-B.E-Computer-Science-EngineeringSem-III-IV.pdf,7,0,Insufficient signal,0.1913,0.1667
Pumping lemma for RLs,RE in text search and replace,6.54-N-B.E-Computer-Science-EngineeringSem-III-IV.pdf,1,0,Insufficient signal,0.1502,0.0
Pumping lemma for RLs,Application of Regular,6.54-N-B.E-Computer-Science-EngineeringSem-III-IV.pdf,2,0,Insufficient signal,0.1671,0.0
Pumping lemma for RLs,Languages in Compiler Design,6.54-N-B.E-Computer-Science-EngineeringSem-III-IV.pdf,3,0,Insufficient signal,0.258,0.0
Pumping lemma for RLs,Nondeterministic Finite Automata (NFA): Definitions,6.54-N-B.E-Computer-Science-EngineeringSem-III-IV.pdf,4,0,Insufficient signal,0.1616,0.0
Pumping lemma for RLs,Equivalence between NFA with and ϵ- transitions,6.54-N-B.E-Computer-Science-EngineeringSem-III-IV.pdf,5,0,Insufficient signal,0.1734,0.0
Pumping lemma for RLs,Minimization of DFA,6.54-N-B.E-Computer-Science-EngineeringSem-III-IV.pdf,6,0,Insufficient signal,0.1472,0.0
RE in text search and replace,Application of Regular,6.54-N-B.E-Computer-Science-EngineeringSem-III-IV.pdf,1,0,Insufficient signal,0.1369,0.0
RE in text search and replace,Languages in Compiler Design,6.54-N-B.E-Computer-Science-EngineeringSem-III-IV.pdf,2,0,Insufficient signal,0.0087,0.1111
RE in text search and replace,Nondeterministic Finite Automata (NFA): Definitions,6.54-N-B.E-Computer-Science-EngineeringSem-III-IV.pdf,3,0,Insufficient signal,0.0547,0.0
RE in text search and replace,Equivalence between NFA with and ϵ- transitions,6.54-N-B.E-Computer-Science-EngineeringSem-III-IV.pdf,4,0,Insufficient signal,0.0344,0.0833
RE in text search and replace,Minimization of DFA,6.54-N-B.E-Computer-Science-EngineeringSem-III-IV.pdf,5,0,Insufficient signal,0.056,0.0
Application of Regular,Languages in Compiler Design,6.54-N-B.E-Computer-Science-EngineeringSem-III-IV.pdf,1,0,Insufficient signal,0.127,0.0
Application of Regular,Nondeterministic Finite Automata (NFA): Definitions,6.54-N-B.E-Computer-Science-EngineeringSem-III-IV.pdf,2,0,Insufficient signal,0.2048,0.0
Application of Regular,Equivalence between NFA with and ϵ- transitions,6.54-N-B.E-Computer-Science-EngineeringSem-III-IV.pdf,3,0,Insufficient signal,0.1411,0.0
Application of Regular,Minimization of DFA,6.54-N-B.E-Computer-Science-EngineeringSem-III-IV.pdf,4,0,Insufficient signal,0.289,0.2
Languages in Compiler Design,Nondeterministic Finite Automata (NFA): Definitions,6.54-N-B.E-Computer-Science-EngineeringSem-III-IV.pdf,1,0,Insufficient signal,0.2147,0.0
Languages in Compiler Design,Equivalence between NFA with and ϵ- transitions,6.54-N-B.E-Computer-Science-EngineeringSem-III-IV.pdf,2,0,Insufficient signal,0.1073,0.0
Languages in Compiler Design,Minimization of DFA,6.54-N-B.E-Computer-Science-EngineeringSem-III-IV.pdf,3,0,Insufficient signal,0.146,0.0
Nondeterministic Finite Automata (NFA): Definitions,Equivalence between NFA with and ϵ- transitions,6.54-N-B.E-Computer-Science-EngineeringSem-III-IV.pdf,1,1,sim=0.590>=0.55 + delta=1<=5,0.5904,0.0909
Nondeterministic Finite Automata (NFA): Definitions,Minimization of DFA,6.54-N-B.E-Computer-Science-EngineeringSem-III-IV.pdf,2,1,Adjacent same-course topics: delta=2 + sim=0.516,0.5158,0.0
Equivalence between NFA with and ϵ- transitions,Minimization of DFA,6.54-N-B.E-Computer-Science-EngineeringSem-III-IV.pdf,1,1,Adjacent same-course topics: delta=1 + sim=0.419,0.4193,0.0
Relationship (EER) Model,"Generalization, Specialization and Aggregation",6.54-N-B.E-Computer-Science-EngineeringSem-III-IV.pdf,1,0,Insufficient signal,0.1203,0.0
Relationship (EER) Model,"Introduction to the Relational Model, relational",6.54-N-B.E-Computer-Science-EngineeringSem-III-IV.pdf,2,1,Foundational kw in A + sim=0.518 + delta=2,0.5185,0.1429
Relationship (EER) Model,"EER Model to the Relational Model, Relational",6.54-N-B.E-Computer-Science-EngineeringSem-III-IV.pdf,3,1,High sim=0.842 + delta=3,0.8421,0.3333
Relationship (EER) Model,"Overview of SQL, Data Definition Commands",6.54-N-B.E-Computer-Science-EngineeringSem-III-IV.pdf,4,0,Insufficient signal,0.1176,0.0
Relationship (EER) Model,"Integrity constraints: key constraints, Domain",6.54-N-B.E-Computer-Science-EngineeringSem-III-IV.pdf,5,0,Insufficient signal,0.2034,0.0
Relationship (EER) Model,"Triggers, Introduction to Pl/SQL Block Structure",6.54-N-B.E-Computer-Science-EngineeringSem-III-IV.pdf,6,0,Insufficient signal,0.1301,0.0
Relationship (EER) Model,"Pitfalls in relational database designs, Concept",6.54-N-B.E-Computer-Science-EngineeringSem-III-IV.pdf,7,0,Insufficient signal,0.3273,0.0
Relationship (EER) Model,"Concurrent Executions, Serializability",6.54-N-B.E-Computer-Science-EngineeringSem-III-IV.pdf,8,0,Insufficient signal,0.0581,0.0
Relationship (EER) Model,"Cloud Database, Introduction of Distributed",6.54-N-B.E-Computer-Science-EngineeringSem-III-IV.pdf,9,0,Insufficient signal,0.1208,0.0
"Generalization, Specialization and Aggregation","Introduction to the Relational Model, relational",6.54-N-B.E-Computer-Science-EngineeringSem-III-IV.pdf,1,0,Insufficient signal,0.2568,0.0
"Generalization, Specialization and Aggregation","EER Model to the Relational Model, Relational",6.54-N-B.E-Computer-Science-EngineeringSem-III-IV.pdf,2,0,Insufficient signal,0.2326,0.0
"Generalization, Specialization and Aggregation","Overview of SQL, Data Definition Commands",6.54-N-B.E-Computer-Science-EngineeringSem-III-IV.pdf,3,0,Insufficient signal,0.2145,0.0
"Generalization, Specialization and Aggregation","Integrity constraints: key constraints, Domain",6.54-N-B.E-Computer-Science-EngineeringSem-III-IV.pdf,4,0,Insufficient signal,0.2391,0.0
"Generalization, Specialization and Aggregation","Triggers, Introduction to Pl/SQL Block Structure",6.54-N-B.E-Computer-Science-EngineeringSem-III-IV.pdf,5,0,Insufficient signal,0.2173,0.0
"Generalization, Specialization and Aggregation","Pitfalls in relational database designs, Concept",6.54-N-B.E-Computer-Science-EngineeringSem-III-IV.pdf,6,0,Insufficient signal,0.2946,0.0
"Generalization, Specialization and Aggregation","Concurrent Executions, Serializability",6.54-N-B.E-Computer-Science-EngineeringSem-III-IV.pdf,7,0,Insufficient signal,0.2549,0.0
"Generalization, Specialization and Aggregation","Cloud Database, Introduction of Distributed",6.54-N-B.E-Computer-Science-EngineeringSem-III-IV.pdf,8,0,Insufficient signal,0.2213,0.0
"Introduction to the Relational Model, relational","EER Model to the Relational Model, Relational",6.54-N-B.E-Computer-Science-EngineeringSem-III-IV.pdf,1,1,High sim=0.723 + delta=1,0.723,0.6667
"Introduction to the Relational Model, relational","Overview of SQL, Data Definition Commands",6.54-N-B.E-Computer-Science-EngineeringSem-III-IV.pdf,2,0,Insufficient signal,0.2286,0.0
"Introduction to the Relational Model, relational","Integrity constraints: key constraints, Domain",6.54-N-B.E-Computer-Science-EngineeringSem-III-IV.pdf,3,0,Insufficient signal,0.3045,0.0
"Introduction to the Relational Model, relational","Triggers, Introduction to Pl/SQL Block Structure",6.54-N-B.E-Computer-Science-EngineeringSem-III-IV.pdf,4,0,Insufficient signal,0.2218,0.2
"Introduction to the Relational Model, relational","Pitfalls in relational database designs, Concept",6.54-N-B.E-Computer-Science-EngineeringSem-III-IV.pdf,5,1,sim=0.567>=0.55 + delta=5<=5,0.5666,0.1
"Introduction to the Relational Model, relational","Concurrent Executions, Serializability",6.54-N-B.E-Computer-Science-EngineeringSem-III-IV.pdf,6,0,Insufficient signal,0.1168,0.0
"Introduction to the Relational Model, relational","Cloud Database, Introduction of Distributed",6.54-N-B.E-Computer-Science-EngineeringSem-III-IV.pdf,7,0,Insufficient signal,0.2594,0.1111
"EER Model to the Relational Model, Relational","Overview of SQL, Data Definition Commands",6.54-N-B.E-Computer-Science-EngineeringSem-III-IV.pdf,1,0,Insufficient signal,0.2588,0.0
"EER Model to the Relational Model, Relational","Integrity constraints: key constraints, Domain",6.54-N-B.E-Computer-Science-EngineeringSem-III-IV.pdf,2,0,Insufficient signal,0.2939,0.0
"EER Model to the Relational Model, Relational","Triggers, Introduction to Pl/SQL Block Structure",6.54-N-B.E-Computer-Science-EngineeringSem-III-IV.pdf,3,0,Insufficient signal,0.235,0.0909
"EER Model to the Relational Model, Relational","Pitfalls in relational database designs, Concept",6.54-N-B.E-Computer-Science-EngineeringSem-III-IV.pdf,4,1,Foundational kw in A + sim=0.522 + delta=4,0.5219,0.1
"EER Model to the Relational Model, Relational","Concurrent Executions, Serializability",6.54-N-B.E-Computer-Science-EngineeringSem-III-IV.pdf,5,0,Insufficient signal,0.1145,0.0
"EER Model to the Relational Model, Relational","Cloud Database, Introduction of Distributed",6.54-N-B.E-Computer-Science-EngineeringSem-III-IV.pdf,6,0,Insufficient signal,0.217,0.0
"Overview of SQL, Data Definition Commands","Integrity constraints: key constraints, Domain",6.54-N-B.E-Computer-Science-EngineeringSem-III-IV.pdf,1,0,Insufficient signal,0.2471,0.0
"Overview of SQL, Data Definition Commands","Triggers, Introduction to Pl/SQL Block Structure",6.54-N-B.E-Computer-Science-EngineeringSem-III-IV.pdf,2,1,Foundational kw in A + sim=0.506 + delta=2,0.5056,0.0833
"Overview of SQL, Data Definition Commands","Pitfalls in relational database designs, Concept",6.54-N-B.E-Computer-Science-EngineeringSem-III-IV.pdf,3,0,Insufficient signal,0.3288,0.0
"Overview of SQL, Data Definition Commands","Concurrent Executions, Serializability",6.54-N-B.E-Computer-Science-EngineeringSem-III-IV.pdf,4,0,Insufficient signal,0.1166,0.0
"Overview of SQL, Data Definition Commands","Cloud Database, Introduction of Distributed",6.54-N-B.E-Computer-Science-EngineeringSem-III-IV.pdf,5,0,Insufficient signal,0.2886,0.1
"Integrity constraints: key constraints, Domain","Triggers, Introduction to Pl/SQL Block Structure",6.54-N-B.E-Computer-Science-EngineeringSem-III-IV.pdf,1,1,Adjacent same-course topics: delta=1 + sim=0.338,0.3377,0.0
"Integrity constraints: key constraints, Domain","Pitfalls in relational database designs, Concept",6.54-N-B.E-Computer-Science-EngineeringSem-III-IV.pdf,2,1,Adjacent same-course topics: delta=2 + sim=0.356,0.3556,0.0
"Integrity constraints: key constraints, Domain","Concurrent Executions, Serializability",6.54-N-B.E-Computer-Science-EngineeringSem-III-IV.pdf,3,0,Insufficient signal,0.3471,0.0
"Integrity constraints: key constraints, Domain","Cloud Database, Introduction of Distributed",6.54-N-B.E-Computer-Science-EngineeringSem-III-IV.pdf,4,0,Insufficient signal,0.1594,0.0
"Triggers, Introduction to Pl/SQL Block Structure","Pitfalls in relational database designs, Concept",6.54-N-B.E-Computer-Science-EngineeringSem-III-IV.pdf,1,1,Foundational kw in A + sim=0.397 + delta=1,0.397,0.0
"Triggers, Introduction to Pl/SQL Block Structure","Concurrent Executions, Serializability",6.54-N-B.E-Computer-Science-EngineeringSem-III-IV.pdf,2,0,Insufficient signal,0.2327,0.0
"Triggers, Introduction to Pl/SQL Block Structure","Cloud Database, Introduction of Distributed",6.54-N-B.E-Computer-Science-EngineeringSem-III-IV.pdf,3,0,Insufficient signal,0.2646,0.0909
"Pitfalls in relational database designs, Concept","Concurrent Executions, Serializability",6.54-N-B.E-Computer-Science-EngineeringSem-III-IV.pdf,1,0,Insufficient signal,0.1842,0.0
"Pitfalls in relational database designs, Concept","Cloud Database, Introduction of Distributed",6.54-N-B.E-Computer-Science-EngineeringSem-III-IV.pdf,2,1,Adjacent same-course topics: delta=2 + sim=0.350,0.3498,0.1
"Concurrent Executions, Serializability","Cloud Database, Introduction of Distributed",6.54-N-B.E-Computer-Science-EngineeringSem-III-IV.pdf,1,0,Insufficient signal,0.2068,0.0
Special-purpose,Open-source and Proprietary Operating System,6.54-N-B.E-Computer-Science-EngineeringSem-III-IV.pdf,1,0,Insufficient signal,0.1526,0.0
Special-purpose,Fundamentals of Distributed Operating System,6.54-N-B.E-Computer-Science-EngineeringSem-III-IV.pdf,2,0,Insufficient signal,0.1752,0.0
Special-purpose,Network Operating System,6.54-N-B.E-Computer-Science-EngineeringSem-III-IV.pdf,3,0,Insufficient signal,0.1191,0.0
Special-purpose,Real-Time,6.54-N-B.E-Computer-Science-EngineeringSem-III-IV.pdf,4,0,Insufficient signal,0.2769,0.0
Special-purpose,Mobile Operating System,6.54-N-B.E-Computer-Science-EngineeringSem-III-IV.pdf,5,0,Insufficient signal,0.1539,0.0
Special-purpose,Special-purpose Operating Systems,6.54-N-B.E-Computer-Science-EngineeringSem-III-IV.pdf,6,1,Lexical containment + delta=6,0.5603,0.5
Open-source and Proprietary Operating System,Fundamentals of Distributed Operating System,6.54-N-B.E-Computer-Science-EngineeringSem-III-IV.pdf,1,1,sim=0.565>=0.55 + delta=1<=5,0.5654,0.2222
Open-source and Proprietary Operating System,Network Operating System,6.54-N-B.E-Computer-Science-EngineeringSem-III-IV.pdf,2,1,sim=0.551>=0.55 + delta=2<=5,0.5509,0.2857
Open-source and Proprietary Operating System,Real-Time,6.54-N-B.E-Computer-Science-EngineeringSem-III-IV.pdf,3,0,Insufficient signal,0.2827,0.0
Open-source and Proprietary Operating System,Mobile Operating System,6.54-N-B.E-Computer-Science-EngineeringSem-III-IV.pdf,4,0,Insufficient signal,0.531,0.2857
Open-source and Proprietary Operating System,Special-purpose Operating Systems,6.54-N-B.E-Computer-Science-EngineeringSem-III-IV.pdf,5,1,High sim=0.681 + delta=5,0.6814,0.1111
Fundamentals of Distributed Operating System,Network Operating System,6.54-N-B.E-Computer-Science-EngineeringSem-III-IV.pdf,1,1,High sim=0.647 + delta=1,0.647,0.3333
Fundamentals of Distributed Operating System,Real-Time,6.54-N-B.E-Computer-Science-EngineeringSem-III-IV.pdf,2,0,Insufficient signal,0.2594,0.0
Fundamentals of Distributed Operating System,Mobile Operating System,6.54-N-B.E-Computer-Science-EngineeringSem-III-IV.pdf,3,1,sim=0.551>=0.55 + delta=3<=5,0.5512,0.3333
Fundamentals of Distributed Operating System,Special-purpose Operating Systems,6.54-N-B.E-Computer-Science-EngineeringSem-III-IV.pdf,4,1,High sim=0.674 + delta=4,0.6744,0.125
Network Operating System,Real-Time,6.54-N-B.E-Computer-Science-EngineeringSem-III-IV.pdf,1,0,Insufficient signal,0.2475,0.0
Network Operating System,Mobile Operating System,6.54-N-B.E-Computer-Science-EngineeringSem-III-IV.pdf,2,1,High sim=0.621 + delta=2,0.6214,0.5
Network Operating System,Special-purpose Operating Systems,6.54-N-B.E-Computer-Science-EngineeringSem-III-IV.pdf,3,1,High sim=0.608 + delta=3,0.6075,0.1667
Real-Time,Mobile Operating System,6.54-N-B.E-Computer-Science-EngineeringSem-III-IV.pdf,1,0,Insufficient signal,0.2806,0.0
Real-Time,Special-purpose Operating Systems,6.54-N-B.E-Computer-Science-EngineeringSem-III-IV.pdf,2,1,Adjacent same-course topics: delta=2 + sim=0.304,0.3042,0.0
Mobile Operating System,Special-purpose Operating Systems,6.54-N-B.E-Computer-Science-EngineeringSem-III-IV.pdf,1,1,sim=0.592>=0.55 + delta=1<=5,0.5923,0.1667
Cayley-Hamilton,Linear Algebra (Theory of Matrices) verification and reduction of higher degree polynomials,6.24-N-B.E.-Computer-Engineering-Sem-III-IV.pdf,1,1,Adjacent same-course topics: delta=1 + sim=0.318,0.318,0.0
Cayley-Hamilton,Similarity of matrices,6.24-N-B.E.-Computer-Engineering-Sem-III-IV.pdf,2,0,Insufficient signal,0.2718,0.0
Cayley-Hamilton,Quadratic forms,6.24-N-B.E.-Computer-Engineering-Sem-III-IV.pdf,3,0,Insufficient signal,0.1908,0.0
Cayley-Hamilton,Linear and Non-Linear Programming Problems,6.24-N-B.E.-Computer-Engineering-Sem-III-IV.pdf,4,0,Insufficient signal,-0.0703,0.0
Cayley-Hamilton,Types of solutions,6.24-N-B.E.-Computer-Engineering-Sem-III-IV.pdf,5,0,Insufficient signal,0.0693,0.0
Cayley-Hamilton,Standard and Canonical of LPP,6.24-N-B.E.-Computer-Engineering-Sem-III-IV.pdf,6,0,Insufficient signal,0.1027,0.0
Cayley-Hamilton,Basic and Feasible solutions,6.24-N-B.E.-Computer-Engineering-Sem-III-IV.pdf,7,0,Insufficient signal,0.0012,0.0
Cayley-Hamilton,Simplex method,6.24-N-B.E.-Computer-Engineering-Sem-III-IV.pdf,8,0,Insufficient signal,0.0414,0.0
Cayley-Hamilton,Artificial variables,6.24-N-B.E.-Computer-Engineering-Sem-III-IV.pdf,9,0,Insufficient signal,0.0767,0.0
Cayley-Hamilton,Kuhn-Tucker conditions,6.24-N-B.E.-Computer-Engineering-Sem-III-IV.pdf,10,0,Insufficient signal,0.0109,0.0
Cayley-Hamilton,Introduction to Congruence,6.24-N-B.E.-Computer-Engineering-Sem-III-IV.pdf,11,0,Insufficient signal,0.1471,0.0
Cayley-Hamilton,Linear congruence,6.24-N-B.E.-Computer-Engineering-Sem-III-IV.pdf,12,0,Insufficient signal,0.2145,0.0
Cayley-Hamilton,Application of congruence-RSA algorithm,6.24-N-B.E.-Computer-Engineering-Sem-III-IV.pdf,13,0,Insufficient signal,0.0894,0.0
Cayley-Hamilton,Dirichlet’s conditions,6.24-N-B.E.-Computer-Engineering-Sem-III-IV.pdf,14,0,Insufficient signal,-0.0433,0.0
Linear Algebra (Theory of Matrices) verification and reduction of higher degree polynomials,Similarity of matrices,6.24-N-B.E.-Computer-Engineering-Sem-III-IV.pdf,1,1,Foundational kw in A + sim=0.378 + delta=1,0.378,0.1667
Linear Algebra (Theory of Matrices) verification and reduction of higher degree polynomials,Quadratic forms,6.24-N-B.E.-Computer-Engineering-Sem-III-IV.pdf,2,1,Adjacent same-course topics: delta=2 + sim=0.327,0.3275,0.0
Linear Algebra (Theory of Matrices) verification and reduction of higher degree polynomials,Linear and Non-Linear Programming Problems,6.24-N-B.E.-Computer-Engineering-Sem-III-IV.pdf,3,0,Insufficient signal,0.2021,0.1429
Linear Algebra (Theory of Matrices) verification and reduction of higher degree polynomials,Types of solutions,6.24-N-B.E.-Computer-Engineering-Sem-III-IV.pdf,4,0,Insufficient signal,0.0988,0.0769
Linear Algebra (Theory of Matrices) verification and reduction of higher degree polynomials,Standard and Canonical of LPP,6.24-N-B.E.-Computer-Engineering-Sem-III-IV.pdf,5,0,Insufficient signal,0.1691,0.1429
Linear Algebra (Theory of Matrices) verification and reduction of higher degree polynomials,Basic and Feasible solutions,6.24-N-B.E.-Computer-Engineering-Sem-III-IV.pdf,6,0,Insufficient signal,0.1148,0.0714
Linear Algebra (Theory of Matrices) verification and reduction of higher degree polynomials,Simplex method,6.24-N-B.E.-Computer-Engineering-Sem-III-IV.pdf,7,0,Insufficient signal,0.1524,0.0
Linear Algebra (Theory of Matrices) verification and reduction of higher degree polynomials,Artificial variables,6.24-N-B.E.-Computer-Engineering-Sem-III-IV.pdf,8,0,Insufficient signal,0.0919,0.0
Linear Algebra (Theory of Matrices) verification and reduction of higher degree polynomials,Kuhn-Tucker conditions,6.24-N-B.E.-Computer-Engineering-Sem-III-IV.pdf,9,0,Insufficient signal,0.0756,0.0
Linear Algebra (Theory of Matrices) verification and reduction of higher degree polynomials,Introduction to Congruence,6.24-N-B.E.-Computer-Engineering-Sem-III-IV.pdf,10,0,Insufficient signal,0.0743,0.0
Linear Algebra (Theory of Matrices) verification and reduction of higher degree polynomials,Linear congruence,6.24-N-B.E.-Computer-Engineering-Sem-III-IV.pdf,11,0,Insufficient signal,0.2843,0.0833
Linear Algebra (Theory of Matrices) verification and reduction of higher degree polynomials,Application of congruence-RSA algorithm,6.24-N-B.E.-Computer-Engineering-Sem-III-IV.pdf,12,0,Insufficient signal,0.1457,0.0667
Linear Algebra (Theory of Matrices) verification and reduction of higher degree polynomials,Dirichlet’s conditions,6.24-N-B.E.-Computer-Engineering-Sem-III-IV.pdf,13,0,Insufficient signal,-0.0551,0.0
Linear Algebra (Theory of Matrices) verification and reduction of higher degree polynomials,Fourier series of periodic,6.24-N-B.E.-Computer-Engineering-Sem-III-IV.pdf,14,0,Insufficient signal,0.0501,0.0714
Similarity of matrices,Quadratic forms,6.24-N-B.E.-Computer-Engineering-Sem-III-IV.pdf,1,0,Insufficient signal,0.1835,0.0
Similarity of matrices,Linear and Non-Linear Programming Problems,6.24-N-B.E.-Computer-Engineering-Sem-III-IV.pdf,2,0,Insufficient signal,0.0555,0.0
Similarity of matrices,Types of solutions,6.24-N-B.E.-Computer-Engineering-Sem-III-IV.pdf,3,0,Insufficient signal,0.0718,0.2
Similarity of matrices,Standard and Canonical of LPP,6.24-N-B.E.-Computer-Engineering-Sem-III-IV.pdf,4,0,Insufficient signal,0.0275,0.1429
Similarity of matrices,Basic and Feasible solutions,6.24-N-B.E.-Computer-Engineering-Sem-III-IV.pdf,5,0,Insufficient signal,0.057,0.0
Similarity of matrices,Simplex method,6.24-N-B.E.-Computer-Engineering-Sem-III-IV.pdf,6,0,Insufficient signal,0.0153,0.0
Similarity of matrices,Artificial variables,6.24-N-B.E.-Computer-Engineering-Sem-III-IV.pdf,7,0,Insufficient signal,-0.0045,0.0
Similarity of matrices,Kuhn-Tucker conditions,6.24-N-B.E.-Computer-Engineering-Sem-III-IV.pdf,8,0,Insufficient signal,0.0595,0.0
Similarity of matrices,Introduction to Congruence,6.24-N-B.E.-Computer-Engineering-Sem-III-IV.pdf,9,0,Insufficient signal,0.0499,0.0
Similarity of matrices,Linear congruence,6.24-N-B.E.-Computer-Engineering-Sem-III-IV.pdf,10,0,Insufficient signal,0.1671,0.0
Similarity of matrices,Application of congruence-RSA algorithm,6.24-N-B.E.-Computer-Engineering-Sem-III-IV.pdf,11,0,Insufficient signal,0.0755,0.1429
Similarity of matrices,Dirichlet’s conditions,6.24-N-B.E.-Computer-Engineering-Sem-III-IV.pdf,12,0,Insufficient signal,-0.0128,0.0
Similarity of matrices,Fourier series of periodic,6.24-N-B.E.-Computer-Engineering-Sem-III-IV.pdf,13,0,Insufficient signal,0.0009,0.1667
Similarity of matrices,Fourier series of even and odd functions,6.24-N-B.E.-Computer-Engineering-Sem-III-IV.pdf,14,0,Insufficient signal,-0.0637,0.1111
Quadratic forms,Linear and Non-Linear Programming Problems,6.24-N-B.E.-Computer-Engineering-Sem-III-IV.pdf,1,0,Insufficient signal,0.161,0.0
Quadratic forms,Types of solutions,6.24-N-B.E.-Computer-Engineering-Sem-III-IV.pdf,2,0,Insufficient signal,0.2615,0.0
Quadratic forms,Standard and Canonical of LPP,6.24-N-B.E.-Computer-Engineering-Sem-III-IV.pdf,3,0,Insufficient signal,0.1094,0.0
Quadratic forms,Basic and Feasible solutions,6.24-N-B.E.-Computer-Engineering-Sem-III-IV.pdf,4,0,Insufficient signal,0.226,0.0
Quadratic forms,Simplex method,6.24-N-B.E.-Computer-Engineering-Sem-III-IV.pdf,5,0,Insufficient signal,0.1793,0.0
Quadratic forms,Artificial variables,6.24-N-B.E.-Computer-Engineering-Sem-III-IV.pdf,6,0,Insufficient signal,0.1713,0.0
Quadratic forms,Kuhn-Tucker conditions,6.24-N-B.E.-Computer-Engineering-Sem-III-IV.pdf,7,0,Insufficient signal,0.2002,0.0
Quadratic forms,Introduction to Congruence,6.24-N-B.E.-Computer-Engineering-Sem-III-IV.pdf,8,0,Insufficient signal,0.2168,0.0
Quadratic forms,Linear congruence,6.24-N-B.E.-Computer-Engineering-Sem-III-IV.pdf,9,0,Insufficient signal,0.2821,0.0
Quadratic forms,Application of congruence-RSA algorithm,6.24-N-B.E.-Computer-Engineering-Sem-III-IV.pdf,10,0,Insufficient signal,0.1161,0.0
Quadratic forms,Dirichlet’s conditions,6.24-N-B.E.-Computer-Engineering-Sem-III-IV.pdf,11,0,Insufficient signal,0.1331,0.0
Quadratic forms,Fourier series of periodic,6.24-N-B.E.-Computer-Engineering-Sem-III-IV.pdf,12,0,Insufficient signal,0.0328,0.0
Quadratic forms,Fourier series of even and odd functions,6.24-N-B.E.-Computer-Engineering-Sem-III-IV.pdf,13,0,Insufficient signal,0.0468,0.0
Quadratic forms,Complex form of Fourier Series,6.24-N-B.E.-Computer-Engineering-Sem-III-IV.pdf,14,0,Insufficient signal,0.1998,0.0
Linear and Non-Linear Programming Problems,Types of solutions,6.24-N-B.E.-Computer-Engineering-Sem-III-IV.pdf,1,0,Insufficient signal,0.2528,0.0
Linear and Non-Linear Programming Problems,Standard and Canonical of LPP,6.24-N-B.E.-Computer-Engineering-Sem-III-IV.pdf,2,1,Insufficient signal,0.2497,0.1111
Linear and Non-Linear Programming Problems,Basic and Feasible solutions,6.24-N-B.E.-Computer-Engineering-Sem-III-IV.pdf,3,1,sim=0.575>=0.55 + delta=3<=5,0.575,0.125
Linear and Non-Linear Programming Problems,Simplex method,6.24-N-B.E.-Computer-Engineering-Sem-III-IV.pdf,4,0,Insufficient signal,0.2234,0.0
Linear and Non-Linear Programming Problems,Artificial variables,6.24-N-B.E.-Computer-Engineering-Sem-III-IV.pdf,5,0,Insufficient signal,0.3948,0.0
Linear and Non-Linear Programming Problems,Kuhn-Tucker conditions,6.24-N-B.E.-Computer-Engineering-Sem-III-IV.pdf,6,0,Insufficient signal,0.2473,0.0
Linear and Non-Linear Programming Problems,Introduction to Congruence,6.24-N-B.E.-Computer-Engineering-Sem-III-IV.pdf,7,0,Insufficient signal,-0.0405,0.0
Linear and Non-Linear Programming Problems,Linear congruence,6.24-N-B.E.-Computer-Engineering-Sem-III-IV.pdf,8,0,Insufficient signal,0.1338,0.1667
Linear and Non-Linear Programming Problems,Application of congruence-RSA algorithm,6.24-N-B.E.-Computer-Engineering-Sem-III-IV.pdf,9,0,Insufficient signal,0.0412,0.0
Linear and Non-Linear Programming Problems,Dirichlet’s conditions,6.24-N-B.E.-Computer-Engineering-Sem-III-IV.pdf,10,0,Insufficient signal,0.0428,0.0
Linear and Non-Linear Programming Problems,Fourier series of periodic,6.24-N-B.E.-Computer-Engineering-Sem-III-IV.pdf,11,0,Insufficient signal,-0.127,0.0
Linear and Non-Linear Programming Problems,Fourier series of even and odd functions,6.24-N-B.E.-Computer-Engineering-Sem-III-IV.pdf,12,0,Insufficient signal,-0.0229,0.0909
Linear and Non-Linear Programming Problems,Complex form of Fourier Series,6.24-N-B.E.-Computer-Engineering-Sem-III-IV.pdf,13,0,Insufficient signal,-0.13,0.0
Linear and Non-Linear Programming Problems,Lines of regression,6.24-N-B.E.-Computer-Engineering-Sem-III-IV.pdf,14,0,Insufficient signal,0.2796,0.0
Types of solutions,Standard and Canonical of LPP,6.24-N-B.E.-Computer-Engineering-Sem-III-IV.pdf,1,0,Insufficient signal,0.1217,0.1429
Types of solutions,Basic and Feasible solutions,6.24-N-B.E.-Computer-Engineering-Sem-III-IV.pdf,2,1,Foundational kw in A + sim=0.479 + delta=2,0.479,0.1667
Types of solutions,Simplex method,6.24-N-B.E.-Computer-Engineering-Sem-III-IV.pdf,3,0,Insufficient signal,0.1297,0.0
Types of solutions,Artificial variables,6.24-N-B.E.-Computer-Engineering-Sem-III-IV.pdf,4,1,Insufficient signal,0.2761,0.0
Types of solutions,Kuhn-Tucker conditions,6.24-N-B.E.-Computer-Engineering-Sem-III-IV.pdf,5,0,Insufficient signal,0.1889,0.0
Types of solutions,Introduction to Congruence,6.24-N-B.E.-Computer-Engineering-Sem-III-IV.pdf,6,0,Insufficient signal,0.0776,0.0
Types of solutions,Linear congruence,6.24-N-B.E.-Computer-Engineering-Sem-III-IV.pdf,7,0,Insufficient signal,0.1037,0.0
Types of solutions,Application of congruence-RSA algorithm,6.24-N-B.E.-Computer-Engineering-Sem-III-IV.pdf,8,0,Insufficient signal,0.0485,0.1429
Types of solutions,Dirichlet’s conditions,6.24-N-B.E.-Computer-Engineering-Sem-III-IV.pdf,9,0,Insufficient signal,0.1982,0.0
Types of solutions,Fourier series of periodic,6.24-N-B.E.-Computer-Engineering-Sem-III-IV.pdf,10,0,Insufficient signal,0.0109,0.1667
Types of solutions,Fourier series of even and odd functions,6.24-N-B.E.-Computer-Engineering-Sem-III-IV.pdf,11,0,Insufficient signal,0.0343,0.1111
Types of solutions,Complex form of Fourier Series,6.24-N-B.E.-Computer-Engineering-Sem-III-IV.pdf,12,0,Insufficient signal,0.0521,0.1429
Types of solutions,Lines of regression,6.24-N-B.E.-Computer-Engineering-Sem-III-IV.pdf,13,0,Insufficient signal,0.1037,0.2
Types of solutions,Moment generating function,6.24-N-B.E.-Computer-Engineering-Sem-III-IV.pdf,14,0,Insufficient signal,0.0109,0.0
Standard and Canonical of LPP,Basic and Feasible solutions,6.24-N-B.E.-Computer-Engineering-Sem-III-IV.pdf,1,1,Insufficient signal,0.224,0.125
Standard and Canonical of LPP,Simplex method,6.24-N-B.E.-Computer-Engineering-Sem-III-IV.pdf,2,0,Insufficient signal,0.1656,0.0
Standard and Canonical of LPP,Artificial variables,6.24-N-B.E.-Computer-Engineering-Sem-III-IV.pdf,3,0,Insufficient signal,0.1601,0.0
Standard and Canonical of LPP,Kuhn-Tucker conditions,6.24-N-B.E.-Computer-Engineering-Sem-III-IV.pdf,4,0,Insufficient signal,0.0818,0.0
Standard and Canonical of LPP,Introduction to Congruence,6.24-N-B.E.-Computer-Engineering-Sem-III-IV.pdf,5,0,Insufficient signal,0.0827,0.0
Standard and Canonical of LPP,Linear congruence,6.24-N-B.E.-Computer-Engineering-Sem-III-IV.pdf,6,0,Insufficient signal,0.1686,0.0
Standard and Canonical of LPP,Application of congruence-RSA algorithm,6.24-N-B.E.-Computer-Engineering-Sem-III-IV.pdf,7,0,Insufficient signal,0.0824,0.1111
Standard and Canonical of LPP,Dirichlet’s conditions,6.24-N-B.E.-Computer-Engineering-Sem-III-IV.pdf,8,0,Insufficient signal,0.0865,0.0
Standard and Canonical of LPP,Fourier series of periodic,6.24-N-B.E.-Computer-Engineering-Sem-III-IV.pdf,9,0,Insufficient signal,-0.0222,0.125
Standard and Canonical of LPP,Fourier series of even and odd functions,6.24-N-B.E.-Computer-Engineering-Sem-III-IV.pdf,10,0,Insufficient signal,0.0379,0.2
Standard and Canonical of LPP,Complex form of Fourier Series,6.24-N-B.E.-Computer-Engineering-Sem-III-IV.pdf,11,0,Insufficient signal,0.0169,0.1111
Standard and Canonical of LPP,Lines of regression,6.24-N-B.E.-Computer-Engineering-Sem-III-IV.pdf,12,0,Insufficient signal,0.1162,0.1429
Standard and Canonical of LPP,Moment generating function,6.24-N-B.E.-Computer-Engineering-Sem-III-IV.pdf,13,0,Insufficient signal,0.0601,0.0
Standard and Canonical of LPP,Raw moments,6.24-N-B.E.-Computer-Engineering-Sem-III-IV.pdf,14,0,Insufficient signal,0.0491,0.0
Basic and Feasible solutions,Simplex method,6.24-N-B.E.-Computer-Engineering-Sem-III-IV.pdf,1,1,Adjacent same-course topics: delta=1 + sim=0.330,0.33,0.0
Basic and Feasible solutions,Artificial variables,6.24-N-B.E.-Computer-Engineering-Sem-III-IV.pdf,2,1,Foundational kw in A + sim=0.427 + delta=2,0.4269,0.0
Basic and Feasible solutions,Kuhn-Tucker conditions,6.24-N-B.E.-Computer-Engineering-Sem-III-IV.pdf,3,1,Insufficient signal,0.2568,0.0
Basic and Feasible solutions,Introduction to Congruence,6.24-N-B.E.-Computer-Engineering-Sem-III-IV.pdf,4,0,Insufficient signal,0.1335,0.0
Basic and Feasible solutions,Linear congruence,6.24-N-B.E.-Computer-Engineering-Sem-III-IV.pdf,5,0,Insufficient signal,0.1608,0.0
Basic and Feasible solutions,Application of congruence-RSA algorithm,6.24-N-B.E.-Computer-Engineering-Sem-III-IV.pdf,6,0,Insufficient signal,0.1536,0.0
Basic and Feasible solutions,Dirichlet’s conditions,6.24-N-B.E.-Computer-Engineering-Sem-III-IV.pdf,7,0,Insufficient signal,0.143,0.0
Basic and Feasible solutions,Fourier series of periodic,6.24-N-B.E.-Computer-Engineering-Sem-III-IV.pdf,8,0,Insufficient signal,-0.0731,0.0
Basic and Feasible solutions,Fourier series of even and odd functions,6.24-N-B.E.-Computer-Engineering-Sem-III-IV.pdf,9,0,Insufficient signal,-0.0582,0.1
Basic and Feasible solutions,Complex form of Fourier Series,6.24-N-B.E.-Computer-Engineering-Sem-III-IV.pdf,10,0,Insufficient signal,-0.0442,0.0
Basic and Feasible solutions,Lines of regression,6.24-N-B.E.-Computer-Engineering-Sem-III-IV.pdf,11,0,Insufficient signal,0.1566,0.0
Basic and Feasible solutions,Moment generating function,6.24-N-B.E.-Computer-Engineering-Sem-III-IV.pdf,12,0,Insufficient signal,0.0337,0.0
Basic and Feasible solutions,Raw moments,6.24-N-B.E.-Computer-Engineering-Sem-III-IV.pdf,13,0,Insufficient signal,0.0636,0.0
Simplex method,Artificial variables,6.24-N-B.E.-Computer-Engineering-Sem-III-IV.pdf,1,1,Insufficient signal,0.267,0.0
Simplex method,Kuhn-Tucker conditions,6.24-N-B.E.-Computer-Engineering-Sem-III-IV.pdf,2,0,Insufficient signal,0.0561,0.0
Simplex method,Introduction to Congruence,6.24-N-B.E.-Computer-Engineering-Sem-III-IV.pdf,3,0,Insufficient signal,0.0279,0.0
Simplex method,Linear congruence,6.24-N-B.E.-Computer-Engineering-Sem-III-IV.pdf,4,0,Insufficient signal,0.1412,0.0
Simplex method,Application of congruence-RSA algorithm,6.24-N-B.E.-Computer-Engineering-Sem-III-IV.pdf,5,0,Insufficient signal,0.155,0.0
Simplex method,Dirichlet’s conditions,6.24-N-B.E.-Computer-Engineering-Sem-III-IV.pdf,6,0,Insufficient signal,-0.0792,0.0
Simplex method,Fourier series of periodic,6.24-N-B.E.-Computer-Engineering-Sem-III-IV.pdf,7,0,Insufficient signal,0.0877,0.0
Simplex method,Fourier series of even and odd functions,6.24-N-B.E.-Computer-Engineering-Sem-III-IV.pdf,8,0,Insufficient signal,0.1592,0.0
Simplex method,Complex form of Fourier Series,6.24-N-B.E.-Computer-Engineering-Sem-III-IV.pdf,9,0,Insufficient signal,0.0717,0.0
Simplex method,Lines of regression,6.24-N-B.E.-Computer-Engineering-Sem-III-IV.pdf,10,0,Insufficient signal,0.1042,0.0
Simplex method,Moment generating function,6.24-N-B.E.-Computer-Engineering-Sem-III-IV.pdf,11,0,Insufficient signal,0.096,0.0
Simplex method,Raw moments,6.24-N-B.E.-Computer-Engineering-Sem-III-IV.pdf,12,0,Insufficient signal,0.0617,0.0
Artificial variables,Kuhn-Tucker conditions,6.24-N-B.E.-Computer-Engineering-Sem-III-IV.pdf,1,1,Insufficient signal,0.208,0.0
Artificial variables,Introduction to Congruence,6.24-N-B.E.-Computer-Engineering-Sem-III-IV.pdf,2,0,Insufficient signal,0.0703,0.0
Artificial variables,Linear congruence,6.24-N-B.E.-Computer-Engineering-Sem-III-IV.pdf,3,0,Insufficient signal,0.0242,0.0
Artificial variables,Application of congruence-RSA algorithm,6.24-N-B.E.-Computer-Engineering-Sem-III-IV.pdf,4,0,Insufficient signal,0.1005,0.0
Artificial variables,Dirichlet’s conditions,6.24-N-B.E.-Computer-Engineering-Sem-III-IV.pdf,5,0,Insufficient signal,0.0852,0.0
Artificial variables,Fourier series of periodic,6.24-N-B.E.-Computer-Engineering-Sem-III-IV.pdf,6,0,Insufficient signal,-0.0556,0.0
Artificial variables,Fourier series of even and odd functions,6.24-N-B.E.-Computer-Engineering-Sem-III-IV.pdf,7,0,Insufficient signal,-0.0434,0.0
Artificial variables,Complex form of Fourier Series,6.24-N-B.E.-Computer-Engineering-Sem-III-IV.pdf,8,0,Insufficient signal,0.0469,0.0
Artificial variables,Lines of regression,6.24-N-B.E.-Computer-Engineering-Sem-III-IV.pdf,9,0,Insufficient signal,0.3424,0.0
Artificial variables,Moment generating function,6.24-N-B.E.-Computer-Engineering-Sem-III-IV.pdf,10,0,Insufficient signal,0.1467,0.0
Artificial variables,Raw moments,6.24-N-B.E.-Computer-Engineering-Sem-III-IV.pdf,11,0,Insufficient signal,0.121,0.0
Kuhn-Tucker conditions,Introduction to Congruence,6.24-N-B.E.-Computer-Engineering-Sem-III-IV.pdf,1,0,Insufficient signal,0.0039,0.0
Kuhn-Tucker conditions,Linear congruence,6.24-N-B.E.-Computer-Engineering-Sem-III-IV.pdf,2,0,Insufficient signal,-0.0388,0.0
Kuhn-Tucker conditions,Application of congruence-RSA algorithm,6.24-N-B.E.-Computer-Engineering-Sem-III-IV.pdf,3,0,Insufficient signal,-0.0484,0.0
Kuhn-Tucker conditions,Dirichlet’s conditions,6.24-N-B.E.-Computer-Engineering-Sem-III-IV.pdf,4,0,Insufficient signal,0.4166,0.2
Kuhn-Tucker conditions,Fourier series of periodic,6.24-N-B.E.-Computer-Engineering-Sem-III-IV.pdf,5,0,Insufficient signal,-0.0291,0.0
Kuhn-Tucker conditions,Fourier series of even and odd functions,6.24-N-B.E.-Computer-Engineering-Sem-III-IV.pdf,6,0,Insufficient signal,0.0022,0.0
Kuhn-Tucker conditions,Complex form of Fourier Series,6.24-N-B.E.-Computer-Engineering-Sem-III-IV.pdf,7,0,Insufficient signal,0.057,0.0
Kuhn-Tucker conditions,Lines of regression,6.24-N-B.E.-Computer-Engineering-Sem-III-IV.pdf,8,0,Insufficient signal,0.0916,0.0
Kuhn-Tucker conditions,Moment generating function,6.24-N-B.E.-Computer-Engineering-Sem-III-IV.pdf,9,0,Insufficient signal,0.0264,0.0
Kuhn-Tucker conditions,Raw moments,6.24-N-B.E.-Computer-Engineering-Sem-III-IV.pdf,10,0,Insufficient signal,0.1,0.0
Introduction to Congruence,Linear congruence,6.24-N-B.E.-Computer-Engineering-Sem-III-IV.pdf,1,1,High sim=0.678 + delta=1,0.6781,0.25
Introduction to Congruence,Application of congruence-RSA algorithm,6.24-N-B.E.-Computer-Engineering-Sem-III-IV.pdf,2,1,High sim=0.688 + delta=2,0.6881,0.1429
Introduction to Congruence,Dirichlet’s conditions,6.24-N-B.E.-Computer-Engineering-Sem-III-IV.pdf,3,0,Insufficient signal,0.1547,0.0
Introduction to Congruence,Fourier series of periodic,6.24-N-B.E.-Computer-Engineering-Sem-III-IV.pdf,4,0,Insufficient signal,0.1555,0.0
Introduction to Congruence,Fourier series of even and odd functions,6.24-N-B.E.-Computer-Engineering-Sem-III-IV.pdf,5,0,Insufficient signal,0.0929,0.0
Introduction to Congruence,Complex form of Fourier Series,6.24-N-B.E.-Computer-Engineering-Sem-III-IV.pdf,6,0,Insufficient signal,0.0916,0.0
Introduction to Congruence,Lines of regression,6.24-N-B.E.-Computer-Engineering-Sem-III-IV.pdf,7,0,Insufficient signal,0.0511,0.0
Introduction to Congruence,Moment generating function,6.24-N-B.E.-Computer-Engineering-Sem-III-IV.pdf,8,0,Insufficient signal,0.0546,0.0
Introduction to Congruence,Raw moments,6.24-N-B.E.-Computer-Engineering-Sem-III-IV.pdf,9,0,Insufficient signal,0.0832,0.0
Linear congruence,Application of congruence-RSA algorithm,6.24-N-B.E.-Computer-Engineering-Sem-III-IV.pdf,1,1,sim=0.579>=0.55 + delta=1<=5,0.5786,0.1667
Linear congruence,Dirichlet’s conditions,6.24-N-B.E.-Computer-Engineering-Sem-III-IV.pdf,2,0,Insufficient signal,0.027,0.0
Linear congruence,Fourier series of periodic,6.24-N-B.E.-Computer-Engineering-Sem-III-IV.pdf,3,0,Insufficient signal,0.1968,0.0
Linear congruence,Fourier series of even and odd functions,6.24-N-B.E.-Computer-Engineering-Sem-III-IV.pdf,4,0,Insufficient signal,0.0794,0.0
Linear congruence,Complex form of Fourier Series,6.24-N-B.E.-Computer-Engineering-Sem-III-IV.pdf,5,0,Insufficient signal,0.0738,0.0
Linear congruence,Lines of regression,6.24-N-B.E.-Computer-Engineering-Sem-III-IV.pdf,6,0,Insufficient signal,0.129,0.0
Linear congruence,Moment generating function,6.24-N-B.E.-Computer-Engineering-Sem-III-IV.pdf,7,0,Insufficient signal,0.0302,0.0
Linear congruence,Raw moments,6.24-N-B.E.-Computer-Engineering-Sem-III-IV.pdf,8,0,Insufficient signal,-0.0164,0.0
Application of congruence-RSA algorithm,Dirichlet’s conditions,6.24-N-B.E.-Computer-Engineering-Sem-III-IV.pdf,1,0,Insufficient signal,0.0264,0.0
Application of congruence-RSA algorithm,Fourier series of periodic,6.24-N-B.E.-Computer-Engineering-Sem-III-IV.pdf,2,0,Insufficient signal,0.1624,0.125
Application of congruence-RSA algorithm,Fourier series of even and odd functions,6.24-N-B.E.-Computer-Engineering-Sem-III-IV.pdf,3,0,Insufficient signal,0.0774,0.0909
Application of congruence-RSA algorithm,Complex form of Fourier Series,6.24-N-B.E.-Computer-Engineering-Sem-III-IV.pdf,4,0,Insufficient signal,0.1121,0.1111
Application of congruence-RSA algorithm,Lines of regression,6.24-N-B.E.-Computer-Engineering-Sem-III-IV.pdf,5,0,Insufficient signal,0.0278,0.1429
Application of congruence-RSA algorithm,Moment generating function,6.24-N-B.E.-Computer-Engineering-Sem-III-IV.pdf,6,0,Insufficient signal,0.1798,0.0
Application of congruence-RSA algorithm,Raw moments,6.24-N-B.E.-Computer-Engineering-Sem-III-IV.pdf,7,0,Insufficient signal,0.0321,0.0
Dirichlet’s conditions,Fourier series of periodic,6.24-N-B.E.-Computer-Engineering-Sem-III-IV.pdf,1,0,Insufficient signal,0.1715,0.0
Dirichlet’s conditions,Fourier series of even and odd functions,6.24-N-B.E.-Computer-Engineering-Sem-III-IV.pdf,2,0,Insufficient signal,0.1507,0.0
Dirichlet’s conditions,Complex form of Fourier Series,6.24-N-B.E.-Computer-Engineering-Sem-III-IV.pdf,3,0,Insufficient signal,0.1255,0.0
Dirichlet’s conditions,Lines of regression,6.24-N-B.E.-Computer-Engineering-Sem-III-IV.pdf,4,0,Insufficient signal,0.0011,0.0
Dirichlet’s conditions,Moment generating function,6.24-N-B.E.-Computer-Engineering-Sem-III-IV.pdf,5,0,Insufficient signal,-0.0091,0.0
Dirichlet’s conditions,Raw moments,6.24-N-B.E.-Computer-Engineering-Sem-III-IV.pdf,6,0,Insufficient signal,0.1015,0.0
Fourier series of periodic,Fourier series of even and odd functions,6.24-N-B.E.-Computer-Engineering-Sem-III-IV.pdf,1,1,High sim=0.702 + delta=1,0.7024,0.375
Fourier series of periodic,Complex form of Fourier Series,6.24-N-B.E.-Computer-Engineering-Sem-III-IV.pdf,2,1,High sim=0.734 + delta=2,0.7343,0.5
Fourier series of periodic,Lines of regression,6.24-N-B.E.-Computer-Engineering-Sem-III-IV.pdf,3,0,Insufficient signal,-0.0031,0.1667
Fourier series of periodic,Moment generating function,6.24-N-B.E.-Computer-Engineering-Sem-III-IV.pdf,4,0,Insufficient signal,0.1743,0.0
Fourier series of periodic,Raw moments,6.24-N-B.E.-Computer-Engineering-Sem-III-IV.pdf,5,0,Insufficient signal,-0.0189,0.0
Fourier series of even and odd functions,Complex form of Fourier Series,6.24-N-B.E.-Computer-Engineering-Sem-III-IV.pdf,1,1,High sim=0.631 + delta=1,0.6314,0.3333
Fourier series of even and odd functions,Lines of regression,6.24-N-B.E.-Computer-Engineering-Sem-III-IV.pdf,2,0,Insufficient signal,-0.005,0.1111
Fourier series of even and odd functions,Moment generating function,6.24-N-B.E.-Computer-Engineering-Sem-III-IV.pdf,3,0,Insufficient signal,0.1755,0.0
Fourier series of even and odd functions,Raw moments,6.24-N-B.E.-Computer-Engineering-Sem-III-IV.pdf,4,0,Insufficient signal,0.0454,0.0
Complex form of Fourier Series,Lines of regression,6.24-N-B.E.-Computer-Engineering-Sem-III-IV.pdf,1,0,Insufficient signal,0.0088,0.1429
Complex form of Fourier Series,Moment generating function,6.24-N-B.E.-Computer-Engineering-Sem-III-IV.pdf,2,0,Insufficient signal,0.2589,0.0
Complex form of Fourier Series,Raw moments,6.24-N-B.E.-Computer-Engineering-Sem-III-IV.pdf,3,0,Insufficient signal,0.0211,0.0
Lines of regression,Moment generating function,6.24-N-B.E.-Computer-Engineering-Sem-III-IV.pdf,1,0,Insufficient signal,0.0172,0.0
Lines of regression,Raw moments,6.24-N-B.E.-Computer-Engineering-Sem-III-IV.pdf,2,0,Insufficient signal,0.0828,0.0
Moment generating function,Raw moments,6.24-N-B.E.-Computer-Engineering-Sem-III-IV.pdf,1,1,Adjacent same-course topics: delta=1 + sim=0.410,0.4099,0.0
RE in text search and replace,Application of Regular,6.24-N-B.E.-Computer-Engineering-Sem-III-IV.pdf,1,0,Insufficient signal,0.1369,0.0
RE in text search and replace,Languages in Compiler Design,6.24-N-B.E.-Computer-Engineering-Sem-III-IV.pdf,2,0,Insufficient signal,0.0087,0.1111
RE in text search and replace,Nondeterministic Finite Automata (NFA): Definitions,6.24-N-B.E.-Computer-Engineering-Sem-III-IV.pdf,3,0,Insufficient signal,0.0547,0.0
RE in text search and replace,Equivalence between NFA with and ϵ- transitions,6.24-N-B.E.-Computer-Engineering-Sem-III-IV.pdf,4,0,Insufficient signal,0.0344,0.0833
RE in text search and replace,Minimization of DFA,6.24-N-B.E.-Computer-Engineering-Sem-III-IV.pdf,5,0,Insufficient signal,0.056,0.0
Application of Regular,Languages in Compiler Design,6.24-N-B.E.-Computer-Engineering-Sem-III-IV.pdf,1,0,Insufficient signal,0.127,0.0
Application of Regular,Nondeterministic Finite Automata (NFA): Definitions,6.24-N-B.E.-Computer-Engineering-Sem-III-IV.pdf,2,0,Insufficient signal,0.2048,0.0
Application of Regular,Equivalence between NFA with and ϵ- transitions,6.24-N-B.E.-Computer-Engineering-Sem-III-IV.pdf,3,0,Insufficient signal,0.1411,0.0
Application of Regular,Minimization of DFA,6.24-N-B.E.-Computer-Engineering-Sem-III-IV.pdf,4,0,Insufficient signal,0.289,0.2
Languages in Compiler Design,Nondeterministic Finite Automata (NFA): Definitions,6.24-N-B.E.-Computer-Engineering-Sem-III-IV.pdf,1,0,Insufficient signal,0.2147,0.0
Languages in Compiler Design,Equivalence between NFA with and ϵ- transitions,6.24-N-B.E.-Computer-Engineering-Sem-III-IV.pdf,2,0,Insufficient signal,0.1073,0.0
Languages in Compiler Design,Minimization of DFA,6.24-N-B.E.-Computer-Engineering-Sem-III-IV.pdf,3,0,Insufficient signal,0.146,0.0
Nondeterministic Finite Automata (NFA): Definitions,Equivalence between NFA with and ϵ- transitions,6.24-N-B.E.-Computer-Engineering-Sem-III-IV.pdf,1,1,sim=0.590>=0.55 + delta=1<=5,0.5904,0.0909
Nondeterministic Finite Automata (NFA): Definitions,Minimization of DFA,6.24-N-B.E.-Computer-Engineering-Sem-III-IV.pdf,2,1,Adjacent same-course topics: delta=2 + sim=0.516,0.5158,0.0
Equivalence between NFA with and ϵ- transitions,Minimization of DFA,6.24-N-B.E.-Computer-Engineering-Sem-III-IV.pdf,1,1,Adjacent same-course topics: delta=1 + sim=0.419,0.4193,0.0
Relationship (EER) Model,"Generalization, Specialization and Aggregation",6.24-N-B.E.-Computer-Engineering-Sem-III-IV.pdf,1,0,Insufficient signal,0.1203,0.0
Relationship (EER) Model,"Introduction to the Relational Model, relational",6.24-N-B.E.-Computer-Engineering-Sem-III-IV.pdf,2,1,Foundational kw in A + sim=0.518 + delta=2,0.5185,0.1429
Relationship (EER) Model,"EER Model to the Relational Model, Relational",6.24-N-B.E.-Computer-Engineering-Sem-III-IV.pdf,3,1,High sim=0.842 + delta=3,0.8421,0.3333
Relationship (EER) Model,"Overview of SQL, Data Definition Commands",6.24-N-B.E.-Computer-Engineering-Sem-III-IV.pdf,4,0,Insufficient signal,0.1176,0.0
Relationship (EER) Model,"Integrity constraints: key constraints, Domain",6.24-N-B.E.-Computer-Engineering-Sem-III-IV.pdf,5,0,Insufficient signal,0.2034,0.0
Relationship (EER) Model,"Triggers, Introduction to Pl/SQL Block Structure",6.24-N-B.E.-Computer-Engineering-Sem-III-IV.pdf,6,0,Insufficient signal,0.1301,0.0
Relationship (EER) Model,"Pitfalls in relational database designs, Concept",6.24-N-B.E.-Computer-Engineering-Sem-III-IV.pdf,7,0,Insufficient signal,0.3273,0.0
Relationship (EER) Model,"Concurrent Executions, Serializability",6.24-N-B.E.-Computer-Engineering-Sem-III-IV.pdf,8,0,Insufficient signal,0.0581,0.0
Relationship (EER) Model,"Cloud Database, Introduction of Distributed",6.24-N-B.E.-Computer-Engineering-Sem-III-IV.pdf,9,0,Insufficient signal,0.1208,0.0
"Generalization, Specialization and Aggregation","Introduction to the Relational Model, relational",6.24-N-B.E.-Computer-Engineering-Sem-III-IV.pdf,1,0,Insufficient signal,0.2568,0.0
"Generalization, Specialization and Aggregation","EER Model to the Relational Model, Relational",6.24-N-B.E.-Computer-Engineering-Sem-III-IV.pdf,2,0,Insufficient signal,0.2326,0.0
"Generalization, Specialization and Aggregation","Overview of SQL, Data Definition Commands",6.24-N-B.E.-Computer-Engineering-Sem-III-IV.pdf,3,0,Insufficient signal,0.2145,0.0
"Generalization, Specialization and Aggregation","Integrity constraints: key constraints, Domain",6.24-N-B.E.-Computer-Engineering-Sem-III-IV.pdf,4,0,Insufficient signal,0.2391,0.0
"Generalization, Specialization and Aggregation","Triggers, Introduction to Pl/SQL Block Structure",6.24-N-B.E.-Computer-Engineering-Sem-III-IV.pdf,5,0,Insufficient signal,0.2173,0.0
"Generalization, Specialization and Aggregation","Pitfalls in relational database designs, Concept",6.24-N-B.E.-Computer-Engineering-Sem-III-IV.pdf,6,0,Insufficient signal,0.2946,0.0
"Generalization, Specialization and Aggregation","Concurrent Executions, Serializability",6.24-N-B.E.-Computer-Engineering-Sem-III-IV.pdf,7,0,Insufficient signal,0.2549,0.0
"Generalization, Specialization and Aggregation","Cloud Database, Introduction of Distributed",6.24-N-B.E.-Computer-Engineering-Sem-III-IV.pdf,8,0,Insufficient signal,0.2213,0.0
"Introduction to the Relational Model, relational","EER Model to the Relational Model, Relational",6.24-N-B.E.-Computer-Engineering-Sem-III-IV.pdf,1,1,High sim=0.723 + delta=1,0.723,0.6667
"Introduction to the Relational Model, relational","Overview of SQL, Data Definition Commands",6.24-N-B.E.-Computer-Engineering-Sem-III-IV.pdf,2,0,Insufficient signal,0.2286,0.0
"Introduction to the Relational Model, relational","Integrity constraints: key constraints, Domain",6.24-N-B.E.-Computer-Engineering-Sem-III-IV.pdf,3,0,Insufficient signal,0.3045,0.0
"Introduction to the Relational Model, relational","Triggers, Introduction to Pl/SQL Block Structure",6.24-N-B.E.-Computer-Engineering-Sem-III-IV.pdf,4,0,Insufficient signal,0.2218,0.2
"Introduction to the Relational Model, relational","Pitfalls in relational database designs, Concept",6.24-N-B.E.-Computer-Engineering-Sem-III-IV.pdf,5,1,sim=0.567>=0.55 + delta=5<=5,0.5666,0.1
"Introduction to the Relational Model, relational","Concurrent Executions, Serializability",6.24-N-B.E.-Computer-Engineering-Sem-III-IV.pdf,6,0,Insufficient signal,0.1168,0.0
"Introduction to the Relational Model, relational","Cloud Database, Introduction of Distributed",6.24-N-B.E.-Computer-Engineering-Sem-III-IV.pdf,7,0,Insufficient signal,0.2594,0.1111
"EER Model to the Relational Model, Relational","Overview of SQL, Data Definition Commands",6.24-N-B.E.-Computer-Engineering-Sem-III-IV.pdf,1,0,Insufficient signal,0.2588,0.0
"EER Model to the Relational Model, Relational","Integrity constraints: key constraints, Domain",6.24-N-B.E.-Computer-Engineering-Sem-III-IV.pdf,2,0,Insufficient signal,0.2939,0.0
"EER Model to the Relational Model, Relational","Triggers, Introduction to Pl/SQL Block Structure",6.24-N-B.E.-Computer-Engineering-Sem-III-IV.pdf,3,0,Insufficient signal,0.235,0.0909
"EER Model to the Relational Model, Relational","Pitfalls in relational database designs, Concept",6.24-N-B.E.-Computer-Engineering-Sem-III-IV.pdf,4,1,Foundational kw in A + sim=0.522 + delta=4,0.5219,0.1
"EER Model to the Relational Model, Relational","Concurrent Executions, Serializability",6.24-N-B.E.-Computer-Engineering-Sem-III-IV.pdf,5,0,Insufficient signal,0.1145,0.0
"EER Model to the Relational Model, Relational","Cloud Database, Introduction of Distributed",6.24-N-B.E.-Computer-Engineering-Sem-III-IV.pdf,6,0,Insufficient signal,0.217,0.0
"Overview of SQL, Data Definition Commands","Integrity constraints: key constraints, Domain",6.24-N-B.E.-Computer-Engineering-Sem-III-IV.pdf,1,0,Insufficient signal,0.2471,0.0
"Overview of SQL, Data Definition Commands","Triggers, Introduction to Pl/SQL Block Structure",6.24-N-B.E.-Computer-Engineering-Sem-III-IV.pdf,2,1,Foundational kw in A + sim=0.506 + delta=2,0.5056,0.0833
"Overview of SQL, Data Definition Commands","Pitfalls in relational database designs, Concept",6.24-N-B.E.-Computer-Engineering-Sem-III-IV.pdf,3,0,Insufficient signal,0.3288,0.0
"Overview of SQL, Data Definition Commands","Concurrent Executions, Serializability",6.24-N-B.E.-Computer-Engineering-Sem-III-IV.pdf,4,0,Insufficient signal,0.1166,0.0
"Overview of SQL, Data Definition Commands","Cloud Database, Introduction of Distributed",6.24-N-B.E.-Computer-Engineering-Sem-III-IV.pdf,5,0,Insufficient signal,0.2886,0.1
"Integrity constraints: key constraints, Domain","Triggers, Introduction to Pl/SQL Block Structure",6.24-N-B.E.-Computer-Engineering-Sem-III-IV.pdf,1,1,Adjacent same-course topics: delta=1 + sim=0.338,0.3377,0.0
"Integrity constraints: key constraints, Domain","Pitfalls in relational database designs, Concept",6.24-N-B.E.-Computer-Engineering-Sem-III-IV.pdf,2,1,Adjacent same-course topics: delta=2 + sim=0.356,0.3556,0.0
"Integrity constraints: key constraints, Domain","Concurrent Executions, Serializability",6.24-N-B.E.-Computer-Engineering-Sem-III-IV.pdf,3,0,Insufficient signal,0.3471,0.0
"Integrity constraints: key constraints, Domain","Cloud Database, Introduction of Distributed",6.24-N-B.E.-Computer-Engineering-Sem-III-IV.pdf,4,0,Insufficient signal,0.1594,0.0
"Triggers, Introduction to Pl/SQL Block Structure","Pitfalls in relational database designs, Concept",6.24-N-B.E.-Computer-Engineering-Sem-III-IV.pdf,1,1,Foundational kw in A + sim=0.397 + delta=1,0.397,0.0
"Triggers, Introduction to Pl/SQL Block Structure","Concurrent Executions, Serializability",6.24-N-B.E.-Computer-Engineering-Sem-III-IV.pdf,2,0,Insufficient signal,0.2327,0.0
"Triggers, Introduction to Pl/SQL Block Structure","Cloud Database, Introduction of Distributed",6.24-N-B.E.-Computer-Engineering-Sem-III-IV.pdf,3,0,Insufficient signal,0.2646,0.0909
"Pitfalls in relational database designs, Concept","Concurrent Executions, Serializability",6.24-N-B.E.-Computer-Engineering-Sem-III-IV.pdf,1,0,Insufficient signal,0.1842,0.0
"Pitfalls in relational database designs, Concept","Cloud Database, Introduction of Distributed",6.24-N-B.E.-Computer-Engineering-Sem-III-IV.pdf,2,1,Adjacent same-course topics: delta=2 + sim=0.350,0.3498,0.1
"Concurrent Executions, Serializability","Cloud Database, Introduction of Distributed",6.24-N-B.E.-Computer-Engineering-Sem-III-IV.pdf,1,0,Insufficient signal,0.2068,0.0
Cayley-Hamilton,Linear Algebra (Theory of Matrices) verification and reduction of higher degree polynomials,6.20N-B.E.-AI-DS.-Sem-III-IV.pdf,1,1,Adjacent same-course topics: delta=1 + sim=0.318,0.318,0.0
Cayley-Hamilton,Similarity of matrices,6.20N-B.E.-AI-DS.-Sem-III-IV.pdf,2,0,Insufficient signal,0.2718,0.0
Cayley-Hamilton,Quadratic forms,6.20N-B.E.-AI-DS.-Sem-III-IV.pdf,3,0,Insufficient signal,0.1908,0.0
Cayley-Hamilton,Linear and Non-Linear Programming Problems,6.20N-B.E.-AI-DS.-Sem-III-IV.pdf,4,0,Insufficient signal,-0.0703,0.0
Cayley-Hamilton,Types of solutions,6.20N-B.E.-AI-DS.-Sem-III-IV.pdf,5,0,Insufficient signal,0.0693,0.0
Cayley-Hamilton,Standard and Canonical of LPP,6.20N-B.E.-AI-DS.-Sem-III-IV.pdf,6,0,Insufficient signal,0.1027,0.0
Cayley-Hamilton,Basic and Feasible solutions,6.20N-B.E.-AI-DS.-Sem-III-IV.pdf,7,0,Insufficient signal,0.0012,0.0
Cayley-Hamilton,Simplex method,6.20N-B.E.-AI-DS.-Sem-III-IV.pdf,8,0,Insufficient signal,0.0414,0.0
Cayley-Hamilton,Artificial variables,6.20N-B.E.-AI-DS.-Sem-III-IV.pdf,9,0,Insufficient signal,0.0767,0.0
Cayley-Hamilton,Kuhn-Tucker conditions,6.20N-B.E.-AI-DS.-Sem-III-IV.pdf,10,0,Insufficient signal,0.0109,0.0
Cayley-Hamilton,Introduction to Congruence,6.20N-B.E.-AI-DS.-Sem-III-IV.pdf,11,0,Insufficient signal,0.1471,0.0
Cayley-Hamilton,Linear congruence,6.20N-B.E.-AI-DS.-Sem-III-IV.pdf,12,0,Insufficient signal,0.2145,0.0
Cayley-Hamilton,Application of congruence-RSA algorithm,6.20N-B.E.-AI-DS.-Sem-III-IV.pdf,13,0,Insufficient signal,0.0894,0.0
Cayley-Hamilton,Dirichlet’s conditions,6.20N-B.E.-AI-DS.-Sem-III-IV.pdf,14,0,Insufficient signal,-0.0433,0.0
Linear Algebra (Theory of Matrices) verification and reduction of higher degree polynomials,Similarity of matrices,6.20N-B.E.-AI-DS.-Sem-III-IV.pdf,1,1,Foundational kw in A + sim=0.378 + delta=1,0.378,0.1667
Linear Algebra (Theory of Matrices) verification and reduction of higher degree polynomials,Quadratic forms,6.20N-B.E.-AI-DS.-Sem-III-IV.pdf,2,1,Adjacent same-course topics: delta=2 + sim=0.327,0.3275,0.0
Linear Algebra (Theory of Matrices) verification and reduction of higher degree polynomials,Linear and Non-Linear Programming Problems,6.20N-B.E.-AI-DS.-Sem-III-IV.pdf,3,0,Insufficient signal,0.2021,0.1429
Linear Algebra (Theory of Matrices) verification and reduction of higher degree polynomials,Types of solutions,6.20N-B.E.-AI-DS.-Sem-III-IV.pdf,4,0,Insufficient signal,0.0988,0.0769
Linear Algebra (Theory of Matrices) verification and reduction of higher degree polynomials,Standard and Canonical of LPP,6.20N-B.E.-AI-DS.-Sem-III-IV.pdf,5,0,Insufficient signal,0.1691,0.1429
Linear Algebra (Theory of Matrices) verification and reduction of higher degree polynomials,Basic and Feasible solutions,6.20N-B.E.-AI-DS.-Sem-III-IV.pdf,6,0,Insufficient signal,0.1148,0.0714
Linear Algebra (Theory of Matrices) verification and reduction of higher degree polynomials,Simplex method,6.20N-B.E.-AI-DS.-Sem-III-IV.pdf,7,0,Insufficient signal,0.1524,0.0
Linear Algebra (Theory of Matrices) verification and reduction of higher degree polynomials,Artificial variables,6.20N-B.E.-AI-DS.-Sem-III-IV.pdf,8,0,Insufficient signal,0.0919,0.0
Linear Algebra (Theory of Matrices) verification and reduction of higher degree polynomials,Kuhn-Tucker conditions,6.20N-B.E.-AI-DS.-Sem-III-IV.pdf,9,0,Insufficient signal,0.0756,0.0
Linear Algebra (Theory of Matrices) verification and reduction of higher degree polynomials,Introduction to Congruence,6.20N-B.E.-AI-DS.-Sem-III-IV.pdf,10,0,Insufficient signal,0.0743,0.0
Linear Algebra (Theory of Matrices) verification and reduction of higher degree polynomials,Linear congruence,6.20N-B.E.-AI-DS.-Sem-III-IV.pdf,11,0,Insufficient signal,0.2843,0.0833
Linear Algebra (Theory of Matrices) verification and reduction of higher degree polynomials,Application of congruence-RSA algorithm,6.20N-B.E.-AI-DS.-Sem-III-IV.pdf,12,0,Insufficient signal,0.1457,0.0667
Linear Algebra (Theory of Matrices) verification and reduction of higher degree polynomials,Dirichlet’s conditions,6.20N-B.E.-AI-DS.-Sem-III-IV.pdf,13,0,Insufficient signal,-0.0551,0.0
Linear Algebra (Theory of Matrices) verification and reduction of higher degree polynomials,Fourier series of periodic,6.20N-B.E.-AI-DS.-Sem-III-IV.pdf,14,0,Insufficient signal,0.0501,0.0714
Similarity of matrices,Quadratic forms,6.20N-B.E.-AI-DS.-Sem-III-IV.pdf,1,0,Insufficient signal,0.1835,0.0
Similarity of matrices,Linear and Non-Linear Programming Problems,6.20N-B.E.-AI-DS.-Sem-III-IV.pdf,2,0,Insufficient signal,0.0555,0.0
Similarity of matrices,Types of solutions,6.20N-B.E.-AI-DS.-Sem-III-IV.pdf,3,0,Insufficient signal,0.0718,0.2
Similarity of matrices,Standard and Canonical of LPP,6.20N-B.E.-AI-DS.-Sem-III-IV.pdf,4,0,Insufficient signal,0.0275,0.1429
Similarity of matrices,Basic and Feasible solutions,6.20N-B.E.-AI-DS.-Sem-III-IV.pdf,5,0,Insufficient signal,0.057,0.0
Similarity of matrices,Simplex method,6.20N-B.E.-AI-DS.-Sem-III-IV.pdf,6,0,Insufficient signal,0.0153,0.0
Similarity of matrices,Artificial variables,6.20N-B.E.-AI-DS.-Sem-III-IV.pdf,7,0,Insufficient signal,-0.0045,0.0
Similarity of matrices,Kuhn-Tucker conditions,6.20N-B.E.-AI-DS.-Sem-III-IV.pdf,8,0,Insufficient signal,0.0595,0.0
Similarity of matrices,Introduction to Congruence,6.20N-B.E.-AI-DS.-Sem-III-IV.pdf,9,0,Insufficient signal,0.0499,0.0
Similarity of matrices,Linear congruence,6.20N-B.E.-AI-DS.-Sem-III-IV.pdf,10,0,Insufficient signal,0.1671,0.0
Similarity of matrices,Application of congruence-RSA algorithm,6.20N-B.E.-AI-DS.-Sem-III-IV.pdf,11,0,Insufficient signal,0.0755,0.1429
Similarity of matrices,Dirichlet’s conditions,6.20N-B.E.-AI-DS.-Sem-III-IV.pdf,12,0,Insufficient signal,-0.0128,0.0
Similarity of matrices,Fourier series of periodic,6.20N-B.E.-AI-DS.-Sem-III-IV.pdf,13,0,Insufficient signal,0.0009,0.1667
Similarity of matrices,Fourier series of even and odd functions,6.20N-B.E.-AI-DS.-Sem-III-IV.pdf,14,0,Insufficient signal,-0.0637,0.1111
Quadratic forms,Linear and Non-Linear Programming Problems,6.20N-B.E.-AI-DS.-Sem-III-IV.pdf,1,0,Insufficient signal,0.161,0.0
Quadratic forms,Types of solutions,6.20N-B.E.-AI-DS.-Sem-III-IV.pdf,2,0,Insufficient signal,0.2615,0.0
Quadratic forms,Standard and Canonical of LPP,6.20N-B.E.-AI-DS.-Sem-III-IV.pdf,3,0,Insufficient signal,0.1094,0.0
Quadratic forms,Basic and Feasible solutions,6.20N-B.E.-AI-DS.-Sem-III-IV.pdf,4,0,Insufficient signal,0.226,0.0
Quadratic forms,Simplex method,6.20N-B.E.-AI-DS.-Sem-III-IV.pdf,5,0,Insufficient signal,0.1793,0.0
Quadratic forms,Artificial variables,6.20N-B.E.-AI-DS.-Sem-III-IV.pdf,6,0,Insufficient signal,0.1713,0.0
Quadratic forms,Kuhn-Tucker conditions,6.20N-B.E.-AI-DS.-Sem-III-IV.pdf,7,0,Insufficient signal,0.2002,0.0
Quadratic forms,Introduction to Congruence,6.20N-B.E.-AI-DS.-Sem-III-IV.pdf,8,0,Insufficient signal,0.2168,0.0
Quadratic forms,Linear congruence,6.20N-B.E.-AI-DS.-Sem-III-IV.pdf,9,0,Insufficient signal,0.2821,0.0
Quadratic forms,Application of congruence-RSA algorithm,6.20N-B.E.-AI-DS.-Sem-III-IV.pdf,10,0,Insufficient signal,0.1161,0.0
Quadratic forms,Dirichlet’s conditions,6.20N-B.E.-AI-DS.-Sem-III-IV.pdf,11,0,Insufficient signal,0.1331,0.0
Quadratic forms,Fourier series of periodic,6.20N-B.E.-AI-DS.-Sem-III-IV.pdf,12,0,Insufficient signal,0.0328,0.0
Quadratic forms,Fourier series of even and odd functions,6.20N-B.E.-AI-DS.-Sem-III-IV.pdf,13,0,Insufficient signal,0.0468,0.0
Quadratic forms,Complex form of Fourier Series,6.20N-B.E.-AI-DS.-Sem-III-IV.pdf,14,0,Insufficient signal,0.1998,0.0
Linear and Non-Linear Programming Problems,Types of solutions,6.20N-B.E.-AI-DS.-Sem-III-IV.pdf,1,0,Insufficient signal,0.2528,0.0
Linear and Non-Linear Programming Problems,Standard and Canonical of LPP,6.20N-B.E.-AI-DS.-Sem-III-IV.pdf,2,1,Insufficient signal,0.2497,0.1111
Linear and Non-Linear Programming Problems,Basic and Feasible solutions,6.20N-B.E.-AI-DS.-Sem-III-IV.pdf,3,1,sim=0.575>=0.55 + delta=3<=5,0.575,0.125
Linear and Non-Linear Programming Problems,Simplex method,6.20N-B.E.-AI-DS.-Sem-III-IV.pdf,4,0,Insufficient signal,0.2234,0.0
Linear and Non-Linear Programming Problems,Artificial variables,6.20N-B.E.-AI-DS.-Sem-III-IV.pdf,5,0,Insufficient signal,0.3948,0.0
Linear and Non-Linear Programming Problems,Kuhn-Tucker conditions,6.20N-B.E.-AI-DS.-Sem-III-IV.pdf,6,0,Insufficient signal,0.2473,0.0
Linear and Non-Linear Programming Problems,Introduction to Congruence,6.20N-B.E.-AI-DS.-Sem-III-IV.pdf,7,0,Insufficient signal,-0.0405,0.0
Linear and Non-Linear Programming Problems,Linear congruence,6.20N-B.E.-AI-DS.-Sem-III-IV.pdf,8,0,Insufficient signal,0.1338,0.1667
Linear and Non-Linear Programming Problems,Application of congruence-RSA algorithm,6.20N-B.E.-AI-DS.-Sem-III-IV.pdf,9,0,Insufficient signal,0.0412,0.0
Linear and Non-Linear Programming Problems,Dirichlet’s conditions,6.20N-B.E.-AI-DS.-Sem-III-IV.pdf,10,0,Insufficient signal,0.0428,0.0
Linear and Non-Linear Programming Problems,Fourier series of periodic,6.20N-B.E.-AI-DS.-Sem-III-IV.pdf,11,0,Insufficient signal,-0.127,0.0
Linear and Non-Linear Programming Problems,Fourier series of even and odd functions,6.20N-B.E.-AI-DS.-Sem-III-IV.pdf,12,0,Insufficient signal,-0.0229,0.0909
Linear and Non-Linear Programming Problems,Complex form of Fourier Series,6.20N-B.E.-AI-DS.-Sem-III-IV.pdf,13,0,Insufficient signal,-0.13,0.0
Linear and Non-Linear Programming Problems,Lines of regression,6.20N-B.E.-AI-DS.-Sem-III-IV.pdf,14,0,Insufficient signal,0.2796,0.0
Types of solutions,Standard and Canonical of LPP,6.20N-B.E.-AI-DS.-Sem-III-IV.pdf,1,0,Insufficient signal,0.1217,0.1429
Types of solutions,Basic and Feasible solutions,6.20N-B.E.-AI-DS.-Sem-III-IV.pdf,2,1,Foundational kw in A + sim=0.479 + delta=2,0.479,0.1667
Types of solutions,Simplex method,6.20N-B.E.-AI-DS.-Sem-III-IV.pdf,3,0,Insufficient signal,0.1297,0.0
Types of solutions,Artificial variables,6.20N-B.E.-AI-DS.-Sem-III-IV.pdf,4,1,Insufficient signal,0.2761,0.0
Types of solutions,Kuhn-Tucker conditions,6.20N-B.E.-AI-DS.-Sem-III-IV.pdf,5,0,Insufficient signal,0.1889,0.0
Types of solutions,Introduction to Congruence,6.20N-B.E.-AI-DS.-Sem-III-IV.pdf,6,0,Insufficient signal,0.0776,0.0
Types of solutions,Linear congruence,6.20N-B.E.-AI-DS.-Sem-III-IV.pdf,7,0,Insufficient signal,0.1037,0.0
Types of solutions,Application of congruence-RSA algorithm,6.20N-B.E.-AI-DS.-Sem-III-IV.pdf,8,0,Insufficient signal,0.0485,0.1429
Types of solutions,Dirichlet’s conditions,6.20N-B.E.-AI-DS.-Sem-III-IV.pdf,9,0,Insufficient signal,0.1982,0.0
Types of solutions,Fourier series of periodic,6.20N-B.E.-AI-DS.-Sem-III-IV.pdf,10,0,Insufficient signal,0.0109,0.1667
Types of solutions,Fourier series of even and odd functions,6.20N-B.E.-AI-DS.-Sem-III-IV.pdf,11,0,Insufficient signal,0.0343,0.1111
Types of solutions,Complex form of Fourier Series,6.20N-B.E.-AI-DS.-Sem-III-IV.pdf,12,0,Insufficient signal,0.0521,0.1429
Types of solutions,Lines of regression,6.20N-B.E.-AI-DS.-Sem-III-IV.pdf,13,0,Insufficient signal,0.1037,0.2
Types of solutions,Moment generating function,6.20N-B.E.-AI-DS.-Sem-III-IV.pdf,14,0,Insufficient signal,0.0109,0.0
Standard and Canonical of LPP,Basic and Feasible solutions,6.20N-B.E.-AI-DS.-Sem-III-IV.pdf,1,1,Insufficient signal,0.224,0.125
Standard and Canonical of LPP,Simplex method,6.20N-B.E.-AI-DS.-Sem-III-IV.pdf,2,0,Insufficient signal,0.1656,0.0
Standard and Canonical of LPP,Artificial variables,6.20N-B.E.-AI-DS.-Sem-III-IV.pdf,3,0,Insufficient signal,0.1601,0.0
Standard and Canonical of LPP,Kuhn-Tucker conditions,6.20N-B.E.-AI-DS.-Sem-III-IV.pdf,4,0,Insufficient signal,0.0818,0.0
Standard and Canonical of LPP,Introduction to Congruence,6.20N-B.E.-AI-DS.-Sem-III-IV.pdf,5,0,Insufficient signal,0.0827,0.0
Standard and Canonical of LPP,Linear congruence,6.20N-B.E.-AI-DS.-Sem-III-IV.pdf,6,0,Insufficient signal,0.1686,0.0
Standard and Canonical of LPP,Application of congruence-RSA algorithm,6.20N-B.E.-AI-DS.-Sem-III-IV.pdf,7,0,Insufficient signal,0.0824,0.1111
Standard and Canonical of LPP,Dirichlet’s conditions,6.20N-B.E.-AI-DS.-Sem-III-IV.pdf,8,0,Insufficient signal,0.0865,0.0
Standard and Canonical of LPP,Fourier series of periodic,6.20N-B.E.-AI-DS.-Sem-III-IV.pdf,9,0,Insufficient signal,-0.0222,0.125
Standard and Canonical of LPP,Fourier series of even and odd functions,6.20N-B.E.-AI-DS.-Sem-III-IV.pdf,10,0,Insufficient signal,0.0379,0.2
Standard and Canonical of LPP,Complex form of Fourier Series,6.20N-B.E.-AI-DS.-Sem-III-IV.pdf,11,0,Insufficient signal,0.0169,0.1111
Standard and Canonical of LPP,Lines of regression,6.20N-B.E.-AI-DS.-Sem-III-IV.pdf,12,0,Insufficient signal,0.1162,0.1429
Standard and Canonical of LPP,Moment generating function,6.20N-B.E.-AI-DS.-Sem-III-IV.pdf,13,0,Insufficient signal,0.0601,0.0
Standard and Canonical of LPP,Raw moments,6.20N-B.E.-AI-DS.-Sem-III-IV.pdf,14,0,Insufficient signal,0.0491,0.0
Basic and Feasible solutions,Simplex method,6.20N-B.E.-AI-DS.-Sem-III-IV.pdf,1,1,Adjacent same-course topics: delta=1 + sim=0.330,0.33,0.0
Basic and Feasible solutions,Artificial variables,6.20N-B.E.-AI-DS.-Sem-III-IV.pdf,2,1,Foundational kw in A + sim=0.427 + delta=2,0.4269,0.0
Basic and Feasible solutions,Kuhn-Tucker conditions,6.20N-B.E.-AI-DS.-Sem-III-IV.pdf,3,1,Insufficient signal,0.2568,0.0
Basic and Feasible solutions,Introduction to Congruence,6.20N-B.E.-AI-DS.-Sem-III-IV.pdf,4,0,Insufficient signal,0.1335,0.0
Basic and Feasible solutions,Linear congruence,6.20N-B.E.-AI-DS.-Sem-III-IV.pdf,5,0,Insufficient signal,0.1608,0.0
Basic and Feasible solutions,Application of congruence-RSA algorithm,6.20N-B.E.-AI-DS.-Sem-III-IV.pdf,6,0,Insufficient signal,0.1536,0.0
Basic and Feasible solutions,Dirichlet’s conditions,6.20N-B.E.-AI-DS.-Sem-III-IV.pdf,7,0,Insufficient signal,0.143,0.0
Basic and Feasible solutions,Fourier series of periodic,6.20N-B.E.-AI-DS.-Sem-III-IV.pdf,8,0,Insufficient signal,-0.0731,0.0
Basic and Feasible solutions,Fourier series of even and odd functions,6.20N-B.E.-AI-DS.-Sem-III-IV.pdf,9,0,Insufficient signal,-0.0582,0.1
Basic and Feasible solutions,Complex form of Fourier Series,6.20N-B.E.-AI-DS.-Sem-III-IV.pdf,10,0,Insufficient signal,-0.0442,0.0
Basic and Feasible solutions,Lines of regression,6.20N-B.E.-AI-DS.-Sem-III-IV.pdf,11,0,Insufficient signal,0.1566,0.0
Basic and Feasible solutions,Moment generating function,6.20N-B.E.-AI-DS.-Sem-III-IV.pdf,12,0,Insufficient signal,0.0337,0.0
Basic and Feasible solutions,Raw moments,6.20N-B.E.-AI-DS.-Sem-III-IV.pdf,13,0,Insufficient signal,0.0636,0.0
Simplex method,Artificial variables,6.20N-B.E.-AI-DS.-Sem-III-IV.pdf,1,1,Insufficient signal,0.267,0.0
Simplex method,Kuhn-Tucker conditions,6.20N-B.E.-AI-DS.-Sem-III-IV.pdf,2,0,Insufficient signal,0.0561,0.0
Simplex method,Introduction to Congruence,6.20N-B.E.-AI-DS.-Sem-III-IV.pdf,3,0,Insufficient signal,0.0279,0.0
Simplex method,Linear congruence,6.20N-B.E.-AI-DS.-Sem-III-IV.pdf,4,0,Insufficient signal,0.1412,0.0
Simplex method,Application of congruence-RSA algorithm,6.20N-B.E.-AI-DS.-Sem-III-IV.pdf,5,0,Insufficient signal,0.155,0.0
Simplex method,Dirichlet’s conditions,6.20N-B.E.-AI-DS.-Sem-III-IV.pdf,6,0,Insufficient signal,-0.0792,0.0
Simplex method,Fourier series of periodic,6.20N-B.E.-AI-DS.-Sem-III-IV.pdf,7,0,Insufficient signal,0.0877,0.0
Simplex method,Fourier series of even and odd functions,6.20N-B.E.-AI-DS.-Sem-III-IV.pdf,8,0,Insufficient signal,0.1592,0.0
Simplex method,Complex form of Fourier Series,6.20N-B.E.-AI-DS.-Sem-III-IV.pdf,9,0,Insufficient signal,0.0717,0.0
Simplex method,Lines of regression,6.20N-B.E.-AI-DS.-Sem-III-IV.pdf,10,0,Insufficient signal,0.1042,0.0
Simplex method,Moment generating function,6.20N-B.E.-AI-DS.-Sem-III-IV.pdf,11,0,Insufficient signal,0.096,0.0
Simplex method,Raw moments,6.20N-B.E.-AI-DS.-Sem-III-IV.pdf,12,0,Insufficient signal,0.0617,0.0
Artificial variables,Kuhn-Tucker conditions,6.20N-B.E.-AI-DS.-Sem-III-IV.pdf,1,1,Insufficient signal,0.208,0.0
Artificial variables,Introduction to Congruence,6.20N-B.E.-AI-DS.-Sem-III-IV.pdf,2,0,Insufficient signal,0.0703,0.0
Artificial variables,Linear congruence,6.20N-B.E.-AI-DS.-Sem-III-IV.pdf,3,0,Insufficient signal,0.0242,0.0
Artificial variables,Application of congruence-RSA algorithm,6.20N-B.E.-AI-DS.-Sem-III-IV.pdf,4,0,Insufficient signal,0.1005,0.0
Artificial variables,Dirichlet’s conditions,6.20N-B.E.-AI-DS.-Sem-III-IV.pdf,5,0,Insufficient signal,0.0852,0.0
Artificial variables,Fourier series of periodic,6.20N-B.E.-AI-DS.-Sem-III-IV.pdf,6,0,Insufficient signal,-0.0556,0.0
Artificial variables,Fourier series of even and odd functions,6.20N-B.E.-AI-DS.-Sem-III-IV.pdf,7,0,Insufficient signal,-0.0434,0.0
Artificial variables,Complex form of Fourier Series,6.20N-B.E.-AI-DS.-Sem-III-IV.pdf,8,0,Insufficient signal,0.0469,0.0
Artificial variables,Lines of regression,6.20N-B.E.-AI-DS.-Sem-III-IV.pdf,9,0,Insufficient signal,0.3424,0.0
Artificial variables,Moment generating function,6.20N-B.E.-AI-DS.-Sem-III-IV.pdf,10,0,Insufficient signal,0.1467,0.0
Artificial variables,Raw moments,6.20N-B.E.-AI-DS.-Sem-III-IV.pdf,11,0,Insufficient signal,0.121,0.0
Kuhn-Tucker conditions,Introduction to Congruence,6.20N-B.E.-AI-DS.-Sem-III-IV.pdf,1,0,Insufficient signal,0.0039,0.0
Kuhn-Tucker conditions,Linear congruence,6.20N-B.E.-AI-DS.-Sem-III-IV.pdf,2,0,Insufficient signal,-0.0388,0.0
Kuhn-Tucker conditions,Application of congruence-RSA algorithm,6.20N-B.E.-AI-DS.-Sem-III-IV.pdf,3,0,Insufficient signal,-0.0484,0.0
Kuhn-Tucker conditions,Dirichlet’s conditions,6.20N-B.E.-AI-DS.-Sem-III-IV.pdf,4,0,Insufficient signal,0.4166,0.2
Kuhn-Tucker conditions,Fourier series of periodic,6.20N-B.E.-AI-DS.-Sem-III-IV.pdf,5,0,Insufficient signal,-0.0291,0.0
Kuhn-Tucker conditions,Fourier series of even and odd functions,6.20N-B.E.-AI-DS.-Sem-III-IV.pdf,6,0,Insufficient signal,0.0022,0.0
Kuhn-Tucker conditions,Complex form of Fourier Series,6.20N-B.E.-AI-DS.-Sem-III-IV.pdf,7,0,Insufficient signal,0.057,0.0
Kuhn-Tucker conditions,Lines of regression,6.20N-B.E.-AI-DS.-Sem-III-IV.pdf,8,0,Insufficient signal,0.0916,0.0
Kuhn-Tucker conditions,Moment generating function,6.20N-B.E.-AI-DS.-Sem-III-IV.pdf,9,0,Insufficient signal,0.0264,0.0
Kuhn-Tucker conditions,Raw moments,6.20N-B.E.-AI-DS.-Sem-III-IV.pdf,10,0,Insufficient signal,0.1,0.0
Introduction to Congruence,Linear congruence,6.20N-B.E.-AI-DS.-Sem-III-IV.pdf,1,1,High sim=0.678 + delta=1,0.6781,0.25
Introduction to Congruence,Application of congruence-RSA algorithm,6.20N-B.E.-AI-DS.-Sem-III-IV.pdf,2,1,High sim=0.688 + delta=2,0.6881,0.1429
Introduction to Congruence,Dirichlet’s conditions,6.20N-B.E.-AI-DS.-Sem-III-IV.pdf,3,0,Insufficient signal,0.1547,0.0
Introduction to Congruence,Fourier series of periodic,6.20N-B.E.-AI-DS.-Sem-III-IV.pdf,4,0,Insufficient signal,0.1555,0.0
Introduction to Congruence,Fourier series of even and odd functions,6.20N-B.E.-AI-DS.-Sem-III-IV.pdf,5,0,Insufficient signal,0.0929,0.0
Introduction to Congruence,Complex form of Fourier Series,6.20N-B.E.-AI-DS.-Sem-III-IV.pdf,6,0,Insufficient signal,0.0916,0.0
Introduction to Congruence,Lines of regression,6.20N-B.E.-AI-DS.-Sem-III-IV.pdf,7,0,Insufficient signal,0.0511,0.0
Introduction to Congruence,Moment generating function,6.20N-B.E.-AI-DS.-Sem-III-IV.pdf,8,0,Insufficient signal,0.0546,0.0
Introduction to Congruence,Raw moments,6.20N-B.E.-AI-DS.-Sem-III-IV.pdf,9,0,Insufficient signal,0.0832,0.0
Linear congruence,Application of congruence-RSA algorithm,6.20N-B.E.-AI-DS.-Sem-III-IV.pdf,1,1,sim=0.579>=0.55 + delta=1<=5,0.5786,0.1667
Linear congruence,Dirichlet’s conditions,6.20N-B.E.-AI-DS.-Sem-III-IV.pdf,2,0,Insufficient signal,0.027,0.0
Linear congruence,Fourier series of periodic,6.20N-B.E.-AI-DS.-Sem-III-IV.pdf,3,0,Insufficient signal,0.1968,0.0
Linear congruence,Fourier series of even and odd functions,6.20N-B.E.-AI-DS.-Sem-III-IV.pdf,4,0,Insufficient signal,0.0794,0.0
Linear congruence,Complex form of Fourier Series,6.20N-B.E.-AI-DS.-Sem-III-IV.pdf,5,0,Insufficient signal,0.0738,0.0
Linear congruence,Lines of regression,6.20N-B.E.-AI-DS.-Sem-III-IV.pdf,6,0,Insufficient signal,0.129,0.0
Linear congruence,Moment generating function,6.20N-B.E.-AI-DS.-Sem-III-IV.pdf,7,0,Insufficient signal,0.0302,0.0
Linear congruence,Raw moments,6.20N-B.E.-AI-DS.-Sem-III-IV.pdf,8,0,Insufficient signal,-0.0164,0.0
Application of congruence-RSA algorithm,Dirichlet’s conditions,6.20N-B.E.-AI-DS.-Sem-III-IV.pdf,1,0,Insufficient signal,0.0264,0.0
Application of congruence-RSA algorithm,Fourier series of periodic,6.20N-B.E.-AI-DS.-Sem-III-IV.pdf,2,0,Insufficient signal,0.1624,0.125
Application of congruence-RSA algorithm,Fourier series of even and odd functions,6.20N-B.E.-AI-DS.-Sem-III-IV.pdf,3,0,Insufficient signal,0.0774,0.0909
Application of congruence-RSA algorithm,Complex form of Fourier Series,6.20N-B.E.-AI-DS.-Sem-III-IV.pdf,4,0,Insufficient signal,0.1121,0.1111
Application of congruence-RSA algorithm,Lines of regression,6.20N-B.E.-AI-DS.-Sem-III-IV.pdf,5,0,Insufficient signal,0.0278,0.1429
Application of congruence-RSA algorithm,Moment generating function,6.20N-B.E.-AI-DS.-Sem-III-IV.pdf,6,0,Insufficient signal,0.1798,0.0
Application of congruence-RSA algorithm,Raw moments,6.20N-B.E.-AI-DS.-Sem-III-IV.pdf,7,0,Insufficient signal,0.0321,0.0
Dirichlet’s conditions,Fourier series of periodic,6.20N-B.E.-AI-DS.-Sem-III-IV.pdf,1,0,Insufficient signal,0.1715,0.0
Dirichlet’s conditions,Fourier series of even and odd functions,6.20N-B.E.-AI-DS.-Sem-III-IV.pdf,2,0,Insufficient signal,0.1507,0.0
Dirichlet’s conditions,Complex form of Fourier Series,6.20N-B.E.-AI-DS.-Sem-III-IV.pdf,3,0,Insufficient signal,0.1255,0.0
Dirichlet’s conditions,Lines of regression,6.20N-B.E.-AI-DS.-Sem-III-IV.pdf,4,0,Insufficient signal,0.0011,0.0
Dirichlet’s conditions,Moment generating function,6.20N-B.E.-AI-DS.-Sem-III-IV.pdf,5,0,Insufficient signal,-0.0091,0.0
Dirichlet’s conditions,Raw moments,6.20N-B.E.-AI-DS.-Sem-III-IV.pdf,6,0,Insufficient signal,0.1015,0.0
Fourier series of periodic,Fourier series of even and odd functions,6.20N-B.E.-AI-DS.-Sem-III-IV.pdf,1,1,High sim=0.702 + delta=1,0.7024,0.375
Fourier series of periodic,Complex form of Fourier Series,6.20N-B.E.-AI-DS.-Sem-III-IV.pdf,2,1,High sim=0.734 + delta=2,0.7343,0.5
Fourier series of periodic,Lines of regression,6.20N-B.E.-AI-DS.-Sem-III-IV.pdf,3,0,Insufficient signal,-0.0031,0.1667
Fourier series of periodic,Moment generating function,6.20N-B.E.-AI-DS.-Sem-III-IV.pdf,4,0,Insufficient signal,0.1743,0.0
Fourier series of periodic,Raw moments,6.20N-B.E.-AI-DS.-Sem-III-IV.pdf,5,0,Insufficient signal,-0.0189,0.0
Fourier series of even and odd functions,Complex form of Fourier Series,6.20N-B.E.-AI-DS.-Sem-III-IV.pdf,1,1,High sim=0.631 + delta=1,0.6314,0.3333
Fourier series of even and odd functions,Lines of regression,6.20N-B.E.-AI-DS.-Sem-III-IV.pdf,2,0,Insufficient signal,-0.005,0.1111
Fourier series of even and odd functions,Moment generating function,6.20N-B.E.-AI-DS.-Sem-III-IV.pdf,3,0,Insufficient signal,0.1755,0.0
Fourier series of even and odd functions,Raw moments,6.20N-B.E.-AI-DS.-Sem-III-IV.pdf,4,0,Insufficient signal,0.0454,0.0
Complex form of Fourier Series,Lines of regression,6.20N-B.E.-AI-DS.-Sem-III-IV.pdf,1,0,Insufficient signal,0.0088,0.1429
Complex form of Fourier Series,Moment generating function,6.20N-B.E.-AI-DS.-Sem-III-IV.pdf,2,0,Insufficient signal,0.2589,0.0
Complex form of Fourier Series,Raw moments,6.20N-B.E.-AI-DS.-Sem-III-IV.pdf,3,0,Insufficient signal,0.0211,0.0
Lines of regression,Moment generating function,6.20N-B.E.-AI-DS.-Sem-III-IV.pdf,1,0,Insufficient signal,0.0172,0.0
Lines of regression,Raw moments,6.20N-B.E.-AI-DS.-Sem-III-IV.pdf,2,0,Insufficient signal,0.0828,0.0
Moment generating function,Raw moments,6.20N-B.E.-AI-DS.-Sem-III-IV.pdf,1,1,Adjacent same-course topics: delta=1 + sim=0.410,0.4099,0.0
Regular operations,Arden's theorem,6.20N-B.E.-AI-DS.-Sem-III-IV.pdf,1,0,Insufficient signal,0.2053,0.0
Regular operations,Decision properties of RLs,6.20N-B.E.-AI-DS.-Sem-III-IV.pdf,2,0,Insufficient signal,0.1942,0.0
Regular operations,Pumping lemma,6.20N-B.E.-AI-DS.-Sem-III-IV.pdf,3,0,Insufficient signal,0.1283,0.0
Regular operations,RE in text search and replace,6.20N-B.E.-AI-DS.-Sem-III-IV.pdf,4,0,Insufficient signal,0.178,0.0
Regular operations,Application of Regular,6.20N-B.E.-AI-DS.-Sem-III-IV.pdf,5,1,High sim=0.687 + delta=5,0.6872,0.25
Regular operations,Languages in Compiler Design,6.20N-B.E.-AI-DS.-Sem-III-IV.pdf,6,0,Insufficient signal,0.2045,0.0
Regular operations,Nondeterministic Finite Automata (NFA): Definitions,6.20N-B.E.-AI-DS.-Sem-III-IV.pdf,7,0,Insufficient signal,0.2046,0.0
Regular operations,Equivalence between NFA with and ϵ- transitions,6.20N-B.E.-AI-DS.-Sem-III-IV.pdf,8,0,Insufficient signal,0.0974,0.0
Regular operations,Minimization of DFA,6.20N-B.E.-AI-DS.-Sem-III-IV.pdf,9,0,Insufficient signal,0.2333,0.0
Arden's theorem,Decision properties of RLs,6.20N-B.E.-AI-DS.-Sem-III-IV.pdf,1,0,Insufficient signal,0.0956,0.0
Arden's theorem,Pumping lemma,6.20N-B.E.-AI-DS.-Sem-III-IV.pdf,2,1,Adjacent same-course topics: delta=2 + sim=0.311,0.3108,0.0
Arden's theorem,RE in text search and replace,6.20N-B.E.-AI-DS.-Sem-III-IV.pdf,3,0,Insufficient signal,0.0297,0.0
Arden's theorem,Application of Regular,6.20N-B.E.-AI-DS.-Sem-III-IV.pdf,4,0,Insufficient signal,0.2475,0.0
Arden's theorem,Languages in Compiler Design,6.20N-B.E.-AI-DS.-Sem-III-IV.pdf,5,0,Insufficient signal,0.0519,0.0
Arden's theorem,Nondeterministic Finite Automata (NFA): Definitions,6.20N-B.E.-AI-DS.-Sem-III-IV.pdf,6,0,Insufficient signal,0.074,0.0
Arden's theorem,Equivalence between NFA with and ϵ- transitions,6.20N-B.E.-AI-DS.-Sem-III-IV.pdf,7,0,Insufficient signal,0.1255,0.0
Arden's theorem,Minimization of DFA,6.20N-B.E.-AI-DS.-Sem-III-IV.pdf,8,0,Insufficient signal,0.0896,0.0
Decision properties of RLs,Pumping lemma,6.20N-B.E.-AI-DS.-Sem-III-IV.pdf,1,0,Insufficient signal,0.0197,0.0
Decision properties of RLs,RE in text search and replace,6.20N-B.E.-AI-DS.-Sem-III-IV.pdf,2,0,Insufficient signal,0.032,0.0
Decision properties of RLs,Application of Regular,6.20N-B.E.-AI-DS.-Sem-III-IV.pdf,3,0,Insufficient signal,0.1588,0.1667
Decision properties of RLs,Languages in Compiler Design,6.20N-B.E.-AI-DS.-Sem-III-IV.pdf,4,0,Insufficient signal,0.1739,0.0
Decision properties of RLs,Nondeterministic Finite Automata (NFA): Definitions,6.20N-B.E.-AI-DS.-Sem-III-IV.pdf,5,0,Insufficient signal,0.2488,0.0
Decision properties of RLs,Equivalence between NFA with and ϵ- transitions,6.20N-B.E.-AI-DS.-Sem-III-IV.pdf,6,0,Insufficient signal,0.1531,0.0
Decision properties of RLs,Minimization of DFA,6.20N-B.E.-AI-DS.-Sem-III-IV.pdf,7,0,Insufficient signal,0.1913,0.1667
Pumping lemma,RE in text search and replace,6.20N-B.E.-AI-DS.-Sem-III-IV.pdf,1,0,Insufficient signal,0.1683,0.0
Pumping lemma,Application of Regular,6.20N-B.E.-AI-DS.-Sem-III-IV.pdf,2,0,Insufficient signal,0.2143,0.0
Pumping lemma,Languages in Compiler Design,6.20N-B.E.-AI-DS.-Sem-III-IV.pdf,3,0,Insufficient signal,0.2239,0.0
Pumping lemma,Nondeterministic Finite Automata (NFA): Definitions,6.20N-B.E.-AI-DS.-Sem-III-IV.pdf,4,0,Insufficient signal,0.1155,0.0
Pumping lemma,Equivalence between NFA with and ϵ- transitions,6.20N-B.E.-AI-DS.-Sem-III-IV.pdf,5,0,Insufficient signal,0.1623,0.0
Pumping lemma,Minimization of DFA,6.20N-B.E.-AI-DS.-Sem-III-IV.pdf,6,0,Insufficient signal,0.1527,0.0
RE in text search and replace,Application of Regular,6.20N-B.E.-AI-DS.-Sem-III-IV.pdf,1,0,Insufficient signal,0.1369,0.0
RE in text search and replace,Languages in Compiler Design,6.20N-B.E.-AI-DS.-Sem-III-IV.pdf,2,0,Insufficient signal,0.0087,0.1111
RE in text search and replace,Nondeterministic Finite Automata (NFA): Definitions,6.20N-B.E.-AI-DS.-Sem-III-IV.pdf,3,0,Insufficient signal,0.0547,0.0
RE in text search and replace,Equivalence between NFA with and ϵ- transitions,6.20N-B.E.-AI-DS.-Sem-III-IV.pdf,4,0,Insufficient signal,0.0344,0.0833
RE in text search and replace,Minimization of DFA,6.20N-B.E.-AI-DS.-Sem-III-IV.pdf,5,0,Insufficient signal,0.056,0.0
Application of Regular,Languages in Compiler Design,6.20N-B.E.-AI-DS.-Sem-III-IV.pdf,1,0,Insufficient signal,0.127,0.0
Application of Regular,Nondeterministic Finite Automata (NFA): Definitions,6.20N-B.E.-AI-DS.-Sem-III-IV.pdf,2,0,Insufficient signal,0.2048,0.0
Application of Regular,Equivalence between NFA with and ϵ- transitions,6.20N-B.E.-AI-DS.-Sem-III-IV.pdf,3,0,Insufficient signal,0.1411,0.0
Application of Regular,Minimization of DFA,6.20N-B.E.-AI-DS.-Sem-III-IV.pdf,4,0,Insufficient signal,0.289,0.2
Languages in Compiler Design,Nondeterministic Finite Automata (NFA): Definitions,6.20N-B.E.-AI-DS.-Sem-III-IV.pdf,1,0,Insufficient signal,0.2147,0.0
Languages in Compiler Design,Equivalence between NFA with and ϵ- transitions,6.20N-B.E.-AI-DS.-Sem-III-IV.pdf,2,0,Insufficient signal,0.1073,0.0
Languages in Compiler Design,Minimization of DFA,6.20N-B.E.-AI-DS.-Sem-III-IV.pdf,3,0,Insufficient signal,0.146,0.0
Nondeterministic Finite Automata (NFA): Definitions,Equivalence between NFA with and ϵ- transitions,6.20N-B.E.-AI-DS.-Sem-III-IV.pdf,1,1,sim=0.590>=0.55 + delta=1<=5,0.5904,0.0909
Nondeterministic Finite Automata (NFA): Definitions,Minimization of DFA,6.20N-B.E.-AI-DS.-Sem-III-IV.pdf,2,1,Adjacent same-course topics: delta=2 + sim=0.516,0.5158,0.0
Equivalence between NFA with and ϵ- transitions,Minimization of DFA,6.20N-B.E.-AI-DS.-Sem-III-IV.pdf,1,1,Adjacent same-course topics: delta=1 + sim=0.419,0.4193,0.0
Special-purpose,Open-source and Proprietary Operating System,6.20N-B.E.-AI-DS.-Sem-III-IV.pdf,1,0,Insufficient signal,0.1526,0.0
Special-purpose,Fundamentals of Distributed Operating System,6.20N-B.E.-AI-DS.-Sem-III-IV.pdf,2,0,Insufficient signal,0.1752,0.0
Special-purpose,Network Operating System,6.20N-B.E.-AI-DS.-Sem-III-IV.pdf,3,0,Insufficient signal,0.1191,0.0
Special-purpose,Real-Time,6.20N-B.E.-AI-DS.-Sem-III-IV.pdf,4,0,Insufficient signal,0.2769,0.0
Special-purpose,Mobile Operating System,6.20N-B.E.-AI-DS.-Sem-III-IV.pdf,5,0,Insufficient signal,0.1539,0.0
Special-purpose,Special-purpose Operating Systems,6.20N-B.E.-AI-DS.-Sem-III-IV.pdf,6,1,Lexical containment + delta=6,0.5603,0.5
Open-source and Proprietary Operating System,Fundamentals of Distributed Operating System,6.20N-B.E.-AI-DS.-Sem-III-IV.pdf,1,1,sim=0.565>=0.55 + delta=1<=5,0.5654,0.2222
Open-source and Proprietary Operating System,Network Operating System,6.20N-B.E.-AI-DS.-Sem-III-IV.pdf,2,1,sim=0.551>=0.55 + delta=2<=5,0.5509,0.2857
Open-source and Proprietary Operating System,Real-Time,6.20N-B.E.-AI-DS.-Sem-III-IV.pdf,3,0,Insufficient signal,0.2827,0.0
Open-source and Proprietary Operating System,Mobile Operating System,6.20N-B.E.-AI-DS.-Sem-III-IV.pdf,4,0,Insufficient signal,0.531,0.2857
Open-source and Proprietary Operating System,Special-purpose Operating Systems,6.20N-B.E.-AI-DS.-Sem-III-IV.pdf,5,1,High sim=0.681 + delta=5,0.6814,0.1111
Fundamentals of Distributed Operating System,Network Operating System,6.20N-B.E.-AI-DS.-Sem-III-IV.pdf,1,1,High sim=0.647 + delta=1,0.647,0.3333
Fundamentals of Distributed Operating System,Real-Time,6.20N-B.E.-AI-DS.-Sem-III-IV.pdf,2,0,Insufficient signal,0.2594,0.0
Fundamentals of Distributed Operating System,Mobile Operating System,6.20N-B.E.-AI-DS.-Sem-III-IV.pdf,3,1,sim=0.551>=0.55 + delta=3<=5,0.5512,0.3333
Fundamentals of Distributed Operating System,Special-purpose Operating Systems,6.20N-B.E.-AI-DS.-Sem-III-IV.pdf,4,1,High sim=0.674 + delta=4,0.6744,0.125
Network Operating System,Real-Time,6.20N-B.E.-AI-DS.-Sem-III-IV.pdf,1,0,Insufficient signal,0.2475,0.0
Network Operating System,Mobile Operating System,6.20N-B.E.-AI-DS.-Sem-III-IV.pdf,2,1,High sim=0.621 + delta=2,0.6214,0.5
Network Operating System,Special-purpose Operating Systems,6.20N-B.E.-AI-DS.-Sem-III-IV.pdf,3,1,High sim=0.608 + delta=3,0.6075,0.1667
Real-Time,Mobile Operating System,6.20N-B.E.-AI-DS.-Sem-III-IV.pdf,1,0,Insufficient signal,0.2806,0.0
Real-Time,Special-purpose Operating Systems,6.20N-B.E.-AI-DS.-Sem-III-IV.pdf,2,1,Adjacent same-course topics: delta=2 + sim=0.304,0.3042,0.0
Mobile Operating System,Special-purpose Operating Systems,6.20N-B.E.-AI-DS.-Sem-III-IV.pdf,1,1,sim=0.592>=0.55 + delta=1<=5,0.5923,0.1667
"Testing: Functionality Testing, UI Testing",Testing: Principles of Agile Testers,SEM-V.pdf,1,1,sim=0.556>=0.55 + delta=1<=5,0.5561,0.1429
"Testing: Functionality Testing, UI Testing","Automation, Test Automation Pyramid. Case",SEM-V.pdf,2,1,Adjacent same-course topics: delta=2 + sim=0.481,0.4809,0.0
"Testing: Functionality Testing, UI Testing",Study – Selenium/ Jira,SEM-V.pdf,3,0,Insufficient signal,0.2311,0.0
"Testing: Functionality Testing, UI Testing","Postman, and JMeter",SEM-V.pdf,4,0,Insufficient signal,0.2123,0.0
"Testing: Functionality Testing, UI Testing","DevOps: Introduction, DevOps - Importance",SEM-V.pdf,5,0,Insufficient signal,0.2233,0.0
"Testing: Functionality Testing, UI Testing",C’s of DevOps Lifecycle for Business,SEM-V.pdf,6,0,Insufficient signal,0.1888,0.0
"Testing: Functionality Testing, UI Testing","Agility, DevOps and Continuous Testing",SEM-V.pdf,7,0,Insufficient signal,0.3721,0.1429
"Testing: Functionality Testing, UI Testing",Choosing the right DevOps tools and challenges,SEM-V.pdf,8,0,Insufficient signal,0.2951,0.0
"Testing: Functionality Testing, UI Testing",Assessment. Study of various Open,SEM-V.pdf,9,0,Insufficient signal,0.2412,0.0
"Testing: Functionality Testing, UI Testing",Source Tools in DevOps,SEM-V.pdf,10,0,Insufficient signal,0.1977,0.0
Testing: Principles of Agile Testers,"Automation, Test Automation Pyramid. Case",SEM-V.pdf,1,1,Foundational kw in A + sim=0.410 + delta=1,0.4104,0.0
Testing: Principles of Agile Testers,Study – Selenium/ Jira,SEM-V.pdf,2,0,Insufficient signal,0.1561,0.0
Testing: Principles of Agile Testers,"Postman, and JMeter",SEM-V.pdf,3,0,Insufficient signal,0.1462,0.0
Testing: Principles of Agile Testers,"DevOps: Introduction, DevOps - Importance",SEM-V.pdf,4,0,Insufficient signal,0.3125,0.0
Testing: Principles of Agile Testers,C’s of DevOps Lifecycle for Business,SEM-V.pdf,5,0,Insufficient signal,0.2559,0.0909
Testing: Principles of Agile Testers,"Agility, DevOps and Continuous Testing",SEM-V.pdf,6,1,Foundational kw in A + sim=0.555 + delta=6,0.5555,0.1111
Testing: Principles of Agile Testers,Choosing the right DevOps tools and challenges,SEM-V.pdf,7,0,Insufficient signal,0.3265,0.0
Testing: Principles of Agile Testers,Assessment. Study of various Open,SEM-V.pdf,8,0,Insufficient signal,0.2224,0.1111
Testing: Principles of Agile Testers,Source Tools in DevOps,SEM-V.pdf,9,0,Insufficient signal,0.2008,0.0
"Automation, Test Automation Pyramid. Case",Study – Selenium/ Jira,SEM-V.pdf,1,0,Insufficient signal,0.2309,0.0
"Automation, Test Automation Pyramid. Case","Postman, and JMeter",SEM-V.pdf,2,0,Insufficient signal,0.209,0.0
"Automation, Test Automation Pyramid. Case","DevOps: Introduction, DevOps - Importance",SEM-V.pdf,3,0,Insufficient signal,0.3015,0.0
"Automation, Test Automation Pyramid. Case",C’s of DevOps Lifecycle for Business,SEM-V.pdf,4,0,Insufficient signal,0.2831,0.0
"Automation, Test Automation Pyramid. Case","Agility, DevOps and Continuous Testing",SEM-V.pdf,5,0,Insufficient signal,0.388,0.0
"Automation, Test Automation Pyramid. Case",Choosing the right DevOps tools and challenges,SEM-V.pdf,6,0,Insufficient signal,0.2963,0.0
"Automation, Test Automation Pyramid. Case",Assessment. Study of various Open,SEM-V.pdf,7,0,Insufficient signal,0.157,0.0
"Automation, Test Automation Pyramid. Case",Source Tools in DevOps,SEM-V.pdf,8,0,Insufficient signal,0.2506,0.0
Study – Selenium/ Jira,"Postman, and JMeter",SEM-V.pdf,1,0,Insufficient signal,0.2072,0.0
Study – Selenium/ Jira,"DevOps: Introduction, DevOps - Importance",SEM-V.pdf,2,0,Insufficient signal,0.0929,0.0
Study – Selenium/ Jira,C’s of DevOps Lifecycle for Business,SEM-V.pdf,3,0,Insufficient signal,0.0636,0.0
Study – Selenium/ Jira,"Agility, DevOps and Continuous Testing",SEM-V.pdf,4,0,Insufficient signal,0.1944,0.0
Study – Selenium/ Jira,Choosing the right DevOps tools and challenges,SEM-V.pdf,5,0,Insufficient signal,0.1434,0.0
Study – Selenium/ Jira,Assessment. Study of various Open,SEM-V.pdf,6,0,Insufficient signal,0.2642,0.1429
Study – Selenium/ Jira,Source Tools in DevOps,SEM-V.pdf,7,0,Insufficient signal,0.1566,0.0
"Postman, and JMeter","DevOps: Introduction, DevOps - Importance",SEM-V.pdf,1,0,Insufficient signal,0.0938,0.0
"Postman, and JMeter",C’s of DevOps Lifecycle for Business,SEM-V.pdf,2,0,Insufficient signal,0.0141,0.0
"Postman, and JMeter","Agility, DevOps and Continuous Testing",SEM-V.pdf,3,0,Insufficient signal,0.1956,0.1429
"Postman, and JMeter",Choosing the right DevOps tools and challenges,SEM-V.pdf,4,0,Insufficient signal,0.1803,0.1111
"Postman, and JMeter",Assessment. Study of various Open,SEM-V.pdf,5,0,Insufficient signal,0.2123,0.0
"Postman, and JMeter",Source Tools in DevOps,SEM-V.pdf,6,0,Insufficient signal,0.126,0.0
"DevOps: Introduction, DevOps - Importance",C’s of DevOps Lifecycle for Business,SEM-V.pdf,1,1,High sim=0.744 + delta=1,0.7441,0.1111
"DevOps: Introduction, DevOps - Importance","Agility, DevOps and Continuous Testing",SEM-V.pdf,2,1,High sim=0.618 + delta=2,0.618,0.1429
"DevOps: Introduction, DevOps - Importance",Choosing the right DevOps tools and challenges,SEM-V.pdf,3,1,High sim=0.689 + delta=3,0.6887,0.1111
"DevOps: Introduction, DevOps - Importance",Assessment. Study of various Open,SEM-V.pdf,4,0,Insufficient signal,0.0704,0.0
"DevOps: Introduction, DevOps - Importance",Source Tools in DevOps,SEM-V.pdf,5,1,High sim=0.648 + delta=5,0.6476,0.1667
C’s of DevOps Lifecycle for Business,"Agility, DevOps and Continuous Testing",SEM-V.pdf,1,1,sim=0.575>=0.55 + delta=1<=5,0.5748,0.0909
C’s of DevOps Lifecycle for Business,Choosing the right DevOps tools and challenges,SEM-V.pdf,2,1,sim=0.580>=0.55 + delta=2<=5,0.58,0.0769
C’s of DevOps Lifecycle for Business,Assessment. Study of various Open,SEM-V.pdf,3,0,Insufficient signal,0.17,0.0909
C’s of DevOps Lifecycle for Business,Source Tools in DevOps,SEM-V.pdf,4,1,sim=0.571>=0.55 + delta=4<=5,0.5705,0.1
"Agility, DevOps and Continuous Testing",Choosing the right DevOps tools and challenges,SEM-V.pdf,1,1,High sim=0.619 + delta=1,0.619,0.2
"Agility, DevOps and Continuous Testing",Assessment. Study of various Open,SEM-V.pdf,2,0,Insufficient signal,0.1719,0.0
"Agility, DevOps and Continuous Testing",Source Tools in DevOps,SEM-V.pdf,3,0,Insufficient signal,0.5209,0.125
Choosing the right DevOps tools and challenges,Assessment. Study of various Open,SEM-V.pdf,1,0,Insufficient signal,0.1265,0.0
Choosing the right DevOps tools and challenges,Source Tools in DevOps,SEM-V.pdf,2,1,High sim=0.729 + delta=2,0.7288,0.2222
Assessment. Study of various Open,Source Tools in DevOps,SEM-V.pdf,1,0,Insufficient signal,0.1028,0.0
"Pre-Requisite Topics Basic Concepts: HTML5, CSS3; JavaScript, Client-Server paradigm, Front-end and Back-end development",React DevTools,SEM-V.pdf,1,0,Insufficient signal,0.0633,0.0
"Pre-Requisite Topics Basic Concepts: HTML5, CSS3; JavaScript, Client-Server paradigm, Front-end and Back-end development",Custom Hooks creation,SEM-V.pdf,2,0,Insufficient signal,0.0869,0.0
"Pre-Requisite Topics Basic Concepts: HTML5, CSS3; JavaScript, Client-Server paradigm, Front-end and Back-end development",Low-code/No-code development,SEM-V.pdf,3,0,Insufficient signal,0.2339,0.0526
React DevTools,Custom Hooks creation,SEM-V.pdf,1,0,Insufficient signal,0.0819,0.0
React DevTools,Low-code/No-code development,SEM-V.pdf,2,0,Insufficient signal,0.131,0.0
Custom Hooks creation,Low-code/No-code development,SEM-V.pdf,1,0,Insufficient signal,0.1549,0.0
Applications of Swarm Intelligence in Machine,"Optimization, Particle Swarm Optimizer , ABC",SEM-V.pdf,1,1,Adjacent same-course topics: delta=1 + sim=0.542,0.5422,0.1
Applications of Swarm Intelligence in Machine,Algorithm  Bat Algorithm,SEM-V.pdf,2,1,Adjacent same-course topics: delta=2 + sim=0.501,0.5012,0.0
Applications of Swarm Intelligence in Machine,Learning : Quantum,SEM-V.pdf,3,0,Insufficient signal,0.1873,0.0
Applications of Swarm Intelligence in Machine,Inspired and Multi,SEM-V.pdf,4,0,Insufficient signal,0.2106,0.0
Applications of Swarm Intelligence in Machine,Objective Swarm Optimization,SEM-V.pdf,5,1,High sim=0.610 + delta=5,0.6101,0.125
"Optimization, Particle Swarm Optimizer , ABC",Algorithm  Bat Algorithm,SEM-V.pdf,1,1,Adjacent same-course topics: delta=1 + sim=0.499,0.4988,0.0
"Optimization, Particle Swarm Optimizer , ABC",Learning : Quantum,SEM-V.pdf,2,0,Insufficient signal,0.1854,0.0
"Optimization, Particle Swarm Optimizer , ABC",Inspired and Multi,SEM-V.pdf,3,0,Insufficient signal,0.2124,0.0
"Optimization, Particle Swarm Optimizer , ABC",Objective Swarm Optimization,SEM-V.pdf,4,1,High sim=0.692 + delta=4,0.6924,0.3333
Algorithm  Bat Algorithm,Learning : Quantum,SEM-V.pdf,1,0,Insufficient signal,0.1264,0.0
Algorithm  Bat Algorithm,Inspired and Multi,SEM-V.pdf,2,0,Insufficient signal,0.1817,0.0
Learning : Quantum,Inspired and Multi,SEM-V.pdf,1,0,Insufficient signal,0.2228,0.0
Learning : Quantum,Objective Swarm Optimization,SEM-V.pdf,2,0,Insufficient signal,0.1402,0.0
Introduction to Data Analytics,Background and Overview of Data,SEM-V.pdf,1,1,Foundational kw in A + sim=0.490 + delta=1,0.4901,0.125
Introduction to Data Analytics,Analytics:  Key Roles for a Successful,SEM-V.pdf,2,1,Foundational kw in A + sim=0.472 + delta=2,0.4724,0.1111
Introduction to Data Analytics,Data Analytics life cycle,SEM-V.pdf,3,1,sim=0.581>=0.55 + delta=3<=5,0.5806,0.3333
Introduction to Data Analytics,Types of analytics,SEM-V.pdf,4,1,Foundational kw in A + sim=0.522 + delta=4,0.5219,0.1667
Introduction to Data Analytics,Roles in Industry,SEM-V.pdf,5,0,Insufficient signal,0.1268,0.0
Background and Overview of Data,Analytics:  Key Roles for a Successful,SEM-V.pdf,1,1,Adjacent same-course topics: delta=1 + sim=0.341,0.3413,0.0
Background and Overview of Data,Data Analytics life cycle,SEM-V.pdf,2,1,Foundational kw in A + sim=0.401 + delta=2,0.4013,0.125
Background and Overview of Data,Types of analytics,SEM-V.pdf,3,1,Foundational kw in A + sim=0.426 + delta=3,0.4262,0.1429
Background and Overview of Data,Roles in Industry,SEM-V.pdf,4,0,Insufficient signal,0.1371,0.0
Analytics:  Key Roles for a Successful,Data Analytics life cycle,SEM-V.pdf,1,1,Adjacent same-course topics: delta=1 + sim=0.465,0.4646,0.1111
Analytics:  Key Roles for a Successful,Types of analytics,SEM-V.pdf,2,1,High sim=0.607 + delta=2,0.6069,0.125
Analytics:  Key Roles for a Successful,Roles in Industry,SEM-V.pdf,3,1,sim=0.553>=0.55 + delta=3<=5,0.5535,0.125
Data Analytics life cycle,Types of analytics,SEM-V.pdf,1,1,Adjacent same-course topics: delta=1 + sim=0.518,0.5176,0.1667
Data Analytics life cycle,Roles in Industry,SEM-V.pdf,2,0,Insufficient signal,0.1134,0.0
Types of analytics,Roles in Industry,SEM-V.pdf,1,0,Insufficient signal,0.205,0.0
Super-Simple,Metrics: Measuring performance,SEM-V.pdf,1,0,Insufficient signal,0.1291,0.0
Super-Simple,Quality (Error Rate,SEM-V.pdf,2,0,Insufficient signal,0.0808,0.0
Super-Simple,Applications and variants,SEM-V.pdf,3,0,Insufficient signal,0.1153,0.0
Super-Simple,Edge Systems: Application in feature selection,SEM-V.pdf,4,0,Insufficient signal,0.0971,0.0
Super-Simple,Edge resource optimization,SEM-V.pdf,5,0,Insufficient signal,0.1383,0.0
Metrics: Measuring performance,Quality (Error Rate,SEM-V.pdf,1,1,Adjacent same-course topics: delta=1 + sim=0.429,0.429,0.0
Metrics: Measuring performance,Applications and variants,SEM-V.pdf,2,0,Insufficient signal,0.2507,0.0
Metrics: Measuring performance,Edge Systems: Application in feature selection,SEM-V.pdf,3,0,Insufficient signal,0.1944,0.0
Metrics: Measuring performance,Edge resource optimization,SEM-V.pdf,4,0,Insufficient signal,0.2601,0.0
Quality (Error Rate,Applications and variants,SEM-V.pdf,1,0,Insufficient signal,0.156,0.0
Quality (Error Rate,Edge Systems: Application in feature selection,SEM-V.pdf,2,0,Insufficient signal,0.1079,0.0
Quality (Error Rate,Edge resource optimization,SEM-V.pdf,3,0,Insufficient signal,0.176,0.0
Applications and variants,Edge Systems: Application in feature selection,SEM-V.pdf,1,1,Adjacent same-course topics: delta=1 + sim=0.376,0.3763,0.0
Applications and variants,Edge resource optimization,SEM-V.pdf,2,0,Insufficient signal,0.1404,0.0
Edge Systems: Application in feature selection,Edge resource optimization,SEM-V.pdf,1,1,sim=0.577>=0.55 + delta=1<=5,0.5775,0.125
"ERC721 Tokens, ICO: basics and related terms","Metaverse, Cryptocurrency wallets: Hot and cold",SEM-V.pdf,1,0,Insufficient signal,0.2219,0.0833
"ERC721 Tokens, ICO: basics and related terms","Blockchain, UTXO and double spending problem",SEM-V.pdf,2,0,Insufficient signal,0.1835,0.0833
"ERC721 Tokens, ICO: basics and related terms",Common security threats in Blockchain,SEM-V.pdf,3,0,Insufficient signal,0.2149,0.0
"ERC721 Tokens, ICO: basics and related terms","Mitigating attacks: 51% attack, Sybil attack, replay",SEM-V.pdf,4,0,Insufficient signal,0.1834,0.0
"ERC721 Tokens, ICO: basics and related terms",Cryptocurrency Valuation Models,SEM-V.pdf,5,0,Insufficient signal,0.1985,0.0
"ERC721 Tokens, ICO: basics and related terms",Emerging trends,SEM-V.pdf,6,0,Insufficient signal,0.1635,0.0
"ERC721 Tokens, ICO: basics and related terms",Models on Blockchain: decentralized AI,SEM-V.pdf,7,0,Insufficient signal,0.1884,0.0
"ERC721 Tokens, ICO: basics and related terms","Case study: AI for transaction validation, fraud",SEM-V.pdf,8,0,Insufficient signal,0.2371,0.0
"Metaverse, Cryptocurrency wallets: Hot and cold","Blockchain, UTXO and double spending problem",SEM-V.pdf,1,0,Insufficient signal,0.2289,0.0909
"Metaverse, Cryptocurrency wallets: Hot and cold",Common security threats in Blockchain,SEM-V.pdf,2,1,Adjacent same-course topics: delta=2 + sim=0.375,0.3746,0.0
"Metaverse, Cryptocurrency wallets: Hot and cold","Mitigating attacks: 51% attack, Sybil attack, replay",SEM-V.pdf,3,0,Insufficient signal,0.218,0.0
"Metaverse, Cryptocurrency wallets: Hot and cold",Cryptocurrency Valuation Models,SEM-V.pdf,4,0,Insufficient signal,0.4022,0.125
"Metaverse, Cryptocurrency wallets: Hot and cold",Emerging trends,SEM-V.pdf,5,0,Insufficient signal,0.2646,0.0
"Metaverse, Cryptocurrency wallets: Hot and cold",Models on Blockchain: decentralized AI,SEM-V.pdf,6,0,Insufficient signal,0.2515,0.0
"Metaverse, Cryptocurrency wallets: Hot and cold","Case study: AI for transaction validation, fraud",SEM-V.pdf,7,0,Insufficient signal,0.1053,0.0
"Blockchain, UTXO and double spending problem",Common security threats in Blockchain,SEM-V.pdf,1,1,Adjacent same-course topics: delta=1 + sim=0.393,0.3931,0.1
"Blockchain, UTXO and double spending problem","Mitigating attacks: 51% attack, Sybil attack, replay",SEM-V.pdf,2,0,Insufficient signal,0.2384,0.0
"Blockchain, UTXO and double spending problem",Cryptocurrency Valuation Models,SEM-V.pdf,3,0,Insufficient signal,0.3104,0.0
"Blockchain, UTXO and double spending problem",Emerging trends,SEM-V.pdf,4,0,Insufficient signal,0.0779,0.0
"Blockchain, UTXO and double spending problem",Models on Blockchain: decentralized AI,SEM-V.pdf,5,0,Insufficient signal,0.3429,0.1
"Blockchain, UTXO and double spending problem","Case study: AI for transaction validation, fraud",SEM-V.pdf,6,0,Insufficient signal,0.221,0.0
Common security threats in Blockchain,"Mitigating attacks: 51% attack, Sybil attack, replay",SEM-V.pdf,1,1,Adjacent same-course topics: delta=1 + sim=0.390,0.3899,0.0
Common security threats in Blockchain,Cryptocurrency Valuation Models,SEM-V.pdf,2,1,Adjacent same-course topics: delta=2 + sim=0.308,0.3077,0.0
Common security threats in Blockchain,Emerging trends,SEM-V.pdf,3,0,Insufficient signal,0.2184,0.0
Common security threats in Blockchain,Models on Blockchain: decentralized AI,SEM-V.pdf,4,0,Insufficient signal,0.4405,0.1111
Common security threats in Blockchain,"Case study: AI for transaction validation, fraud",SEM-V.pdf,5,0,Insufficient signal,0.2791,0.0
"Mitigating attacks: 51% attack, Sybil attack, replay",Cryptocurrency Valuation Models,SEM-V.pdf,1,0,Insufficient signal,0.2102,0.0
"Mitigating attacks: 51% attack, Sybil attack, replay",Emerging trends,SEM-V.pdf,2,0,Insufficient signal,0.148,0.0
"Mitigating attacks: 51% attack, Sybil attack, replay",Models on Blockchain: decentralized AI,SEM-V.pdf,3,0,Insufficient signal,0.2559,0.0
"Mitigating attacks: 51% attack, Sybil attack, replay","Case study: AI for transaction validation, fraud",SEM-V.pdf,4,0,Insufficient signal,0.2234,0.0
Cryptocurrency Valuation Models,Emerging trends,SEM-V.pdf,1,0,Insufficient signal,0.1829,0.0
Cryptocurrency Valuation Models,Models on Blockchain: decentralized AI,SEM-V.pdf,2,1,Adjacent same-course topics: delta=2 + sim=0.488,0.4882,0.1429
Cryptocurrency Valuation Models,"Case study: AI for transaction validation, fraud",SEM-V.pdf,3,0,Insufficient signal,0.1919,0.0
Emerging trends,Models on Blockchain: decentralized AI,SEM-V.pdf,1,0,Insufficient signal,0.0851,0.0
Emerging trends,"Case study: AI for transaction validation, fraud",SEM-V.pdf,2,0,Insufficient signal,0.122,0.0
Models on Blockchain: decentralized AI,"Case study: AI for transaction validation, fraud",SEM-V.pdf,1,1,Adjacent same-course topics: delta=1 + sim=0.404,0.4036,0.0909
Inverse Laplace transform using Convolution theorem,Applications to solve initial and boundary value problems,6.34-N-B.E.-Information-Technology-Sem-III-IV.pdf,1,0,Insufficient signal,0.1166,0.0
Inverse Laplace transform using Convolution theorem,Parseval’s Identity (without proof) Fourier series of periodic,6.34-N-B.E.-Information-Technology-Sem-III-IV.pdf,2,0,Insufficient signal,0.1698,0.0
Inverse Laplace transform using Convolution theorem,Fourier series of even and odd functions (simple functions,6.34-N-B.E.-Information-Technology-Sem-III-IV.pdf,3,0,Insufficient signal,0.1159,0.0
Inverse Laplace transform using Convolution theorem,Hal Frange Sine and Cosine Series,6.34-N-B.E.-Information-Technology-Sem-III-IV.pdf,4,0,Insufficient signal,0.081,0.0
Inverse Laplace transform using Convolution theorem,"Harmonic function, Harmonic conjugate, and orthogonal",6.34-N-B.E.-Information-Technology-Sem-III-IV.pdf,5,0,Insufficient signal,0.307,0.0
Inverse Laplace transform using Convolution theorem,Kar lPearson’s Coefficient of correlation(r) Spearman’s,6.34-N-B.E.-Information-Technology-Sem-III-IV.pdf,6,0,Insufficient signal,0.0815,0.0
Inverse Laplace transform using Convolution theorem,Rank correlation coefficient (R) (with repeated and non,6.34-N-B.E.-Information-Technology-Sem-III-IV.pdf,7,0,Insufficient signal,-0.0279,0.0
Inverse Laplace transform using Convolution theorem,"Advanced Engineering Mathematics, R.K. Jainand S.R.K. Iyengar, Narosapublication",6.34-N-B.E.-Information-Technology-Sem-III-IV.pdf,8,0,Insufficient signal,0.0016,0.0
Applications to solve initial and boundary value problems,Parseval’s Identity (without proof) Fourier series of periodic,6.34-N-B.E.-Information-Technology-Sem-III-IV.pdf,1,0,Insufficient signal,0.0387,0.0
Applications to solve initial and boundary value problems,Fourier series of even and odd functions (simple functions,6.34-N-B.E.-Information-Technology-Sem-III-IV.pdf,2,0,Insufficient signal,0.0904,0.0667
Applications to solve initial and boundary value problems,Hal Frange Sine and Cosine Series,6.34-N-B.E.-Information-Technology-Sem-III-IV.pdf,3,0,Insufficient signal,0.1233,0.0769
Applications to solve initial and boundary value problems,"Harmonic function, Harmonic conjugate, and orthogonal",6.34-N-B.E.-Information-Technology-Sem-III-IV.pdf,4,0,Insufficient signal,0.1405,0.0833
Applications to solve initial and boundary value problems,Kar lPearson’s Coefficient of correlation(r) Spearman’s,6.34-N-B.E.-Information-Technology-Sem-III-IV.pdf,5,0,Insufficient signal,0.0149,0.0
Applications to solve initial and boundary value problems,Rank correlation coefficient (R) (with repeated and non,6.34-N-B.E.-Information-Technology-Sem-III-IV.pdf,6,0,Insufficient signal,-0.0144,0.0667
Applications to solve initial and boundary value problems,"Advanced Engineering Mathematics, R.K. Jainand S.R.K. Iyengar, Narosapublication",6.34-N-B.E.-Information-Technology-Sem-III-IV.pdf,7,0,Insufficient signal,0.2664,0.0
Parseval’s Identity (without proof) Fourier series of periodic,Fourier series of even and odd functions (simple functions,6.34-N-B.E.-Information-Technology-Sem-III-IV.pdf,1,1,High sim=0.630 + delta=1,0.63,0.2143
Parseval’s Identity (without proof) Fourier series of periodic,Hal Frange Sine and Cosine Series,6.34-N-B.E.-Information-Technology-Sem-III-IV.pdf,2,1,Adjacent same-course topics: delta=2 + sim=0.366,0.3657,0.0714
Parseval’s Identity (without proof) Fourier series of periodic,"Harmonic function, Harmonic conjugate, and orthogonal",6.34-N-B.E.-Information-Technology-Sem-III-IV.pdf,3,0,Insufficient signal,0.291,0.0
Parseval’s Identity (without proof) Fourier series of periodic,Kar lPearson’s Coefficient of correlation(r) Spearman’s,6.34-N-B.E.-Information-Technology-Sem-III-IV.pdf,4,0,Insufficient signal,0.13,0.1333
Parseval’s Identity (without proof) Fourier series of periodic,Rank correlation coefficient (R) (with repeated and non,6.34-N-B.E.-Information-Technology-Sem-III-IV.pdf,5,0,Insufficient signal,-0.0991,0.0
Parseval’s Identity (without proof) Fourier series of periodic,"Advanced Engineering Mathematics, R.K. Jainand S.R.K. Iyengar, Narosapublication",6.34-N-B.E.-Information-Technology-Sem-III-IV.pdf,6,0,Insufficient signal,-0.0349,0.0588
Fourier series of even and odd functions (simple functions,Hal Frange Sine and Cosine Series,6.34-N-B.E.-Information-Technology-Sem-III-IV.pdf,1,1,Adjacent same-course topics: delta=1 + sim=0.389,0.3886,0.1667
Fourier series of even and odd functions (simple functions,"Harmonic function, Harmonic conjugate, and orthogonal",6.34-N-B.E.-Information-Technology-Sem-III-IV.pdf,2,0,Insufficient signal,0.2839,0.0833
Fourier series of even and odd functions (simple functions,Kar lPearson’s Coefficient of correlation(r) Spearman’s,6.34-N-B.E.-Information-Technology-Sem-III-IV.pdf,3,0,Insufficient signal,0.1132,0.0667
Fourier series of even and odd functions (simple functions,Rank correlation coefficient (R) (with repeated and non,6.34-N-B.E.-Information-Technology-Sem-III-IV.pdf,4,0,Insufficient signal,-0.0358,0.0667
Fourier series of even and odd functions (simple functions,"Advanced Engineering Mathematics, R.K. Jainand S.R.K. Iyengar, Narosapublication",6.34-N-B.E.-Information-Technology-Sem-III-IV.pdf,5,0,Insufficient signal,0.0171,0.0
Hal Frange Sine and Cosine Series,"Harmonic function, Harmonic conjugate, and orthogonal",6.34-N-B.E.-Information-Technology-Sem-III-IV.pdf,1,0,Insufficient signal,0.1887,0.1
Hal Frange Sine and Cosine Series,Kar lPearson’s Coefficient of correlation(r) Spearman’s,6.34-N-B.E.-Information-Technology-Sem-III-IV.pdf,2,0,Insufficient signal,0.262,0.0
Hal Frange Sine and Cosine Series,Rank correlation coefficient (R) (with repeated and non,6.34-N-B.E.-Information-Technology-Sem-III-IV.pdf,3,0,Insufficient signal,0.0673,0.0769
Hal Frange Sine and Cosine Series,"Advanced Engineering Mathematics, R.K. Jainand S.R.K. Iyengar, Narosapublication",6.34-N-B.E.-Information-Technology-Sem-III-IV.pdf,4,0,Insufficient signal,0.09,0.0
"Harmonic function, Harmonic conjugate, and orthogonal",Kar lPearson’s Coefficient of correlation(r) Spearman’s,6.34-N-B.E.-Information-Technology-Sem-III-IV.pdf,1,0,Insufficient signal,0.0789,0.0
"Harmonic function, Harmonic conjugate, and orthogonal",Rank correlation coefficient (R) (with repeated and non,6.34-N-B.E.-Information-Technology-Sem-III-IV.pdf,2,0,Insufficient signal,-0.014,0.0833
"Harmonic function, Harmonic conjugate, and orthogonal","Advanced Engineering Mathematics, R.K. Jainand S.R.K. Iyengar, Narosapublication",6.34-N-B.E.-Information-Technology-Sem-III-IV.pdf,3,0,Insufficient signal,0.0226,0.0
Kar lPearson’s Coefficient of correlation(r) Spearman’s,Rank correlation coefficient (R) (with repeated and non,6.34-N-B.E.-Information-Technology-Sem-III-IV.pdf,1,1,Adjacent same-course topics: delta=1 + sim=0.440,0.4405,0.2308
Kar lPearson’s Coefficient of correlation(r) Spearman’s,"Advanced Engineering Mathematics, R.K. Jainand S.R.K. Iyengar, Narosapublication",6.34-N-B.E.-Information-Technology-Sem-III-IV.pdf,2,0,Insufficient signal,0.1671,0.1333
Rank correlation coefficient (R) (with repeated and non,"Advanced Engineering Mathematics, R.K. Jainand S.R.K. Iyengar, Narosapublication",6.34-N-B.E.-Information-Technology-Sem-III-IV.pdf,1,0,Insufficient signal,0.0837,0.0625
Overview of Data Structures: Revision of basic data structures (arrays,Introduction to Analysis of Algorithms Fundamentals of the analysis of algorithms: Time and Space,6.34-N-B.E.-Information-Technology-Sem-III-IV.pdf,1,1,Adjacent same-course topics: delta=1 + sim=0.324,0.3244,0.0625
Overview of Data Structures: Revision of basic data structures (arrays,Asymptotic notation,6.34-N-B.E.-Information-Technology-Sem-III-IV.pdf,2,0,Insufficient signal,-0.0053,0.0
Introduction to Analysis of Algorithms Fundamentals of the analysis of algorithms: Time and Space,Asymptotic notation,6.34-N-B.E.-Information-Technology-Sem-III-IV.pdf,1,0,Insufficient signal,0.1088,0.0
"Database System Concepts, Architecture",Characteristics of Databases,6.34-N-B.E.-Information-Technology-Sem-III-IV.pdf,1,1,High sim=0.748 + delta=1,0.7484,0.0
"Database System Concepts, Architecture",File system v/s Database,6.34-N-B.E.-Information-Technology-Sem-III-IV.pdf,2,1,sim=0.586>=0.55 + delta=2<=5,0.5864,0.2857
"Database System Concepts, Architecture",DBMS system,6.34-N-B.E.-Information-Technology-Sem-III-IV.pdf,3,1,High sim=0.727 + delta=3,0.7267,0.2
"Database System Concepts, Architecture",Role of DBA,6.34-N-B.E.-Information-Technology-Sem-III-IV.pdf,4,1,sim=0.554>=0.55 + delta=4<=5,0.5539,0.0
Characteristics of Databases,File system v/s Database,6.34-N-B.E.-Information-Technology-Sem-III-IV.pdf,1,1,Adjacent same-course topics: delta=1 + sim=0.502,0.5019,0.0
Characteristics of Databases,DBMS system,6.34-N-B.E.-Information-Technology-Sem-III-IV.pdf,2,1,High sim=0.620 + delta=2,0.6196,0.0
Characteristics of Databases,Role of DBA,6.34-N-B.E.-Information-Technology-Sem-III-IV.pdf,3,0,Insufficient signal,0.5379,0.2
File system v/s Database,DBMS system,6.34-N-B.E.-Information-Technology-Sem-III-IV.pdf,1,1,Adjacent same-course topics: delta=1 + sim=0.527,0.5268,0.1667
File system v/s Database,Role of DBA,6.34-N-B.E.-Information-Technology-Sem-III-IV.pdf,2,1,Adjacent same-course topics: delta=2 + sim=0.361,0.3606,0.0
DBMS system,Role of DBA,6.34-N-B.E.-Information-Technology-Sem-III-IV.pdf,1,1,Adjacent same-course topics: delta=1 + sim=0.525,0.525,0.0
Functions ofSquare Matrix,Quadratic forms,6.34-N-B.E.-Information-Technology-Sem-III-IV.pdf,1,1,Adjacent same-course topics: delta=1 + sim=0.403,0.403,0.0
Functions ofSquare Matrix,Theorem to evaluate realintegrations,6.34-N-B.E.-Information-Technology-Sem-III-IV.pdf,2,0,Insufficient signal,0.0648,0.0
Functions ofSquare Matrix,Inverse of Transform by Binomial,6.34-N-B.E.-Information-Technology-Sem-III-IV.pdf,3,0,Insufficient signal,0.159,0.0
Quadratic forms,Theorem to evaluate realintegrations,6.34-N-B.E.-Information-Technology-Sem-III-IV.pdf,1,0,Insufficient signal,0.0368,0.0
Quadratic forms,Inverse of Transform by Binomial,6.34-N-B.E.-Information-Technology-Sem-III-IV.pdf,2,0,Insufficient signal,0.0334,0.0
Theorem to evaluate realintegrations,Inverse of Transform by Binomial,6.34-N-B.E.-Information-Technology-Sem-III-IV.pdf,1,0,Insufficient signal,0.0278,0.0
System calls with examples for different OS,Selection of Scheduling,6.34-N-B.E.-Information-Technology-Sem-III-IV.pdf,1,0,Insufficient signal,0.1234,0.0
System calls with examples for different OS,Algorithms  for  different  situations,6.34-N-B.E.-Information-Technology-Sem-III-IV.pdf,2,0,Insufficient signal,0.2163,0.2222
System calls with examples for different OS,Real-time,6.34-N-B.E.-Information-Technology-Sem-III-IV.pdf,3,0,Insufficient signal,0.1898,0.0
System calls with examples for different OS,Implementation of Page,6.34-N-B.E.-Information-Technology-Sem-III-IV.pdf,4,0,Insufficient signal,0.1009,0.0
System calls with examples for different OS,Features of I/O facility for different OS,6.34-N-B.E.-Information-Technology-Sem-III-IV.pdf,5,0,Insufficient signal,0.4898,0.25
Selection of Scheduling,Real-time,6.34-N-B.E.-Information-Technology-Sem-III-IV.pdf,2,0,Insufficient signal,0.2926,0.0
Selection of Scheduling,Implementation of Page,6.34-N-B.E.-Information-Technology-Sem-III-IV.pdf,3,0,Insufficient signal,0.1203,0.2
Selection of Scheduling,Features of I/O facility for different OS,6.34-N-B.E.-Information-Technology-Sem-III-IV.pdf,4,0,Insufficient signal,0.2145,0.1
Algorithms  for  different  situations,Real-time,6.34-N-B.E.-Information-Technology-Sem-III-IV.pdf,1,1,Adjacent same-course topics: delta=1 + sim=0.340,0.3399,0.0
Algorithms  for  different  situations,Implementation of Page,6.34-N-B.E.-Information-Technology-Sem-III-IV.pdf,2,0,Insufficient signal,0.2304,0.0
Algorithms  for  different  situations,Features of I/O facility for different OS,6.34-N-B.E.-Information-Technology-Sem-III-IV.pdf,3,0,Insufficient signal,0.2194,0.2
Real-time,Implementation of Page,6.34-N-B.E.-Information-Technology-Sem-III-IV.pdf,1,0,Insufficient signal,0.1423,0.0
Real-time,Features of I/O facility for different OS,6.34-N-B.E.-Information-Technology-Sem-III-IV.pdf,2,0,Insufficient signal,0.2171,0.0
Implementation of Page,Features of I/O facility for different OS,6.34-N-B.E.-Information-Technology-Sem-III-IV.pdf,1,0,Insufficient signal,0.1487,0.1
Structure of a switch,Space Division Switching,6.34-N-B.E.-Information-Technology-Sem-III-IV.pdf,1,1,Adjacent same-course topics: delta=1 + sim=0.313,0.3131,0.0
Structure of a switch,Data Link Layer Data Link Control:  Framing ,6.34-N-B.E.-Information-Technology-Sem-III-IV.pdf,2,0,Insufficient signal,0.1193,0.0
Structure of a switch,Linear Block Code,6.34-N-B.E.-Information-Technology-Sem-III-IV.pdf,3,0,Insufficient signal,0.272,0.0
Structure of a switch,CRC code,6.34-N-B.E.-Information-Technology-Sem-III-IV.pdf,4,0,Insufficient signal,0.0783,0.0
Structure of a switch,Flow Control: Stop-and-Wait Flow Control,6.34-N-B.E.-Information-Technology-Sem-III-IV.pdf,5,0,Insufficient signal,0.1327,0.0
Structure of a switch,Error Control: Stop-and-Wait ARQ,6.34-N-B.E.-Information-Technology-Sem-III-IV.pdf,6,0,Insufficient signal,0.0427,0.0
Structure of a switch,Go-Back-N ARQ,6.34-N-B.E.-Information-Technology-Sem-III-IV.pdf,7,0,Insufficient signal,0.0511,0.0
Structure of a switch,Medium Access Control,6.34-N-B.E.-Information-Technology-Sem-III-IV.pdf,8,0,Insufficient signal,0.1167,0.0
Structure of a switch,Scheduled Access (Reservation,6.34-N-B.E.-Information-Technology-Sem-III-IV.pdf,9,0,Insufficient signal,-0.0133,0.0
Structure of a switch,Random Access (ALOHA,6.34-N-B.E.-Information-Technology-Sem-III-IV.pdf,10,0,Insufficient signal,0.0682,0.0
Structure of a switch,Link Layer Addressing,6.34-N-B.E.-Information-Technology-Sem-III-IV.pdf,11,0,Insufficient signal,0.2657,0.0
Structure of a switch,10-Gigabit Ethernet,6.34-N-B.E.-Information-Technology-Sem-III-IV.pdf,12,0,Insufficient signal,0.1952,0.0
Structure of a switch,Self-Study Topics,6.34-N-B.E.-Information-Technology-Sem-III-IV.pdf,13,0,Insufficient signal,0.0047,0.0
Structure of a switch,HDLC Protocol,6.34-N-B.E.-Information-Technology-Sem-III-IV.pdf,14,0,Insufficient signal,0.0091,0.0
Space Division Switching,Data Link Layer Data Link Control:  Framing ,6.34-N-B.E.-Information-Technology-Sem-III-IV.pdf,1,0,Insufficient signal,0.147,0.0
Space Division Switching,Linear Block Code,6.34-N-B.E.-Information-Technology-Sem-III-IV.pdf,2,0,Insufficient signal,0.2066,0.0
Space Division Switching,CRC code,6.34-N-B.E.-Information-Technology-Sem-III-IV.pdf,3,0,Insufficient signal,0.1672,0.0
Space Division Switching,Flow Control: Stop-and-Wait Flow Control,6.34-N-B.E.-Information-Technology-Sem-III-IV.pdf,4,0,Insufficient signal,0.1945,0.0
Space Division Switching,Error Control: Stop-and-Wait ARQ,6.34-N-B.E.-Information-Technology-Sem-III-IV.pdf,5,0,Insufficient signal,0.0481,0.0
Space Division Switching,Go-Back-N ARQ,6.34-N-B.E.-Information-Technology-Sem-III-IV.pdf,6,0,Insufficient signal,0.1059,0.0
Space Division Switching,Medium Access Control,6.34-N-B.E.-Information-Technology-Sem-III-IV.pdf,7,0,Insufficient signal,0.2054,0.0
Space Division Switching,Scheduled Access (Reservation,6.34-N-B.E.-Information-Technology-Sem-III-IV.pdf,8,0,Insufficient signal,0.0431,0.0
Space Division Switching,Random Access (ALOHA,6.34-N-B.E.-Information-Technology-Sem-III-IV.pdf,9,0,Insufficient signal,0.0805,0.0
Space Division Switching,Link Layer Addressing,6.34-N-B.E.-Information-Technology-Sem-III-IV.pdf,10,0,Insufficient signal,0.0648,0.0
Space Division Switching,10-Gigabit Ethernet,6.34-N-B.E.-Information-Technology-Sem-III-IV.pdf,11,0,Insufficient signal,0.1628,0.0
Space Division Switching,Self-Study Topics,6.34-N-B.E.-Information-Technology-Sem-III-IV.pdf,12,0,Insufficient signal,0.0242,0.0
Space Division Switching,HDLC Protocol,6.34-N-B.E.-Information-Technology-Sem-III-IV.pdf,13,0,Insufficient signal,0.014,0.0
Space Division Switching,IEEE 802.11 Wireless LAN,6.34-N-B.E.-Information-Technology-Sem-III-IV.pdf,14,0,Insufficient signal,0.1212,0.0
Data Link Layer Data Link Control:  Framing ,Linear Block Code,6.34-N-B.E.-Information-Technology-Sem-III-IV.pdf,1,0,Insufficient signal,0.1546,0.0
Data Link Layer Data Link Control:  Framing ,CRC code,6.34-N-B.E.-Information-Technology-Sem-III-IV.pdf,2,0,Insufficient signal,0.11,0.0
Data Link Layer Data Link Control:  Framing ,Flow Control: Stop-and-Wait Flow Control,6.34-N-B.E.-Information-Technology-Sem-III-IV.pdf,3,0,Insufficient signal,0.3241,0.1111
Data Link Layer Data Link Control:  Framing ,Error Control: Stop-and-Wait ARQ,6.34-N-B.E.-Information-Technology-Sem-III-IV.pdf,4,0,Insufficient signal,0.1257,0.1
Data Link Layer Data Link Control:  Framing ,Go-Back-N ARQ,6.34-N-B.E.-Information-Technology-Sem-III-IV.pdf,5,0,Insufficient signal,-0.0347,0.0
Data Link Layer Data Link Control:  Framing ,Medium Access Control,6.34-N-B.E.-Information-Technology-Sem-III-IV.pdf,6,0,Insufficient signal,0.3796,0.1429
Data Link Layer Data Link Control:  Framing ,Scheduled Access (Reservation,6.34-N-B.E.-Information-Technology-Sem-III-IV.pdf,7,0,Insufficient signal,0.1417,0.0
Data Link Layer Data Link Control:  Framing ,Random Access (ALOHA,6.34-N-B.E.-Information-Technology-Sem-III-IV.pdf,8,0,Insufficient signal,0.1248,0.0
Data Link Layer Data Link Control:  Framing ,Link Layer Addressing,6.34-N-B.E.-Information-Technology-Sem-III-IV.pdf,9,0,Insufficient signal,0.5324,0.3333
Data Link Layer Data Link Control:  Framing ,10-Gigabit Ethernet,6.34-N-B.E.-Information-Technology-Sem-III-IV.pdf,10,0,Insufficient signal,0.251,0.0
Data Link Layer Data Link Control:  Framing ,Self-Study Topics,6.34-N-B.E.-Information-Technology-Sem-III-IV.pdf,11,0,Insufficient signal,0.0323,0.0
Data Link Layer Data Link Control:  Framing ,HDLC Protocol,6.34-N-B.E.-Information-Technology-Sem-III-IV.pdf,12,0,Insufficient signal,0.2889,0.0
Data Link Layer Data Link Control:  Framing ,IEEE 802.11 Wireless LAN,6.34-N-B.E.-Information-Technology-Sem-III-IV.pdf,13,0,Insufficient signal,0.0815,0.0
Linear Block Code,CRC code,6.34-N-B.E.-Information-Technology-Sem-III-IV.pdf,1,1,Adjacent same-course topics: delta=1 + sim=0.398,0.3981,0.25
Linear Block Code,Flow Control: Stop-and-Wait Flow Control,6.34-N-B.E.-Information-Technology-Sem-III-IV.pdf,2,0,Insufficient signal,0.1731,0.0
Linear Block Code,Error Control: Stop-and-Wait ARQ,6.34-N-B.E.-Information-Technology-Sem-III-IV.pdf,3,0,Insufficient signal,0.0706,0.0
Linear Block Code,Go-Back-N ARQ,6.34-N-B.E.-Information-Technology-Sem-III-IV.pdf,4,0,Insufficient signal,0.0246,0.0
Linear Block Code,Medium Access Control,6.34-N-B.E.-Information-Technology-Sem-III-IV.pdf,5,0,Insufficient signal,0.1435,0.0
Linear Block Code,Scheduled Access (Reservation,6.34-N-B.E.-Information-Technology-Sem-III-IV.pdf,6,0,Insufficient signal,0.1022,0.0
Linear Block Code,Random Access (ALOHA,6.34-N-B.E.-Information-Technology-Sem-III-IV.pdf,7,0,Insufficient signal,0.1013,0.0
Linear Block Code,Link Layer Addressing,6.34-N-B.E.-Information-Technology-Sem-III-IV.pdf,8,0,Insufficient signal,0.2449,0.0
Linear Block Code,10-Gigabit Ethernet,6.34-N-B.E.-Information-Technology-Sem-III-IV.pdf,9,0,Insufficient signal,0.0926,0.0
Linear Block Code,Self-Study Topics,6.34-N-B.E.-Information-Technology-Sem-III-IV.pdf,10,0,Insufficient signal,-0.0409,0.0
Linear Block Code,HDLC Protocol,6.34-N-B.E.-Information-Technology-Sem-III-IV.pdf,11,0,Insufficient signal,0.1087,0.0
Linear Block Code,IEEE 802.11 Wireless LAN,6.34-N-B.E.-Information-Technology-Sem-III-IV.pdf,12,0,Insufficient signal,0.0491,0.0
CRC code,Flow Control: Stop-and-Wait Flow Control,6.34-N-B.E.-Information-Technology-Sem-III-IV.pdf,1,0,Insufficient signal,0.1772,0.0
CRC code,Error Control: Stop-and-Wait ARQ,6.34-N-B.E.-Information-Technology-Sem-III-IV.pdf,2,0,Insufficient signal,0.1052,0.0
CRC code,Go-Back-N ARQ,6.34-N-B.E.-Information-Technology-Sem-III-IV.pdf,3,0,Insufficient signal,0.1025,0.0
CRC code,Medium Access Control,6.34-N-B.E.-Information-Technology-Sem-III-IV.pdf,4,0,Insufficient signal,0.1827,0.0
CRC code,Scheduled Access (Reservation,6.34-N-B.E.-Information-Technology-Sem-III-IV.pdf,5,0,Insufficient signal,0.182,0.0
CRC code,Random Access (ALOHA,6.34-N-B.E.-Information-Technology-Sem-III-IV.pdf,6,0,Insufficient signal,0.1622,0.0
CRC code,Link Layer Addressing,6.34-N-B.E.-Information-Technology-Sem-III-IV.pdf,7,0,Insufficient signal,0.1388,0.0
CRC code,10-Gigabit Ethernet,6.34-N-B.E.-Information-Technology-Sem-III-IV.pdf,8,0,Insufficient signal,-0.013,0.0
CRC code,Self-Study Topics,6.34-N-B.E.-Information-Technology-Sem-III-IV.pdf,9,0,Insufficient signal,0.0648,0.0
CRC code,HDLC Protocol,6.34-N-B.E.-Information-Technology-Sem-III-IV.pdf,10,0,Insufficient signal,0.2231,0.0
CRC code,IEEE 802.11 Wireless LAN,6.34-N-B.E.-Information-Technology-Sem-III-IV.pdf,11,0,Insufficient signal,0.1103,0.0
Flow Control: Stop-and-Wait Flow Control,Error Control: Stop-and-Wait ARQ,6.34-N-B.E.-Information-Technology-Sem-III-IV.pdf,1,1,sim=0.576>=0.55 + delta=1<=5,0.5758,0.5714
Flow Control: Stop-and-Wait Flow Control,Go-Back-N ARQ,6.34-N-B.E.-Information-Technology-Sem-III-IV.pdf,2,0,Insufficient signal,0.1993,0.0
Flow Control: Stop-and-Wait Flow Control,Medium Access Control,6.34-N-B.E.-Information-Technology-Sem-III-IV.pdf,3,0,Insufficient signal,0.3332,0.1429
Flow Control: Stop-and-Wait Flow Control,Scheduled Access (Reservation,6.34-N-B.E.-Information-Technology-Sem-III-IV.pdf,4,0,Insufficient signal,0.1675,0.0
Flow Control: Stop-and-Wait Flow Control,Random Access (ALOHA,6.34-N-B.E.-Information-Technology-Sem-III-IV.pdf,5,0,Insufficient signal,0.1147,0.0
Flow Control: Stop-and-Wait Flow Control,Link Layer Addressing,6.34-N-B.E.-Information-Technology-Sem-III-IV.pdf,6,0,Insufficient signal,0.1342,0.0
Flow Control: Stop-and-Wait Flow Control,10-Gigabit Ethernet,6.34-N-B.E.-Information-Technology-Sem-III-IV.pdf,7,0,Insufficient signal,0.0389,0.0
Flow Control: Stop-and-Wait Flow Control,Self-Study Topics,6.34-N-B.E.-Information-Technology-Sem-III-IV.pdf,8,0,Insufficient signal,0.0248,0.0
Flow Control: Stop-and-Wait Flow Control,HDLC Protocol,6.34-N-B.E.-Information-Technology-Sem-III-IV.pdf,9,0,Insufficient signal,0.1468,0.0
Flow Control: Stop-and-Wait Flow Control,IEEE 802.11 Wireless LAN,6.34-N-B.E.-Information-Technology-Sem-III-IV.pdf,10,0,Insufficient signal,0.0159,0.0
Error Control: Stop-and-Wait ARQ,Go-Back-N ARQ,6.34-N-B.E.-Information-Technology-Sem-III-IV.pdf,1,1,Adjacent same-course topics: delta=1 + sim=0.405,0.4047,0.1111
Error Control: Stop-and-Wait ARQ,Medium Access Control,6.34-N-B.E.-Information-Technology-Sem-III-IV.pdf,2,0,Insufficient signal,0.1437,0.125
Error Control: Stop-and-Wait ARQ,Scheduled Access (Reservation,6.34-N-B.E.-Information-Technology-Sem-III-IV.pdf,3,0,Insufficient signal,0.0597,0.0
Error Control: Stop-and-Wait ARQ,Random Access (ALOHA,6.34-N-B.E.-Information-Technology-Sem-III-IV.pdf,4,0,Insufficient signal,0.1215,0.0
Error Control: Stop-and-Wait ARQ,Link Layer Addressing,6.34-N-B.E.-Information-Technology-Sem-III-IV.pdf,5,0,Insufficient signal,0.0152,0.0
Error Control: Stop-and-Wait ARQ,10-Gigabit Ethernet,6.34-N-B.E.-Information-Technology-Sem-III-IV.pdf,6,0,Insufficient signal,0.0322,0.0
Error Control: Stop-and-Wait ARQ,Self-Study Topics,6.34-N-B.E.-Information-Technology-Sem-III-IV.pdf,7,0,Insufficient signal,-0.0352,0.0
Error Control: Stop-and-Wait ARQ,HDLC Protocol,6.34-N-B.E.-Information-Technology-Sem-III-IV.pdf,8,0,Insufficient signal,0.0972,0.0
Error Control: Stop-and-Wait ARQ,IEEE 802.11 Wireless LAN,6.34-N-B.E.-Information-Technology-Sem-III-IV.pdf,9,0,Insufficient signal,-0.029,0.0
Go-Back-N ARQ,Medium Access Control,6.34-N-B.E.-Information-Technology-Sem-III-IV.pdf,1,0,Insufficient signal,0.0127,0.0
Go-Back-N ARQ,Scheduled Access (Reservation,6.34-N-B.E.-Information-Technology-Sem-III-IV.pdf,2,0,Insufficient signal,0.0243,0.0
Go-Back-N ARQ,Random Access (ALOHA,6.34-N-B.E.-Information-Technology-Sem-III-IV.pdf,3,0,Insufficient signal,0.1204,0.0
Go-Back-N ARQ,Link Layer Addressing,6.34-N-B.E.-Information-Technology-Sem-III-IV.pdf,4,0,Insufficient signal,0.0544,0.0
Go-Back-N ARQ,10-Gigabit Ethernet,6.34-N-B.E.-Information-Technology-Sem-III-IV.pdf,5,0,Insufficient signal,0.0783,0.0
Go-Back-N ARQ,Self-Study Topics,6.34-N-B.E.-Information-Technology-Sem-III-IV.pdf,6,0,Insufficient signal,0.0588,0.0
Go-Back-N ARQ,HDLC Protocol,6.34-N-B.E.-Information-Technology-Sem-III-IV.pdf,7,0,Insufficient signal,0.0549,0.0
Go-Back-N ARQ,IEEE 802.11 Wireless LAN,6.34-N-B.E.-Information-Technology-Sem-III-IV.pdf,8,0,Insufficient signal,-0.0285,0.0
Medium Access Control,Scheduled Access (Reservation,6.34-N-B.E.-Information-Technology-Sem-III-IV.pdf,1,1,Adjacent same-course topics: delta=1 + sim=0.327,0.3272,0.2
Medium Access Control,Random Access (ALOHA,6.34-N-B.E.-Information-Technology-Sem-III-IV.pdf,2,1,Adjacent same-course topics: delta=2 + sim=0.376,0.3759,0.2
Medium Access Control,Link Layer Addressing,6.34-N-B.E.-Information-Technology-Sem-III-IV.pdf,3,0,Insufficient signal,0.2033,0.0
Medium Access Control,10-Gigabit Ethernet,6.34-N-B.E.-Information-Technology-Sem-III-IV.pdf,4,0,Insufficient signal,0.1796,0.0
Medium Access Control,Self-Study Topics,6.34-N-B.E.-Information-Technology-Sem-III-IV.pdf,5,0,Insufficient signal,0.0534,0.0
Medium Access Control,HDLC Protocol,6.34-N-B.E.-Information-Technology-Sem-III-IV.pdf,6,0,Insufficient signal,0.3793,0.0
Medium Access Control,IEEE 802.11 Wireless LAN,6.34-N-B.E.-Information-Technology-Sem-III-IV.pdf,7,0,Insufficient signal,0.2109,0.0
Scheduled Access (Reservation,Random Access (ALOHA,6.34-N-B.E.-Information-Technology-Sem-III-IV.pdf,1,1,Adjacent same-course topics: delta=1 + sim=0.336,0.3361,0.2
Scheduled Access (Reservation,Link Layer Addressing,6.34-N-B.E.-Information-Technology-Sem-III-IV.pdf,2,0,Insufficient signal,0.0827,0.0
Scheduled Access (Reservation,10-Gigabit Ethernet,6.34-N-B.E.-Information-Technology-Sem-III-IV.pdf,3,0,Insufficient signal,-0.0131,0.0
Scheduled Access (Reservation,Self-Study Topics,6.34-N-B.E.-Information-Technology-Sem-III-IV.pdf,4,0,Insufficient signal,0.0017,0.0
Scheduled Access (Reservation,HDLC Protocol,6.34-N-B.E.-Information-Technology-Sem-III-IV.pdf,5,0,Insufficient signal,0.2023,0.0
Scheduled Access (Reservation,IEEE 802.11 Wireless LAN,6.34-N-B.E.-Information-Technology-Sem-III-IV.pdf,6,0,Insufficient signal,0.081,0.0
Random Access (ALOHA,Link Layer Addressing,6.34-N-B.E.-Information-Technology-Sem-III-IV.pdf,1,0,Insufficient signal,0.1511,0.0
Random Access (ALOHA,10-Gigabit Ethernet,6.34-N-B.E.-Information-Technology-Sem-III-IV.pdf,2,0,Insufficient signal,0.0177,0.0
Random Access (ALOHA,Self-Study Topics,6.34-N-B.E.-Information-Technology-Sem-III-IV.pdf,3,0,Insufficient signal,0.1092,0.0
Random Access (ALOHA,HDLC Protocol,6.34-N-B.E.-Information-Technology-Sem-III-IV.pdf,4,0,Insufficient signal,0.1372,0.0
Random Access (ALOHA,IEEE 802.11 Wireless LAN,6.34-N-B.E.-Information-Technology-Sem-III-IV.pdf,5,0,Insufficient signal,0.1452,0.0
Link Layer Addressing,10-Gigabit Ethernet,6.34-N-B.E.-Information-Technology-Sem-III-IV.pdf,1,0,Insufficient signal,0.2799,0.0
Link Layer Addressing,Self-Study Topics,6.34-N-B.E.-Information-Technology-Sem-III-IV.pdf,2,0,Insufficient signal,0.023,0.0
Link Layer Addressing,HDLC Protocol,6.34-N-B.E.-Information-Technology-Sem-III-IV.pdf,3,0,Insufficient signal,0.224,0.0
Link Layer Addressing,IEEE 802.11 Wireless LAN,6.34-N-B.E.-Information-Technology-Sem-III-IV.pdf,4,0,Insufficient signal,0.188,0.0
10-Gigabit Ethernet,Self-Study Topics,6.34-N-B.E.-Information-Technology-Sem-III-IV.pdf,1,0,Insufficient signal,-0.0263,0.0
10-Gigabit Ethernet,HDLC Protocol,6.34-N-B.E.-Information-Technology-Sem-III-IV.pdf,2,0,Insufficient signal,0.0984,0.0
10-Gigabit Ethernet,IEEE 802.11 Wireless LAN,6.34-N-B.E.-Information-Technology-Sem-III-IV.pdf,3,0,Insufficient signal,0.3096,0.0
Self-Study Topics,HDLC Protocol,6.34-N-B.E.-Information-Technology-Sem-III-IV.pdf,1,0,Insufficient signal,-0.0453,0.0
Self-Study Topics,IEEE 802.11 Wireless LAN,6.34-N-B.E.-Information-Technology-Sem-III-IV.pdf,2,0,Insufficient signal,-0.0155,0.0
HDLC Protocol,IEEE 802.11 Wireless LAN,6.34-N-B.E.-Information-Technology-Sem-III-IV.pdf,1,0,Insufficient signal,0.16,0.0
Cayley-Hamilton,Similarity of matrices,6.39-N-B.E.-Data-Science-Sem-III-IV.pdf,1,0,Insufficient signal,0.2718,0.0
Cayley-Hamilton,Quadratic forms,6.39-N-B.E.-Data-Science-Sem-III-IV.pdf,2,0,Insufficient signal,0.1908,0.0
Cayley-Hamilton,Linear and Non-Linear Programming Problems,6.39-N-B.E.-Data-Science-Sem-III-IV.pdf,3,0,Insufficient signal,-0.0703,0.0
Cayley-Hamilton,Types of solutions,6.39-N-B.E.-Data-Science-Sem-III-IV.pdf,4,0,Insufficient signal,0.0693,0.0
Cayley-Hamilton,Standard and Canonical of LPP,6.39-N-B.E.-Data-Science-Sem-III-IV.pdf,5,0,Insufficient signal,0.1027,0.0
Cayley-Hamilton,Basic and Feasible solutions,6.39-N-B.E.-Data-Science-Sem-III-IV.pdf,6,0,Insufficient signal,0.0012,0.0
Cayley-Hamilton,Simplex method,6.39-N-B.E.-Data-Science-Sem-III-IV.pdf,7,0,Insufficient signal,0.0414,0.0
Cayley-Hamilton,Artificial variables,6.39-N-B.E.-Data-Science-Sem-III-IV.pdf,8,0,Insufficient signal,0.0767,0.0
Cayley-Hamilton,Kuhn-Tucker conditions,6.39-N-B.E.-Data-Science-Sem-III-IV.pdf,9,0,Insufficient signal,0.0109,0.0
Cayley-Hamilton,Introduction to Congruence,6.39-N-B.E.-Data-Science-Sem-III-IV.pdf,10,0,Insufficient signal,0.1471,0.0
Cayley-Hamilton,Linear congruence,6.39-N-B.E.-Data-Science-Sem-III-IV.pdf,11,0,Insufficient signal,0.2145,0.0
Cayley-Hamilton,Application of congruence-RSA algorithm,6.39-N-B.E.-Data-Science-Sem-III-IV.pdf,12,0,Insufficient signal,0.0894,0.0
Cayley-Hamilton,Dirichlet’s conditions,6.39-N-B.E.-Data-Science-Sem-III-IV.pdf,13,0,Insufficient signal,-0.0433,0.0
Cayley-Hamilton,Fourier series of periodic,6.39-N-B.E.-Data-Science-Sem-III-IV.pdf,14,0,Insufficient signal,0.1868,0.0
Similarity of matrices,Quadratic forms,6.39-N-B.E.-Data-Science-Sem-III-IV.pdf,1,0,Insufficient signal,0.1835,0.0
Similarity of matrices,Linear and Non-Linear Programming Problems,6.39-N-B.E.-Data-Science-Sem-III-IV.pdf,2,0,Insufficient signal,0.0555,0.0
Similarity of matrices,Types of solutions,6.39-N-B.E.-Data-Science-Sem-III-IV.pdf,3,0,Insufficient signal,0.0718,0.2
Similarity of matrices,Standard and Canonical of LPP,6.39-N-B.E.-Data-Science-Sem-III-IV.pdf,4,0,Insufficient signal,0.0275,0.1429
Similarity of matrices,Basic and Feasible solutions,6.39-N-B.E.-Data-Science-Sem-III-IV.pdf,5,0,Insufficient signal,0.057,0.0
Similarity of matrices,Simplex method,6.39-N-B.E.-Data-Science-Sem-III-IV.pdf,6,0,Insufficient signal,0.0153,0.0
Similarity of matrices,Artificial variables,6.39-N-B.E.-Data-Science-Sem-III-IV.pdf,7,0,Insufficient signal,-0.0045,0.0
Similarity of matrices,Kuhn-Tucker conditions,6.39-N-B.E.-Data-Science-Sem-III-IV.pdf,8,0,Insufficient signal,0.0595,0.0
Similarity of matrices,Introduction to Congruence,6.39-N-B.E.-Data-Science-Sem-III-IV.pdf,9,0,Insufficient signal,0.0499,0.0
Similarity of matrices,Linear congruence,6.39-N-B.E.-Data-Science-Sem-III-IV.pdf,10,0,Insufficient signal,0.1671,0.0
Similarity of matrices,Application of congruence-RSA algorithm,6.39-N-B.E.-Data-Science-Sem-III-IV.pdf,11,0,Insufficient signal,0.0755,0.1429
Similarity of matrices,Dirichlet’s conditions,6.39-N-B.E.-Data-Science-Sem-III-IV.pdf,12,0,Insufficient signal,-0.0128,0.0
Similarity of matrices,Fourier series of periodic,6.39-N-B.E.-Data-Science-Sem-III-IV.pdf,13,0,Insufficient signal,0.0009,0.1667
Similarity of matrices,Fourier series of even and odd functions,6.39-N-B.E.-Data-Science-Sem-III-IV.pdf,14,0,Insufficient signal,-0.0637,0.1111
Quadratic forms,Linear and Non-Linear Programming Problems,6.39-N-B.E.-Data-Science-Sem-III-IV.pdf,1,0,Insufficient signal,0.161,0.0
Quadratic forms,Types of solutions,6.39-N-B.E.-Data-Science-Sem-III-IV.pdf,2,0,Insufficient signal,0.2615,0.0
Quadratic forms,Standard and Canonical of LPP,6.39-N-B.E.-Data-Science-Sem-III-IV.pdf,3,0,Insufficient signal,0.1094,0.0
Quadratic forms,Basic and Feasible solutions,6.39-N-B.E.-Data-Science-Sem-III-IV.pdf,4,0,Insufficient signal,0.226,0.0
Quadratic forms,Simplex method,6.39-N-B.E.-Data-Science-Sem-III-IV.pdf,5,0,Insufficient signal,0.1793,0.0
Quadratic forms,Artificial variables,6.39-N-B.E.-Data-Science-Sem-III-IV.pdf,6,0,Insufficient signal,0.1713,0.0
Quadratic forms,Kuhn-Tucker conditions,6.39-N-B.E.-Data-Science-Sem-III-IV.pdf,7,0,Insufficient signal,0.2002,0.0
Quadratic forms,Introduction to Congruence,6.39-N-B.E.-Data-Science-Sem-III-IV.pdf,8,0,Insufficient signal,0.2168,0.0
Quadratic forms,Linear congruence,6.39-N-B.E.-Data-Science-Sem-III-IV.pdf,9,0,Insufficient signal,0.2821,0.0
Quadratic forms,Application of congruence-RSA algorithm,6.39-N-B.E.-Data-Science-Sem-III-IV.pdf,10,0,Insufficient signal,0.1161,0.0
Quadratic forms,Dirichlet’s conditions,6.39-N-B.E.-Data-Science-Sem-III-IV.pdf,11,0,Insufficient signal,0.1331,0.0
Quadratic forms,Fourier series of periodic,6.39-N-B.E.-Data-Science-Sem-III-IV.pdf,12,0,Insufficient signal,0.0328,0.0
Quadratic forms,Fourier series of even and odd functions,6.39-N-B.E.-Data-Science-Sem-III-IV.pdf,13,0,Insufficient signal,0.0468,0.0
Quadratic forms,Complex form of Fourier Series,6.39-N-B.E.-Data-Science-Sem-III-IV.pdf,14,0,Insufficient signal,0.1998,0.0
Linear and Non-Linear Programming Problems,Types of solutions,6.39-N-B.E.-Data-Science-Sem-III-IV.pdf,1,0,Insufficient signal,0.2528,0.0
Linear and Non-Linear Programming Problems,Standard and Canonical of LPP,6.39-N-B.E.-Data-Science-Sem-III-IV.pdf,2,1,Insufficient signal,0.2497,0.1111
Linear and Non-Linear Programming Problems,Basic and Feasible solutions,6.39-N-B.E.-Data-Science-Sem-III-IV.pdf,3,1,sim=0.575>=0.55 + delta=3<=5,0.575,0.125
Linear and Non-Linear Programming Problems,Simplex method,6.39-N-B.E.-Data-Science-Sem-III-IV.pdf,4,0,Insufficient signal,0.2234,0.0
Linear and Non-Linear Programming Problems,Artificial variables,6.39-N-B.E.-Data-Science-Sem-III-IV.pdf,5,0,Insufficient signal,0.3948,0.0
Linear and Non-Linear Programming Problems,Kuhn-Tucker conditions,6.39-N-B.E.-Data-Science-Sem-III-IV.pdf,6,0,Insufficient signal,0.2473,0.0
Linear and Non-Linear Programming Problems,Introduction to Congruence,6.39-N-B.E.-Data-Science-Sem-III-IV.pdf,7,0,Insufficient signal,-0.0405,0.0
Linear and Non-Linear Programming Problems,Linear congruence,6.39-N-B.E.-Data-Science-Sem-III-IV.pdf,8,0,Insufficient signal,0.1338,0.1667
Linear and Non-Linear Programming Problems,Application of congruence-RSA algorithm,6.39-N-B.E.-Data-Science-Sem-III-IV.pdf,9,0,Insufficient signal,0.0412,0.0
Linear and Non-Linear Programming Problems,Dirichlet’s conditions,6.39-N-B.E.-Data-Science-Sem-III-IV.pdf,10,0,Insufficient signal,0.0428,0.0
Linear and Non-Linear Programming Problems,Fourier series of periodic,6.39-N-B.E.-Data-Science-Sem-III-IV.pdf,11,0,Insufficient signal,-0.127,0.0
Linear and Non-Linear Programming Problems,Fourier series of even and odd functions,6.39-N-B.E.-Data-Science-Sem-III-IV.pdf,12,0,Insufficient signal,-0.0229,0.0909
Linear and Non-Linear Programming Problems,Complex form of Fourier Series,6.39-N-B.E.-Data-Science-Sem-III-IV.pdf,13,0,Insufficient signal,-0.13,0.0
Linear and Non-Linear Programming Problems,Lines of regression,6.39-N-B.E.-Data-Science-Sem-III-IV.pdf,14,0,Insufficient signal,0.2796,0.0
Types of solutions,Standard and Canonical of LPP,6.39-N-B.E.-Data-Science-Sem-III-IV.pdf,1,0,Insufficient signal,0.1217,0.1429
Types of solutions,Basic and Feasible solutions,6.39-N-B.E.-Data-Science-Sem-III-IV.pdf,2,1,Foundational kw in A + sim=0.479 + delta=2,0.479,0.1667
Types of solutions,Simplex method,6.39-N-B.E.-Data-Science-Sem-III-IV.pdf,3,0,Insufficient signal,0.1297,0.0
Types of solutions,Artificial variables,6.39-N-B.E.-Data-Science-Sem-III-IV.pdf,4,1,Insufficient signal,0.2761,0.0
Types of solutions,Kuhn-Tucker conditions,6.39-N-B.E.-Data-Science-Sem-III-IV.pdf,5,0,Insufficient signal,0.1889,0.0
Types of solutions,Introduction to Congruence,6.39-N-B.E.-Data-Science-Sem-III-IV.pdf,6,0,Insufficient signal,0.0776,0.0
Types of solutions,Linear congruence,6.39-N-B.E.-Data-Science-Sem-III-IV.pdf,7,0,Insufficient signal,0.1037,0.0
Types of solutions,Application of congruence-RSA algorithm,6.39-N-B.E.-Data-Science-Sem-III-IV.pdf,8,0,Insufficient signal,0.0485,0.1429
Types of solutions,Dirichlet’s conditions,6.39-N-B.E.-Data-Science-Sem-III-IV.pdf,9,0,Insufficient signal,0.1982,0.0
Types of solutions,Fourier series of periodic,6.39-N-B.E.-Data-Science-Sem-III-IV.pdf,10,0,Insufficient signal,0.0109,0.1667
Types of solutions,Fourier series of even and odd functions,6.39-N-B.E.-Data-Science-Sem-III-IV.pdf,11,0,Insufficient signal,0.0343,0.1111
Types of solutions,Complex form of Fourier Series,6.39-N-B.E.-Data-Science-Sem-III-IV.pdf,12,0,Insufficient signal,0.0521,0.1429
Types of solutions,Lines of regression,6.39-N-B.E.-Data-Science-Sem-III-IV.pdf,13,0,Insufficient signal,0.1037,0.2
Types of solutions,Moment generating function,6.39-N-B.E.-Data-Science-Sem-III-IV.pdf,14,0,Insufficient signal,0.0109,0.0
Standard and Canonical of LPP,Basic and Feasible solutions,6.39-N-B.E.-Data-Science-Sem-III-IV.pdf,1,1,Insufficient signal,0.224,0.125
Standard and Canonical of LPP,Simplex method,6.39-N-B.E.-Data-Science-Sem-III-IV.pdf,2,0,Insufficient signal,0.1656,0.0
Standard and Canonical of LPP,Artificial variables,6.39-N-B.E.-Data-Science-Sem-III-IV.pdf,3,0,Insufficient signal,0.1601,0.0
Standard and Canonical of LPP,Kuhn-Tucker conditions,6.39-N-B.E.-Data-Science-Sem-III-IV.pdf,4,0,Insufficient signal,0.0818,0.0
Standard and Canonical of LPP,Introduction to Congruence,6.39-N-B.E.-Data-Science-Sem-III-IV.pdf,5,0,Insufficient signal,0.0827,0.0
Standard and Canonical of LPP,Linear congruence,6.39-N-B.E.-Data-Science-Sem-III-IV.pdf,6,0,Insufficient signal,0.1686,0.0
Standard and Canonical of LPP,Application of congruence-RSA algorithm,6.39-N-B.E.-Data-Science-Sem-III-IV.pdf,7,0,Insufficient signal,0.0824,0.1111
Standard and Canonical of LPP,Dirichlet’s conditions,6.39-N-B.E.-Data-Science-Sem-III-IV.pdf,8,0,Insufficient signal,0.0865,0.0
Standard and Canonical of LPP,Fourier series of periodic,6.39-N-B.E.-Data-Science-Sem-III-IV.pdf,9,0,Insufficient signal,-0.0222,0.125
Standard and Canonical of LPP,Fourier series of even and odd functions,6.39-N-B.E.-Data-Science-Sem-III-IV.pdf,10,0,Insufficient signal,0.0379,0.2
Standard and Canonical of LPP,Complex form of Fourier Series,6.39-N-B.E.-Data-Science-Sem-III-IV.pdf,11,0,Insufficient signal,0.0169,0.1111
Standard and Canonical of LPP,Lines of regression,6.39-N-B.E.-Data-Science-Sem-III-IV.pdf,12,0,Insufficient signal,0.1162,0.1429
Standard and Canonical of LPP,Moment generating function,6.39-N-B.E.-Data-Science-Sem-III-IV.pdf,13,0,Insufficient signal,0.0601,0.0
Standard and Canonical of LPP,Raw moments,6.39-N-B.E.-Data-Science-Sem-III-IV.pdf,14,0,Insufficient signal,0.0491,0.0
Basic and Feasible solutions,Simplex method,6.39-N-B.E.-Data-Science-Sem-III-IV.pdf,1,1,Adjacent same-course topics: delta=1 + sim=0.330,0.33,0.0
Basic and Feasible solutions,Artificial variables,6.39-N-B.E.-Data-Science-Sem-III-IV.pdf,2,1,Foundational kw in A + sim=0.427 + delta=2,0.4269,0.0
Basic and Feasible solutions,Kuhn-Tucker conditions,6.39-N-B.E.-Data-Science-Sem-III-IV.pdf,3,1,Insufficient signal,0.2568,0.0
Basic and Feasible solutions,Introduction to Congruence,6.39-N-B.E.-Data-Science-Sem-III-IV.pdf,4,0,Insufficient signal,0.1335,0.0
Basic and Feasible solutions,Linear congruence,6.39-N-B.E.-Data-Science-Sem-III-IV.pdf,5,0,Insufficient signal,0.1608,0.0
Basic and Feasible solutions,Application of congruence-RSA algorithm,6.39-N-B.E.-Data-Science-Sem-III-IV.pdf,6,0,Insufficient signal,0.1536,0.0
Basic and Feasible solutions,Dirichlet’s conditions,6.39-N-B.E.-Data-Science-Sem-III-IV.pdf,7,0,Insufficient signal,0.143,0.0
Basic and Feasible solutions,Fourier series of periodic,6.39-N-B.E.-Data-Science-Sem-III-IV.pdf,8,0,Insufficient signal,-0.0731,0.0
Basic and Feasible solutions,Fourier series of even and odd functions,6.39-N-B.E.-Data-Science-Sem-III-IV.pdf,9,0,Insufficient signal,-0.0582,0.1
Basic and Feasible solutions,Complex form of Fourier Series,6.39-N-B.E.-Data-Science-Sem-III-IV.pdf,10,0,Insufficient signal,-0.0442,0.0
Basic and Feasible solutions,Lines of regression,6.39-N-B.E.-Data-Science-Sem-III-IV.pdf,11,0,Insufficient signal,0.1566,0.0
Basic and Feasible solutions,Moment generating function,6.39-N-B.E.-Data-Science-Sem-III-IV.pdf,12,0,Insufficient signal,0.0337,0.0
Basic and Feasible solutions,Raw moments,6.39-N-B.E.-Data-Science-Sem-III-IV.pdf,13,0,Insufficient signal,0.0636,0.0
Simplex method,Artificial variables,6.39-N-B.E.-Data-Science-Sem-III-IV.pdf,1,1,Insufficient signal,0.267,0.0
Simplex method,Kuhn-Tucker conditions,6.39-N-B.E.-Data-Science-Sem-III-IV.pdf,2,0,Insufficient signal,0.0561,0.0
Simplex method,Introduction to Congruence,6.39-N-B.E.-Data-Science-Sem-III-IV.pdf,3,0,Insufficient signal,0.0279,0.0
Simplex method,Linear congruence,6.39-N-B.E.-Data-Science-Sem-III-IV.pdf,4,0,Insufficient signal,0.1412,0.0
Simplex method,Application of congruence-RSA algorithm,6.39-N-B.E.-Data-Science-Sem-III-IV.pdf,5,0,Insufficient signal,0.155,0.0
Simplex method,Dirichlet’s conditions,6.39-N-B.E.-Data-Science-Sem-III-IV.pdf,6,0,Insufficient signal,-0.0792,0.0
Simplex method,Fourier series of periodic,6.39-N-B.E.-Data-Science-Sem-III-IV.pdf,7,0,Insufficient signal,0.0877,0.0
Simplex method,Fourier series of even and odd functions,6.39-N-B.E.-Data-Science-Sem-III-IV.pdf,8,0,Insufficient signal,0.1592,0.0
Simplex method,Complex form of Fourier Series,6.39-N-B.E.-Data-Science-Sem-III-IV.pdf,9,0,Insufficient signal,0.0717,0.0
Simplex method,Lines of regression,6.39-N-B.E.-Data-Science-Sem-III-IV.pdf,10,0,Insufficient signal,0.1042,0.0
Simplex method,Moment generating function,6.39-N-B.E.-Data-Science-Sem-III-IV.pdf,11,0,Insufficient signal,0.096,0.0
Simplex method,Raw moments,6.39-N-B.E.-Data-Science-Sem-III-IV.pdf,12,0,Insufficient signal,0.0617,0.0
Artificial variables,Kuhn-Tucker conditions,6.39-N-B.E.-Data-Science-Sem-III-IV.pdf,1,1,Insufficient signal,0.208,0.0
Artificial variables,Introduction to Congruence,6.39-N-B.E.-Data-Science-Sem-III-IV.pdf,2,0,Insufficient signal,0.0703,0.0
Artificial variables,Linear congruence,6.39-N-B.E.-Data-Science-Sem-III-IV.pdf,3,0,Insufficient signal,0.0242,0.0
Artificial variables,Application of congruence-RSA algorithm,6.39-N-B.E.-Data-Science-Sem-III-IV.pdf,4,0,Insufficient signal,0.1005,0.0
Artificial variables,Dirichlet’s conditions,6.39-N-B.E.-Data-Science-Sem-III-IV.pdf,5,0,Insufficient signal,0.0852,0.0
Artificial variables,Fourier series of periodic,6.39-N-B.E.-Data-Science-Sem-III-IV.pdf,6,0,Insufficient signal,-0.0556,0.0
Artificial variables,Fourier series of even and odd functions,6.39-N-B.E.-Data-Science-Sem-III-IV.pdf,7,0,Insufficient signal,-0.0434,0.0
Artificial variables,Complex form of Fourier Series,6.39-N-B.E.-Data-Science-Sem-III-IV.pdf,8,0,Insufficient signal,0.0469,0.0
Artificial variables,Lines of regression,6.39-N-B.E.-Data-Science-Sem-III-IV.pdf,9,0,Insufficient signal,0.3424,0.0
Artificial variables,Moment generating function,6.39-N-B.E.-Data-Science-Sem-III-IV.pdf,10,0,Insufficient signal,0.1467,0.0
Artificial variables,Raw moments,6.39-N-B.E.-Data-Science-Sem-III-IV.pdf,11,0,Insufficient signal,0.121,0.0
Kuhn-Tucker conditions,Introduction to Congruence,6.39-N-B.E.-Data-Science-Sem-III-IV.pdf,1,0,Insufficient signal,0.0039,0.0
Kuhn-Tucker conditions,Linear congruence,6.39-N-B.E.-Data-Science-Sem-III-IV.pdf,2,0,Insufficient signal,-0.0388,0.0
Kuhn-Tucker conditions,Application of congruence-RSA algorithm,6.39-N-B.E.-Data-Science-Sem-III-IV.pdf,3,0,Insufficient signal,-0.0484,0.0
Kuhn-Tucker conditions,Dirichlet’s conditions,6.39-N-B.E.-Data-Science-Sem-III-IV.pdf,4,0,Insufficient signal,0.4166,0.2
Kuhn-Tucker conditions,Fourier series of periodic,6.39-N-B.E.-Data-Science-Sem-III-IV.pdf,5,0,Insufficient signal,-0.0291,0.0
Kuhn-Tucker conditions,Fourier series of even and odd functions,6.39-N-B.E.-Data-Science-Sem-III-IV.pdf,6,0,Insufficient signal,0.0022,0.0
Kuhn-Tucker conditions,Complex form of Fourier Series,6.39-N-B.E.-Data-Science-Sem-III-IV.pdf,7,0,Insufficient signal,0.057,0.0
Kuhn-Tucker conditions,Lines of regression,6.39-N-B.E.-Data-Science-Sem-III-IV.pdf,8,0,Insufficient signal,0.0916,0.0
Kuhn-Tucker conditions,Moment generating function,6.39-N-B.E.-Data-Science-Sem-III-IV.pdf,9,0,Insufficient signal,0.0264,0.0
Kuhn-Tucker conditions,Raw moments,6.39-N-B.E.-Data-Science-Sem-III-IV.pdf,10,0,Insufficient signal,0.1,0.0
Introduction to Congruence,Linear congruence,6.39-N-B.E.-Data-Science-Sem-III-IV.pdf,1,1,High sim=0.678 + delta=1,0.6781,0.25
Introduction to Congruence,Application of congruence-RSA algorithm,6.39-N-B.E.-Data-Science-Sem-III-IV.pdf,2,1,High sim=0.688 + delta=2,0.6881,0.1429
Introduction to Congruence,Dirichlet’s conditions,6.39-N-B.E.-Data-Science-Sem-III-IV.pdf,3,0,Insufficient signal,0.1547,0.0
Introduction to Congruence,Fourier series of periodic,6.39-N-B.E.-Data-Science-Sem-III-IV.pdf,4,0,Insufficient signal,0.1555,0.0
Introduction to Congruence,Fourier series of even and odd functions,6.39-N-B.E.-Data-Science-Sem-III-IV.pdf,5,0,Insufficient signal,0.0929,0.0
Introduction to Congruence,Complex form of Fourier Series,6.39-N-B.E.-Data-Science-Sem-III-IV.pdf,6,0,Insufficient signal,0.0916,0.0
Introduction to Congruence,Lines of regression,6.39-N-B.E.-Data-Science-Sem-III-IV.pdf,7,0,Insufficient signal,0.0511,0.0
Introduction to Congruence,Moment generating function,6.39-N-B.E.-Data-Science-Sem-III-IV.pdf,8,0,Insufficient signal,0.0546,0.0
Introduction to Congruence,Raw moments,6.39-N-B.E.-Data-Science-Sem-III-IV.pdf,9,0,Insufficient signal,0.0832,0.0
Linear congruence,Application of congruence-RSA algorithm,6.39-N-B.E.-Data-Science-Sem-III-IV.pdf,1,1,sim=0.579>=0.55 + delta=1<=5,0.5786,0.1667
Linear congruence,Dirichlet’s conditions,6.39-N-B.E.-Data-Science-Sem-III-IV.pdf,2,0,Insufficient signal,0.027,0.0
Linear congruence,Fourier series of periodic,6.39-N-B.E.-Data-Science-Sem-III-IV.pdf,3,0,Insufficient signal,0.1968,0.0
Linear congruence,Fourier series of even and odd functions,6.39-N-B.E.-Data-Science-Sem-III-IV.pdf,4,0,Insufficient signal,0.0794,0.0
Linear congruence,Complex form of Fourier Series,6.39-N-B.E.-Data-Science-Sem-III-IV.pdf,5,0,Insufficient signal,0.0738,0.0
Linear congruence,Lines of regression,6.39-N-B.E.-Data-Science-Sem-III-IV.pdf,6,0,Insufficient signal,0.129,0.0
Linear congruence,Moment generating function,6.39-N-B.E.-Data-Science-Sem-III-IV.pdf,7,0,Insufficient signal,0.0302,0.0
Linear congruence,Raw moments,6.39-N-B.E.-Data-Science-Sem-III-IV.pdf,8,0,Insufficient signal,-0.0164,0.0
Application of congruence-RSA algorithm,Dirichlet’s conditions,6.39-N-B.E.-Data-Science-Sem-III-IV.pdf,1,0,Insufficient signal,0.0264,0.0
Application of congruence-RSA algorithm,Fourier series of periodic,6.39-N-B.E.-Data-Science-Sem-III-IV.pdf,2,0,Insufficient signal,0.1624,0.125
Application of congruence-RSA algorithm,Fourier series of even and odd functions,6.39-N-B.E.-Data-Science-Sem-III-IV.pdf,3,0,Insufficient signal,0.0774,0.0909
Application of congruence-RSA algorithm,Complex form of Fourier Series,6.39-N-B.E.-Data-Science-Sem-III-IV.pdf,4,0,Insufficient signal,0.1121,0.1111
Application of congruence-RSA algorithm,Lines of regression,6.39-N-B.E.-Data-Science-Sem-III-IV.pdf,5,0,Insufficient signal,0.0278,0.1429
Application of congruence-RSA algorithm,Moment generating function,6.39-N-B.E.-Data-Science-Sem-III-IV.pdf,6,0,Insufficient signal,0.1798,0.0
Application of congruence-RSA algorithm,Raw moments,6.39-N-B.E.-Data-Science-Sem-III-IV.pdf,7,0,Insufficient signal,0.0321,0.0
Dirichlet’s conditions,Fourier series of periodic,6.39-N-B.E.-Data-Science-Sem-III-IV.pdf,1,0,Insufficient signal,0.1715,0.0
Dirichlet’s conditions,Fourier series of even and odd functions,6.39-N-B.E.-Data-Science-Sem-III-IV.pdf,2,0,Insufficient signal,0.1507,0.0
Dirichlet’s conditions,Complex form of Fourier Series,6.39-N-B.E.-Data-Science-Sem-III-IV.pdf,3,0,Insufficient signal,0.1255,0.0
Dirichlet’s conditions,Lines of regression,6.39-N-B.E.-Data-Science-Sem-III-IV.pdf,4,0,Insufficient signal,0.0011,0.0
Dirichlet’s conditions,Moment generating function,6.39-N-B.E.-Data-Science-Sem-III-IV.pdf,5,0,Insufficient signal,-0.0091,0.0
Dirichlet’s conditions,Raw moments,6.39-N-B.E.-Data-Science-Sem-III-IV.pdf,6,0,Insufficient signal,0.1015,0.0
Fourier series of periodic,Fourier series of even and odd functions,6.39-N-B.E.-Data-Science-Sem-III-IV.pdf,1,1,High sim=0.702 + delta=1,0.7024,0.375
Fourier series of periodic,Complex form of Fourier Series,6.39-N-B.E.-Data-Science-Sem-III-IV.pdf,2,1,High sim=0.734 + delta=2,0.7343,0.5
Fourier series of periodic,Lines of regression,6.39-N-B.E.-Data-Science-Sem-III-IV.pdf,3,0,Insufficient signal,-0.0031,0.1667
Fourier series of periodic,Moment generating function,6.39-N-B.E.-Data-Science-Sem-III-IV.pdf,4,0,Insufficient signal,0.1743,0.0
Fourier series of periodic,Raw moments,6.39-N-B.E.-Data-Science-Sem-III-IV.pdf,5,0,Insufficient signal,-0.0189,0.0
Fourier series of even and odd functions,Complex form of Fourier Series,6.39-N-B.E.-Data-Science-Sem-III-IV.pdf,1,1,High sim=0.631 + delta=1,0.6314,0.3333
Fourier series of even and odd functions,Lines of regression,6.39-N-B.E.-Data-Science-Sem-III-IV.pdf,2,0,Insufficient signal,-0.005,0.1111
Fourier series of even and odd functions,Moment generating function,6.39-N-B.E.-Data-Science-Sem-III-IV.pdf,3,0,Insufficient signal,0.1755,0.0
Fourier series of even and odd functions,Raw moments,6.39-N-B.E.-Data-Science-Sem-III-IV.pdf,4,0,Insufficient signal,0.0454,0.0
Complex form of Fourier Series,Lines of regression,6.39-N-B.E.-Data-Science-Sem-III-IV.pdf,1,0,Insufficient signal,0.0088,0.1429
Complex form of Fourier Series,Moment generating function,6.39-N-B.E.-Data-Science-Sem-III-IV.pdf,2,0,Insufficient signal,0.2589,0.0
Complex form of Fourier Series,Raw moments,6.39-N-B.E.-Data-Science-Sem-III-IV.pdf,3,0,Insufficient signal,0.0211,0.0
Lines of regression,Moment generating function,6.39-N-B.E.-Data-Science-Sem-III-IV.pdf,1,0,Insufficient signal,0.0172,0.0
Lines of regression,Raw moments,6.39-N-B.E.-Data-Science-Sem-III-IV.pdf,2,0,Insufficient signal,0.0828,0.0
Moment generating function,Raw moments,6.39-N-B.E.-Data-Science-Sem-III-IV.pdf,1,1,Adjacent same-course topics: delta=1 + sim=0.410,0.4099,0.0
Propositional and Predicate Logic,Determining risk,6.39-N-B.E.-Data-Science-Sem-III-IV.pdf,1,0,Insufficient signal,0.0908,0.0
Propositional and Predicate Logic,Taxes and tax brackets,6.39-N-B.E.-Data-Science-Sem-III-IV.pdf,2,0,Insufficient signal,0.1498,0.1429
Propositional and Predicate Logic,Vending machines,6.39-N-B.E.-Data-Science-Sem-III-IV.pdf,3,0,Insufficient signal,0.1332,0.0
Propositional and Predicate Logic,"Counting Pigeonhole Principle, Inclusion-Exclusion Principle. Recurrence relations, Solving recurrence relations",6.39-N-B.E.-Data-Science-Sem-III-IV.pdf,4,0,Insufficient signal,0.0888,0.0
Determining risk,Taxes and tax brackets,6.39-N-B.E.-Data-Science-Sem-III-IV.pdf,1,0,Insufficient signal,0.0822,0.0
Determining risk,Vending machines,6.39-N-B.E.-Data-Science-Sem-III-IV.pdf,2,0,Insufficient signal,0.0863,0.0
Determining risk,"Counting Pigeonhole Principle, Inclusion-Exclusion Principle. Recurrence relations, Solving recurrence relations",6.39-N-B.E.-Data-Science-Sem-III-IV.pdf,3,0,Insufficient signal,-0.0421,0.0
Taxes and tax brackets,Vending machines,6.39-N-B.E.-Data-Science-Sem-III-IV.pdf,1,0,Insufficient signal,0.0465,0.0
Taxes and tax brackets,"Counting Pigeonhole Principle, Inclusion-Exclusion Principle. Recurrence relations, Solving recurrence relations",6.39-N-B.E.-Data-Science-Sem-III-IV.pdf,2,0,Insufficient signal,0.115,0.0
Vending machines,"Counting Pigeonhole Principle, Inclusion-Exclusion Principle. Recurrence relations, Solving recurrence relations",6.39-N-B.E.-Data-Science-Sem-III-IV.pdf,1,0,Insufficient signal,0.2789,0.0
Regular operations,Arden's theorem,6.39-N-B.E.-Data-Science-Sem-III-IV.pdf,1,0,Insufficient signal,0.2053,0.0
Regular operations,Decision properties of RLs,6.39-N-B.E.-Data-Science-Sem-III-IV.pdf,2,0,Insufficient signal,0.1942,0.0
Regular operations,Pumping lemma for RLs,6.39-N-B.E.-Data-Science-Sem-III-IV.pdf,3,0,Insufficient signal,0.1179,0.0
Regular operations,RE in text search and replace,6.39-N-B.E.-Data-Science-Sem-III-IV.pdf,4,0,Insufficient signal,0.178,0.0
Regular operations,Application of Regular,6.39-N-B.E.-Data-Science-Sem-III-IV.pdf,5,1,High sim=0.687 + delta=5,0.6872,0.25
Regular operations,Languages in Compiler Design,6.39-N-B.E.-Data-Science-Sem-III-IV.pdf,6,0,Insufficient signal,0.2045,0.0
Regular operations,Nondeterministic Finite Automata (NFA): Definitions,6.39-N-B.E.-Data-Science-Sem-III-IV.pdf,7,0,Insufficient signal,0.2046,0.0
Regular operations,Equivalence between NFA with and ϵ- transitions,6.39-N-B.E.-Data-Science-Sem-III-IV.pdf,8,0,Insufficient signal,0.0974,0.0
Regular operations,Minimization of DFA,6.39-N-B.E.-Data-Science-Sem-III-IV.pdf,9,0,Insufficient signal,0.2333,0.0
Arden's theorem,Decision properties of RLs,6.39-N-B.E.-Data-Science-Sem-III-IV.pdf,1,0,Insufficient signal,0.0956,0.0
Arden's theorem,Pumping lemma for RLs,6.39-N-B.E.-Data-Science-Sem-III-IV.pdf,2,0,Insufficient signal,0.2223,0.0
Arden's theorem,RE in text search and replace,6.39-N-B.E.-Data-Science-Sem-III-IV.pdf,3,0,Insufficient signal,0.0297,0.0
Arden's theorem,Application of Regular,6.39-N-B.E.-Data-Science-Sem-III-IV.pdf,4,0,Insufficient signal,0.2475,0.0
Arden's theorem,Languages in Compiler Design,6.39-N-B.E.-Data-Science-Sem-III-IV.pdf,5,0,Insufficient signal,0.0519,0.0
Arden's theorem,Nondeterministic Finite Automata (NFA): Definitions,6.39-N-B.E.-Data-Science-Sem-III-IV.pdf,6,0,Insufficient signal,0.074,0.0
Arden's theorem,Equivalence between NFA with and ϵ- transitions,6.39-N-B.E.-Data-Science-Sem-III-IV.pdf,7,0,Insufficient signal,0.1255,0.0
Arden's theorem,Minimization of DFA,6.39-N-B.E.-Data-Science-Sem-III-IV.pdf,8,0,Insufficient signal,0.0896,0.0
Decision properties of RLs,Pumping lemma for RLs,6.39-N-B.E.-Data-Science-Sem-III-IV.pdf,1,1,Adjacent same-course topics: delta=1 + sim=0.502,0.5024,0.1429
Decision properties of RLs,RE in text search and replace,6.39-N-B.E.-Data-Science-Sem-III-IV.pdf,2,0,Insufficient signal,0.032,0.0
Decision properties of RLs,Application of Regular,6.39-N-B.E.-Data-Science-Sem-III-IV.pdf,3,0,Insufficient signal,0.1588,0.1667
Decision properties of RLs,Languages in Compiler Design,6.39-N-B.E.-Data-Science-Sem-III-IV.pdf,4,0,Insufficient signal,0.1739,0.0
Decision properties of RLs,Nondeterministic Finite Automata (NFA): Definitions,6.39-N-B.E.-Data-Science-Sem-III-IV.pdf,5,0,Insufficient signal,0.2488,0.0
Decision properties of RLs,Equivalence between NFA with and ϵ- transitions,6.39-N-B.E.-Data-Science-Sem-III-IV.pdf,6,0,Insufficient signal,0.1531,0.0
Decision properties of RLs,Minimization of DFA,6.39-N-B.E.-Data-Science-Sem-III-IV.pdf,7,0,Insufficient signal,0.1913,0.1667
Pumping lemma for RLs,RE in text search and replace,6.39-N-B.E.-Data-Science-Sem-III-IV.pdf,1,0,Insufficient signal,0.1502,0.0
Pumping lemma for RLs,Application of Regular,6.39-N-B.E.-Data-Science-Sem-III-IV.pdf,2,0,Insufficient signal,0.1671,0.0
Pumping lemma for RLs,Languages in Compiler Design,6.39-N-B.E.-Data-Science-Sem-III-IV.pdf,3,0,Insufficient signal,0.258,0.0
Pumping lemma for RLs,Nondeterministic Finite Automata (NFA): Definitions,6.39-N-B.E.-Data-Science-Sem-III-IV.pdf,4,0,Insufficient signal,0.1616,0.0
Pumping lemma for RLs,Equivalence between NFA with and ϵ- transitions,6.39-N-B.E.-Data-Science-Sem-III-IV.pdf,5,0,Insufficient signal,0.1734,0.0
Pumping lemma for RLs,Minimization of DFA,6.39-N-B.E.-Data-Science-Sem-III-IV.pdf,6,0,Insufficient signal,0.1472,0.0
RE in text search and replace,Application of Regular,6.39-N-B.E.-Data-Science-Sem-III-IV.pdf,1,0,Insufficient signal,0.1369,0.0
RE in text search and replace,Languages in Compiler Design,6.39-N-B.E.-Data-Science-Sem-III-IV.pdf,2,0,Insufficient signal,0.0087,0.1111
RE in text search and replace,Nondeterministic Finite Automata (NFA): Definitions,6.39-N-B.E.-Data-Science-Sem-III-IV.pdf,3,0,Insufficient signal,0.0547,0.0
RE in text search and replace,Equivalence between NFA with and ϵ- transitions,6.39-N-B.E.-Data-Science-Sem-III-IV.pdf,4,0,Insufficient signal,0.0344,0.0833
RE in text search and replace,Minimization of DFA,6.39-N-B.E.-Data-Science-Sem-III-IV.pdf,5,0,Insufficient signal,0.056,0.0
Application of Regular,Languages in Compiler Design,6.39-N-B.E.-Data-Science-Sem-III-IV.pdf,1,0,Insufficient signal,0.127,0.0
Application of Regular,Nondeterministic Finite Automata (NFA): Definitions,6.39-N-B.E.-Data-Science-Sem-III-IV.pdf,2,0,Insufficient signal,0.2048,0.0
Application of Regular,Equivalence between NFA with and ϵ- transitions,6.39-N-B.E.-Data-Science-Sem-III-IV.pdf,3,0,Insufficient signal,0.1411,0.0
Application of Regular,Minimization of DFA,6.39-N-B.E.-Data-Science-Sem-III-IV.pdf,4,0,Insufficient signal,0.289,0.2
Languages in Compiler Design,Nondeterministic Finite Automata (NFA): Definitions,6.39-N-B.E.-Data-Science-Sem-III-IV.pdf,1,0,Insufficient signal,0.2147,0.0
Languages in Compiler Design,Equivalence between NFA with and ϵ- transitions,6.39-N-B.E.-Data-Science-Sem-III-IV.pdf,2,0,Insufficient signal,0.1073,0.0
Languages in Compiler Design,Minimization of DFA,6.39-N-B.E.-Data-Science-Sem-III-IV.pdf,3,0,Insufficient signal,0.146,0.0
Nondeterministic Finite Automata (NFA): Definitions,Equivalence between NFA with and ϵ- transitions,6.39-N-B.E.-Data-Science-Sem-III-IV.pdf,1,1,sim=0.590>=0.55 + delta=1<=5,0.5904,0.0909
Nondeterministic Finite Automata (NFA): Definitions,Minimization of DFA,6.39-N-B.E.-Data-Science-Sem-III-IV.pdf,2,1,Adjacent same-course topics: delta=2 + sim=0.516,0.5158,0.0
Equivalence between NFA with and ϵ- transitions,Minimization of DFA,6.39-N-B.E.-Data-Science-Sem-III-IV.pdf,1,1,Adjacent same-course topics: delta=1 + sim=0.419,0.4193,0.0
Relationship (EER) Model,"Generalization, Specialization and Aggregation",6.39-N-B.E.-Data-Science-Sem-III-IV.pdf,1,0,Insufficient signal,0.1203,0.0
Relationship (EER) Model,"Introduction to the Relational Model, relational",6.39-N-B.E.-Data-Science-Sem-III-IV.pdf,2,1,Foundational kw in A + sim=0.518 + delta=2,0.5185,0.1429
Relationship (EER) Model,"EER Model to the Relational Model, Relational",6.39-N-B.E.-Data-Science-Sem-III-IV.pdf,3,1,High sim=0.842 + delta=3,0.8421,0.3333
Relationship (EER) Model,"Overview of SQL, Data Definition Commands",6.39-N-B.E.-Data-Science-Sem-III-IV.pdf,4,0,Insufficient signal,0.1176,0.0
Relationship (EER) Model,"Integrity constraints: key constraints, Domain",6.39-N-B.E.-Data-Science-Sem-III-IV.pdf,5,0,Insufficient signal,0.2034,0.0
Relationship (EER) Model,"Triggers, Introduction to Pl/SQL Block Structure",6.39-N-B.E.-Data-Science-Sem-III-IV.pdf,6,0,Insufficient signal,0.1301,0.0
Relationship (EER) Model,"Pitfalls in relational database designs, Concept",6.39-N-B.E.-Data-Science-Sem-III-IV.pdf,7,0,Insufficient signal,0.3273,0.0
Relationship (EER) Model,"Concurrent Executions, Serializability",6.39-N-B.E.-Data-Science-Sem-III-IV.pdf,8,0,Insufficient signal,0.0581,0.0
Relationship (EER) Model,"Cloud Database, Introduction of Distributed",6.39-N-B.E.-Data-Science-Sem-III-IV.pdf,9,0,Insufficient signal,0.1208,0.0
"Generalization, Specialization and Aggregation","Introduction to the Relational Model, relational",6.39-N-B.E.-Data-Science-Sem-III-IV.pdf,1,0,Insufficient signal,0.2568,0.0
"Generalization, Specialization and Aggregation","EER Model to the Relational Model, Relational",6.39-N-B.E.-Data-Science-Sem-III-IV.pdf,2,0,Insufficient signal,0.2326,0.0
"Generalization, Specialization and Aggregation","Overview of SQL, Data Definition Commands",6.39-N-B.E.-Data-Science-Sem-III-IV.pdf,3,0,Insufficient signal,0.2145,0.0
"Generalization, Specialization and Aggregation","Integrity constraints: key constraints, Domain",6.39-N-B.E.-Data-Science-Sem-III-IV.pdf,4,0,Insufficient signal,0.2391,0.0
"Generalization, Specialization and Aggregation","Triggers, Introduction to Pl/SQL Block Structure",6.39-N-B.E.-Data-Science-Sem-III-IV.pdf,5,0,Insufficient signal,0.2173,0.0
"Generalization, Specialization and Aggregation","Pitfalls in relational database designs, Concept",6.39-N-B.E.-Data-Science-Sem-III-IV.pdf,6,0,Insufficient signal,0.2946,0.0
"Generalization, Specialization and Aggregation","Concurrent Executions, Serializability",6.39-N-B.E.-Data-Science-Sem-III-IV.pdf,7,0,Insufficient signal,0.2549,0.0
"Generalization, Specialization and Aggregation","Cloud Database, Introduction of Distributed",6.39-N-B.E.-Data-Science-Sem-III-IV.pdf,8,0,Insufficient signal,0.2213,0.0
"Introduction to the Relational Model, relational","EER Model to the Relational Model, Relational",6.39-N-B.E.-Data-Science-Sem-III-IV.pdf,1,1,High sim=0.723 + delta=1,0.723,0.6667
"Introduction to the Relational Model, relational","Overview of SQL, Data Definition Commands",6.39-N-B.E.-Data-Science-Sem-III-IV.pdf,2,0,Insufficient signal,0.2286,0.0
"Introduction to the Relational Model, relational","Integrity constraints: key constraints, Domain",6.39-N-B.E.-Data-Science-Sem-III-IV.pdf,3,0,Insufficient signal,0.3045,0.0
"Introduction to the Relational Model, relational","Triggers, Introduction to Pl/SQL Block Structure",6.39-N-B.E.-Data-Science-Sem-III-IV.pdf,4,0,Insufficient signal,0.2218,0.2
"Introduction to the Relational Model, relational","Pitfalls in relational database designs, Concept",6.39-N-B.E.-Data-Science-Sem-III-IV.pdf,5,1,sim=0.567>=0.55 + delta=5<=5,0.5666,0.1
"Introduction to the Relational Model, relational","Concurrent Executions, Serializability",6.39-N-B.E.-Data-Science-Sem-III-IV.pdf,6,0,Insufficient signal,0.1168,0.0
"Introduction to the Relational Model, relational","Cloud Database, Introduction of Distributed",6.39-N-B.E.-Data-Science-Sem-III-IV.pdf,7,0,Insufficient signal,0.2594,0.1111
"EER Model to the Relational Model, Relational","Overview of SQL, Data Definition Commands",6.39-N-B.E.-Data-Science-Sem-III-IV.pdf,1,0,Insufficient signal,0.2588,0.0
"EER Model to the Relational Model, Relational","Integrity constraints: key constraints, Domain",6.39-N-B.E.-Data-Science-Sem-III-IV.pdf,2,0,Insufficient signal,0.2939,0.0
"EER Model to the Relational Model, Relational","Triggers, Introduction to Pl/SQL Block Structure",6.39-N-B.E.-Data-Science-Sem-III-IV.pdf,3,0,Insufficient signal,0.235,0.0909
"EER Model to the Relational Model, Relational","Pitfalls in relational database designs, Concept",6.39-N-B.E.-Data-Science-Sem-III-IV.pdf,4,1,Foundational kw in A + sim=0.522 + delta=4,0.5219,0.1
"EER Model to the Relational Model, Relational","Concurrent Executions, Serializability",6.39-N-B.E.-Data-Science-Sem-III-IV.pdf,5,0,Insufficient signal,0.1145,0.0
"EER Model to the Relational Model, Relational","Cloud Database, Introduction of Distributed",6.39-N-B.E.-Data-Science-Sem-III-IV.pdf,6,0,Insufficient signal,0.217,0.0
"Overview of SQL, Data Definition Commands","Integrity constraints: key constraints, Domain",6.39-N-B.E.-Data-Science-Sem-III-IV.pdf,1,0,Insufficient signal,0.2471,0.0
"Overview of SQL, Data Definition Commands","Triggers, Introduction to Pl/SQL Block Structure",6.39-N-B.E.-Data-Science-Sem-III-IV.pdf,2,1,Foundational kw in A + sim=0.506 + delta=2,0.5056,0.0833
"Overview of SQL, Data Definition Commands","Pitfalls in relational database designs, Concept",6.39-N-B.E.-Data-Science-Sem-III-IV.pdf,3,0,Insufficient signal,0.3288,0.0
"Overview of SQL, Data Definition Commands","Concurrent Executions, Serializability",6.39-N-B.E.-Data-Science-Sem-III-IV.pdf,4,0,Insufficient signal,0.1166,0.0
"Overview of SQL, Data Definition Commands","Cloud Database, Introduction of Distributed",6.39-N-B.E.-Data-Science-Sem-III-IV.pdf,5,0,Insufficient signal,0.2886,0.1
"Integrity constraints: key constraints, Domain","Triggers, Introduction to Pl/SQL Block Structure",6.39-N-B.E.-Data-Science-Sem-III-IV.pdf,1,1,Adjacent same-course topics: delta=1 + sim=0.338,0.3377,0.0
"Integrity constraints: key constraints, Domain","Pitfalls in relational database designs, Concept",6.39-N-B.E.-Data-Science-Sem-III-IV.pdf,2,1,Adjacent same-course topics: delta=2 + sim=0.356,0.3556,0.0
"Integrity constraints: key constraints, Domain","Concurrent Executions, Serializability",6.39-N-B.E.-Data-Science-Sem-III-IV.pdf,3,0,Insufficient signal,0.3471,0.0
"Integrity constraints: key constraints, Domain","Cloud Database, Introduction of Distributed",6.39-N-B.E.-Data-Science-Sem-III-IV.pdf,4,0,Insufficient signal,0.1594,0.0
"Triggers, Introduction to Pl/SQL Block Structure","Pitfalls in relational database designs, Concept",6.39-N-B.E.-Data-Science-Sem-III-IV.pdf,1,1,Foundational kw in A + sim=0.397 + delta=1,0.397,0.0
"Triggers, Introduction to Pl/SQL Block Structure","Concurrent Executions, Serializability",6.39-N-B.E.-Data-Science-Sem-III-IV.pdf,2,0,Insufficient signal,0.2327,0.0
"Triggers, Introduction to Pl/SQL Block Structure","Cloud Database, Introduction of Distributed",6.39-N-B.E.-Data-Science-Sem-III-IV.pdf,3,0,Insufficient signal,0.2646,0.0909
"Pitfalls in relational database designs, Concept","Concurrent Executions, Serializability",6.39-N-B.E.-Data-Science-Sem-III-IV.pdf,1,0,Insufficient signal,0.1842,0.0
"Pitfalls in relational database designs, Concept","Cloud Database, Introduction of Distributed",6.39-N-B.E.-Data-Science-Sem-III-IV.pdf,2,1,Adjacent same-course topics: delta=2 + sim=0.350,0.3498,0.1
"Concurrent Executions, Serializability","Cloud Database, Introduction of Distributed",6.39-N-B.E.-Data-Science-Sem-III-IV.pdf,1,0,Insufficient signal,0.2068,0.0
Special-purpose,Open-source and Proprietary Operating System,6.39-N-B.E.-Data-Science-Sem-III-IV.pdf,1,0,Insufficient signal,0.1526,0.0
Special-purpose,Fundamentals of Distributed Operating System,6.39-N-B.E.-Data-Science-Sem-III-IV.pdf,2,0,Insufficient signal,0.1752,0.0
Special-purpose,Network Operating System,6.39-N-B.E.-Data-Science-Sem-III-IV.pdf,3,0,Insufficient signal,0.1191,0.0
Special-purpose,Real-Time,6.39-N-B.E.-Data-Science-Sem-III-IV.pdf,4,0,Insufficient signal,0.2769,0.0
Special-purpose,Mobile Operating System,6.39-N-B.E.-Data-Science-Sem-III-IV.pdf,5,0,Insufficient signal,0.1539,0.0
Special-purpose,Special-purpose Operating Systems,6.39-N-B.E.-Data-Science-Sem-III-IV.pdf,6,1,Lexical containment + delta=6,0.5603,0.5
Open-source and Proprietary Operating System,Fundamentals of Distributed Operating System,6.39-N-B.E.-Data-Science-Sem-III-IV.pdf,1,1,sim=0.565>=0.55 + delta=1<=5,0.5654,0.2222
Open-source and Proprietary Operating System,Network Operating System,6.39-N-B.E.-Data-Science-Sem-III-IV.pdf,2,1,sim=0.551>=0.55 + delta=2<=5,0.5509,0.2857
Open-source and Proprietary Operating System,Real-Time,6.39-N-B.E.-Data-Science-Sem-III-IV.pdf,3,0,Insufficient signal,0.2827,0.0
Open-source and Proprietary Operating System,Mobile Operating System,6.39-N-B.E.-Data-Science-Sem-III-IV.pdf,4,0,Insufficient signal,0.531,0.2857
Open-source and Proprietary Operating System,Special-purpose Operating Systems,6.39-N-B.E.-Data-Science-Sem-III-IV.pdf,5,1,High sim=0.681 + delta=5,0.6814,0.1111
Fundamentals of Distributed Operating System,Network Operating System,6.39-N-B.E.-Data-Science-Sem-III-IV.pdf,1,1,High sim=0.647 + delta=1,0.647,0.3333
Fundamentals of Distributed Operating System,Real-Time,6.39-N-B.E.-Data-Science-Sem-III-IV.pdf,2,0,Insufficient signal,0.2594,0.0
Fundamentals of Distributed Operating System,Mobile Operating System,6.39-N-B.E.-Data-Science-Sem-III-IV.pdf,3,1,sim=0.551>=0.55 + delta=3<=5,0.5512,0.3333
Fundamentals of Distributed Operating System,Special-purpose Operating Systems,6.39-N-B.E.-Data-Science-Sem-III-IV.pdf,4,1,High sim=0.674 + delta=4,0.6744,0.125
Network Operating System,Real-Time,6.39-N-B.E.-Data-Science-Sem-III-IV.pdf,1,0,Insufficient signal,0.2475,0.0
Network Operating System,Mobile Operating System,6.39-N-B.E.-Data-Science-Sem-III-IV.pdf,2,1,High sim=0.621 + delta=2,0.6214,0.5
Network Operating System,Special-purpose Operating Systems,6.39-N-B.E.-Data-Science-Sem-III-IV.pdf,3,1,High sim=0.608 + delta=3,0.6075,0.1667
Real-Time,Mobile Operating System,6.39-N-B.E.-Data-Science-Sem-III-IV.pdf,1,0,Insufficient signal,0.2806,0.0
Real-Time,Special-purpose Operating Systems,6.39-N-B.E.-Data-Science-Sem-III-IV.pdf,2,1,Adjacent same-course topics: delta=2 + sim=0.304,0.3042,0.0
Mobile Operating System,Special-purpose Operating Systems,6.39-N-B.E.-Data-Science-Sem-III-IV.pdf,1,1,sim=0.592>=0.55 + delta=1<=5,0.5923,0.1667
Motion of particle with variable acceleration,Force and Acceleration: -Introduction to basic,NEW EM SYLLABUS 2024-25.pdf,1,1,Adjacent same-course topics: delta=1 + sim=0.536,0.5365,0.0909
Motion of particle with variable acceleration,Principle of linear impulse and momentum. Impact,NEW EM SYLLABUS 2024-25.pdf,2,0,Insufficient signal,0.2735,0.0833
Force and Acceleration: -Introduction to basic,Principle of linear impulse and momentum. Impact,NEW EM SYLLABUS 2024-25.pdf,1,1,Foundational kw in A + sim=0.415 + delta=1,0.4148,0.0833
